user_id,persona,group_id,hangout_id,start_time,hour,day_of_week,hangout_type,raining,planned_days_ahead,group_size,travel_mode,travel_minutes,came_from_event,alert_time,left_at,arrived_at,departure_delay_min,lateness_min
u05,chronically_late,1,h0250,2025-09-01 18:00:00,18,0,sports,True,1,5,cycling,10.3,False,2025-09-01 17:49:42.756272,2025-09-01 17:58:38.756346,2025-09-01 18:10:01.246219,8.9,10.0
u09,morning_struggler,1,h0250,2025-09-01 18:00:00,18,0,sports,True,1,5,cycling,8.2,False,2025-09-01 17:51:50.688077,2025-09-01 17:53:53.943884,2025-09-01 18:02:59.217301,2.1,3.0
u13,rain_hater,1,h0250,2025-09-01 18:00:00,18,0,sports,True,1,5,driving,21.9,False,2025-09-01 17:38:07.201230,2025-09-01 17:47:13.203448,2025-09-01 18:13:48.368428,9.1,13.8
u17,unpredictable,1,h0250,2025-09-01 18:00:00,18,0,sports,True,1,5,driving,14.9,False,2025-09-01 17:45:05.320034,2025-09-01 17:52:17.374834,2025-09-01 18:09:08.525153,7.2,9.1
u21,always_early,1,h0250,2025-09-01 18:00:00,18,0,sports,True,1,5,driving,30.3,True,2025-09-01 17:29:44.414026,2025-09-01 17:30:22.905800,2025-09-01 18:04:02.345980,0.6,4.0
u07,unpredictable,3,h0750,2025-09-02 08:00:00,8,1,sports,False,2,5,driving,8.1,True,2025-09-02 07:51:55.494534,2025-09-02 07:57:35.152615,2025-09-02 08:05:25.563224,5.7,5.4
u11,always_early,3,h0750,2025-09-02 08:00:00,8,1,sports,False,2,5,driving,37.2,False,2025-09-02 07:22:49.756234,2025-09-02 07:23:39.192774,2025-09-02 07:58:12.402961,0.8,-1.8
u15,morning_struggler,3,h0750,2025-09-02 08:00:00,8,1,sports,False,2,5,walking,22.2,False,2025-09-02 07:37:49.663713,2025-09-02 07:56:38.953143,2025-09-02 08:21:02.042054,18.8,21.0
u19,punctual,3,h0750,2025-09-02 08:00:00,8,1,sports,False,2,5,driving,39.6,False,2025-09-02 07:20:22.683024,2025-09-02 07:21:33.259352,2025-09-02 08:04:46.047703,1.2,4.8
u23,chronically_late,3,h0750,2025-09-02 08:00:00,8,1,sports,False,2,5,walking,7.8,True,2025-09-02 07:52:09.956575,2025-09-02 08:07:05.507254,2025-09-02 08:15:18.448823,14.9,15.3
u01,overbooked,1,h0252,2025-09-02 09:00:00,9,1,party,False,5,4,driving,32.0,True,2025-09-02 08:28:00.149450,2025-09-02 08:51:08.761141,2025-09-02 09:22:05.458792,23.1,22.1
u05,chronically_late,1,h0252,2025-09-02 09:00:00,9,1,party,False,5,4,cycling,6.7,False,2025-09-02 08:53:19.655922,2025-09-02 09:13:25.103519,2025-09-02 09:20:31.111367,20.1,20.5
u09,morning_struggler,1,h0252,2025-09-02 09:00:00,9,1,party,False,5,4,cycling,7.4,False,2025-09-02 08:52:34.922220,2025-09-02 09:14:19.623787,2025-09-02 09:21:03.317123,21.7,21.1
u13,rain_hater,1,h0252,2025-09-02 09:00:00,9,1,party,False,5,4,driving,22.8,True,2025-09-02 08:37:14.273757,2025-09-02 08:50:01.479394,2025-09-02 09:10:39.447750,12.8,10.7
u06,overbooked,2,h0500,2025-09-02 16:30:00,16,1,sports,False,7,3,driving,37.1,True,2025-09-02 15:52:55.284155,2025-09-02 16:12:07.302029,2025-09-02 16:46:34.340767,19.2,16.6
u14,punctual,2,h0500,2025-09-02 16:30:00,16,1,sports,False,7,3,walking,19.7,False,2025-09-02 16:10:15.118865,2025-09-02 16:13:18.126443,2025-09-02 16:32:40.847727,3.1,2.7
u22,rain_hater,2,h0500,2025-09-02 16:30:00,16,1,sports,False,7,3,walking,13.7,True,2025-09-02 16:16:16.736137,2025-09-02 16:20:26.623841,2025-09-02 16:33:05.277410,4.2,3.1
u01,overbooked,1,h0251,2025-09-02 19:00:00,19,1,sports,False,7,5,driving,23.4,True,2025-09-02 18:36:34.189844,2025-09-02 18:55:12.937586,2025-09-02 19:17:06.808742,18.6,17.1
u09,morning_struggler,1,h0251,2025-09-02 19:00:00,19,1,sports,False,7,5,cycling,6.7,False,2025-09-02 18:53:17.585116,2025-09-02 18:57:21.431929,2025-09-02 19:03:32.777319,4.1,3.5
u13,rain_hater,1,h0251,2025-09-02 19:00:00,19,1,sports,False,7,5,driving,38.0,False,2025-09-02 18:21:59.880344,2025-09-02 18:27:33.560367,2025-09-02 19:05:21.502630,5.6,5.4
u17,unpredictable,1,h0251,2025-09-02 19:00:00,19,1,sports,False,7,5,driving,34.7,True,2025-09-02 18:25:20.180081,2025-09-02 18:30:34.970463,2025-09-02 19:04:52.441312,5.2,4.9
u21,always_early,1,h0251,2025-09-02 19:00:00,19,1,sports,False,7,5,driving,37.2,False,2025-09-02 18:22:47.616018,2025-09-02 18:20:40.512610,2025-09-02 18:55:11.461823,-2.1,-4.8
u00,overbooked,0,h0000,2025-09-03 15:30:00,15,2,sports,True,4,3,cycling,23.2,False,2025-09-03 15:06:50.975416,2025-09-03 15:11:18.620523,2025-09-03 15:39:11.501065,4.5,9.2
u04,morning_struggler,0,h0000,2025-09-03 15:30:00,15,2,sports,True,4,3,walking,17.8,False,2025-09-03 15:12:09.020069,2025-09-03 15:16:10.183262,2025-09-03 15:36:28.335874,4.0,6.5
u20,unpredictable,0,h0000,2025-09-03 15:30:00,15,2,sports,True,4,3,driving,9.7,False,2025-09-03 15:20:20.233216,2025-09-03 15:20:02.879019,2025-09-03 15:31:51.344237,-0.3,1.9
u01,overbooked,1,h0253,2025-09-03 16:00:00,16,2,food,False,1,5,driving,39.0,True,2025-09-03 15:21:00.374763,2025-09-03 15:38:04.222915,2025-09-03 16:20:10.835611,17.1,20.2
u05,chronically_late,1,h0253,2025-09-03 16:00:00,16,2,food,False,1,5,cycling,24.3,True,2025-09-03 15:35:39.730970,2025-09-03 15:47:02.698230,2025-09-03 16:13:20.711972,11.4,13.3
u09,morning_struggler,1,h0253,2025-09-03 16:00:00,16,2,food,False,1,5,cycling,7.7,False,2025-09-03 15:52:18.691433,2025-09-03 15:59:15.249617,2025-09-03 16:06:50.722219,6.9,6.8
u17,unpredictable,1,h0253,2025-09-03 16:00:00,16,2,food,False,1,5,driving,33.5,False,2025-09-03 15:26:31.648527,2025-09-03 15:27:10.263031,2025-09-03 15:59:37.792061,0.6,-0.4
u21,always_early,1,h0253,2025-09-03 16:00:00,16,2,food,False,1,5,driving,37.7,False,2025-09-03 15:22:17.225979,2025-09-03 15:21:57.301695,2025-09-03 15:57:08.286997,-0.3,-2.9
u07,unpredictable,3,h0751,2025-09-03 19:00:00,19,2,sports,False,0,3,driving,25.3,False,2025-09-03 18:34:39.345084,2025-09-03 18:32:11.602259,2025-09-03 18:56:15.976776,-2.5,-3.7
u11,always_early,3,h0751,2025-09-03 19:00:00,19,2,sports,False,0,3,driving,27.2,False,2025-09-03 18:32:50.687328,2025-09-03 18:28:31.071380,2025-09-03 18:57:22.468562,-4.3,-2.6
u19,punctual,3,h0751,2025-09-03 19:00:00,19,2,sports,False,0,3,driving,29.7,False,2025-09-03 18:30:19.117251,2025-09-03 18:30:43.127684,2025-09-03 19:01:48.569925,0.4,1.8
u03,improving,3,h0752,2025-09-04 12:00:00,12,3,coffee,False,4,5,driving,25.3,True,2025-09-04 11:34:42.118582,2025-09-04 11:51:19.378897,2025-09-04 12:17:40.007556,16.6,17.7
u11,always_early,3,h0752,2025-09-04 12:00:00,12,3,coffee,False,4,5,driving,8.0,False,2025-09-04 11:51:58.936004,2025-09-04 11:49:13.241603,2025-09-04 11:58:10.754052,-2.8,-1.8
u15,morning_struggler,3,h0752,2025-09-04 12:00:00,12,3,coffee,False,4,5,walking,10.4,False,2025-09-04 11:49:34.162570,2025-09-04 11:53:56.123446,2025-09-04 12:03:34.629236,4.4,3.6
u19,punctual,3,h0752,2025-09-04 12:00:00,12,3,coffee,False,4,5,driving,39.1,True,2025-09-04 11:20:51.837154,2025-09-04 11:24:45.902533,2025-09-04 12:04:08.847508,3.9,4.1
u23,chronically_late,3,h0752,2025-09-04 12:00:00,12,3,coffee,False,4,5,walking,15.7,False,2025-09-04 11:44:17.989087,2025-09-04 11:54:27.033290,2025-09-04 12:12:13.623273,10.2,12.2
u11,always_early,3,h0753,2025-09-04 13:00:00,13,3,sports,True,4,3,driving,10.5,False,2025-09-04 12:49:27.214604,2025-09-04 12:49:09.909578,2025-09-04 13:01:59.192362,-0.3,2.0
u15,morning_struggler,3,h0753,2025-09-04 13:00:00,13,3,sports,True,4,3,walking,19.6,False,2025-09-04 12:40:22.034695,2025-09-04 12:46:01.858172,2025-09-04 13:08:15.001068,5.7,8.3
u23,chronically_late,3,h0753,2025-09-04 13:00:00,13,3,sports,True,4,3,walking,19.9,True,2025-09-04 12:40:06.291773,2025-09-04 12:52:52.322859,2025-09-04 13:14:44.252667,12.8,14.7
u05,chronically_late,1,h0254,2025-09-04 19:30:00,19,3,sports,False,1,3,cycling,13.2,False,2025-09-04 19:16:48.502480,2025-09-04 19:34:24.241478,2025-09-04 19:48:14.834080,17.6,18.2
u13,rain_hater,1,h0254,2025-09-04 19:30:00,19,3,sports,False,1,3,driving,12.9,False,2025-09-04 19:17:06.828108,2025-09-04 19:18:32.839151,2025-09-04 19:31:51.428939,1.4,1.9
u21,always_early,1,h0254,2025-09-04 19:30:00,19,3,sports,False,1,3,driving,30.6,False,2025-09-04 18:59:23.539740,2025-09-04 18:56:26.058507,2025-09-04 19:25:44.882877,-3.0,-4.3
u05,chronically_late,1,h0255,2025-09-05 12:30:00,12,4,sports,False,2,4,cycling,14.3,False,2025-09-05 12:15:41.997043,2025-09-05 12:26:25.451284,2025-09-05 12:40:58.359797,10.7,11.0
u09,morning_struggler,1,h0255,2025-09-05 12:30:00,12,4,sports,False,2,4,cycling,8.9,False,2025-09-05 12:21:07.951479,2025-09-05 12:20:59.297028,2025-09-05 12:30:58.595504,-0.1,1.0
u17,unpredictable,1,h0255,2025-09-05 12:30:00,12,4,sports,False,2,4,driving,31.9,False,2025-09-05 11:58:07.154278,2025-09-05 12:08:19.739718,2025-09-05 12:39:42.433124,10.2,9.7
u21,always_early,1,h0255,2025-09-05 12:30:00,12,4,sports,False,2,4,driving,36.2,False,2025-09-05 11:53:48.858359,2025-09-05 11:50:13.250835,2025-09-05 12:28:33.534016,-3.6,-1.4
u10,punctual,2,h0501,2025-09-05 18:30:00,18,4,coffee,True,4,4,cycling,12.1,False,2025-09-05 18:17:51.105601,2025-09-05 18:20:43.552592,2025-09-05 18:35:18.875536,2.9,5.3
u14,punctual,2,h0501,2025-09-05 18:30:00,18,4,coffee,True,4,4,walking,17.6,True,2025-09-05 18:12:25.828564,2025-09-05 18:17:25.895520,2025-09-05 18:37:47.702457,5.0,7.8
u18,always_early,2,h0501,2025-09-05 18:30:00,18,4,coffee,True,4,4,cycling,8.4,False,2025-09-05 18:21:36.103017,2025-09-05 18:21:14.942427,2025-09-05 18:31:35.285598,-0.4,1.6
u22,rain_hater,2,h0501,2025-09-05 18:30:00,18,4,coffee,True,4,4,walking,16.1,False,2025-09-05 18:13:52.070091,2025-09-05 18:27:50.925472,2025-09-05 18:48:12.697188,14.0,18.2
u06,overbooked,2,h0502,2025-09-06 17:00:00,17,5,coffee,False,1,4,driving,23.9,True,2025-09-06 16:36:08.599964,2025-09-06 16:53:19.442075,2025-09-06 17:15:29.117095,17.2,15.5
u14,punctual,2,h0502,2025-09-06 17:00:00,17,5,coffee,False,1,4,walking,19.0,True,2025-09-06 16:41:02.516331,2025-09-06 16:43:49.194138,2025-09-06 17:00:57.862655,2.8,1.0
u18,always_early,2,h0502,2025-09-06 17:00:00,17,5,coffee,False,1,4,cycling,13.9,False,2025-09-06 16:46:04.943860,2025-09-06 16:44:14.423030,2025-09-06 16:59:00.672732,-1.8,-1.0
u22,rain_hater,2,h0502,2025-09-06 17:00:00,17,5,coffee,False,1,4,walking,22.3,False,2025-09-06 16:37:41.291498,2025-09-06 16:39:51.870370,2025-09-06 17:02:18.569088,2.2,2.3
u00,overbooked,0,h0001,2025-09-06 17:30:00,17,5,sports,False,6,4,cycling,10.4,True,2025-09-06 17:19:34.870268,2025-09-06 17:40:25.120017,2025-09-06 17:50:38.918580,20.8,20.6
u08,chronically_late,0,h0001,2025-09-06 17:30:00,17,5,sports,False,6,4,driving,20.1,False,2025-09-06 17:09:51.428967,2025-09-06 17:20:33.973536,2025-09-06 17:43:28.378017,10.7,13.5
u12,improving,0,h0001,2025-09-06 17:30:00,17,5,sports,False,6,4,walking,23.3,False,2025-09-06 17:06:40.382377,2025-09-06 17:26:24.774869,2025-09-06 17:50:31.781722,19.7,20.5
u16,rain_hater,0,h0001,2025-09-06 17:30:00,17,5,sports,False,6,4,driving,16.5,True,2025-09-06 17:13:28.390430,2025-09-06 17:17:19.125698,2025-09-06 17:33:54.922182,3.8,3.9
u00,overbooked,0,h0002,2025-09-07 20:30:00,20,6,party,False,5,5,cycling,18.0,True,2025-09-07 20:11:58.473903,2025-09-07 20:35:54.411914,2025-09-07 20:53:02.511864,23.9,23.0
u08,chronically_late,0,h0002,2025-09-07 20:30:00,20,6,party,False,5,5,driving,11.0,False,2025-09-07 20:18:57.416163,2025-09-07 20:36:45.533290,2025-09-07 20:49:16.893393,17.8,19.3
u12,improving,0,h0002,2025-09-07 20:30:00,20,6,party,False,5,5,walking,18.9,False,2025-09-07 20:11:06.242245,2025-09-07 20:29:33.754141,2025-09-07 20:49:28.275569,18.5,19.5
u16,rain_hater,0,h0002,2025-09-07 20:30:00,20,6,party,False,5,5,driving,33.0,False,2025-09-07 19:56:57.361719,2025-09-07 20:01:05.338099,2025-09-07 20:32:55.304436,4.1,2.9
u20,unpredictable,0,h0002,2025-09-07 20:30:00,20,6,party,False,5,5,driving,12.4,False,2025-09-07 20:17:36.176774,2025-09-07 20:22:25.819209,2025-09-07 20:35:25.658728,4.8,5.4
u00,overbooked,0,h0004,2025-09-08 16:30:00,16,0,sports,False,6,5,cycling,23.1,False,2025-09-08 16:06:55.862136,2025-09-08 16:11:15.560573,2025-09-08 16:34:07.307641,4.3,4.1
u04,morning_struggler,0,h0004,2025-09-08 16:30:00,16,0,sports,False,6,5,walking,23.7,False,2025-09-08 16:06:16.632016,2025-09-08 16:11:03.376299,2025-09-08 16:34:38.331991,4.8,4.6
u08,chronically_late,0,h0004,2025-09-08 16:30:00,16,0,sports,False,6,5,driving,18.1,True,2025-09-08 16:11:56.275238,2025-09-08 16:28:17.387698,2025-09-08 16:48:46.366112,16.4,18.8
u16,rain_hater,0,h0004,2025-09-08 16:30:00,16,0,sports,False,6,5,driving,22.0,False,2025-09-08 16:07:59.224249,2025-09-08 16:15:05.054018,2025-09-08 16:37:56.347152,7.1,7.9
u20,unpredictable,0,h0004,2025-09-08 16:30:00,16,0,sports,False,6,5,driving,39.6,False,2025-09-08 15:50:25.667434,2025-09-08 16:01:47.950256,2025-09-08 16:38:35.176452,11.4,8.6
u02,improving,2,h0503,2025-09-08 17:00:00,17,0,party,False,2,3,walking,25.0,False,2025-09-08 16:35:02.685657,2025-09-08 16:55:26.923236,2025-09-08 17:22:03.010411,20.4,22.1
u10,punctual,2,h0503,2025-09-08 17:00:00,17,0,party,False,2,3,cycling,12.5,False,2025-09-08 16:47:29.227507,2025-09-08 16:51:17.022865,2025-09-08 17:05:30.541013,3.8,5.5
u22,rain_hater,2,h0503,2025-09-08 17:00:00,17,0,party,False,2,3,walking,11.1,False,2025-09-08 16:48:51.966962,2025-09-08 16:51:36.474047,2025-09-08 17:01:49.652896,2.7,1.8
u04,morning_struggler,0,h0003,2025-09-08 18:00:00,18,0,food,False,1,3,walking,21.0,False,2025-09-08 17:39:00.906340,2025-09-08 17:38:11.102759,2025-09-08 18:01:57.415463,-0.8,2.0
u12,improving,0,h0003,2025-09-08 18:00:00,18,0,food,False,1,3,walking,16.4,False,2025-09-08 17:43:33.083383,2025-09-08 17:58:23.942786,2025-09-08 18:16:20.649913,14.8,16.3
u16,rain_hater,0,h0003,2025-09-08 18:00:00,18,0,food,False,1,3,driving,11.8,True,2025-09-08 17:48:10.111510,2025-09-08 17:56:44.497120,2025-09-08 18:09:20.149154,8.6,9.3
u03,improving,3,h0754,2025-09-08 21:00:00,21,0,party,False,2,5,driving,38.7,True,2025-09-08 20:21:18.517186,2025-09-08 20:46:13.333982,2025-09-08 21:29:36.402484,24.9,29.6
u07,unpredictable,3,h0754,2025-09-08 21:00:00,21,0,party,False,2,5,driving,19.5,False,2025-09-08 20:40:27.588143,2025-09-08 20:40:13.951136,2025-09-08 21:01:46.253607,-0.2,1.8
u11,always_early,3,h0754,2025-09-08 21:00:00,21,0,party,False,2,5,driving,36.6,False,2025-09-08 20:23:26.680024,2025-09-08 20:23:44.417296,2025-09-08 21:02:55.106755,0.3,2.9
u15,morning_struggler,3,h0754,2025-09-08 21:00:00,21,0,party,False,2,5,walking,13.4,False,2025-09-08 20:46:36.150730,2025-09-08 20:51:18.900169,2025-09-08 21:05:29.036217,4.7,5.5
u19,punctual,3,h0754,2025-09-08 21:00:00,21,0,party,False,2,5,driving,22.1,False,2025-09-08 20:37:56.573334,2025-09-08 20:42:48.599890,2025-09-08 21:08:06.684443,4.9,8.1
u01,overbooked,1,h0256,2025-09-08 22:00:00,22,0,party,False,5,5,driving,21.8,True,2025-09-08 21:38:09.449414,2025-09-08 21:58:43.430731,2025-09-08 22:22:12.945926,20.6,22.2
u09,morning_struggler,1,h0256,2025-09-08 22:00:00,22,0,party,False,5,5,cycling,15.9,True,2025-09-08 21:44:07.141542,2025-09-08 21:50:44.806083,2025-09-08 22:06:27.900798,6.6,6.5
u13,rain_hater,1,h0256,2025-09-08 22:00:00,22,0,party,False,5,5,driving,16.8,False,2025-09-08 21:43:14.675485,2025-09-08 21:47:24.305827,2025-09-08 22:06:26.043980,4.2,6.4
u17,unpredictable,1,h0256,2025-09-08 22:00:00,22,0,party,False,5,5,driving,32.7,False,2025-09-08 21:27:16.727208,2025-09-08 21:33:58.746264,2025-09-08 22:06:58.309585,6.7,7.0
u21,always_early,1,h0256,2025-09-08 22:00:00,22,0,party,False,5,5,driving,24.3,False,2025-09-08 21:35:44.705581,2025-09-08 21:35:39.357824,2025-09-08 22:01:21.754158,-0.1,1.4
u00,overbooked,0,h0006,2025-09-09 08:30:00,8,1,study,True,1,6,cycling,22.2,True,2025-09-09 08:07:49.710546,2025-09-09 08:26:21.752727,2025-09-09 08:49:29.359578,18.5,19.5
u04,morning_struggler,0,h0006,2025-09-09 08:30:00,8,1,study,True,1,6,walking,9.8,False,2025-09-09 08:20:13.736615,2025-09-09 08:38:31.557522,2025-09-09 08:50:21.091612,18.3,20.4
u08,chronically_late,0,h0006,2025-09-09 08:30:00,8,1,study,True,1,6,driving,9.3,True,2025-09-09 08:20:42.909505,2025-09-09 08:44:31.899377,2025-09-09 08:55:19.936710,23.8,25.3
u12,improving,0,h0006,2025-09-09 08:30:00,8,1,study,True,1,6,walking,23.6,False,2025-09-09 08:06:26.645484,2025-09-09 08:27:09.582439,2025-09-09 08:55:54.503270,20.7,25.9
u16,rain_hater,0,h0006,2025-09-09 08:30:00,8,1,study,True,1,6,driving,14.3,False,2025-09-09 08:15:39.447884,2025-09-09 08:29:03.528011,2025-09-09 08:43:24.032578,13.4,13.4
u20,unpredictable,0,h0006,2025-09-09 08:30:00,8,1,study,True,1,6,driving,8.2,True,2025-09-09 08:21:49.574718,2025-09-09 08:24:09.045277,2025-09-09 08:34:02.659715,2.3,4.0
u04,morning_struggler,0,h0005,2025-09-09 20:30:00,20,1,coffee,True,3,5,walking,10.7,False,2025-09-09 20:19:19.309875,2025-09-09 20:24:47.584264,2025-09-09 20:38:17.899535,5.5,8.3
u08,chronically_late,0,h0005,2025-09-09 20:30:00,20,1,coffee,True,3,5,driving,22.7,False,2025-09-09 20:07:19.587683,2025-09-09 20:22:02.251637,2025-09-09 20:50:12.661239,14.7,20.2
u12,improving,0,h0005,2025-09-09 20:30:00,20,1,coffee,True,3,5,walking,20.6,True,2025-09-09 20:09:22.447157,2025-09-09 20:26:00.108404,2025-09-09 20:51:24.501253,16.6,21.4
u16,rain_hater,0,h0005,2025-09-09 20:30:00,20,1,coffee,True,3,5,driving,29.3,False,2025-09-09 20:00:41.885307,2025-09-09 20:14:19.903047,2025-09-09 20:50:34.135683,13.6,20.6
u20,unpredictable,0,h0005,2025-09-09 20:30:00,20,1,coffee,True,3,5,driving,8.4,False,2025-09-09 20:21:36.378843,2025-09-09 20:21:19.803327,2025-09-09 20:30:19.294262,-0.3,0.3
u00,overbooked,0,h0007,2025-09-10 13:00:00,13,2,coffee,False,5,5,cycling,14.7,False,2025-09-10 12:45:17.240868,2025-09-10 12:48:27.920135,2025-09-10 13:03:48.729088,3.2,3.8
u04,morning_struggler,0,h0007,2025-09-10 13:00:00,13,2,coffee,False,5,5,walking,19.0,False,2025-09-10 12:41:00.268866,2025-09-10 12:46:21.594076,2025-09-10 13:04:09.647231,5.4,4.2
u12,improving,0,h0007,2025-09-10 13:00:00,13,2,coffee,False,5,5,walking,8.5,True,2025-09-10 12:51:32.246584,2025-09-10 13:08:38.564250,2025-09-10 13:18:19.945361,17.1,18.3
u16,rain_hater,0,h0007,2025-09-10 13:00:00,13,2,coffee,False,5,5,driving,12.6,False,2025-09-10 12:47:21.349911,2025-09-10 12:49:17.887967,2025-09-10 13:02:30.301250,1.9,2.5
u20,unpredictable,0,h0007,2025-09-10 13:00:00,13,2,coffee,False,5,5,driving,27.7,True,2025-09-10 12:32:16.686778,2025-09-10 12:39:01.303711,2025-09-10 13:08:53.348347,6.7,8.9
u01,overbooked,1,h0257,2025-09-11 21:00:00,21,3,food,False,2,5,driving,28.0,True,2025-09-11 20:31:58.039872,2025-09-11 20:49:23.573216,2025-09-11 21:18:50.102769,17.4,18.8
u05,chronically_late,1,h0257,2025-09-11 21:00:00,21,3,food,False,2,5,cycling,8.4,False,2025-09-11 20:51:33.648893,2025-09-11 21:00:11.517032,2025-09-11 21:08:04.531497,8.6,8.1
u13,rain_hater,1,h0257,2025-09-11 21:00:00,21,3,food,False,2,5,driving,22.8,False,2025-09-11 20:37:11.383422,2025-09-11 20:43:06.186463,2025-09-11 21:07:23.274236,5.9,7.4
u17,unpredictable,1,h0257,2025-09-11 21:00:00,21,3,food,False,2,5,driving,32.1,True,2025-09-11 20:27:54.030343,2025-09-11 20:34:38.683336,2025-09-11 21:05:44.812723,6.7,5.7
u21,always_early,1,h0257,2025-09-11 21:00:00,21,3,food,False,2,5,driving,14.5,True,2025-09-11 20:45:27.408470,2025-09-11 20:45:02.957750,2025-09-11 20:59:11.856276,-0.4,-0.8
u07,unpredictable,3,h0755,2025-09-12 15:30:00,15,4,study,False,4,3,driving,28.9,True,2025-09-12 15:01:08.839230,2025-09-12 15:17:05.064717,2025-09-12 15:47:21.131157,15.9,17.4
u11,always_early,3,h0755,2025-09-12 15:30:00,15,4,study,False,4,3,driving,28.8,True,2025-09-12 15:01:11.008985,2025-09-12 15:00:26.713205,2025-09-12 15:27:52.771539,-0.7,-2.1
u15,morning_struggler,3,h0755,2025-09-12 15:30:00,15,4,study,False,4,3,walking,15.8,False,2025-09-12 15:14:14.963662,2025-09-12 15:15:49.124774,2025-09-12 15:31:30.228060,1.6,1.5
u00,overbooked,0,h0008,2025-09-12 17:00:00,17,4,coffee,False,3,3,cycling,17.6,False,2025-09-12 16:42:23.474196,2025-09-12 16:45:54.779170,2025-09-12 17:03:33.624869,3.5,3.6
u04,morning_struggler,0,h0008,2025-09-12 17:00:00,17,4,coffee,False,3,3,walking,7.7,True,2025-09-12 16:52:19.086468,2025-09-12 16:59:56.419510,2025-09-12 17:07:40.548284,7.6,7.7
u08,chronically_late,0,h0008,2025-09-12 17:00:00,17,4,coffee,False,3,3,driving,15.0,False,2025-09-12 16:45:02.153229,2025-09-12 16:53:00.289035,2025-09-12 17:06:36.445181,8.0,6.6
u01,overbooked,1,h0258,2025-09-12 19:00:00,19,4,party,True,6,3,driving,14.7,False,2025-09-12 18:45:19.189461,2025-09-12 19:00:01.618250,2025-09-12 19:14:37.982357,14.7,14.6
u05,chronically_late,1,h0258,2025-09-12 19:00:00,19,4,party,True,6,3,cycling,16.0,True,2025-09-12 18:44:01.917062,2025-09-12 19:13:02.985020,2025-09-12 19:33:05.004315,29.0,33.1
u17,unpredictable,1,h0258,2025-09-12 19:00:00,19,4,party,True,6,3,driving,34.0,True,2025-09-12 18:25:57.737528,2025-09-12 18:48:31.839511,2025-09-12 19:22:15.033652,22.6,22.3
u01,overbooked,1,h0259,2025-09-12 19:30:00,19,4,party,False,4,5,driving,22.4,True,2025-09-12 19:07:36.433072,2025-09-12 19:28:49.771332,2025-09-12 19:52:51.050234,21.2,22.9
u05,chronically_late,1,h0259,2025-09-12 19:30:00,19,4,party,False,4,5,cycling,14.9,True,2025-09-12 19:15:07.954465,2025-09-12 19:31:38.738745,2025-09-12 19:46:40.066636,16.5,16.7
u09,morning_struggler,1,h0259,2025-09-12 19:30:00,19,4,party,False,4,5,cycling,7.5,True,2025-09-12 19:22:28.632181,2025-09-12 19:29:11.080553,2025-09-12 19:36:41.883746,6.7,6.7
u17,unpredictable,1,h0259,2025-09-12 19:30:00,19,4,party,False,4,5,driving,11.5,False,2025-09-12 19:18:30.547270,2025-09-12 20:20:01.152807,2025-09-12 20:31:28.629485,61.5,61.5
u21,always_early,1,h0259,2025-09-12 19:30:00,19,4,party,False,4,5,driving,18.9,False,2025-09-12 19:11:04.821495,2025-09-12 19:11:46.652372,2025-09-12 19:32:30.483840,0.7,2.5
u02,improving,2,h0504,2025-09-13 10:30:00,10,5,coffee,False,6,3,walking,12.7,False,2025-09-13 10:17:18.686340,2025-09-13 10:30:09.797750,2025-09-13 10:42:03.864405,12.9,12.1
u06,overbooked,2,h0504,2025-09-13 10:30:00,10,5,coffee,False,6,3,driving,23.4,False,2025-09-13 10:06:37.801919,2025-09-13 10:12:51.037716,2025-09-13 10:38:21.132672,6.2,8.4
u22,rain_hater,2,h0504,2025-09-13 10:30:00,10,5,coffee,False,6,3,walking,11.5,False,2025-09-13 10:18:27.100129,2025-09-13 10:19:59.952594,2025-09-13 10:31:53.589813,1.5,1.9
u05,chronically_late,1,h0260,2025-09-13 17:00:00,17,5,sports,False,2,3,cycling,19.0,False,2025-09-13 16:41:00.567507,2025-09-13 16:49:11.739146,2025-09-13 17:07:38.313378,8.2,7.6
u09,morning_struggler,1,h0260,2025-09-13 17:00:00,17,5,sports,False,2,3,cycling,15.4,False,2025-09-13 16:44:35.818772,2025-09-13 16:57:14.100825,2025-09-13 17:14:13.657993,12.6,14.2
u17,unpredictable,1,h0260,2025-09-13 17:00:00,17,5,sports,False,2,3,driving,15.2,True,2025-09-13 16:44:46.830328,2025-09-13 16:46:01.079581,2025-09-13 17:01:29.919760,1.2,1.5
u09,morning_struggler,1,h0262,2025-09-14 13:00:00,13,6,party,False,2,3,cycling,11.0,False,2025-09-14 12:49:02.453036,2025-09-14 12:56:09.465472,2025-09-14 13:06:27.636003,7.1,6.5
u13,rain_hater,1,h0262,2025-09-14 13:00:00,13,6,party,False,2,3,driving,16.1,False,2025-09-14 12:43:51.269353,2025-09-14 12:49:00.174982,2025-09-14 13:07:32.061428,5.1,7.5
u17,unpredictable,1,h0262,2025-09-14 13:00:00,13,6,party,False,2,3,driving,35.8,False,2025-09-14 12:24:12.480974,2025-09-14 12:25:11.931165,2025-09-14 13:05:21.717974,1.0,5.4
u00,overbooked,0,h0009,2025-09-14 16:00:00,16,6,party,False,0,5,cycling,21.0,True,2025-09-14 15:39:02.327267,2025-09-14 15:57:33.048725,2025-09-14 16:19:41.783892,18.5,19.7
u04,morning_struggler,0,h0009,2025-09-14 16:00:00,16,6,party,False,0,5,walking,19.0,False,2025-09-14 15:40:57.597383,2025-09-14 15:45:18.767769,2025-09-14 16:03:57.241093,4.4,4.0
u08,chronically_late,0,h0009,2025-09-14 16:00:00,16,6,party,False,0,5,driving,19.5,False,2025-09-14 15:40:27.537918,2025-09-14 16:01:38.215116,2025-09-14 16:23:33.249433,21.2,23.6
u12,improving,0,h0009,2025-09-14 16:00:00,16,6,party,False,0,5,walking,23.4,False,2025-09-14 15:36:34.731363,2025-09-14 15:52:44.468421,2025-09-14 16:18:30.218395,16.2,18.5
u16,rain_hater,0,h0009,2025-09-14 16:00:00,16,6,party,False,0,5,driving,18.1,False,2025-09-14 15:41:56.254672,2025-09-14 15:47:24.608937,2025-09-14 16:07:28.106285,5.5,7.5
u05,chronically_late,1,h0261,2025-09-14 17:00:00,17,6,study,False,7,5,cycling,19.8,False,2025-09-14 16:40:14.868267,2025-09-14 16:56:09.097438,2025-09-14 17:15:02.370250,15.9,15.0
u09,morning_struggler,1,h0261,2025-09-14 17:00:00,17,6,study,False,7,5,cycling,22.3,True,2025-09-14 16:37:44.944699,2025-09-14 16:40:59.122517,2025-09-14 17:06:19.071869,3.2,6.3
u13,rain_hater,1,h0261,2025-09-14 17:00:00,17,6,study,False,7,5,driving,35.7,False,2025-09-14 16:24:16.815514,2025-09-14 16:29:47.269750,2025-09-14 17:10:47.522379,5.5,10.8
u17,unpredictable,1,h0261,2025-09-14 17:00:00,17,6,study,False,7,5,driving,31.6,False,2025-09-14 16:28:21.421352,2025-09-14 16:31:07.574156,2025-09-14 17:04:00.183603,2.8,4.0
u21,always_early,1,h0261,2025-09-14 17:00:00,17,6,study,False,7,5,driving,26.2,True,2025-09-14 16:33:48.600170,2025-09-14 16:33:58.925235,2025-09-14 17:00:19.607451,0.2,0.3
u02,improving,2,h0505,2025-09-15 16:30:00,16,0,food,False,5,6,walking,17.3,False,2025-09-15 16:12:44.966207,2025-09-15 16:37:56.049221,2025-09-15 16:54:42.254634,25.2,24.7
u06,overbooked,2,h0505,2025-09-15 16:30:00,16,0,food,False,5,6,driving,30.9,True,2025-09-15 15:59:06.697860,2025-09-15 16:15:53.415388,2025-09-15 16:43:51.826244,16.8,13.9
u10,punctual,2,h0505,2025-09-15 16:30:00,16,0,food,False,5,6,cycling,16.0,False,2025-09-15 16:14:02.173521,2025-09-15 16:20:14.759781,2025-09-15 16:37:59.194621,6.2,8.0
u14,punctual,2,h0505,2025-09-15 16:30:00,16,0,food,False,5,6,walking,6.6,False,2025-09-15 16:23:22.678941,2025-09-15 16:26:42.846073,2025-09-15 16:33:07.901458,3.3,3.1
u18,always_early,2,h0505,2025-09-15 16:30:00,16,0,food,False,5,6,cycling,16.3,True,2025-09-15 16:13:42.248648,2025-09-15 16:13:56.921755,2025-09-15 16:31:57.338147,0.2,2.0
u22,rain_hater,2,h0505,2025-09-15 16:30:00,16,0,food,False,5,6,walking,17.6,True,2025-09-15 16:12:25.786965,2025-09-15 16:16:02.987130,2025-09-15 16:32:10.334659,3.6,2.2
u10,punctual,2,h0506,2025-09-15 18:00:00,18,0,food,False,7,4,cycling,21.4,False,2025-09-15 17:38:37.134232,2025-09-15 17:40:50.680922,2025-09-15 18:03:25.268550,2.2,3.4
u14,punctual,2,h0506,2025-09-15 18:00:00,18,0,food,False,7,4,walking,7.3,False,2025-09-15 17:52:40.941597,2025-09-15 17:54:29.837269,2025-09-15 18:01:14.389409,1.8,1.2
u18,always_early,2,h0506,2025-09-15 18:00:00,18,0,food,False,7,4,cycling,22.9,False,2025-09-15 17:37:06.752821,2025-09-15 17:35:16.595833,2025-09-15 17:57:36.925868,-1.8,-2.4
u22,rain_hater,2,h0506,2025-09-15 18:00:00,18,0,food,False,7,4,walking,12.8,True,2025-09-15 17:47:11.995656,2025-09-15 17:54:32.110343,2025-09-15 18:06:31.622576,7.3,6.5
u03,improving,3,h0756,2025-09-15 20:00:00,20,0,party,False,5,4,driving,24.3,False,2025-09-15 19:35:40.642798,2025-09-15 19:53:25.128481,2025-09-15 20:21:15.937225,17.7,21.3
u07,unpredictable,3,h0756,2025-09-15 20:00:00,20,0,party,False,5,4,driving,18.2,False,2025-09-15 19:41:49.120456,2025-09-15 20:18:12.875408,2025-09-15 20:36:51.838751,36.4,36.9
u11,always_early,3,h0756,2025-09-15 20:00:00,20,0,party,False,5,4,driving,12.4,False,2025-09-15 19:47:37.250517,2025-09-15 19:47:16.401859,2025-09-15 20:00:33.378372,-0.3,0.6
u15,morning_struggler,3,h0756,2025-09-15 20:00:00,20,0,party,False,5,4,walking,12.0,True,2025-09-15 19:48:00.972438,2025-09-15 19:55:24.327560,2025-09-15 20:07:01.350653,7.4,7.0
u00,overbooked,0,h0010,2025-09-16 09:30:00,9,1,food,False,2,4,cycling,22.3,True,2025-09-16 09:07:43.535253,2025-09-16 09:29:27.525415,2025-09-16 09:52:51.094193,21.7,22.9
u04,morning_struggler,0,h0010,2025-09-16 09:30:00,9,1,food,False,2,4,walking,7.4,False,2025-09-16 09:22:36.392933,2025-09-16 09:40:22.305225,2025-09-16 09:48:51.950354,17.8,18.9
u08,chronically_late,0,h0010,2025-09-16 09:30:00,9,1,food,False,2,4,driving,32.7,False,2025-09-16 08:57:17.558609,2025-09-16 09:11:49.432154,2025-09-16 09:47:01.709069,14.5,17.0
u12,improving,0,h0010,2025-09-16 09:30:00,9,1,food,False,2,4,walking,11.3,False,2025-09-16 09:18:43.327956,2025-09-16 09:34:05.593212,2025-09-16 09:46:34.529334,15.4,16.6
u08,chronically_late,0,h0011,2025-09-16 16:30:00,16,1,coffee,True,5,3,driving,25.8,False,2025-09-16 16:04:12.538698,2025-09-16 16:25:04.912537,2025-09-16 16:51:37.155619,20.9,21.6
u12,improving,0,h0011,2025-09-16 16:30:00,16,1,coffee,True,5,3,walking,8.3,True,2025-09-16 16:21:43.498435,2025-09-16 16:44:33.498567,2025-09-16 16:55:00.089290,22.8,25.0
u20,unpredictable,0,h0011,2025-09-16 16:30:00,16,1,coffee,True,5,3,driving,22.3,False,2025-09-16 16:07:39.368423,2025-09-16 16:28:05.857107,2025-09-16 16:54:51.552726,20.4,24.9
u01,overbooked,1,h0264,2025-09-16 17:00:00,17,1,coffee,False,5,6,driving,11.9,True,2025-09-16 16:48:03.946260,2025-09-16 17:06:48.114604,2025-09-16 17:19:45.546069,18.7,19.8
u05,chronically_late,1,h0264,2025-09-16 17:00:00,17,1,coffee,False,5,6,cycling,11.8,False,2025-09-16 16:48:13.485305,2025-09-16 17:03:02.758531,2025-09-16 17:13:46.474222,14.8,13.8
u09,morning_struggler,1,h0264,2025-09-16 17:00:00,17,1,coffee,False,5,6,cycling,23.0,True,2025-09-16 16:37:02.770900,2025-09-16 16:44:04.262062,2025-09-16 17:07:42.116588,7.0,7.7
u13,rain_hater,1,h0264,2025-09-16 17:00:00,17,1,coffee,False,5,6,driving,30.5,True,2025-09-16 16:29:27.094044,2025-09-16 16:39:50.284240,2025-09-16 17:08:38.548456,10.4,8.6
u17,unpredictable,1,h0264,2025-09-16 17:00:00,17,1,coffee,False,5,6,driving,15.0,False,2025-09-16 16:44:58.396993,2025-09-16 17:09:45.127184,2025-09-16 17:23:22.519534,24.8,23.4
u21,always_early,1,h0264,2025-09-16 17:00:00,17,1,coffee,False,5,6,driving,24.4,True,2025-09-16 16:35:35.190571,2025-09-16 16:35:48.299311,2025-09-16 17:03:50.040855,0.2,3.8
u01,overbooked,1,h0263,2025-09-16 20:00:00,20,1,food,False,2,4,driving,36.1,False,2025-09-16 19:23:55.271951,2025-09-16 19:25:19.760411,2025-09-16 20:06:18.237058,1.4,6.3
u05,chronically_late,1,h0263,2025-09-16 20:00:00,20,1,food,False,2,4,cycling,8.8,True,2025-09-16 19:51:10.774921,2025-09-16 20:04:48.709384,2025-09-16 20:13:04.792371,13.6,13.1
u09,morning_struggler,1,h0263,2025-09-16 20:00:00,20,1,food,False,2,4,cycling,6.9,False,2025-09-16 19:53:06.822529,2025-09-16 19:57:50.044615,2025-09-16 20:05:23.134020,4.7,5.4
u21,always_early,1,h0263,2025-09-16 20:00:00,20,1,food,False,2,4,driving,26.8,False,2025-09-16 19:33:14.141287,2025-09-16 19:28:59.885331,2025-09-16 19:56:57.710557,-4.2,-3.0
u01,overbooked,1,h0265,2025-09-17 13:00:00,13,2,sports,True,0,5,driving,10.5,True,2025-09-17 12:49:29.193669,2025-09-17 13:08:21.761037,2025-09-17 13:21:14.413801,18.9,21.2
u05,chronically_late,1,h0265,2025-09-17 13:00:00,13,2,sports,True,0,5,cycling,12.7,True,2025-09-17 12:47:17.882779,2025-09-17 12:59:32.162397,2025-09-17 13:13:38.492831,12.2,13.6
u09,morning_struggler,1,h0265,2025-09-17 13:00:00,13,2,sports,True,0,5,cycling,11.3,False,2025-09-17 12:48:40.825437,2025-09-17 12:55:59.724624,2025-09-17 13:09:48.973285,7.3,9.8
u13,rain_hater,1,h0265,2025-09-17 13:00:00,13,2,sports,True,0,5,driving,30.1,False,2025-09-17 12:29:54.563978,2025-09-17 12:40:57.183212,2025-09-17 13:15:50.692523,11.0,15.8
u17,unpredictable,1,h0265,2025-09-17 13:00:00,13,2,sports,True,0,5,driving,12.6,False,2025-09-17 12:47:22.396099,2025-09-17 13:13:54.651822,2025-09-17 13:27:58.955769,26.5,28.0
u00,overbooked,0,h0012,2025-09-17 16:30:00,16,2,party,True,3,4,cycling,10.6,False,2025-09-17 16:19:22.219102,2025-09-17 16:27:45.056592,2025-09-17 16:40:10.313768,8.4,10.2
u04,morning_struggler,0,h0012,2025-09-17 16:30:00,16,2,party,True,3,4,walking,23.1,True,2025-09-17 16:06:51.475653,2025-09-17 16:14:55.826963,2025-09-17 16:39:41.987226,8.1,9.7
u12,improving,0,h0012,2025-09-17 16:30:00,16,2,party,True,3,4,walking,14.8,False,2025-09-17 16:15:11.762949,2025-09-17 16:31:30.486127,2025-09-17 16:46:30.387255,16.3,16.5
u16,rain_hater,0,h0012,2025-09-17 16:30:00,16,2,party,True,3,4,driving,29.4,False,2025-09-17 16:00:33.209750,2025-09-17 16:15:50.572188,2025-09-17 16:47:57.817569,15.3,18.0
u03,improving,3,h0757,2025-09-17 18:00:00,18,2,party,True,1,3,driving,23.4,False,2025-09-17 17:36:36.271407,2025-09-17 17:55:03.896576,2025-09-17 18:21:25.173153,18.5,21.4
u11,always_early,3,h0757,2025-09-17 18:00:00,18,2,party,True,1,3,driving,38.6,True,2025-09-17 17:21:21.697744,2025-09-17 17:25:08.476676,2025-09-17 18:06:21.522719,3.8,6.4
u19,punctual,3,h0757,2025-09-17 18:00:00,18,2,party,True,1,3,driving,38.9,True,2025-09-17 17:21:05.316974,2025-09-17 17:29:51.873149,2025-09-17 18:18:58.927594,8.8,19.0
u02,improving,2,h0508,2025-09-18 09:00:00,9,3,food,False,5,4,walking,19.5,True,2025-09-18 08:40:32.914828,2025-09-18 09:08:50.600106,2025-09-18 09:26:24.760321,28.3,26.4
u06,overbooked,2,h0508,2025-09-18 09:00:00,9,3,food,False,5,4,driving,30.1,False,2025-09-18 08:29:52.770813,2025-09-18 08:35:45.352811,2025-09-18 09:08:12.377616,5.9,8.2
u14,punctual,2,h0508,2025-09-18 09:00:00,9,3,food,False,5,4,walking,15.2,False,2025-09-18 08:44:48.231113,2025-09-18 08:51:21.240499,2025-09-18 09:06:55.850913,6.6,6.9
u18,always_early,2,h0508,2025-09-18 09:00:00,9,3,food,False,5,4,cycling,7.3,False,2025-09-18 08:52:39.971109,2025-09-18 08:51:29.812389,2025-09-18 08:59:54.254835,-1.2,-0.1
u02,improving,2,h0507,2025-09-18 16:00:00,16,3,study,True,4,3,walking,13.2,False,2025-09-18 15:46:46.055340,2025-09-18 16:02:04.721467,2025-09-18 16:18:04.651655,15.3,18.1
u10,punctual,2,h0507,2025-09-18 16:00:00,16,3,study,True,4,3,cycling,16.2,False,2025-09-18 15:43:47.991270,2025-09-18 15:45:14.958650,2025-09-18 16:04:38.103088,1.4,4.6
u14,punctual,2,h0507,2025-09-18 16:00:00,16,3,study,True,4,3,walking,17.6,False,2025-09-18 15:42:26.144088,2025-09-18 15:44:59.052661,2025-09-18 16:05:25.923398,2.5,5.4
u00,overbooked,0,h0013,2025-09-18 18:30:00,18,3,study,False,2,4,cycling,22.2,True,2025-09-18 18:07:50.687299,2025-09-18 18:23:12.289421,2025-09-18 18:45:21.121079,15.4,15.4
u04,morning_struggler,0,h0013,2025-09-18 18:30:00,18,3,study,False,2,4,walking,22.0,False,2025-09-18 18:07:57.581380,2025-09-18 18:08:03.292403,2025-09-18 18:31:07.575069,0.1,1.1
u16,rain_hater,0,h0013,2025-09-18 18:30:00,18,3,study,False,2,4,driving,14.1,True,2025-09-18 18:15:52.122221,2025-09-18 18:18:29.779410,2025-09-18 18:32:47.875669,2.6,2.8
u20,unpredictable,0,h0013,2025-09-18 18:30:00,18,3,study,False,2,4,driving,37.4,False,2025-09-18 17:52:38.711669,2025-09-18 17:51:33.739066,2025-09-18 18:28:20.766860,-1.1,-1.7
u01,overbooked,1,h0266,2025-09-18 21:30:00,21,3,study,False,5,6,driving,32.0,True,2025-09-18 20:58:01.282583,2025-09-18 21:21:50.979242,2025-09-18 21:52:41.248701,23.8,22.7
u05,chronically_late,1,h0266,2025-09-18 21:30:00,21,3,study,False,5,6,cycling,17.5,False,2025-09-18 21:12:28.710520,2025-09-18 21:34:12.483609,2025-09-18 21:53:17.762147,21.7,23.3
u09,morning_struggler,1,h0266,2025-09-18 21:30:00,21,3,study,False,5,6,cycling,6.1,False,2025-09-18 21:23:56.015722,2025-09-18 21:23:02.228220,2025-09-18 21:29:16.558626,-0.9,-0.7
u13,rain_hater,1,h0266,2025-09-18 21:30:00,21,3,study,False,5,6,driving,40.0,False,2025-09-18 20:50:00.925228,2025-09-18 20:54:50.192069,2025-09-18 21:33:29.727009,4.8,3.5
u17,unpredictable,1,h0266,2025-09-18 21:30:00,21,3,study,False,5,6,driving,16.1,False,2025-09-18 21:13:52.027607,2025-09-18 21:25:12.373663,2025-09-18 21:42:57.953859,11.3,13.0
u21,always_early,1,h0266,2025-09-18 21:30:00,21,3,study,False,5,6,driving,39.0,False,2025-09-18 20:50:59.688032,2025-09-18 20:46:34.201620,2025-09-18 21:27:32.558279,-4.4,-2.5
u05,chronically_late,1,h0267,2025-09-19 10:00:00,10,4,study,True,6,3,cycling,10.2,True,2025-09-19 09:49:47.929466,2025-09-19 10:06:14.026154,2025-09-19 10:18:20.358858,16.4,18.3
u09,morning_struggler,1,h0267,2025-09-19 10:00:00,10,4,study,True,6,3,cycling,10.9,False,2025-09-19 09:49:07.456910,2025-09-19 09:58:21.136376,2025-09-19 10:12:03.964748,9.2,12.1
u21,always_early,1,h0267,2025-09-19 10:00:00,10,4,study,True,6,3,driving,13.1,False,2025-09-19 09:46:53.063470,2025-09-19 09:47:04.451606,2025-09-19 10:03:10.926429,0.2,3.2
u03,improving,3,h0758,2025-09-19 20:00:00,20,4,sports,False,6,4,driving,39.6,False,2025-09-19 19:20:21.600927,2025-09-19 19:34:21.853908,2025-09-19 20:10:11.494039,14.0,10.2
u11,always_early,3,h0758,2025-09-19 20:00:00,20,4,sports,False,6,4,driving,31.0,True,2025-09-19 19:29:01.195187,2025-09-19 19:30:04.928769,2025-09-19 20:00:36.207120,1.1,0.6
u15,morning_struggler,3,h0758,2025-09-19 20:00:00,20,4,sports,False,6,4,walking,14.9,False,2025-09-19 19:45:05.916170,2025-09-19 19:47:01.133228,2025-09-19 20:03:07.289933,1.9,3.1
u23,chronically_late,3,h0758,2025-09-19 20:00:00,20,4,sports,False,6,4,walking,24.4,False,2025-09-19 19:35:33.690599,2025-09-19 19:45:34.385494,2025-09-19 20:12:05.771077,10.0,12.1
u02,improving,2,h0511,2025-09-20 09:30:00,9,5,sports,False,4,4,walking,9.0,False,2025-09-20 09:20:57.701707,2025-09-20 09:37:58.558525,2025-09-20 09:48:14.042918,17.0,18.2
u10,punctual,2,h0511,2025-09-20 09:30:00,9,5,sports,False,4,4,cycling,18.0,False,2025-09-20 09:12:02.903370,2025-09-20 09:15:00.601996,2025-09-20 09:35:39.248918,3.0,5.7
u14,punctual,2,h0511,2025-09-20 09:30:00,9,5,sports,False,4,4,walking,5.8,True,2025-09-20 09:24:11.721157,2025-09-20 09:30:15.002995,2025-09-20 09:35:41.900482,6.1,5.7
u18,always_early,2,h0511,2025-09-20 09:30:00,9,5,sports,False,4,4,cycling,12.4,False,2025-09-20 09:17:33.292707,2025-09-20 09:16:16.897081,2025-09-20 09:28:10.217000,-1.3,-1.8
u00,overbooked,0,h0014,2025-09-20 14:30:00,14,5,food,True,4,4,cycling,19.4,False,2025-09-20 14:10:38.541849,2025-09-20 14:14:05.735241,2025-09-20 14:36:33.721678,3.5,6.6
u04,morning_struggler,0,h0014,2025-09-20 14:30:00,14,5,food,True,4,4,walking,24.3,False,2025-09-20 14:05:44.146532,2025-09-20 14:08:30.748383,2025-09-20 14:33:17.725989,2.8,3.3
u12,improving,0,h0014,2025-09-20 14:30:00,14,5,food,True,4,4,walking,19.6,False,2025-09-20 14:10:21.103796,2025-09-20 14:25:19.875887,2025-09-20 14:48:19.040812,15.0,18.3
u16,rain_hater,0,h0014,2025-09-20 14:30:00,14,5,food,True,4,4,driving,23.3,False,2025-09-20 14:06:43.188723,2025-09-20 14:19:39.050648,2025-09-20 14:47:18.729775,12.9,17.3
u06,overbooked,2,h0510,2025-09-20 16:30:00,16,5,coffee,False,3,4,driving,9.5,True,2025-09-20 16:20:30.657006,2025-09-20 16:36:47.523824,2025-09-20 16:45:45.004629,16.3,15.8
u10,punctual,2,h0510,2025-09-20 16:30:00,16,5,coffee,False,3,4,cycling,23.9,False,2025-09-20 16:06:04.256056,2025-09-20 16:07:20.435083,2025-09-20 16:32:48.293104,1.3,2.8
u14,punctual,2,h0510,2025-09-20 16:30:00,16,5,coffee,False,3,4,walking,10.6,True,2025-09-20 16:19:25.956949,2025-09-20 16:22:21.020716,2025-09-20 16:33:02.267949,2.9,3.0
u22,rain_hater,2,h0510,2025-09-20 16:30:00,16,5,coffee,False,3,4,walking,19.4,True,2025-09-20 16:10:34.330275,2025-09-20 16:15:39.513529,2025-09-20 16:33:58.144373,5.1,4.0
u02,improving,2,h0509,2025-09-20 21:30:00,21,5,food,True,2,6,walking,22.2,False,2025-09-20 21:07:47.687730,2025-09-20 21:23:00.220096,2025-09-20 21:49:14.830742,15.2,19.2
u06,overbooked,2,h0509,2025-09-20 21:30:00,21,5,food,True,2,6,driving,24.9,True,2025-09-20 21:05:05.762219,2025-09-20 21:26:05.071315,2025-09-20 21:51:36.162470,21.0,21.6
u10,punctual,2,h0509,2025-09-20 21:30:00,21,5,food,True,2,6,cycling,20.4,True,2025-09-20 21:09:33.285966,2025-09-20 21:15:36.123902,2025-09-20 21:40:55.749013,6.0,10.9
u14,punctual,2,h0509,2025-09-20 21:30:00,21,5,food,True,2,6,walking,18.7,True,2025-09-20 21:11:20.433017,2025-09-20 21:15:45.580114,2025-09-20 21:38:09.586967,4.4,8.2
u18,always_early,2,h0509,2025-09-20 21:30:00,21,5,food,True,2,6,cycling,18.8,True,2025-09-20 21:11:11.760175,2025-09-20 21:12:56.580639,2025-09-20 21:35:48.755467,1.7,5.8
u22,rain_hater,2,h0509,2025-09-20 21:30:00,21,5,food,True,2,6,walking,19.1,True,2025-09-20 21:10:55.203464,2025-09-20 21:24:21.467177,2025-09-20 21:47:15.122938,13.4,17.3
u01,overbooked,1,h0268,2025-09-21 11:00:00,11,6,study,False,3,6,driving,16.4,True,2025-09-21 10:43:35.204982,2025-09-21 11:04:40.727359,2025-09-21 11:22:42.495804,21.1,22.7
u05,chronically_late,1,h0268,2025-09-21 11:00:00,11,6,study,False,3,6,cycling,11.1,False,2025-09-21 10:48:55.652165,2025-09-21 11:00:08.925556,2025-09-21 11:10:07.315495,11.2,10.1
u09,morning_struggler,1,h0268,2025-09-21 11:00:00,11,6,study,False,3,6,cycling,7.1,False,2025-09-21 10:52:51.071526,2025-09-21 10:52:10.827801,2025-09-21 11:00:01.841330,-0.7,0.0
u13,rain_hater,1,h0268,2025-09-21 11:00:00,11,6,study,False,3,6,driving,26.7,True,2025-09-21 10:33:20.612609,2025-09-21 10:39:36.723371,2025-09-21 11:08:06.970157,6.3,8.1
u17,unpredictable,1,h0268,2025-09-21 11:00:00,11,6,study,False,3,6,driving,21.7,True,2025-09-21 10:38:18.405657,2025-09-21 10:45:55.987413,2025-09-21 11:08:56.267438,7.6,8.9
u21,always_early,1,h0268,2025-09-21 11:00:00,11,6,study,False,3,6,driving,20.4,True,2025-09-21 10:39:38.815615,2025-09-21 10:37:52.099445,2025-09-21 10:57:14.085056,-1.8,-2.8
u00,overbooked,0,h0015,2025-09-21 22:00:00,22,6,sports,False,6,5,cycling,13.8,False,2025-09-21 21:46:10.803357,2025-09-21 21:53:25.494070,2025-09-21 22:07:46.917795,7.2,7.8
u04,morning_struggler,0,h0015,2025-09-21 22:00:00,22,6,sports,False,6,5,walking,14.8,False,2025-09-21 21:45:12.360310,2025-09-21 21:48:28.446565,2025-09-21 22:05:24.331767,3.3,5.4
u08,chronically_late,0,h0015,2025-09-21 22:00:00,22,6,sports,False,6,5,driving,19.9,True,2025-09-21 21:40:04.411505,2025-09-21 21:52:05.958277,2025-09-21 22:13:23.834833,12.0,13.4
u12,improving,0,h0015,2025-09-21 22:00:00,22,6,sports,False,6,5,walking,21.0,False,2025-09-21 21:38:57.528256,2025-09-21 21:56:24.969113,2025-09-21 22:15:32.862308,17.5,15.5
u16,rain_hater,0,h0015,2025-09-21 22:00:00,22,6,sports,False,6,5,driving,19.1,True,2025-09-21 21:40:54.733706,2025-09-21 21:45:06.189354,2025-09-21 22:05:59.495239,4.2,6.0
u05,chronically_late,1,h0269,2025-09-22 15:30:00,15,0,coffee,True,0,3,cycling,18.7,False,2025-09-22 15:11:16.826095,2025-09-22 15:23:02.361585,2025-09-22 15:43:30.723215,11.8,13.5
u09,morning_struggler,1,h0269,2025-09-22 15:30:00,15,0,coffee,True,0,3,cycling,17.4,False,2025-09-22 15:12:36.251192,2025-09-22 15:18:06.310138,2025-09-22 15:37:21.387615,5.5,7.4
u21,always_early,1,h0269,2025-09-22 15:30:00,15,0,coffee,True,0,3,driving,37.3,False,2025-09-22 14:52:40.051468,2025-09-22 14:50:23.376451,2025-09-22 15:37:30.280409,-2.3,7.5
u02,improving,2,h0512,2025-09-22 17:30:00,17,0,sports,False,7,5,walking,12.5,False,2025-09-22 17:17:28.201029,2025-09-22 17:36:27.511268,2025-09-22 17:49:47.340328,19.0,19.8
u06,overbooked,2,h0512,2025-09-22 17:30:00,17,0,sports,False,7,5,driving,23.0,False,2025-09-22 17:07:01.891623,2025-09-22 17:15:54.988213,2025-09-22 17:38:58.061275,8.9,9.0
u10,punctual,2,h0512,2025-09-22 17:30:00,17,0,sports,False,7,5,cycling,18.8,False,2025-09-22 17:11:10.842641,2025-09-22 17:14:25.347640,2025-09-22 17:33:52.090126,3.2,3.9
u18,always_early,2,h0512,2025-09-22 17:30:00,17,0,sports,False,7,5,cycling,8.0,False,2025-09-22 17:22:01.763309,2025-09-22 17:20:22.741306,2025-09-22 17:27:54.749383,-1.7,-2.1
u22,rain_hater,2,h0512,2025-09-22 17:30:00,17,0,sports,False,7,5,walking,12.0,False,2025-09-22 17:17:58.925654,2025-09-22 17:34:24.215143,2025-09-22 17:46:40.291776,16.4,16.7
u02,improving,2,h0513,2025-09-22 18:30:00,18,0,food,False,5,5,walking,17.4,False,2025-09-22 18:12:35.604250,2025-09-22 18:28:05.934189,2025-09-22 18:44:12.456458,15.5,14.2
u06,overbooked,2,h0513,2025-09-22 18:30:00,18,0,food,False,5,5,driving,28.5,False,2025-09-22 18:01:31.836845,2025-09-22 18:07:27.718746,2025-09-22 18:33:42.383690,5.9,3.7
u10,punctual,2,h0513,2025-09-22 18:30:00,18,0,food,False,5,5,cycling,22.7,False,2025-09-22 18:07:16.798282,2025-09-22 18:08:34.363306,2025-09-22 18:29:53.342050,1.3,-0.1
u14,punctual,2,h0513,2025-09-22 18:30:00,18,0,food,False,5,5,walking,8.1,False,2025-09-22 18:21:52.959857,2025-09-22 18:22:23.204265,2025-09-22 18:31:27.972753,0.5,1.5
u22,rain_hater,2,h0513,2025-09-22 18:30:00,18,0,food,False,5,5,walking,14.8,True,2025-09-22 18:15:12.657799,2025-09-22 18:20:54.659482,2025-09-22 18:36:54.368397,5.7,6.9
u00,overbooked,0,h0016,2025-09-22 19:30:00,19,0,coffee,False,6,5,cycling,21.2,True,2025-09-22 19:08:47.006385,2025-09-22 19:26:39.539389,2025-09-22 19:49:03.151616,17.9,19.1
u04,morning_struggler,0,h0016,2025-09-22 19:30:00,19,0,coffee,False,6,5,walking,5.6,False,2025-09-22 19:24:24.471253,2025-09-22 19:26:33.078969,2025-09-22 19:32:31.391192,2.1,2.5
u12,improving,0,h0016,2025-09-22 19:30:00,19,0,coffee,False,6,5,walking,9.8,False,2025-09-22 19:20:14.809964,2025-09-22 19:41:51.765901,2025-09-22 19:52:43.279133,21.6,22.7
u16,rain_hater,0,h0016,2025-09-22 19:30:00,19,0,coffee,False,6,5,driving,17.6,False,2025-09-22 19:12:26.028190,2025-09-22 19:14:43.434045,2025-09-22 19:31:44.423138,2.3,1.7
u20,unpredictable,0,h0016,2025-09-22 19:30:00,19,0,coffee,False,6,5,driving,35.5,True,2025-09-22 18:54:32.399415,2025-09-22 19:04:05.455762,2025-09-22 19:42:00.545555,9.6,12.0
u01,overbooked,1,h0270,2025-09-23 14:00:00,14,1,coffee,True,7,6,driving,21.9,False,2025-09-23 13:38:03.475864,2025-09-23 13:43:11.206585,2025-09-23 14:07:40.142142,5.1,7.7
u05,chronically_late,1,h0270,2025-09-23 14:00:00,14,1,coffee,True,7,6,cycling,9.7,False,2025-09-23 13:50:20.796267,2025-09-23 14:30:38.496015,2025-09-23 14:41:02.985992,40.3,41.0
u09,morning_struggler,1,h0270,2025-09-23 14:00:00,14,1,coffee,True,7,6,cycling,10.8,False,2025-09-23 13:49:09.212492,2025-09-23 13:55:11.180086,2025-09-23 14:07:20.826147,6.0,7.3
u13,rain_hater,1,h0270,2025-09-23 14:00:00,14,1,coffee,True,7,6,driving,24.3,False,2025-09-23 13:35:40.768930,2025-09-23 13:47:55.460034,2025-09-23 14:12:55.154702,12.2,12.9
u17,unpredictable,1,h0270,2025-09-23 14:00:00,14,1,coffee,True,7,6,driving,15.1,False,2025-09-23 13:44:52.433244,2025-09-23 13:54:47.812211,2025-09-23 14:13:27.425729,9.9,13.5
u21,always_early,1,h0270,2025-09-23 14:00:00,14,1,coffee,True,7,6,driving,29.1,False,2025-09-23 13:30:51.778625,2025-09-23 13:29:56.090943,2025-09-23 14:05:23.209887,-0.9,5.4
u02,improving,2,h0514,2025-09-23 17:00:00,17,1,food,False,3,4,walking,17.4,False,2025-09-23 16:42:33.942893,2025-09-23 16:57:13.080661,2025-09-23 17:16:56.393134,14.7,16.9
u14,punctual,2,h0514,2025-09-23 17:00:00,17,1,food,False,3,4,walking,24.9,True,2025-09-23 16:35:06.948364,2025-09-23 16:39:38.668465,2025-09-23 17:03:06.548709,4.5,3.1
u18,always_early,2,h0514,2025-09-23 17:00:00,17,1,food,False,3,4,cycling,14.1,False,2025-09-23 16:45:51.657432,2025-09-23 16:46:41.421966,2025-09-23 17:02:40.384918,0.8,2.7
u22,rain_hater,2,h0514,2025-09-23 17:00:00,17,1,food,False,3,4,walking,9.3,False,2025-09-23 16:50:43.980224,2025-09-23 16:51:39.255444,2025-09-23 17:02:04.697723,0.9,2.1
u01,overbooked,1,h0271,2025-09-24 18:00:00,18,2,party,False,6,3,driving,11.9,False,2025-09-24 17:48:03.531675,2025-09-24 17:54:21.358866,2025-09-24 18:05:48.112280,6.3,5.8
u05,chronically_late,1,h0271,2025-09-24 18:00:00,18,2,party,False,6,3,cycling,21.5,False,2025-09-24 17:38:27.309560,2025-09-24 17:54:46.442134,2025-09-24 18:16:00.686077,16.3,16.0
u21,always_early,1,h0271,2025-09-24 18:00:00,18,2,party,False,6,3,driving,27.9,False,2025-09-24 17:32:03.829302,2025-09-24 17:34:51.703853,2025-09-24 18:03:12.382267,2.8,3.2
u01,overbooked,1,h0272,2025-09-25 17:30:00,17,3,party,False,1,5,driving,20.1,True,2025-09-25 17:09:52.262848,2025-09-25 17:30:17.361908,2025-09-25 17:50:32.332914,20.4,20.5
u05,chronically_late,1,h0272,2025-09-25 17:30:00,17,3,party,False,1,5,cycling,13.4,True,2025-09-25 17:16:36.032806,2025-09-25 17:32:19.950567,2025-09-25 17:46:54.648177,15.7,16.9
u09,morning_struggler,1,h0272,2025-09-25 17:30:00,17,3,party,False,1,5,cycling,18.0,False,2025-09-25 17:12:01.419939,2025-09-25 17:21:35.012488,2025-09-25 17:41:05.243442,9.6,11.1
u13,rain_hater,1,h0272,2025-09-25 17:30:00,17,3,party,False,1,5,driving,13.0,True,2025-09-25 17:16:57.898485,2025-09-25 17:26:54.688946,2025-09-25 17:39:39.464456,9.9,9.7
u17,unpredictable,1,h0272,2025-09-25 17:30:00,17,3,party,False,1,5,driving,34.9,False,2025-09-25 16:55:06.093248,2025-09-25 16:56:36.900601,2025-09-25 17:31:27.439577,1.5,1.5
u01,overbooked,1,h0273,2025-09-25 18:30:00,18,3,sports,False,6,6,driving,22.0,True,2025-09-25 18:07:58.393735,2025-09-25 18:25:48.482319,2025-09-25 18:50:30.389655,17.8,20.5
u05,chronically_late,1,h0273,2025-09-25 18:30:00,18,3,sports,False,6,6,cycling,7.2,True,2025-09-25 18:22:50.898928,2025-09-25 18:40:10.460225,2025-09-25 18:46:47.208105,17.3,16.8
u09,morning_struggler,1,h0273,2025-09-25 18:30:00,18,3,sports,False,6,6,cycling,17.6,False,2025-09-25 18:12:23.585654,2025-09-25 18:13:07.483940,2025-09-25 18:32:00.995795,0.7,2.0
u13,rain_hater,1,h0273,2025-09-25 18:30:00,18,3,sports,False,6,6,driving,8.5,True,2025-09-25 18:21:27.693817,2025-09-25 18:27:01.020927,2025-09-25 18:36:38.643216,5.6,6.6
u17,unpredictable,1,h0273,2025-09-25 18:30:00,18,3,sports,False,6,6,driving,11.1,False,2025-09-25 18:18:51.293625,2025-09-25 18:21:39.443200,2025-09-25 18:33:21.056287,2.8,3.4
u21,always_early,1,h0273,2025-09-25 18:30:00,18,3,sports,False,6,6,driving,33.4,False,2025-09-25 17:56:38.377902,2025-09-25 17:56:36.086918,2025-09-25 18:29:38.754921,-0.0,-0.4
u04,morning_struggler,0,h0017,2025-09-25 21:30:00,21,3,food,True,5,4,walking,7.7,False,2025-09-25 21:22:15.814466,2025-09-25 21:24:49.537996,2025-09-25 21:33:19.167990,2.6,3.3
u12,improving,0,h0017,2025-09-25 21:30:00,21,3,food,True,5,4,walking,23.3,False,2025-09-25 21:06:41.641488,2025-09-25 21:22:59.904275,2025-09-25 21:48:24.784975,16.3,18.4
u16,rain_hater,0,h0017,2025-09-25 21:30:00,21,3,food,True,5,4,driving,10.1,True,2025-09-25 21:19:51.039996,2025-09-25 21:35:59.062221,2025-09-25 21:47:17.840694,16.1,17.3
u20,unpredictable,0,h0017,2025-09-25 21:30:00,21,3,food,True,5,4,driving,33.8,False,2025-09-25 20:56:09.731317,2025-09-25 21:03:44.943362,2025-09-25 21:41:02.673095,7.6,11.0
u03,improving,3,h0759,2025-09-25 22:30:00,22,3,coffee,False,0,6,driving,35.1,False,2025-09-25 21:54:52.586445,2025-09-25 22:08:58.445192,2025-09-25 22:45:02.022079,14.1,15.0
u07,unpredictable,3,h0759,2025-09-25 22:30:00,22,3,coffee,False,0,6,driving,34.6,False,2025-09-25 21:55:21.517043,2025-09-25 21:56:45.897210,2025-09-25 22:31:04.756141,1.4,1.1
u11,always_early,3,h0759,2025-09-25 22:30:00,22,3,coffee,False,0,6,driving,32.0,False,2025-09-25 21:57:57.169020,2025-09-25 21:54:25.876004,2025-09-25 22:26:18.721120,-3.5,-3.7
u15,morning_struggler,3,h0759,2025-09-25 22:30:00,22,3,coffee,False,0,6,walking,7.0,True,2025-09-25 22:22:59.444287,2025-09-25 22:27:12.091007,2025-09-25 22:34:01.754125,4.2,4.0
u19,punctual,3,h0759,2025-09-25 22:30:00,22,3,coffee,False,0,6,driving,9.0,True,2025-09-25 22:21:00.553875,2025-09-25 22:22:44.302850,2025-09-25 22:32:42.410981,1.7,2.7
u23,chronically_late,3,h0759,2025-09-25 22:30:00,22,3,coffee,False,0,6,walking,16.1,False,2025-09-25 22:13:53.488902,2025-09-25 22:26:58.941517,2025-09-25 22:45:14.040094,13.1,15.2
u06,overbooked,2,h0515,2025-09-26 12:30:00,12,4,food,True,5,3,driving,26.1,True,2025-09-26 12:03:55.863885,2025-09-26 12:26:45.735302,2025-09-26 12:56:46.132680,22.8,26.8
u18,always_early,2,h0515,2025-09-26 12:30:00,12,4,food,True,5,3,cycling,20.9,False,2025-09-26 12:09:07.086218,2025-09-26 12:09:00.711022,2025-09-26 12:31:32.388369,-0.1,1.5
u22,rain_hater,2,h0515,2025-09-26 12:30:00,12,4,food,True,5,3,walking,6.5,False,2025-09-26 12:23:27.011775,2025-09-26 12:36:21.129865,2025-09-26 12:43:17.690472,12.9,13.3
u05,chronically_late,1,h0274,2025-09-26 16:30:00,16,4,sports,True,1,4,cycling,21.8,False,2025-09-26 16:08:11.442016,2025-09-26 16:24:41.064364,2025-09-26 16:48:37.566816,16.5,18.6
u09,morning_struggler,1,h0274,2025-09-26 16:30:00,16,4,sports,True,1,4,cycling,23.3,False,2025-09-26 16:06:42.748781,2025-09-26 16:09:37.041219,2025-09-26 16:36:47.345962,2.9,6.8
u13,rain_hater,1,h0274,2025-09-26 16:30:00,16,4,sports,True,1,4,driving,24.5,False,2025-09-26 16:05:28.532307,2025-09-26 16:18:08.217469,2025-09-26 16:46:06.696367,12.7,16.1
u17,unpredictable,1,h0274,2025-09-26 16:30:00,16,4,sports,True,1,4,driving,19.2,False,2025-09-26 16:10:50.869097,2025-09-26 16:21:32.974783,2025-09-26 16:45:39.392490,10.7,15.7
u03,improving,3,h0760,2025-09-27 16:30:00,16,5,food,True,0,6,driving,37.4,True,2025-09-27 15:52:33.685508,2025-09-27 16:11:19.735033,2025-09-27 16:50:01.683317,18.8,20.0
u07,unpredictable,3,h0760,2025-09-27 16:30:00,16,5,food,True,0,6,driving,15.6,False,2025-09-27 16:14:26.539380,2025-09-27 16:16:10.076075,2025-09-27 16:32:10.688052,1.7,2.2
u11,always_early,3,h0760,2025-09-27 16:30:00,16,5,food,True,0,6,driving,11.2,True,2025-09-27 16:18:46.565706,2025-09-27 16:19:03.054248,2025-09-27 16:32:44.457646,0.3,2.7
u15,morning_struggler,3,h0760,2025-09-27 16:30:00,16,5,food,True,0,6,walking,7.1,False,2025-09-27 16:22:56.901859,2025-09-27 16:27:22.525253,2025-09-27 16:34:57.371167,4.4,5.0
u19,punctual,3,h0760,2025-09-27 16:30:00,16,5,food,True,0,6,driving,32.5,True,2025-09-27 15:57:28.723567,2025-09-27 16:01:10.793162,2025-09-27 16:41:19.564388,3.7,11.3
u23,chronically_late,3,h0760,2025-09-27 16:30:00,16,5,food,True,0,6,walking,22.5,False,2025-09-27 16:07:30.061153,2025-09-27 16:21:42.601780,2025-09-27 16:46:20.536465,14.2,16.3
u10,punctual,2,h0516,2025-09-27 19:00:00,19,5,party,False,6,4,cycling,10.2,False,2025-09-27 18:49:45.242375,2025-09-27 18:55:02.675465,2025-09-27 19:05:46.942690,5.3,5.8
u14,punctual,2,h0516,2025-09-27 19:00:00,19,5,party,False,6,4,walking,23.7,False,2025-09-27 18:36:18.086130,2025-09-27 18:40:43.676752,2025-09-27 19:03:16.930101,4.4,3.3
u18,always_early,2,h0516,2025-09-27 19:00:00,19,5,party,False,6,4,cycling,20.5,True,2025-09-27 18:39:29.292398,2025-09-27 18:42:31.446145,2025-09-27 19:02:54.838034,3.0,2.9
u22,rain_hater,2,h0516,2025-09-27 19:00:00,19,5,party,False,6,4,walking,18.4,False,2025-09-27 18:41:33.911393,2025-09-27 18:46:36.613928,2025-09-27 19:05:01.701911,5.0,5.0
u02,improving,2,h0517,2025-09-28 18:30:00,18,6,party,False,0,6,walking,5.1,False,2025-09-28 18:24:56.862772,2025-09-28 18:40:33.408509,2025-09-28 18:45:28.602985,15.6,15.5
u06,overbooked,2,h0517,2025-09-28 18:30:00,18,6,party,False,0,6,driving,38.4,False,2025-09-28 17:51:37.811345,2025-09-28 18:02:10.112106,2025-09-28 18:45:26.648473,10.5,15.4
u10,punctual,2,h0517,2025-09-28 18:30:00,18,6,party,False,0,6,cycling,24.5,False,2025-09-28 18:05:29.367562,2025-09-28 18:08:25.307441,2025-09-28 18:31:04.410989,2.9,1.1
u14,punctual,2,h0517,2025-09-28 18:30:00,18,6,party,False,0,6,walking,5.6,False,2025-09-28 18:24:25.054852,2025-09-28 18:27:10.727155,2025-09-28 18:33:35.728906,2.8,3.6
u18,always_early,2,h0517,2025-09-28 18:30:00,18,6,party,False,0,6,cycling,11.7,False,2025-09-28 18:18:20.849772,2025-09-28 18:17:13.325225,2025-09-28 18:28:23.774708,-1.1,-1.6
u22,rain_hater,2,h0517,2025-09-28 18:30:00,18,6,party,False,0,6,walking,14.0,True,2025-09-28 18:16:01.731730,2025-09-28 18:21:40.919823,2025-09-28 18:34:39.075565,5.7,4.7
u03,improving,3,h0761,2025-09-28 21:00:00,21,6,party,False,7,3,driving,33.0,False,2025-09-28 20:26:59.042533,2025-09-28 20:45:52.609269,2025-09-28 21:21:19.177331,18.9,21.3
u07,unpredictable,3,h0761,2025-09-28 21:00:00,21,6,party,False,7,3,driving,8.5,False,2025-09-28 20:51:31.620580,2025-09-28 20:57:14.735898,2025-09-28 21:05:35.271759,5.7,5.6
u15,morning_struggler,3,h0761,2025-09-28 21:00:00,21,6,party,False,7,3,walking,18.0,False,2025-09-28 20:41:58.522410,2025-09-28 20:46:37.499148,2025-09-28 21:02:58.444124,4.6,3.0
u03,improving,3,h0762,2025-09-29 17:00:00,17,0,sports,False,0,6,driving,13.7,False,2025-09-29 16:46:16.854648,2025-09-29 16:58:17.263169,2025-09-29 17:12:33.239578,12.0,12.6
u07,unpredictable,3,h0762,2025-09-29 17:00:00,17,0,sports,False,0,6,driving,37.6,True,2025-09-29 16:22:22.255526,2025-09-29 16:29:38.588620,2025-09-29 17:05:14.096446,7.3,5.2
u11,always_early,3,h0762,2025-09-29 17:00:00,17,0,sports,False,0,6,driving,30.1,False,2025-09-29 16:29:51.219962,2025-09-29 16:27:55.900013,2025-09-29 16:58:31.894183,-1.9,-1.5
u15,morning_struggler,3,h0762,2025-09-29 17:00:00,17,0,sports,False,0,6,walking,15.9,True,2025-09-29 16:44:06.672255,2025-09-29 16:47:18.244573,2025-09-29 17:02:48.766281,3.2,2.8
u19,punctual,3,h0762,2025-09-29 17:00:00,17,0,sports,False,0,6,driving,22.4,False,2025-09-29 16:37:38.079175,2025-09-29 16:37:40.083279,2025-09-29 17:00:14.504023,0.0,0.2
u23,chronically_late,3,h0762,2025-09-29 17:00:00,17,0,sports,False,0,6,walking,14.8,False,2025-09-29 16:45:10.882788,2025-09-29 17:00:49.438102,2025-09-29 17:16:53.778992,15.6,16.9
u02,improving,2,h0518,2025-10-01 08:30:00,8,2,sports,False,4,6,walking,17.8,False,2025-10-01 08:12:09.233424,2025-10-01 08:25:40.371609,2025-10-01 08:43:52.666538,13.5,13.9
u06,overbooked,2,h0518,2025-10-01 08:30:00,8,2,sports,False,4,6,driving,20.9,False,2025-10-01 08:09:08.751311,2025-10-01 08:14:11.193506,2025-10-01 08:37:10.103812,5.0,7.2
u10,punctual,2,h0518,2025-10-01 08:30:00,8,2,sports,False,4,6,cycling,9.1,False,2025-10-01 08:20:54.186522,2025-10-01 08:23:07.159912,2025-10-01 08:33:08.929010,2.2,3.1
u14,punctual,2,h0518,2025-10-01 08:30:00,8,2,sports,False,4,6,walking,19.1,False,2025-10-01 08:10:51.949003,2025-10-01 08:14:04.585176,2025-10-01 08:32:23.207844,3.2,2.4
u18,always_early,2,h0518,2025-10-01 08:30:00,8,2,sports,False,4,6,cycling,14.5,True,2025-10-01 08:15:27.536630,2025-10-01 08:17:12.946547,2025-10-01 08:32:48.880991,1.8,2.8
u22,rain_hater,2,h0518,2025-10-01 08:30:00,8,2,sports,False,4,6,walking,12.1,True,2025-10-01 08:17:56.885735,2025-10-01 08:23:50.632444,2025-10-01 08:37:13.836805,5.9,7.2
u03,improving,3,h0763,2025-10-01 12:00:00,12,2,coffee,True,2,6,driving,18.6,False,2025-10-01 11:41:23.596802,2025-10-01 11:57:04.925012,2025-10-01 12:19:28.815494,15.7,19.5
u07,unpredictable,3,h0763,2025-10-01 12:00:00,12,2,coffee,True,2,6,driving,35.7,False,2025-10-01 11:24:19.417922,2025-10-01 11:23:27.226633,2025-10-01 12:07:40.220418,-0.9,7.7
u11,always_early,3,h0763,2025-10-01 12:00:00,12,2,coffee,True,2,6,driving,22.8,False,2025-10-01 11:37:13.528439,2025-10-01 11:35:04.364190,2025-10-01 11:57:47.249241,-2.2,-2.2
u15,morning_struggler,3,h0763,2025-10-01 12:00:00,12,2,coffee,True,2,6,walking,19.4,True,2025-10-01 11:40:37.996033,2025-10-01 11:47:30.345454,2025-10-01 12:07:13.069898,6.9,7.2
u19,punctual,3,h0763,2025-10-01 12:00:00,12,2,coffee,True,2,6,driving,20.3,True,2025-10-01 11:39:44.681479,2025-10-01 11:45:01.511707,2025-10-01 12:06:52.444979,5.3,6.9
u23,chronically_late,3,h0763,2025-10-01 12:00:00,12,2,coffee,True,2,6,walking,11.8,False,2025-10-01 11:48:12.168778,2025-10-01 11:59:28.902198,2025-10-01 12:12:01.807322,11.3,12.0
u05,chronically_late,1,h0276,2025-10-01 12:30:00,12,2,party,False,3,4,cycling,11.4,False,2025-10-01 12:18:34.196576,2025-10-01 12:30:40.393475,2025-10-01 12:42:23.651422,12.1,12.4
u09,morning_struggler,1,h0276,2025-10-01 12:30:00,12,2,party,False,3,4,cycling,13.2,False,2025-10-01 12:16:47.265648,2025-10-01 12:21:09.674034,2025-10-01 12:34:47.437147,4.4,4.8
u13,rain_hater,1,h0276,2025-10-01 12:30:00,12,2,party,False,3,4,driving,38.4,False,2025-10-01 11:51:35.897941,2025-10-01 11:57:40.682428,2025-10-01 12:33:51.109840,6.1,3.9
u21,always_early,1,h0276,2025-10-01 12:30:00,12,2,party,False,3,4,driving,14.2,False,2025-10-01 12:15:50.860542,2025-10-01 12:15:05.287992,2025-10-01 12:28:15.732013,-0.8,-1.7
u03,improving,3,h0764,2025-10-01 15:00:00,15,2,food,True,6,6,driving,12.1,True,2025-10-01 14:47:52.029798,2025-10-01 15:07:41.217524,2025-10-01 15:22:11.227434,19.8,22.2
u07,unpredictable,3,h0764,2025-10-01 15:00:00,15,2,food,True,6,6,driving,31.7,False,2025-10-01 14:28:20.297004,2025-10-01 14:33:11.735501,2025-10-01 15:08:09.442474,4.9,8.2
u11,always_early,3,h0764,2025-10-01 15:00:00,15,2,food,True,6,6,driving,14.6,True,2025-10-01 14:45:21.417814,2025-10-01 14:49:20.177620,2025-10-01 15:03:55.242631,4.0,3.9
u15,morning_struggler,3,h0764,2025-10-01 15:00:00,15,2,food,True,6,6,walking,17.0,False,2025-10-01 14:43:00.234560,2025-10-01 14:47:09.763738,2025-10-01 15:05:38.656696,4.2,5.6
u19,punctual,3,h0764,2025-10-01 15:00:00,15,2,food,True,6,6,driving,39.1,False,2025-10-01 14:20:56.093150,2025-10-01 14:24:51.299401,2025-10-01 15:13:01.948215,3.9,13.0
u23,chronically_late,3,h0764,2025-10-01 15:00:00,15,2,food,True,6,6,walking,9.9,True,2025-10-01 14:50:04.542880,2025-10-01 15:09:00.245985,2025-10-01 15:20:27.810270,18.9,20.5
u01,overbooked,1,h0275,2025-10-01 15:30:00,15,2,coffee,False,0,4,driving,18.5,False,2025-10-01 15:11:32.087631,2025-10-01 15:12:29.823401,2025-10-01 15:32:01.939720,1.0,2.0
u05,chronically_late,1,h0275,2025-10-01 15:30:00,15,2,coffee,False,0,4,cycling,19.7,False,2025-10-01 15:10:20.051591,2025-10-01 15:17:27.321167,2025-10-01 15:36:59.836822,7.1,7.0
u09,morning_struggler,1,h0275,2025-10-01 15:30:00,15,2,coffee,False,0,4,cycling,7.2,False,2025-10-01 15:22:50.634565,2025-10-01 15:23:47.170082,2025-10-01 15:31:02.227412,0.9,1.0
u21,always_early,1,h0275,2025-10-01 15:30:00,15,2,coffee,False,0,4,driving,25.8,False,2025-10-01 15:04:13.396018,2025-10-01 14:59:48.704851,2025-10-01 15:26:35.515084,-4.4,-3.4
u00,overbooked,0,h0018,2025-10-01 18:30:00,18,2,sports,False,2,6,cycling,10.5,True,2025-10-01 18:19:31.989287,2025-10-01 18:38:08.363505,2025-10-01 18:48:56.712668,18.6,18.9
u04,morning_struggler,0,h0018,2025-10-01 18:30:00,18,2,sports,False,2,6,walking,20.0,False,2025-10-01 18:09:57.644254,2025-10-01 18:11:00.221459,2025-10-01 18:33:31.968944,1.0,3.5
u08,chronically_late,0,h0018,2025-10-01 18:30:00,18,2,sports,False,2,6,driving,31.8,False,2025-10-01 17:58:14.749537,2025-10-01 18:09:54.661536,2025-10-01 18:40:51.986991,11.7,10.9
u12,improving,0,h0018,2025-10-01 18:30:00,18,2,sports,False,2,6,walking,10.7,False,2025-10-01 18:19:20.103680,2025-10-01 18:33:59.395099,2025-10-01 18:45:40.693328,14.7,15.7
u16,rain_hater,0,h0018,2025-10-01 18:30:00,18,2,sports,False,2,6,driving,22.0,False,2025-10-01 18:07:58.298384,2025-10-01 18:12:55.752990,2025-10-01 18:36:28.188589,5.0,6.5
u20,unpredictable,0,h0018,2025-10-01 18:30:00,18,2,sports,False,2,6,driving,15.7,False,2025-10-01 18:14:16.565642,2025-10-01 18:20:12.484130,2025-10-01 18:37:47.789606,5.9,7.8
u00,overbooked,0,h0019,2025-10-01 20:30:00,20,2,sports,False,3,3,cycling,6.8,True,2025-10-01 20:23:13.169834,2025-10-01 20:39:48.134820,2025-10-01 20:46:40.570887,16.6,16.7
u04,morning_struggler,0,h0019,2025-10-01 20:30:00,20,2,sports,False,3,3,walking,7.0,False,2025-10-01 20:22:57.727011,2025-10-01 20:24:11.230919,2025-10-01 20:31:25.404834,1.2,1.4
u12,improving,0,h0019,2025-10-01 20:30:00,20,2,sports,False,3,3,walking,13.7,True,2025-10-01 20:16:20.433009,2025-10-01 20:30:15.784448,2025-10-01 20:42:54.499140,13.9,12.9
u00,overbooked,0,h0020,2025-10-02 17:30:00,17,3,coffee,True,2,6,cycling,8.1,False,2025-10-02 17:21:52.239777,2025-10-02 17:26:26.939355,2025-10-02 17:35:37.984527,4.6,5.6
u04,morning_struggler,0,h0020,2025-10-02 17:30:00,17,3,coffee,True,2,6,walking,14.8,False,2025-10-02 17:15:12.597592,2025-10-02 17:20:20.218201,2025-10-02 17:38:09.236219,5.1,8.2
u08,chronically_late,0,h0020,2025-10-02 17:30:00,17,3,coffee,True,2,6,driving,17.7,False,2025-10-02 17:12:20.022588,2025-10-02 17:27:46.933825,2025-10-02 17:45:16.795549,15.4,15.3
u12,improving,0,h0020,2025-10-02 17:30:00,17,3,coffee,True,2,6,walking,21.8,True,2025-10-02 17:08:10.555553,2025-10-02 17:30:35.670095,2025-10-02 17:53:39.337500,22.4,23.7
u16,rain_hater,0,h0020,2025-10-02 17:30:00,17,3,coffee,True,2,6,driving,23.4,False,2025-10-02 17:06:38.662271,2025-10-02 17:22:27.197670,2025-10-02 17:47:41.976952,15.8,17.7
u20,unpredictable,0,h0020,2025-10-02 17:30:00,17,3,coffee,True,2,6,driving,20.3,True,2025-10-02 17:09:41.751594,2025-10-02 17:13:51.822868,2025-10-02 17:35:07.244462,4.2,5.1
u02,improving,2,h0520,2025-10-03 10:00:00,10,4,coffee,False,6,6,walking,17.9,False,2025-10-03 09:42:08.050919,2025-10-03 09:56:18.951181,2025-10-03 10:14:08.438858,14.2,14.1
u06,overbooked,2,h0520,2025-10-03 10:00:00,10,4,coffee,False,6,6,driving,30.5,True,2025-10-03 09:29:27.830307,2025-10-03 09:47:26.914983,2025-10-03 10:20:08.451371,18.0,20.1
u10,punctual,2,h0520,2025-10-03 10:00:00,10,4,coffee,False,6,6,cycling,6.0,True,2025-10-03 09:53:59.857607,2025-10-03 10:02:41.006729,2025-10-03 10:09:19.079143,8.7,9.3
u14,punctual,2,h0520,2025-10-03 10:00:00,10,4,coffee,False,6,6,walking,9.6,True,2025-10-03 09:50:22.298140,2025-10-03 09:53:50.422334,2025-10-03 10:02:41.959912,3.5,2.7
u18,always_early,2,h0520,2025-10-03 10:00:00,10,4,coffee,False,6,6,cycling,10.6,False,2025-10-03 09:49:23.306513,2025-10-03 09:46:37.410605,2025-10-03 09:56:17.850250,-2.8,-3.7
u22,rain_hater,2,h0520,2025-10-03 10:00:00,10,4,coffee,False,6,6,walking,8.6,False,2025-10-03 09:51:23.727077,2025-10-03 09:54:21.185232,2025-10-03 10:02:33.636185,3.0,2.6
u03,improving,3,h0765,2025-10-03 19:30:00,19,4,party,False,4,4,driving,14.1,False,2025-10-03 19:15:52.406315,2025-10-03 19:31:58.951011,2025-10-03 19:45:38.843133,16.1,15.6
u11,always_early,3,h0765,2025-10-03 19:30:00,19,4,party,False,4,4,driving,33.9,False,2025-10-03 18:56:07.937434,2025-10-03 18:58:15.082203,2025-10-03 19:35:02.283831,2.1,5.0
u19,punctual,3,h0765,2025-10-03 19:30:00,19,4,party,False,4,4,driving,16.3,False,2025-10-03 19:13:41.263058,2025-10-03 19:20:01.877058,2025-10-03 19:37:32.532906,6.3,7.5
u23,chronically_late,3,h0765,2025-10-03 19:30:00,19,4,party,False,4,4,walking,6.6,False,2025-10-03 19:23:21.371084,2025-10-03 19:46:43.090715,2025-10-03 19:54:19.022452,23.4,24.3
u02,improving,2,h0519,2025-10-03 20:00:00,20,4,study,True,2,3,walking,24.3,False,2025-10-03 19:35:40.710061,2025-10-03 19:54:57.519534,2025-10-03 20:23:21.463408,19.3,23.4
u06,overbooked,2,h0519,2025-10-03 20:00:00,20,4,study,True,2,3,driving,27.1,False,2025-10-03 19:32:54.029398,2025-10-03 19:37:05.459427,2025-10-03 20:08:09.414838,4.2,8.2
u18,always_early,2,h0519,2025-10-03 20:00:00,20,4,study,True,2,3,cycling,19.9,True,2025-10-03 19:40:04.316557,2025-10-03 19:41:18.810776,2025-10-03 20:01:13.147564,1.2,1.2
u00,overbooked,0,h0021,2025-10-03 21:00:00,21,4,food,False,6,5,cycling,10.6,True,2025-10-03 20:49:24.531644,2025-10-03 21:06:50.102909,2025-10-03 21:18:36.971748,17.4,18.6
u04,morning_struggler,0,h0021,2025-10-03 21:00:00,21,4,food,False,6,5,walking,20.5,False,2025-10-03 20:39:32.475134,2025-10-03 20:42:21.716132,2025-10-03 21:05:28.449034,2.8,5.5
u08,chronically_late,0,h0021,2025-10-03 21:00:00,21,4,food,False,6,5,driving,8.2,False,2025-10-03 20:51:50.896526,2025-10-03 21:15:17.452262,2025-10-03 21:22:57.544990,23.4,23.0
u12,improving,0,h0021,2025-10-03 21:00:00,21,4,food,False,6,5,walking,5.9,True,2025-10-03 20:54:03.151176,2025-10-03 21:12:29.905476,2025-10-03 21:17:51.895503,18.4,17.9
u16,rain_hater,0,h0021,2025-10-03 21:00:00,21,4,food,False,6,5,driving,14.0,True,2025-10-03 20:45:58.421808,2025-10-03 20:49:54.525652,2025-10-03 21:04:42.422053,3.9,4.7
u07,unpredictable,3,h0766,2025-10-04 19:00:00,19,5,study,True,5,3,driving,18.2,True,2025-10-04 18:41:47.956899,2025-10-04 18:53:00.955307,2025-10-04 19:12:14.286829,11.2,12.2
u15,morning_struggler,3,h0766,2025-10-04 19:00:00,19,5,study,True,5,3,walking,13.1,False,2025-10-04 18:46:52.432742,2025-10-04 18:51:52.548237,2025-10-04 19:06:29.606293,5.0,6.5
u19,punctual,3,h0766,2025-10-04 19:00:00,19,5,study,True,5,3,driving,11.7,True,2025-10-04 18:48:15.954037,2025-10-04 18:57:28.003124,2025-10-04 19:11:02.232431,9.2,11.0
u07,unpredictable,3,h0767,2025-10-05 09:00:00,9,6,party,True,1,4,driving,36.9,True,2025-10-05 08:23:08.290238,2025-10-05 08:39:23.546242,2025-10-05 09:19:03.091542,16.3,19.1
u11,always_early,3,h0767,2025-10-05 09:00:00,9,6,party,True,1,4,driving,25.3,False,2025-10-05 08:34:42.112964,2025-10-05 08:37:25.563992,2025-10-05 09:08:55.708241,2.7,8.9
u15,morning_struggler,3,h0767,2025-10-05 09:00:00,9,6,party,True,1,4,walking,15.4,True,2025-10-05 08:44:33.593564,2025-10-05 09:14:23.481496,2025-10-05 09:32:31.543070,29.8,32.5
u23,chronically_late,3,h0767,2025-10-05 09:00:00,9,6,party,True,1,4,walking,9.5,False,2025-10-05 08:50:30.482538,2025-10-05 09:12:02.512454,2025-10-05 09:21:29.637378,21.5,21.5
u00,overbooked,0,h0022,2025-10-05 17:00:00,17,6,sports,False,4,3,cycling,10.1,True,2025-10-05 16:49:53.354507,2025-10-05 17:09:45.964391,2025-10-05 17:19:03.791360,19.9,19.1
u08,chronically_late,0,h0022,2025-10-05 17:00:00,17,6,sports,False,4,3,driving,9.0,False,2025-10-05 16:51:02.717241,2025-10-05 17:02:33.240181,2025-10-05 17:10:59.023093,11.5,11.0
u20,unpredictable,0,h0022,2025-10-05 17:00:00,17,6,sports,False,4,3,driving,34.0,False,2025-10-05 16:25:58.734056,2025-10-05 16:34:51.423888,2025-10-05 17:10:35.127660,8.9,10.6
u01,overbooked,1,h0278,2025-10-05 19:00:00,19,6,party,False,7,3,driving,14.5,False,2025-10-05 18:45:32.508492,2025-10-05 18:53:53.420178,2025-10-05 19:08:14.608475,8.3,8.2
u13,rain_hater,1,h0278,2025-10-05 19:00:00,19,6,party,False,7,3,driving,27.2,True,2025-10-05 18:32:45.661185,2025-10-05 18:51:47.400534,2025-10-05 19:19:08.906022,19.0,19.1
u21,always_early,1,h0278,2025-10-05 19:00:00,19,6,party,False,7,3,driving,30.7,False,2025-10-05 18:29:18.280347,2025-10-05 18:30:10.901237,2025-10-05 19:00:23.580124,0.9,0.4
u01,overbooked,1,h0277,2025-10-05 22:00:00,22,6,coffee,False,2,4,driving,16.2,False,2025-10-05 21:43:45.657805,2025-10-05 21:45:55.218176,2025-10-05 22:01:11.666571,2.2,1.2
u05,chronically_late,1,h0277,2025-10-05 22:00:00,22,6,coffee,False,2,4,cycling,17.8,False,2025-10-05 21:42:13.233424,2025-10-05 22:12:49.425491,2025-10-05 22:31:34.438172,30.6,31.6
u13,rain_hater,1,h0277,2025-10-05 22:00:00,22,6,coffee,False,2,4,driving,9.8,False,2025-10-05 21:50:12.642397,2025-10-05 21:50:32.852858,2025-10-05 22:01:33.012628,0.3,1.6
u21,always_early,1,h0277,2025-10-05 22:00:00,22,6,coffee,False,2,4,driving,26.4,False,2025-10-05 21:33:37.207353,2025-10-05 21:30:02.288274,2025-10-05 21:59:27.593550,-3.6,-0.5
u01,overbooked,1,h0279,2025-10-06 13:00:00,13,0,study,False,1,3,driving,19.3,True,2025-10-06 12:40:39.335700,2025-10-06 12:56:13.451779,2025-10-06 13:16:46.242554,15.6,16.8
u05,chronically_late,1,h0279,2025-10-06 13:00:00,13,0,study,False,1,3,cycling,16.7,False,2025-10-06 12:43:17.634166,2025-10-06 13:03:35.185388,2025-10-06 13:20:27.049536,20.3,20.5
u13,rain_hater,1,h0279,2025-10-06 13:00:00,13,0,study,False,1,3,driving,37.0,True,2025-10-06 12:23:00.946499,2025-10-06 12:27:40.637035,2025-10-06 13:05:50.949833,4.7,5.8
u01,overbooked,1,h0280,2025-10-06 15:00:00,15,0,food,False,1,6,driving,28.9,True,2025-10-06 14:31:07.817078,2025-10-06 14:47:18.402262,2025-10-06 15:20:03.265550,16.2,20.1
u05,chronically_late,1,h0280,2025-10-06 15:00:00,15,0,food,False,1,6,cycling,17.9,False,2025-10-06 14:42:03.860064,2025-10-06 14:58:07.602728,2025-10-06 15:14:33.280117,16.1,14.6
u09,morning_struggler,1,h0280,2025-10-06 15:00:00,15,0,food,False,1,6,cycling,10.0,True,2025-10-06 14:50:00.594484,2025-10-06 14:52:03.407557,2025-10-06 15:03:21.677355,2.0,3.4
u13,rain_hater,1,h0280,2025-10-06 15:00:00,15,0,food,False,1,6,driving,8.4,False,2025-10-06 14:51:33.412520,2025-10-06 14:50:55.277908,2025-10-06 14:59:16.806242,-0.6,-0.7
u17,unpredictable,1,h0280,2025-10-06 15:00:00,15,0,food,False,1,6,driving,38.6,False,2025-10-06 14:21:22.482329,2025-10-06 14:26:17.417945,2025-10-06 15:06:55.802123,4.9,6.9
u21,always_early,1,h0280,2025-10-06 15:00:00,15,0,food,False,1,6,driving,18.5,False,2025-10-06 14:41:29.777610,2025-10-06 14:39:59.118887,2025-10-06 14:56:55.774854,-1.5,-3.1
u04,morning_struggler,0,h0023,2025-10-06 19:30:00,19,0,coffee,False,6,4,walking,5.3,False,2025-10-06 19:24:40.104238,2025-10-06 19:29:35.914896,2025-10-06 19:34:33.970573,4.9,4.6
u08,chronically_late,0,h0023,2025-10-06 19:30:00,19,0,coffee,False,6,4,driving,36.7,False,2025-10-06 18:53:17.179776,2025-10-06 19:04:23.913375,2025-10-06 19:43:08.875591,11.1,13.1
u12,improving,0,h0023,2025-10-06 19:30:00,19,0,coffee,False,6,4,walking,16.9,True,2025-10-06 19:13:07.403342,2025-10-06 19:31:17.055640,2025-10-06 19:49:23.849160,18.2,19.4
u20,unpredictable,0,h0023,2025-10-06 19:30:00,19,0,coffee,False,6,4,driving,13.5,False,2025-10-06 19:16:27.947642,2025-10-06 19:15:50.553928,2025-10-06 19:28:02.214646,-0.6,-2.0
u06,overbooked,2,h0521,2025-10-07 08:30:00,8,1,study,False,1,5,driving,31.9,True,2025-10-07 07:58:04.900806,2025-10-07 08:15:44.463718,2025-10-07 08:45:17.683098,17.7,15.3
u10,punctual,2,h0521,2025-10-07 08:30:00,8,1,study,False,1,5,cycling,9.8,False,2025-10-07 08:20:09.010808,2025-10-07 08:23:04.677881,2025-10-07 08:34:15.249294,2.9,4.3
u14,punctual,2,h0521,2025-10-07 08:30:00,8,1,study,False,1,5,walking,5.2,False,2025-10-07 08:24:46.390947,2025-10-07 08:26:49.936982,2025-10-07 08:31:46.322974,2.1,1.8
u18,always_early,2,h0521,2025-10-07 08:30:00,8,1,study,False,1,5,cycling,16.6,False,2025-10-07 08:13:22.845298,2025-10-07 08:10:04.698518,2025-10-07 08:26:19.140250,-3.3,-3.7
u22,rain_hater,2,h0521,2025-10-07 08:30:00,8,1,study,False,1,5,walking,9.8,False,2025-10-07 08:20:12.335788,2025-10-07 08:21:44.277253,2025-10-07 08:32:18.036836,1.5,2.3
u00,overbooked,0,h0024,2025-10-08 13:30:00,13,2,coffee,False,0,3,cycling,10.4,False,2025-10-08 13:19:36.340185,2025-10-08 13:21:40.592257,2025-10-08 13:32:37.114288,2.1,2.6
u12,improving,0,h0024,2025-10-08 13:30:00,13,2,coffee,False,0,3,walking,16.1,False,2025-10-08 13:13:55.750992,2025-10-08 13:27:42.631137,2025-10-08 13:45:05.410907,13.8,15.1
u20,unpredictable,0,h0024,2025-10-08 13:30:00,13,2,coffee,False,0,3,driving,29.2,False,2025-10-08 13:00:45.847590,2025-10-08 13:03:03.267522,2025-10-08 13:33:43.247879,2.3,3.7
u03,improving,3,h0768,2025-10-08 18:30:00,18,2,party,False,4,5,driving,34.8,False,2025-10-08 17:55:13.975040,2025-10-08 18:10:18.241140,2025-10-08 18:49:26.803479,15.1,19.4
u07,unpredictable,3,h0768,2025-10-08 18:30:00,18,2,party,False,4,5,driving,15.4,True,2025-10-08 18:14:33.498409,2025-10-08 18:32:49.779682,2025-10-08 18:48:04.955932,18.3,18.1
u15,morning_struggler,3,h0768,2025-10-08 18:30:00,18,2,party,False,4,5,walking,11.1,False,2025-10-08 18:18:51.201940,2025-10-08 18:22:14.934445,2025-10-08 18:32:33.310986,3.4,2.6
u19,punctual,3,h0768,2025-10-08 18:30:00,18,2,party,False,4,5,driving,22.1,False,2025-10-08 18:07:53.469298,2025-10-08 18:11:26.169984,2025-10-08 18:31:53.830949,3.5,1.9
u23,chronically_late,3,h0768,2025-10-08 18:30:00,18,2,party,False,4,5,walking,6.1,True,2025-10-08 18:23:56.286247,2025-10-08 18:56:06.691253,2025-10-08 19:02:08.009017,32.2,32.1
u02,improving,2,h0522,2025-10-08 21:30:00,21,2,study,False,2,3,walking,9.0,True,2025-10-08 21:21:00.460174,2025-10-08 21:35:33.825448,2025-10-08 21:44:51.460146,14.6,14.9
u10,punctual,2,h0522,2025-10-08 21:30:00,21,2,study,False,2,3,cycling,18.6,False,2025-10-08 21:11:22.833874,2025-10-08 21:10:09.864292,2025-10-08 21:27:18.492524,-1.2,-2.7
u14,punctual,2,h0522,2025-10-08 21:30:00,21,2,study,False,2,3,walking,15.9,False,2025-10-08 21:14:05.176317,2025-10-08 21:13:36.141129,2025-10-08 21:31:17.881873,-0.5,1.3
u03,improving,3,h0769,2025-10-09 17:30:00,17,3,food,False,5,6,driving,37.4,True,2025-10-09 16:52:38.710651,2025-10-09 17:08:42.166595,2025-10-09 17:45:54.771377,16.1,15.9
u07,unpredictable,3,h0769,2025-10-09 17:30:00,17,3,food,False,5,6,driving,16.5,False,2025-10-09 17:13:28.496527,2025-10-09 17:15:32.197777,2025-10-09 17:30:49.942293,2.1,0.8
u11,always_early,3,h0769,2025-10-09 17:30:00,17,3,food,False,5,6,driving,29.4,True,2025-10-09 17:00:38.516711,2025-10-09 17:00:59.948420,2025-10-09 17:34:18.090661,0.4,4.3
u15,morning_struggler,3,h0769,2025-10-09 17:30:00,17,3,food,False,5,6,walking,15.9,False,2025-10-09 17:14:07.744120,2025-10-09 17:19:03.929903,2025-10-09 17:35:46.433179,4.9,5.8
u19,punctual,3,h0769,2025-10-09 17:30:00,17,3,food,False,5,6,driving,24.6,False,2025-10-09 17:05:22.750437,2025-10-09 17:07:04.700565,2025-10-09 17:32:48.451823,1.7,2.8
u23,chronically_late,3,h0769,2025-10-09 17:30:00,17,3,food,False,5,6,walking,24.7,True,2025-10-09 17:05:18.463102,2025-10-09 17:20:58.128881,2025-10-09 17:46:16.706277,15.7,16.3
u04,morning_struggler,0,h0025,2025-10-09 18:00:00,18,3,coffee,False,1,4,walking,6.9,False,2025-10-09 17:53:07.113644,2025-10-09 17:53:46.537479,2025-10-09 18:01:08.592356,0.7,1.1
u08,chronically_late,0,h0025,2025-10-09 18:00:00,18,3,coffee,False,1,4,driving,35.5,False,2025-10-09 17:24:30.752908,2025-10-09 17:31:48.016324,2025-10-09 18:07:54.419251,7.3,7.9
u12,improving,0,h0025,2025-10-09 18:00:00,18,3,coffee,False,1,4,walking,5.2,False,2025-10-09 17:54:45.036146,2025-10-09 18:08:26.559206,2025-10-09 18:13:42.149950,13.7,13.7
u20,unpredictable,0,h0025,2025-10-09 18:00:00,18,3,coffee,False,1,4,driving,12.8,False,2025-10-09 17:47:13.201620,2025-10-09 17:48:00.723703,2025-10-09 18:00:09.094364,0.8,0.2
u00,overbooked,0,h0026,2025-10-09 19:30:00,19,3,coffee,False,7,4,cycling,8.0,False,2025-10-09 19:22:00.738790,2025-10-09 19:25:01.312881,2025-10-09 19:33:48.272256,3.0,3.8
u08,chronically_late,0,h0026,2025-10-09 19:30:00,19,3,coffee,False,7,4,driving,11.2,True,2025-10-09 19:18:48.264044,2025-10-09 19:45:58.397227,2025-10-09 19:56:06.845596,27.2,26.1
u12,improving,0,h0026,2025-10-09 19:30:00,19,3,coffee,False,7,4,walking,24.6,False,2025-10-09 19:05:24.930440,2025-10-09 19:27:42.041125,2025-10-09 19:55:16.911003,22.3,25.3
u16,rain_hater,0,h0026,2025-10-09 19:30:00,19,3,coffee,False,7,4,driving,31.7,False,2025-10-09 18:58:15.904492,2025-10-09 19:02:10.171761,2025-10-09 19:35:15.159824,3.9,5.3
u08,chronically_late,0,h0029,2025-10-10 11:30:00,11,4,study,False,3,3,driving,13.1,False,2025-10-10 11:16:52.200912,2025-10-10 11:24:46.166048,2025-10-10 11:38:59.968800,7.9,9.0
u12,improving,0,h0029,2025-10-10 11:30:00,11,4,study,False,3,3,walking,17.3,False,2025-10-10 11:12:39.892585,2025-10-10 11:24:23.151764,2025-10-10 11:41:05.101662,11.7,11.1
u20,unpredictable,0,h0029,2025-10-10 11:30:00,11,4,study,False,3,3,driving,17.5,False,2025-10-10 11:12:31.616903,2025-10-10 11:18:03.663364,2025-10-10 11:37:06.404864,5.5,7.1
u02,improving,2,h0524,2025-10-10 12:00:00,12,4,study,False,1,4,walking,24.1,False,2025-10-10 11:35:51.743557,2025-10-10 11:47:01.273671,2025-10-10 12:11:06.873952,11.2,11.1
u10,punctual,2,h0524,2025-10-10 12:00:00,12,4,study,False,1,4,cycling,20.9,False,2025-10-10 11:39:07.399518,2025-10-10 11:38:35.407218,2025-10-10 12:01:16.760518,-0.5,1.3
u14,punctual,2,h0524,2025-10-10 12:00:00,12,4,study,False,1,4,walking,17.7,False,2025-10-10 11:42:16.248152,2025-10-10 11:40:52.332797,2025-10-10 11:58:54.770474,-1.4,-1.1
u22,rain_hater,2,h0524,2025-10-10 12:00:00,12,4,study,False,1,4,walking,15.1,False,2025-10-10 11:44:54.876416,2025-10-10 11:45:27.847527,2025-10-10 12:02:19.607935,0.5,2.3
u08,chronically_late,0,h0028,2025-10-10 13:00:00,13,4,food,False,0,3,driving,39.5,False,2025-10-10 12:20:29.628272,2025-10-10 12:27:27.830867,2025-10-10 13:03:43.726715,7.0,3.7
u12,improving,0,h0028,2025-10-10 13:00:00,13,4,food,False,0,3,walking,18.1,False,2025-10-10 12:41:56.976959,2025-10-10 12:51:52.907503,2025-10-10 13:09:15.976820,9.9,9.3
u16,rain_hater,0,h0028,2025-10-10 13:00:00,13,4,food,False,0,3,driving,17.4,False,2025-10-10 12:42:34.034017,2025-10-10 12:43:31.037140,2025-10-10 13:03:08.178202,1.0,3.1
u02,improving,2,h0523,2025-10-10 15:30:00,15,4,coffee,False,3,6,walking,17.6,True,2025-10-10 15:12:25.126107,2025-10-10 15:26:09.250586,2025-10-10 15:43:44.619303,13.7,13.7
u06,overbooked,2,h0523,2025-10-10 15:30:00,15,4,coffee,False,3,6,driving,21.5,False,2025-10-10 15:08:29.088251,2025-10-10 15:10:48.074484,2025-10-10 15:32:41.233531,2.3,2.7
u10,punctual,2,h0523,2025-10-10 15:30:00,15,4,coffee,False,3,6,cycling,7.6,False,2025-10-10 15:22:25.956643,2025-10-10 15:25:00.478254,2025-10-10 15:32:18.178899,2.6,2.3
u14,punctual,2,h0523,2025-10-10 15:30:00,15,4,coffee,False,3,6,walking,10.4,False,2025-10-10 15:19:37.213858,2025-10-10 15:19:11.092577,2025-10-10 15:30:57.975592,-0.4,1.0
u18,always_early,2,h0523,2025-10-10 15:30:00,15,4,coffee,False,3,6,cycling,12.7,True,2025-10-10 15:17:20.570637,2025-10-10 15:16:47.812813,2025-10-10 15:29:18.098588,-0.5,-0.7
u22,rain_hater,2,h0523,2025-10-10 15:30:00,15,4,coffee,False,3,6,walking,24.8,False,2025-10-10 15:05:11.970103,2025-10-10 15:06:43.595523,2025-10-10 15:34:42.758421,1.5,4.7
u00,overbooked,0,h0027,2025-10-10 16:30:00,16,4,study,False,4,5,cycling,9.8,True,2025-10-10 16:20:09.619564,2025-10-10 16:36:42.623894,2025-10-10 16:46:43.102291,16.6,16.7
u04,morning_struggler,0,h0027,2025-10-10 16:30:00,16,4,study,False,4,5,walking,7.0,False,2025-10-10 16:23:01.290594,2025-10-10 16:24:22.592940,2025-10-10 16:31:08.543575,1.4,1.1
u08,chronically_late,0,h0027,2025-10-10 16:30:00,16,4,study,False,4,5,driving,27.3,False,2025-10-10 16:02:44.592469,2025-10-10 16:11:24.932224,2025-10-10 16:37:17.237413,8.7,7.3
u12,improving,0,h0027,2025-10-10 16:30:00,16,4,study,False,4,5,walking,18.7,False,2025-10-10 16:11:18.525512,2025-10-10 16:26:10.969766,2025-10-10 16:44:08.593689,14.9,14.1
u16,rain_hater,0,h0027,2025-10-10 16:30:00,16,4,study,False,4,5,driving,20.1,False,2025-10-10 16:09:55.764513,2025-10-10 16:11:09.281272,2025-10-10 16:30:02.127121,1.2,0.0
u01,overbooked,1,h0281,2025-10-10 17:30:00,17,4,coffee,False,0,4,driving,31.9,False,2025-10-10 16:58:05.584775,2025-10-10 16:58:58.433960,2025-10-10 17:33:35.514129,0.9,3.6
u05,chronically_late,1,h0281,2025-10-10 17:30:00,17,4,coffee,False,0,4,cycling,20.2,False,2025-10-10 17:09:45.306299,2025-10-10 17:21:58.620974,2025-10-10 17:43:30.290227,12.2,13.5
u17,unpredictable,1,h0281,2025-10-10 17:30:00,17,4,coffee,False,0,4,driving,17.0,False,2025-10-10 17:13:01.842371,2025-10-10 17:15:56.298666,2025-10-10 17:34:33.981479,2.9,4.6
u21,always_early,1,h0281,2025-10-10 17:30:00,17,4,coffee,False,0,4,driving,31.9,False,2025-10-10 16:58:08.917123,2025-10-10 16:53:41.938405,2025-10-10 17:25:18.844619,-4.4,-4.7
u10,punctual,2,h0525,2025-10-10 19:30:00,19,4,sports,False,6,3,cycling,19.4,True,2025-10-10 19:10:38.895094,2025-10-10 19:14:40.075441,2025-10-10 19:34:46.781303,4.0,4.8
u14,punctual,2,h0525,2025-10-10 19:30:00,19,4,sports,False,6,3,walking,22.0,False,2025-10-10 19:08:02.375027,2025-10-10 19:12:32.722537,2025-10-10 19:33:00.253048,4.5,3.0
u18,always_early,2,h0525,2025-10-10 19:30:00,19,4,sports,False,6,3,cycling,20.3,False,2025-10-10 19:09:39.380426,2025-10-10 19:07:17.883394,2025-10-10 19:27:12.198787,-2.4,-2.8
u03,improving,3,h0770,2025-10-12 12:30:00,12,6,sports,False,7,5,driving,39.9,True,2025-10-12 11:50:05.648968,2025-10-12 12:06:28.342956,2025-10-12 12:47:59.669521,16.4,18.0
u07,unpredictable,3,h0770,2025-10-12 12:30:00,12,6,sports,False,7,5,driving,31.9,False,2025-10-12 11:58:03.619937,2025-10-12 12:00:22.152564,2025-10-12 12:33:16.111661,2.3,3.3
u11,always_early,3,h0770,2025-10-12 12:30:00,12,6,sports,False,7,5,driving,21.7,False,2025-10-12 12:08:16.913054,2025-10-12 12:06:18.498774,2025-10-12 12:30:54.577361,-2.0,0.9
u19,punctual,3,h0770,2025-10-12 12:30:00,12,6,sports,False,7,5,driving,34.5,True,2025-10-12 11:55:31.788012,2025-10-12 11:59:41.702791,2025-10-12 12:31:18.512921,4.2,1.3
u23,chronically_late,3,h0770,2025-10-12 12:30:00,12,6,sports,False,7,5,walking,17.7,False,2025-10-12 12:12:18.135625,2025-10-12 12:24:53.616010,2025-10-12 12:44:56.226614,12.6,14.9
u04,morning_struggler,0,h0030,2025-10-12 19:30:00,19,6,food,False,1,4,walking,19.2,False,2025-10-12 19:10:47.705758,2025-10-12 19:16:11.832963,2025-10-12 19:36:01.821744,5.4,6.0
u12,improving,0,h0030,2025-10-12 19:30:00,19,6,food,False,1,4,walking,10.0,True,2025-10-12 19:20:01.912315,2025-10-12 19:35:15.773261,2025-10-12 19:46:34.605626,15.2,16.6
u16,rain_hater,0,h0030,2025-10-12 19:30:00,19,6,food,False,1,4,driving,36.7,True,2025-10-12 18:53:19.445602,2025-10-12 18:57:45.157551,2025-10-12 19:38:31.337026,4.4,8.5
u20,unpredictable,0,h0030,2025-10-12 19:30:00,19,6,food,False,1,4,driving,13.7,False,2025-10-12 19:16:15.375221,2025-10-12 19:23:30.756007,2025-10-12 19:36:43.479965,7.3,6.7
u05,chronically_late,1,h0283,2025-10-13 10:30:00,10,0,study,False,7,4,cycling,24.4,True,2025-10-13 10:05:37.537693,2025-10-13 10:19:36.779625,2025-10-13 10:45:55.115214,14.0,15.9
u09,morning_struggler,1,h0283,2025-10-13 10:30:00,10,0,study,False,7,4,cycling,19.6,False,2025-10-13 10:10:25.698670,2025-10-13 10:12:21.745134,2025-10-13 10:32:53.408964,1.9,2.9
u13,rain_hater,1,h0283,2025-10-13 10:30:00,10,0,study,False,7,4,driving,27.1,False,2025-10-13 10:02:54.565526,2025-10-13 10:04:34.196608,2025-10-13 10:33:51.102271,1.7,3.9
u21,always_early,1,h0283,2025-10-13 10:30:00,10,0,study,False,7,4,driving,23.3,True,2025-10-13 10:06:43.736811,2025-10-13 10:06:06.108391,2025-10-13 10:29:10.066201,-0.6,-0.8
u01,overbooked,1,h0282,2025-10-13 16:30:00,16,0,party,False,4,3,driving,28.6,False,2025-10-13 16:01:23.600743,2025-10-13 16:07:01.170999,2025-10-13 16:36:47.714987,5.6,6.8
u05,chronically_late,1,h0282,2025-10-13 16:30:00,16,0,party,False,4,3,cycling,10.6,False,2025-10-13 16:19:24.714983,2025-10-13 16:37:48.496370,2025-10-13 16:49:10.930661,18.4,19.2
u13,rain_hater,1,h0282,2025-10-13 16:30:00,16,0,party,False,4,3,driving,16.3,False,2025-10-13 16:13:39.806582,2025-10-13 16:18:08.897033,2025-10-13 16:36:49.934280,4.5,6.8
u00,overbooked,0,h0031,2025-10-13 21:00:00,21,0,coffee,False,2,4,cycling,16.2,True,2025-10-13 20:43:48.312465,2025-10-13 21:01:32.678078,2025-10-13 21:16:37.723360,17.7,16.6
u12,improving,0,h0031,2025-10-13 21:00:00,21,0,coffee,False,2,4,walking,7.4,False,2025-10-13 20:52:37.256027,2025-10-13 21:08:38.596394,2025-10-13 21:16:24.377355,16.0,16.4
u16,rain_hater,0,h0031,2025-10-13 21:00:00,21,0,coffee,False,2,4,driving,25.7,True,2025-10-13 20:34:15.520220,2025-10-13 20:38:42.275395,2025-10-13 21:02:03.911869,4.4,2.1
u20,unpredictable,0,h0031,2025-10-13 21:00:00,21,0,coffee,False,2,4,driving,38.5,False,2025-10-13 20:21:31.680546,2025-10-13 20:41:59.898391,2025-10-13 21:18:11.782822,20.5,18.2
u01,overbooked,1,h0284,2025-10-13 21:30:00,21,0,study,True,2,6,driving,19.6,True,2025-10-13 21:10:25.785735,2025-10-13 21:28:16.969202,2025-10-13 21:50:40.663470,17.9,20.7
u05,chronically_late,1,h0284,2025-10-13 21:30:00,21,0,study,True,2,6,cycling,6.5,False,2025-10-13 21:23:29.060447,2025-10-13 21:38:03.519518,2025-10-13 21:45:55.055164,14.6,15.9
u09,morning_struggler,1,h0284,2025-10-13 21:30:00,21,0,study,True,2,6,cycling,19.4,False,2025-10-13 21:10:36.114833,2025-10-13 21:14:59.182334,2025-10-13 21:35:39.258825,4.4,5.7
u13,rain_hater,1,h0284,2025-10-13 21:30:00,21,0,study,True,2,6,driving,32.5,False,2025-10-13 20:57:28.416804,2025-10-13 21:08:09.895946,2025-10-13 21:45:42.764894,10.7,15.7
u17,unpredictable,1,h0284,2025-10-13 21:30:00,21,0,study,True,2,6,driving,13.5,False,2025-10-13 21:16:27.461594,2025-10-13 21:19:10.254120,2025-10-13 21:35:27.529383,2.7,5.5
u21,always_early,1,h0284,2025-10-13 21:30:00,21,0,study,True,2,6,driving,20.7,True,2025-10-13 21:09:19.694225,2025-10-13 21:09:24.006282,2025-10-13 21:32:55.359852,0.1,2.9
u05,chronically_late,1,h0285,2025-10-14 09:00:00,9,1,food,True,7,3,cycling,20.0,False,2025-10-14 08:40:02.164868,2025-10-14 09:02:15.488681,2025-10-14 09:26:05.780110,22.2,26.1
u09,morning_struggler,1,h0285,2025-10-14 09:00:00,9,1,food,True,7,3,cycling,23.2,False,2025-10-14 08:36:46.071046,2025-10-14 08:57:30.528615,2025-10-14 09:25:51.868712,20.7,25.9
u13,rain_hater,1,h0285,2025-10-14 09:00:00,9,1,food,True,7,3,driving,31.8,False,2025-10-14 08:28:13.149229,2025-10-14 08:41:37.863019,2025-10-14 09:17:42.821236,13.4,17.7
u03,improving,3,h0771,2025-10-14 13:30:00,13,1,study,False,0,4,driving,24.4,False,2025-10-14 13:05:38.601777,2025-10-14 13:22:04.775783,2025-10-14 13:49:41.660843,16.4,19.7
u07,unpredictable,3,h0771,2025-10-14 13:30:00,13,1,study,False,0,4,driving,23.5,True,2025-10-14 13:06:29.054704,2025-10-14 13:29:20.991233,2025-10-14 13:55:32.698256,22.9,25.5
u15,morning_struggler,3,h0771,2025-10-14 13:30:00,13,1,study,False,0,4,walking,16.4,False,2025-10-14 13:13:38.494478,2025-10-14 13:11:10.541767,2025-10-14 13:28:30.182094,-2.5,-1.5
u23,chronically_late,3,h0771,2025-10-14 13:30:00,13,1,study,False,0,4,walking,13.3,False,2025-10-14 13:16:39.157672,2025-10-14 13:26:13.786172,2025-10-14 13:41:04.668504,9.6,11.1
u00,overbooked,0,h0032,2025-10-14 17:30:00,17,1,sports,False,3,5,cycling,8.9,False,2025-10-14 17:21:05.720081,2025-10-14 17:22:29.333008,2025-10-14 17:30:36.877685,1.4,0.6
u04,morning_struggler,0,h0032,2025-10-14 17:30:00,17,1,sports,False,3,5,walking,11.8,False,2025-10-14 17:18:09.115588,2025-10-14 17:28:34.509027,2025-10-14 17:41:27.744859,10.4,11.5
u08,chronically_late,0,h0032,2025-10-14 17:30:00,17,1,sports,False,3,5,driving,39.6,False,2025-10-14 16:50:21.880515,2025-10-14 16:55:56.208931,2025-10-14 17:36:15.207872,5.6,6.3
u12,improving,0,h0032,2025-10-14 17:30:00,17,1,sports,False,3,5,walking,20.9,True,2025-10-14 17:09:07.637539,2025-10-14 17:25:56.302680,2025-10-14 17:47:00.559329,16.8,17.0
u16,rain_hater,0,h0032,2025-10-14 17:30:00,17,1,sports,False,3,5,driving,28.4,True,2025-10-14 17:01:33.093793,2025-10-14 17:04:46.463110,2025-10-14 17:32:22.544642,3.2,2.4
u09,morning_struggler,1,h0286,2025-10-14 21:00:00,21,1,coffee,False,3,3,cycling,6.1,False,2025-10-14 20:53:53.728662,2025-10-14 20:54:39.753841,2025-10-14 21:01:37.994688,0.8,1.6
u17,unpredictable,1,h0286,2025-10-14 21:00:00,21,1,coffee,False,3,3,driving,20.2,True,2025-10-14 20:39:47.440031,2025-10-14 20:51:18.275054,2025-10-14 21:12:17.328626,11.5,12.3
u21,always_early,1,h0286,2025-10-14 21:00:00,21,1,coffee,False,3,3,driving,8.0,False,2025-10-14 20:51:57.523307,2025-10-14 20:48:27.410659,2025-10-14 20:57:39.429494,-3.5,-2.3
u12,improving,0,h0033,2025-10-15 10:00:00,10,2,party,True,3,3,walking,24.0,False,2025-10-15 09:35:59.926686,2025-10-15 09:55:01.635751,2025-10-15 10:23:15.847251,19.0,23.3
u16,rain_hater,0,h0033,2025-10-15 10:00:00,10,2,party,True,3,3,driving,20.6,False,2025-10-15 09:39:25.579408,2025-10-15 09:52:58.382561,2025-10-15 10:17:26.972165,13.5,17.4
u20,unpredictable,0,h0033,2025-10-15 10:00:00,10,2,party,True,3,3,driving,22.8,False,2025-10-15 09:37:14.689094,2025-10-15 09:40:25.111062,2025-10-15 10:05:54.280565,3.2,5.9
u03,improving,3,h0772,2025-10-15 15:30:00,15,2,party,False,3,6,driving,37.3,False,2025-10-15 14:52:42.026518,2025-10-15 15:11:00.592908,2025-10-15 15:45:26.084820,18.3,15.4
u07,unpredictable,3,h0772,2025-10-15 15:30:00,15,2,party,False,3,6,driving,33.4,False,2025-10-15 14:56:36.330969,2025-10-15 14:56:37.321361,2025-10-15 15:32:14.084877,0.0,2.2
u11,always_early,3,h0772,2025-10-15 15:30:00,15,2,party,False,3,6,driving,12.8,True,2025-10-15 15:17:09.570278,2025-10-15 15:19:57.705524,2025-10-15 15:31:33.318195,2.8,1.6
u15,morning_struggler,3,h0772,2025-10-15 15:30:00,15,2,party,False,3,6,walking,17.8,False,2025-10-15 15:12:10.474245,2025-10-15 15:16:16.036468,2025-10-15 15:33:55.434215,4.1,3.9
u19,punctual,3,h0772,2025-10-15 15:30:00,15,2,party,False,3,6,driving,19.2,False,2025-10-15 15:10:49.218742,2025-10-15 15:13:45.851553,2025-10-15 15:33:43.497869,2.9,3.7
u23,chronically_late,3,h0772,2025-10-15 15:30:00,15,2,party,False,3,6,walking,18.3,False,2025-10-15 15:11:42.412985,2025-10-15 15:27:46.690291,2025-10-15 15:46:04.627980,16.1,16.1
u06,overbooked,2,h0526,2025-10-15 17:00:00,17,2,study,False,2,5,driving,31.6,True,2025-10-15 16:28:25.182901,2025-10-15 16:43:19.135070,2025-10-15 17:19:15.771724,14.9,19.3
u10,punctual,2,h0526,2025-10-15 17:00:00,17,2,study,False,2,5,cycling,14.3,True,2025-10-15 16:45:39.189522,2025-10-15 16:49:42.134377,2025-10-15 17:02:38.913189,4.0,2.6
u14,punctual,2,h0526,2025-10-15 17:00:00,17,2,study,False,2,5,walking,20.7,False,2025-10-15 16:39:15.595774,2025-10-15 16:37:43.888018,2025-10-15 16:59:21.005879,-1.5,-0.6
u18,always_early,2,h0526,2025-10-15 17:00:00,17,2,study,False,2,5,cycling,20.8,False,2025-10-15 16:39:13.007442,2025-10-15 16:35:23.993101,2025-10-15 16:58:59.235769,-3.8,-1.0
u22,rain_hater,2,h0526,2025-10-15 17:00:00,17,2,study,False,2,5,walking,16.7,False,2025-10-15 16:43:19.414196,2025-10-15 16:43:36.592321,2025-10-15 16:59:47.594785,0.3,-0.2
u00,overbooked,0,h0034,2025-10-15 20:30:00,20,2,party,False,0,4,cycling,23.2,True,2025-10-15 20:06:45.921587,2025-10-15 20:26:39.631591,2025-10-15 20:49:33.622182,19.9,19.6
u04,morning_struggler,0,h0034,2025-10-15 20:30:00,20,2,party,False,0,4,walking,11.0,False,2025-10-15 20:18:57.023663,2025-10-15 20:28:45.278537,2025-10-15 20:40:44.361022,9.8,10.7
u16,rain_hater,0,h0034,2025-10-15 20:30:00,20,2,party,False,0,4,driving,20.9,False,2025-10-15 20:09:05.970808,2025-10-15 20:14:51.130850,2025-10-15 20:36:19.311693,5.8,6.3
u20,unpredictable,0,h0034,2025-10-15 20:30:00,20,2,party,False,0,4,driving,32.0,False,2025-10-15 19:58:00.732252,2025-10-15 20:02:21.107243,2025-10-15 20:36:25.125341,4.3,6.4
u08,chronically_late,0,h0035,2025-10-16 16:00:00,16,3,party,True,6,3,driving,14.3,False,2025-10-16 15:45:40.205093,2025-10-16 15:58:41.564371,2025-10-16 16:13:51.087325,13.0,13.9
u12,improving,0,h0035,2025-10-16 16:00:00,16,3,party,True,6,3,walking,18.4,True,2025-10-16 15:41:38.581009,2025-10-16 16:03:21.113157,2025-10-16 16:22:13.515049,21.7,22.2
u16,rain_hater,0,h0035,2025-10-16 16:00:00,16,3,party,True,6,3,driving,29.0,False,2025-10-16 15:31:01.405942,2025-10-16 15:47:35.344346,2025-10-16 16:18:52.678873,16.6,18.9
u01,overbooked,1,h0287,2025-10-16 22:30:00,22,3,sports,False,7,4,driving,36.8,True,2025-10-16 21:53:12.589917,2025-10-16 22:10:56.959724,2025-10-16 22:45:59.473439,17.7,16.0
u09,morning_struggler,1,h0287,2025-10-16 22:30:00,22,3,sports,False,7,4,cycling,15.9,False,2025-10-16 22:14:04.718384,2025-10-16 22:17:08.835253,2025-10-16 22:33:54.774124,3.1,3.9
u17,unpredictable,1,h0287,2025-10-16 22:30:00,22,3,sports,False,7,4,driving,12.0,True,2025-10-16 22:18:02.138490,2025-10-16 22:26:04.240260,2025-10-16 22:37:08.745706,8.0,7.1
u21,always_early,1,h0287,2025-10-16 22:30:00,22,3,sports,False,7,4,driving,31.6,False,2025-10-16 21:58:22.019311,2025-10-16 21:56:13.683958,2025-10-16 22:29:55.116815,-2.1,-0.1
u02,improving,2,h0527,2025-10-17 17:30:00,17,4,study,False,3,4,walking,10.4,False,2025-10-17 17:19:38.747610,2025-10-17 17:29:52.782831,2025-10-17 17:41:05.323283,10.2,11.1
u14,punctual,2,h0527,2025-10-17 17:30:00,17,4,study,False,3,4,walking,7.7,False,2025-10-17 17:22:19.801897,2025-10-17 17:20:41.744641,2025-10-17 17:28:52.461022,-1.6,-1.1
u18,always_early,2,h0527,2025-10-17 17:30:00,17,4,study,False,3,4,cycling,24.0,True,2025-10-17 17:05:58.965372,2025-10-17 17:04:01.700223,2025-10-17 17:27:35.814091,-2.0,-2.4
u22,rain_hater,2,h0527,2025-10-17 17:30:00,17,4,study,False,3,4,walking,7.7,False,2025-10-17 17:22:17.555448,2025-10-17 17:24:14.454605,2025-10-17 17:32:00.036494,1.9,2.0
u02,improving,2,h0528,2025-10-17 18:30:00,18,4,food,True,5,5,walking,6.4,False,2025-10-17 18:23:38.607023,2025-10-17 18:42:16.690754,2025-10-17 18:50:07.788216,18.6,20.1
u10,punctual,2,h0528,2025-10-17 18:30:00,18,4,food,True,5,5,cycling,6.7,True,2025-10-17 18:23:20.163523,2025-10-17 18:28:31.660220,2025-10-17 18:35:58.438686,5.2,6.0
u14,punctual,2,h0528,2025-10-17 18:30:00,18,4,food,True,5,5,walking,10.5,False,2025-10-17 18:19:31.209734,2025-10-17 18:23:13.914817,2025-10-17 18:35:21.372197,3.7,5.4
u18,always_early,2,h0528,2025-10-17 18:30:00,18,4,food,True,5,5,cycling,11.8,True,2025-10-17 18:18:09.098675,2025-10-17 18:22:12.290388,2025-10-17 18:36:04.259420,4.1,6.1
u22,rain_hater,2,h0528,2025-10-17 18:30:00,18,4,food,True,5,5,walking,9.7,False,2025-10-17 18:20:20.198480,2025-10-17 18:30:49.948652,2025-10-17 18:41:14.330821,10.5,11.2
u02,improving,2,h0529,2025-10-17 19:00:00,19,4,study,True,5,5,walking,8.1,False,2025-10-17 18:51:53.121640,2025-10-17 19:06:45.329232,2025-10-17 19:16:16.133342,14.9,16.3
u06,overbooked,2,h0529,2025-10-17 19:00:00,19,4,study,True,5,5,driving,29.4,True,2025-10-17 18:30:33.489285,2025-10-17 18:48:34.831858,2025-10-17 19:19:38.422573,18.0,19.6
u10,punctual,2,h0529,2025-10-17 19:00:00,19,4,study,True,5,5,cycling,21.3,False,2025-10-17 18:38:40.234418,2025-10-17 18:41:08.611131,2025-10-17 19:06:47.473673,2.5,6.8
u14,punctual,2,h0529,2025-10-17 19:00:00,19,4,study,True,5,5,walking,16.5,False,2025-10-17 18:43:29.795581,2025-10-17 18:46:52.624294,2025-10-17 19:05:32.481321,3.4,5.5
u22,rain_hater,2,h0529,2025-10-17 19:00:00,19,4,study,True,5,5,walking,15.8,False,2025-10-17 18:44:12.100776,2025-10-17 18:58:48.352301,2025-10-17 19:17:28.630103,14.6,17.5
u01,overbooked,1,h0288,2025-10-18 12:00:00,12,5,party,False,0,3,driving,38.8,True,2025-10-18 11:21:12.297213,2025-10-18 11:44:13.066034,2025-10-18 12:24:04.786806,23.0,24.1
u13,rain_hater,1,h0288,2025-10-18 12:00:00,12,5,party,False,0,3,driving,17.3,False,2025-10-18 11:42:39.958864,2025-10-18 11:48:23.912518,2025-10-18 12:05:35.930434,5.7,5.6
u17,unpredictable,1,h0288,2025-10-18 12:00:00,12,5,party,False,0,3,driving,21.7,True,2025-10-18 11:38:15.607919,2025-10-18 11:48:00.874907,2025-10-18 12:12:14.205972,9.8,12.2
u00,overbooked,0,h0036,2025-10-18 13:30:00,13,5,study,False,5,5,cycling,10.8,False,2025-10-18 13:19:09.178099,2025-10-18 13:24:16.243242,2025-10-18 13:36:40.804387,5.1,6.7
u04,morning_struggler,0,h0036,2025-10-18 13:30:00,13,5,study,False,5,5,walking,22.1,False,2025-10-18 13:07:55.218749,2025-10-18 13:11:48.102814,2025-10-18 13:34:22.633438,3.9,4.4
u12,improving,0,h0036,2025-10-18 13:30:00,13,5,study,False,5,5,walking,13.0,False,2025-10-18 13:17:00.388638,2025-10-18 13:31:17.121595,2025-10-18 13:44:16.744933,14.3,14.3
u16,rain_hater,0,h0036,2025-10-18 13:30:00,13,5,study,False,5,5,driving,25.3,False,2025-10-18 13:04:39.208253,2025-10-18 13:05:33.854907,2025-10-18 13:32:14.511216,0.9,2.2
u20,unpredictable,0,h0036,2025-10-18 13:30:00,13,5,study,False,5,5,driving,36.0,False,2025-10-18 12:53:59.793382,2025-10-18 12:54:39.140982,2025-10-18 13:35:28.781533,0.7,5.5
u03,improving,3,h0773,2025-10-18 22:00:00,22,5,party,False,0,6,driving,20.7,False,2025-10-18 21:39:15.961133,2025-10-18 21:56:27.155675,2025-10-18 22:20:07.443949,17.2,20.1
u07,unpredictable,3,h0773,2025-10-18 22:00:00,22,5,party,False,0,6,driving,28.9,False,2025-10-18 21:31:03.743346,2025-10-18 21:40:22.636275,2025-10-18 22:07:04.208429,9.3,7.1
u11,always_early,3,h0773,2025-10-18 22:00:00,22,5,party,False,0,6,driving,18.5,True,2025-10-18 21:41:29.143260,2025-10-18 21:44:01.495427,2025-10-18 22:04:25.906024,2.5,4.4
u15,morning_struggler,3,h0773,2025-10-18 22:00:00,22,5,party,False,0,6,walking,24.3,False,2025-10-18 21:35:40.812560,2025-10-18 21:42:58.112310,2025-10-18 22:10:08.153654,7.3,10.1
u19,punctual,3,h0773,2025-10-18 22:00:00,22,5,party,False,0,6,driving,12.3,True,2025-10-18 21:47:42.290663,2025-10-18 21:53:39.072934,2025-10-18 22:04:48.774967,5.9,4.8
u23,chronically_late,3,h0773,2025-10-18 22:00:00,22,5,party,False,0,6,walking,23.5,True,2025-10-18 21:36:31.535690,2025-10-18 21:55:31.276089,2025-10-18 22:19:00.231645,19.0,19.0
u01,overbooked,1,h0289,2025-10-19 11:30:00,11,6,party,False,3,3,driving,31.0,False,2025-10-19 10:58:58.204299,2025-10-19 11:03:10.773365,2025-10-19 11:36:35.834896,4.2,6.6
u05,chronically_late,1,h0289,2025-10-19 11:30:00,11,6,party,False,3,3,cycling,18.6,True,2025-10-19 11:11:21.510437,2025-10-19 11:28:36.001767,2025-10-19 11:49:05.405598,17.2,19.1
u09,morning_struggler,1,h0289,2025-10-19 11:30:00,11,6,party,False,3,3,cycling,11.2,True,2025-10-19 11:18:48.388634,2025-10-19 11:26:38.505745,2025-10-19 11:38:58.992511,7.8,9.0
u01,overbooked,1,h0291,2025-10-19 13:30:00,13,6,party,False,0,3,driving,18.8,True,2025-10-19 13:11:12.038356,2025-10-19 13:31:33.753936,2025-10-19 13:51:13.712482,20.4,21.2
u13,rain_hater,1,h0291,2025-10-19 13:30:00,13,6,party,False,0,3,driving,18.9,True,2025-10-19 13:11:08.233017,2025-10-19 13:16:48.248035,2025-10-19 13:34:04.466092,5.7,4.1
u21,always_early,1,h0291,2025-10-19 13:30:00,13,6,party,False,0,3,driving,16.7,True,2025-10-19 13:13:20.602374,2025-10-19 13:15:32.396085,2025-10-19 13:32:53.815772,2.2,2.9
u01,overbooked,1,h0290,2025-10-19 17:00:00,17,6,sports,False,1,4,driving,14.7,False,2025-10-19 16:45:20.311793,2025-10-19 16:47:44.111200,2025-10-19 17:03:39.823336,2.4,3.7
u13,rain_hater,1,h0290,2025-10-19 17:00:00,17,6,sports,False,1,4,driving,16.7,True,2025-10-19 16:43:18.594489,2025-10-19 16:49:08.101029,2025-10-19 17:06:09.495716,5.8,6.2
u17,unpredictable,1,h0290,2025-10-19 17:00:00,17,6,sports,False,1,4,driving,26.4,False,2025-10-19 16:33:38.340966,2025-10-19 16:35:36.841607,2025-10-19 17:03:47.694635,2.0,3.8
u21,always_early,1,h0290,2025-10-19 17:00:00,17,6,sports,False,1,4,driving,38.6,False,2025-10-19 16:21:24.693298,2025-10-19 16:17:07.183931,2025-10-19 16:59:31.079465,-4.3,-0.5
u00,overbooked,0,h0037,2025-10-19 18:30:00,18,6,study,False,3,6,cycling,18.3,True,2025-10-19 18:11:44.906118,2025-10-19 18:28:52.152429,2025-10-19 18:47:58.157601,17.1,18.0
u04,morning_struggler,0,h0037,2025-10-19 18:30:00,18,6,study,False,3,6,walking,8.4,True,2025-10-19 18:21:38.760576,2025-10-19 18:24:07.372103,2025-10-19 18:33:18.423552,2.5,3.3
u08,chronically_late,0,h0037,2025-10-19 18:30:00,18,6,study,False,3,6,driving,21.1,True,2025-10-19 18:08:52.833815,2025-10-19 18:20:20.585475,2025-10-19 18:43:53.656317,11.5,13.9
u12,improving,0,h0037,2025-10-19 18:30:00,18,6,study,False,3,6,walking,21.8,True,2025-10-19 18:08:12.991361,2025-10-19 18:23:05.338389,2025-10-19 18:43:19.452751,14.9,13.3
u16,rain_hater,0,h0037,2025-10-19 18:30:00,18,6,study,False,3,6,driving,35.0,False,2025-10-19 17:55:00.820059,2025-10-19 17:54:20.267677,2025-10-19 18:32:30.823150,-0.7,2.5
u20,unpredictable,0,h0037,2025-10-19 18:30:00,18,6,study,False,3,6,driving,32.4,False,2025-10-19 17:57:35.827023,2025-10-19 17:54:52.402944,2025-10-19 18:25:58.918981,-2.7,-4.0
u01,overbooked,1,h0293,2025-10-20 11:00:00,11,0,study,False,6,3,driving,31.2,True,2025-10-20 10:28:49.973182,2025-10-20 10:47:02.046299,2025-10-20 11:20:45.555038,18.2,20.8
u05,chronically_late,1,h0293,2025-10-20 11:00:00,11,0,study,False,6,3,cycling,17.4,False,2025-10-20 10:42:34.984002,2025-10-20 11:01:39.312678,2025-10-20 11:21:40.887722,19.1,21.7
u09,morning_struggler,1,h0293,2025-10-20 11:00:00,11,0,study,False,6,3,cycling,19.5,False,2025-10-20 10:40:27.315977,2025-10-20 10:46:23.504286,2025-10-20 11:08:08.700317,5.9,8.1
u01,overbooked,1,h0292,2025-10-20 19:00:00,19,0,food,False,4,5,driving,12.2,True,2025-10-20 18:47:49.502295,2025-10-20 19:07:22.812393,2025-10-20 19:20:23.855847,19.6,20.4
u03,improving,3,h0774,2025-10-20 19:00:00,19,0,food,False,1,3,driving,31.8,False,2025-10-20 18:28:13.706182,2025-10-20 18:42:36.460765,2025-10-20 19:16:17.781409,14.4,16.3
u05,chronically_late,1,h0292,2025-10-20 19:00:00,19,0,food,False,4,5,cycling,13.6,True,2025-10-20 18:46:24.962582,2025-10-20 19:06:56.360857,2025-10-20 19:22:06.847622,20.5,22.1
u09,morning_struggler,1,h0292,2025-10-20 19:00:00,19,0,food,False,4,5,cycling,11.5,False,2025-10-20 18:48:28.446333,2025-10-20 18:52:25.598063,2025-10-20 19:04:07.325209,4.0,4.1
u11,always_early,3,h0774,2025-10-20 19:00:00,19,0,food,False,1,3,driving,12.0,False,2025-10-20 18:47:59.233517,2025-10-20 18:44:58.856429,2025-10-20 18:57:54.587612,-3.0,-2.1
u13,rain_hater,1,h0292,2025-10-20 19:00:00,19,0,food,False,4,5,driving,35.2,False,2025-10-20 18:24:45.582670,2025-10-20 18:28:32.586476,2025-10-20 19:06:07.394333,3.8,6.1
u19,punctual,3,h0774,2025-10-20 19:00:00,19,0,food,False,1,3,driving,29.6,False,2025-10-20 18:30:23.747124,2025-10-20 18:31:54.128733,2025-10-20 19:03:41.361647,1.5,3.7
u21,always_early,1,h0292,2025-10-20 19:00:00,19,0,food,False,4,5,driving,20.2,False,2025-10-20 18:39:45.195756,2025-10-20 18:35:53.930354,2025-10-20 18:57:25.223243,-3.9,-2.6
u01,overbooked,1,h0294,2025-10-21 18:00:00,18,1,sports,False,6,4,driving,21.4,False,2025-10-21 17:38:38.561616,2025-10-21 17:41:37.702391,2025-10-21 18:03:42.245784,3.0,3.7
u05,chronically_late,1,h0294,2025-10-21 18:00:00,18,1,sports,False,6,4,cycling,6.4,False,2025-10-21 17:53:35.142553,2025-10-21 18:08:29.803357,2025-10-21 18:15:26.935463,14.9,15.4
u13,rain_hater,1,h0294,2025-10-21 18:00:00,18,1,sports,False,6,4,driving,38.5,True,2025-10-21 17:21:27.312266,2025-10-21 17:26:32.967351,2025-10-21 18:06:53.398482,5.1,6.9
u17,unpredictable,1,h0294,2025-10-21 18:00:00,18,1,sports,False,6,4,driving,22.4,False,2025-10-21 17:37:37.353479,2025-10-21 17:37:33.178192,2025-10-21 18:02:54.300862,-0.1,2.9
u11,always_early,3,h0775,2025-10-21 20:30:00,20,1,sports,False,3,3,driving,32.1,False,2025-10-21 19:57:51.114853,2025-10-21 19:56:41.004930,2025-10-21 20:28:06.224936,-1.2,-1.9
u15,morning_struggler,3,h0775,2025-10-21 20:30:00,20,1,sports,False,3,3,walking,10.4,False,2025-10-21 20:19:38.177237,2025-10-21 20:20:20.751464,2025-10-21 20:31:38.909490,0.7,1.6
u23,chronically_late,3,h0775,2025-10-21 20:30:00,20,1,sports,False,3,3,walking,5.1,False,2025-10-21 20:24:52.418104,2025-10-21 20:45:55.626845,2025-10-21 20:51:20.706666,21.1,21.3
u03,improving,3,h0777,2025-10-22 09:30:00,9,2,food,True,3,4,driving,21.8,True,2025-10-22 09:08:14.223849,2025-10-22 09:26:26.437023,2025-10-22 09:48:24.709054,18.2,18.4
u07,unpredictable,3,h0777,2025-10-22 09:30:00,9,2,food,True,3,4,driving,23.7,True,2025-10-22 09:06:17.508407,2025-10-22 09:18:38.873000,2025-10-22 09:46:46.971252,12.4,16.8
u19,punctual,3,h0777,2025-10-22 09:30:00,9,2,food,True,3,4,driving,13.8,False,2025-10-22 09:16:10.278959,2025-10-22 09:21:50.982309,2025-10-22 09:36:55.716273,5.7,6.9
u23,chronically_late,3,h0777,2025-10-22 09:30:00,9,2,food,True,3,4,walking,23.4,True,2025-10-22 09:06:33.335816,2025-10-22 09:23:23.534406,2025-10-22 09:50:53.289108,16.8,20.9
u00,overbooked,0,h0040,2025-10-22 10:30:00,10,2,study,False,1,4,cycling,21.6,True,2025-10-22 10:08:26.112138,2025-10-22 10:24:27.151912,2025-10-22 10:47:50.307814,16.0,17.8
u04,morning_struggler,0,h0040,2025-10-22 10:30:00,10,2,study,False,1,4,walking,5.7,False,2025-10-22 10:24:18.193980,2025-10-22 10:30:17.200000,2025-10-22 10:35:39.181344,6.0,5.7
u08,chronically_late,0,h0040,2025-10-22 10:30:00,10,2,study,False,1,4,driving,12.7,False,2025-10-22 10:17:18.021629,2025-10-22 10:24:06.541410,2025-10-22 10:37:14.987436,6.8,7.2
u20,unpredictable,0,h0040,2025-10-22 10:30:00,10,2,study,False,1,4,driving,9.7,True,2025-10-22 10:20:18.610365,2025-10-22 10:21:59.230106,2025-10-22 10:32:35.070351,1.7,2.6
u02,improving,2,h0532,2025-10-22 11:00:00,11,2,coffee,False,2,4,walking,14.4,True,2025-10-22 10:45:37.171882,2025-10-22 11:03:54.138443,2025-10-22 11:16:54.043417,18.3,16.9
u06,overbooked,2,h0532,2025-10-22 11:00:00,11,2,coffee,False,2,4,driving,25.6,True,2025-10-22 10:34:23.742392,2025-10-22 10:53:58.068513,2025-10-22 11:17:11.555057,19.6,17.2
u10,punctual,2,h0532,2025-10-22 11:00:00,11,2,coffee,False,2,4,cycling,14.9,False,2025-10-22 10:45:05.227413,2025-10-22 10:47:11.069711,2025-10-22 11:03:20.829317,2.1,3.3
u18,always_early,2,h0532,2025-10-22 11:00:00,11,2,coffee,False,2,4,cycling,17.1,False,2025-10-22 10:42:54.017396,2025-10-22 10:43:23.714466,2025-10-22 11:00:13.254964,0.5,0.2
u00,overbooked,0,h0041,2025-10-22 13:00:00,13,2,coffee,False,4,6,cycling,8.3,True,2025-10-22 12:51:44.442203,2025-10-22 13:09:19.379965,2025-10-22 13:17:07.105565,17.6,17.1
u02,improving,2,h0530,2025-10-22 13:00:00,13,2,sports,False,5,5,walking,10.2,False,2025-10-22 12:49:49.924483,2025-10-22 13:01:46.258012,2025-10-22 13:11:56.066872,11.9,11.9
u04,morning_struggler,0,h0041,2025-10-22 13:00:00,13,2,coffee,False,4,6,walking,18.1,False,2025-10-22 12:41:55.752209,2025-10-22 12:44:20.103766,2025-10-22 13:04:33.128805,2.4,4.6
u06,overbooked,2,h0530,2025-10-22 13:00:00,13,2,sports,False,5,5,driving,35.5,False,2025-10-22 12:24:28.223225,2025-10-22 12:33:26.868820,2025-10-22 13:08:12.763798,9.0,8.2
u08,chronically_late,0,h0041,2025-10-22 13:00:00,13,2,coffee,False,4,6,driving,19.8,True,2025-10-22 12:40:13.623667,2025-10-22 12:52:45.498871,2025-10-22 13:14:16.125299,12.5,14.3
u10,punctual,2,h0530,2025-10-22 13:00:00,13,2,sports,False,5,5,cycling,24.5,True,2025-10-22 12:35:30.632584,2025-10-22 12:40:50.433505,2025-10-22 13:05:33.051871,5.3,5.6
u12,improving,0,h0041,2025-10-22 13:00:00,13,2,coffee,False,4,6,walking,18.1,True,2025-10-22 12:41:52.711345,2025-10-22 12:56:00.815607,2025-10-22 13:14:53.341083,14.1,14.9
u14,punctual,2,h0530,2025-10-22 13:00:00,13,2,sports,False,5,5,walking,18.0,False,2025-10-22 12:42:01.171913,2025-10-22 12:42:56.566402,2025-10-22 13:00:13.242255,0.9,0.2
u16,rain_hater,0,h0041,2025-10-22 13:00:00,13,2,coffee,False,4,6,driving,34.3,False,2025-10-22 12:25:39.633364,2025-10-22 12:30:12.347888,2025-10-22 13:02:17.354235,4.5,2.3
u20,unpredictable,0,h0041,2025-10-22 13:00:00,13,2,coffee,False,4,6,driving,39.2,False,2025-10-22 12:20:46.856360,2025-10-22 12:19:15.148804,2025-10-22 12:56:42.870386,-1.5,-3.3
u22,rain_hater,2,h0530,2025-10-22 13:00:00,13,2,sports,False,5,5,walking,9.7,True,2025-10-22 12:50:20.600829,2025-10-22 12:54:37.554989,2025-10-22 13:03:22.657143,4.3,3.4
u00,overbooked,0,h0039,2025-10-22 14:00:00,14,2,party,False,1,3,cycling,13.9,True,2025-10-22 13:46:05.000762,2025-10-22 14:10:42.394463,2025-10-22 14:26:01.183669,24.6,26.0
u04,morning_struggler,0,h0039,2025-10-22 14:00:00,14,2,party,False,1,3,walking,12.1,False,2025-10-22 13:47:55.994766,2025-10-22 13:50:33.790374,2025-10-22 14:03:54.038932,2.6,3.9
u16,rain_hater,0,h0039,2025-10-22 14:00:00,14,2,party,False,1,3,driving,23.7,False,2025-10-22 13:36:16.785703,2025-10-22 13:40:46.149369,2025-10-22 14:07:19.818050,4.5,7.3
u00,overbooked,0,h0038,2025-10-22 16:30:00,16,2,party,True,7,6,cycling,7.3,True,2025-10-22 16:22:40.609674,2025-10-22 16:47:39.953619,2025-10-22 16:55:27.651158,25.0,25.5
u04,morning_struggler,0,h0038,2025-10-22 16:30:00,16,2,party,True,7,6,walking,8.5,False,2025-10-22 16:21:28.372344,2025-10-22 16:28:40.249126,2025-10-22 16:38:17.217103,7.2,8.3
u08,chronically_late,0,h0038,2025-10-22 16:30:00,16,2,party,True,7,6,driving,24.5,True,2025-10-22 16:05:28.397947,2025-10-22 16:27:38.762593,2025-10-22 16:58:30.895363,22.2,28.5
u12,improving,0,h0038,2025-10-22 16:30:00,16,2,party,True,7,6,walking,18.7,False,2025-10-22 16:11:16.604501,2025-10-22 16:29:23.887100,2025-10-22 16:53:04.803814,18.1,23.1
u16,rain_hater,0,h0038,2025-10-22 16:30:00,16,2,party,True,7,6,driving,21.5,False,2025-10-22 16:08:28.223362,2025-10-22 16:23:40.819981,2025-10-22 16:50:48.104360,15.2,20.8
u20,unpredictable,0,h0038,2025-10-22 16:30:00,16,2,party,True,7,6,driving,36.3,False,2025-10-22 15:53:41.089806,2025-10-22 15:58:06.410075,2025-10-22 16:42:22.382967,4.4,12.4
u07,unpredictable,3,h0776,2025-10-22 18:00:00,18,2,study,False,3,3,driving,18.7,True,2025-10-22 17:41:16.642472,2025-10-22 17:45:34.998989,2025-10-22 18:03:30.956977,4.3,3.5
u15,morning_struggler,3,h0776,2025-10-22 18:00:00,18,2,study,False,3,3,walking,24.9,False,2025-10-22 17:35:05.076452,2025-10-22 17:38:06.774015,2025-10-22 18:00:55.400843,3.0,0.9
u19,punctual,3,h0776,2025-10-22 18:00:00,18,2,study,False,3,3,driving,24.3,False,2025-10-22 17:35:39.434624,2025-10-22 17:39:16.892234,2025-10-22 18:06:43.775030,3.6,6.7
u02,improving,2,h0531,2025-10-22 21:00:00,21,2,study,False,6,6,walking,13.6,False,2025-10-22 20:46:26.460822,2025-10-22 21:03:50.549725,2025-10-22 21:16:28.817055,17.4,16.5
u06,overbooked,2,h0531,2025-10-22 21:00:00,21,2,study,False,6,6,driving,14.6,True,2025-10-22 20:45:25.173782,2025-10-22 21:02:03.790071,2025-10-22 21:15:28.400448,16.6,15.5
u10,punctual,2,h0531,2025-10-22 21:00:00,21,2,study,False,6,6,cycling,13.2,False,2025-10-22 20:46:45.072526,2025-10-22 20:46:26.667307,2025-10-22 21:00:14.292802,-0.3,0.2
u14,punctual,2,h0531,2025-10-22 21:00:00,21,2,study,False,6,6,walking,23.6,False,2025-10-22 20:36:25.686444,2025-10-22 20:45:14.399699,2025-10-22 21:08:12.569860,8.8,8.2
u18,always_early,2,h0531,2025-10-22 21:00:00,21,2,study,False,6,6,cycling,22.2,False,2025-10-22 20:37:49.995877,2025-10-22 20:33:58.076540,2025-10-22 20:55:48.084415,-3.9,-4.2
u22,rain_hater,2,h0531,2025-10-22 21:00:00,21,2,study,False,6,6,walking,23.2,True,2025-10-22 20:36:46.224114,2025-10-22 20:40:19.356558,2025-10-22 21:02:05.362223,3.6,2.1
u00,overbooked,0,h0044,2025-10-23 12:30:00,12,3,food,False,1,3,cycling,7.9,True,2025-10-23 12:22:06.192595,2025-10-23 12:37:24.931574,2025-10-23 12:45:44.747364,15.3,15.7
u04,morning_struggler,0,h0043,2025-10-23 12:30:00,12,3,sports,False,6,3,walking,14.4,False,2025-10-23 12:15:36.052872,2025-10-23 12:17:58.362998,2025-10-23 12:31:08.763753,2.4,1.1
u16,rain_hater,0,h0043,2025-10-23 12:30:00,12,3,sports,False,6,3,driving,14.9,False,2025-10-23 12:15:06.857713,2025-10-23 12:16:21.013482,2025-10-23 12:32:16.570117,1.2,2.3
u16,rain_hater,0,h0044,2025-10-23 12:30:00,12,3,food,False,1,3,driving,27.5,True,2025-10-23 12:02:27.868671,2025-10-23 12:06:26.865206,2025-10-23 12:37:37.766240,4.0,7.6
u20,unpredictable,0,h0043,2025-10-23 12:30:00,12,3,sports,False,6,3,driving,14.9,True,2025-10-23 12:15:08.942804,2025-10-23 12:17:28.291576,2025-10-23 12:32:24.413103,2.3,2.4
u20,unpredictable,0,h0044,2025-10-23 12:30:00,12,3,food,False,1,3,driving,19.5,True,2025-10-23 12:10:27.343322,2025-10-23 12:46:04.145887,2025-10-23 13:04:57.168874,35.6,35.0
u04,morning_struggler,0,h0042,2025-10-23 18:00:00,18,3,study,False,6,4,walking,13.4,False,2025-10-23 17:46:37.612695,2025-10-23 17:46:34.524903,2025-10-23 18:00:29.253044,-0.1,0.5
u12,improving,0,h0042,2025-10-23 18:00:00,18,3,study,False,6,4,walking,6.0,False,2025-10-23 17:54:00.649035,2025-10-23 18:04:21.444283,2025-10-23 18:10:08.234553,10.3,10.1
u16,rain_hater,0,h0042,2025-10-23 18:00:00,18,3,study,False,6,4,driving,26.1,False,2025-10-23 17:33:56.937337,2025-10-23 17:37:08.073492,2025-10-23 18:00:35.247017,3.2,0.6
u20,unpredictable,0,h0042,2025-10-23 18:00:00,18,3,study,False,6,4,driving,20.3,True,2025-10-23 17:39:40.090597,2025-10-23 17:49:18.878183,2025-10-23 18:09:12.788151,9.6,9.2
u02,improving,2,h0533,2025-10-23 19:30:00,19,3,coffee,False,0,4,walking,8.0,False,2025-10-23 19:22:02.285129,2025-10-23 19:34:14.971595,2025-10-23 19:41:48.034797,12.2,11.8
u06,overbooked,2,h0533,2025-10-23 19:30:00,19,3,coffee,False,0,4,driving,28.4,False,2025-10-23 19:01:37.391961,2025-10-23 19:02:51.842800,2025-10-23 19:29:08.046112,1.2,-0.9
u14,punctual,2,h0533,2025-10-23 19:30:00,19,3,coffee,False,0,4,walking,7.9,False,2025-10-23 19:22:03.906909,2025-10-23 19:25:39.783701,2025-10-23 19:34:38.757439,3.6,4.6
u18,always_early,2,h0533,2025-10-23 19:30:00,19,3,coffee,False,0,4,cycling,18.0,False,2025-10-23 19:11:59.823108,2025-10-23 19:09:04.857113,2025-10-23 19:27:47.850271,-2.9,-2.2
u00,overbooked,0,h0045,2025-10-24 11:00:00,11,4,sports,False,0,6,cycling,24.6,True,2025-10-24 10:35:24.357076,2025-10-24 10:52:33.946380,2025-10-24 11:17:08.676259,17.2,17.1
u04,morning_struggler,0,h0045,2025-10-24 11:00:00,11,4,sports,False,0,6,walking,13.2,False,2025-10-24 10:46:49.596747,2025-10-24 10:47:57.091119,2025-10-24 11:02:51.584432,1.1,2.9
u08,chronically_late,0,h0045,2025-10-24 11:00:00,11,4,sports,False,0,6,driving,39.9,True,2025-10-24 10:20:06.379754,2025-10-24 10:35:19.362711,2025-10-24 11:14:27.466275,15.2,14.5
u12,improving,0,h0045,2025-10-24 11:00:00,11,4,sports,False,0,6,walking,24.0,False,2025-10-24 10:36:01.625402,2025-10-24 10:49:53.471213,2025-10-24 11:12:29.261963,13.9,12.5
u16,rain_hater,0,h0045,2025-10-24 11:00:00,11,4,sports,False,0,6,driving,11.3,False,2025-10-24 10:48:41.695720,2025-10-24 10:48:20.405299,2025-10-24 10:59:31.701473,-0.4,-0.5
u20,unpredictable,0,h0045,2025-10-24 11:00:00,11,4,sports,False,0,6,driving,26.7,True,2025-10-24 10:33:17.274811,2025-10-24 10:43:22.203200,2025-10-24 11:08:42.070832,10.1,8.7
u05,chronically_late,1,h0295,2025-10-24 18:30:00,18,4,study,True,2,3,cycling,11.0,False,2025-10-24 18:19:02.928546,2025-10-24 18:28:49.077042,2025-10-24 18:41:38.626657,9.8,11.6
u09,morning_struggler,1,h0295,2025-10-24 18:30:00,18,4,study,True,2,3,cycling,19.1,False,2025-10-24 18:10:53.468366,2025-10-24 18:11:39.232890,2025-10-24 18:32:41.298969,0.8,2.7
u17,unpredictable,1,h0295,2025-10-24 18:30:00,18,4,study,True,2,3,driving,37.5,False,2025-10-24 17:52:29.120336,2025-10-24 17:55:54.780893,2025-10-24 18:37:33.289914,3.4,7.6
u03,improving,3,h0779,2025-10-25 12:30:00,12,5,sports,False,3,5,driving,33.9,False,2025-10-25 11:56:06.353180,2025-10-25 12:07:50.750992,2025-10-25 12:39:52.116175,11.7,9.9
u11,always_early,3,h0779,2025-10-25 12:30:00,12,5,sports,False,3,5,driving,9.1,False,2025-10-25 12:20:55.871202,2025-10-25 12:17:25.295435,2025-10-25 12:27:23.302132,-3.5,-2.6
u15,morning_struggler,3,h0779,2025-10-25 12:30:00,12,5,sports,False,3,5,walking,8.8,False,2025-10-25 12:21:13.217215,2025-10-25 12:24:44.490273,2025-10-25 12:34:28.193847,3.5,4.5
u19,punctual,3,h0779,2025-10-25 12:30:00,12,5,sports,False,3,5,driving,10.3,False,2025-10-25 12:19:41.115013,2025-10-25 12:21:21.475674,2025-10-25 12:32:12.578765,1.7,2.2
u23,chronically_late,3,h0779,2025-10-25 12:30:00,12,5,sports,False,3,5,walking,12.8,False,2025-10-25 12:17:09.958064,2025-10-25 12:26:57.291804,2025-10-25 12:38:57.674401,9.8,9.0
u09,morning_struggler,1,h0296,2025-10-25 17:30:00,17,5,party,False,2,3,cycling,24.7,False,2025-10-25 17:05:20.286443,2025-10-25 17:10:18.868380,2025-10-25 17:35:51.766106,5.0,5.9
u13,rain_hater,1,h0296,2025-10-25 17:30:00,17,5,party,False,2,3,driving,30.6,False,2025-10-25 16:59:26.789878,2025-10-25 17:05:48.038190,2025-10-25 17:33:20.511890,6.4,3.3
u17,unpredictable,1,h0296,2025-10-25 17:30:00,17,5,party,False,2,3,driving,33.5,False,2025-10-25 16:56:31.728275,2025-10-25 17:03:42.735611,2025-10-25 17:41:13.964775,7.2,11.2
u07,unpredictable,3,h0778,2025-10-25 22:00:00,22,5,coffee,False,7,4,driving,8.3,False,2025-10-25 21:51:41.776336,2025-10-25 21:58:55.092369,2025-10-25 22:08:04.617773,7.2,8.1
u11,always_early,3,h0778,2025-10-25 22:00:00,22,5,coffee,False,7,4,driving,14.0,False,2025-10-25 21:46:00.951117,2025-10-25 21:43:57.163437,2025-10-25 21:58:35.503590,-2.1,-1.4
u15,morning_struggler,3,h0778,2025-10-25 22:00:00,22,5,coffee,False,7,4,walking,13.2,False,2025-10-25 21:46:48.591811,2025-10-25 21:52:05.475435,2025-10-25 22:05:02.153801,5.3,5.0
u19,punctual,3,h0778,2025-10-25 22:00:00,22,5,coffee,False,7,4,driving,20.7,False,2025-10-25 21:39:18.043390,2025-10-25 21:41:03.035494,2025-10-25 22:00:50.219174,1.7,0.8
u05,chronically_late,1,h0297,2025-10-26 09:30:00,9,6,food,False,4,5,cycling,10.1,True,2025-10-26 09:19:56.208178,2025-10-26 09:34:47.130384,2025-10-26 09:44:11.015538,14.8,14.2
u09,morning_struggler,1,h0297,2025-10-26 09:30:00,9,6,food,False,4,5,cycling,9.6,False,2025-10-26 09:20:21.279915,2025-10-26 09:40:39.531416,2025-10-26 09:49:52.507729,20.3,19.9
u13,rain_hater,1,h0297,2025-10-26 09:30:00,9,6,food,False,4,5,driving,29.1,True,2025-10-26 09:00:54.171146,2025-10-26 09:08:38.319797,2025-10-26 09:37:08.922295,7.7,7.1
u17,unpredictable,1,h0297,2025-10-26 09:30:00,9,6,food,False,4,5,driving,29.1,False,2025-10-26 09:00:55.214034,2025-10-26 09:11:05.085856,2025-10-26 09:37:45.169352,10.2,7.8
u21,always_early,1,h0297,2025-10-26 09:30:00,9,6,food,False,4,5,driving,30.1,False,2025-10-26 08:59:53.497351,2025-10-26 08:59:12.637478,2025-10-26 09:27:46.850259,-0.7,-2.2
u03,improving,3,h0780,2025-10-26 13:30:00,13,6,sports,False,7,5,driving,28.5,False,2025-10-26 13:01:27.834084,2025-10-26 13:16:01.422541,2025-10-26 13:46:10.578807,14.6,16.2
u07,unpredictable,3,h0780,2025-10-26 13:30:00,13,6,sports,False,7,5,driving,24.0,True,2025-10-26 13:05:58.580651,2025-10-26 13:09:57.217139,2025-10-26 13:35:10.421552,4.0,5.2
u11,always_early,3,h0780,2025-10-26 13:30:00,13,6,sports,False,7,5,driving,10.2,False,2025-10-26 13:19:48.437875,2025-10-26 13:17:37.824321,2025-10-26 13:28:16.441501,-2.2,-1.7
u15,morning_struggler,3,h0780,2025-10-26 13:30:00,13,6,sports,False,7,5,walking,7.0,False,2025-10-26 13:23:01.114135,2025-10-26 13:25:22.086536,2025-10-26 13:32:16.950582,2.3,2.3
u19,punctual,3,h0780,2025-10-26 13:30:00,13,6,sports,False,7,5,driving,25.6,False,2025-10-26 13:04:21.554119,2025-10-26 13:06:06.108691,2025-10-26 13:30:58.333289,1.7,1.0
u00,overbooked,0,h0047,2025-10-26 21:00:00,21,6,party,False,7,3,cycling,20.1,False,2025-10-26 20:39:52.455644,2025-10-26 20:44:52.213795,2025-10-26 21:05:19.609407,5.0,5.3
u16,rain_hater,0,h0047,2025-10-26 21:00:00,21,6,party,False,7,3,driving,9.2,False,2025-10-26 20:50:45.999361,2025-10-26 20:57:35.894036,2025-10-26 21:05:58.169358,6.8,6.0
u20,unpredictable,0,h0047,2025-10-26 21:00:00,21,6,party,False,7,3,driving,20.6,False,2025-10-26 20:39:26.429310,2025-10-26 20:44:25.149246,2025-10-26 21:02:56.787271,5.0,2.9
u00,overbooked,0,h0046,2025-10-26 21:30:00,21,6,coffee,False,3,4,cycling,9.2,False,2025-10-26 21:20:50.688599,2025-10-26 21:23:55.522782,2025-10-26 21:32:39.365219,3.1,2.7
u04,morning_struggler,0,h0046,2025-10-26 21:30:00,21,6,coffee,False,3,4,walking,16.4,False,2025-10-26 21:13:38.478923,2025-10-26 21:16:08.233015,2025-10-26 21:33:07.640565,2.5,3.1
u06,overbooked,2,h0534,2025-10-26 21:30:00,21,6,party,False,7,5,driving,13.1,False,2025-10-26 21:16:52.685954,2025-10-26 21:24:09.012332,2025-10-26 21:37:11.152743,7.3,7.2
u10,punctual,2,h0534,2025-10-26 21:30:00,21,6,party,False,7,5,cycling,18.2,False,2025-10-26 21:11:47.428589,2025-10-26 21:18:39.875074,2025-10-26 21:39:01.247493,6.9,9.0
u14,punctual,2,h0534,2025-10-26 21:30:00,21,6,party,False,7,5,walking,12.4,False,2025-10-26 21:17:35.029678,2025-10-26 21:21:42.589023,2025-10-26 21:33:47.710466,4.1,3.8
u16,rain_hater,0,h0046,2025-10-26 21:30:00,21,6,coffee,False,3,4,driving,18.3,False,2025-10-26 21:11:44.226150,2025-10-26 21:13:34.111769,2025-10-26 21:30:26.234179,1.8,0.4
u18,always_early,2,h0534,2025-10-26 21:30:00,21,6,party,False,7,5,cycling,18.6,True,2025-10-26 21:11:24.164146,2025-10-26 21:15:20.896095,2025-10-26 21:33:02.827796,3.9,3.0
u20,unpredictable,0,h0046,2025-10-26 21:30:00,21,6,coffee,False,3,4,driving,26.0,False,2025-10-26 21:03:59.668972,2025-10-26 21:07:13.497383,2025-10-26 21:36:00.311785,3.2,6.0
u22,rain_hater,2,h0534,2025-10-26 21:30:00,21,6,party,False,7,5,walking,15.6,True,2025-10-26 21:14:23.962163,2025-10-26 21:22:40.727597,2025-10-26 21:36:58.373026,8.3,7.0
u00,overbooked,0,h0048,2025-10-27 08:30:00,8,0,party,False,6,6,cycling,14.1,True,2025-10-27 08:15:55.523500,2025-10-27 08:39:09.645634,2025-10-27 08:52:14.670795,23.2,22.2
u04,morning_struggler,0,h0048,2025-10-27 08:30:00,8,0,party,False,6,6,walking,22.6,False,2025-10-27 08:07:26.223090,2025-10-27 08:27:53.289225,2025-10-27 08:52:46.154157,20.5,22.8
u08,chronically_late,0,h0048,2025-10-27 08:30:00,8,0,party,False,6,6,driving,23.4,False,2025-10-27 08:06:35.013981,2025-10-27 08:18:44.276015,2025-10-27 08:43:22.044324,12.2,13.4
u12,improving,0,h0048,2025-10-27 08:30:00,8,0,party,False,6,6,walking,12.5,False,2025-10-27 08:17:32.327295,2025-10-27 08:36:55.450893,2025-10-27 08:48:38.373202,19.4,18.6
u16,rain_hater,0,h0048,2025-10-27 08:30:00,8,0,party,False,6,6,driving,38.8,False,2025-10-27 07:51:09.926569,2025-10-27 07:57:27.806805,2025-10-27 08:38:11.047647,6.3,8.2
u20,unpredictable,0,h0048,2025-10-27 08:30:00,8,0,party,False,6,6,driving,32.8,False,2025-10-27 07:57:12.176826,2025-10-27 08:08:40.480393,2025-10-27 08:46:06.463222,11.5,16.1
u01,overbooked,1,h0298,2025-10-27 12:30:00,12,0,coffee,False,2,5,driving,22.9,False,2025-10-27 12:07:06.353939,2025-10-27 12:09:33.345336,2025-10-27 12:31:17.263292,2.4,1.3
u05,chronically_late,1,h0298,2025-10-27 12:30:00,12,0,coffee,False,2,5,cycling,12.9,False,2025-10-27 12:17:04.383078,2025-10-27 12:33:00.835692,2025-10-27 12:47:23.029951,15.9,17.4
u09,morning_struggler,1,h0298,2025-10-27 12:30:00,12,0,coffee,False,2,5,cycling,20.9,False,2025-10-27 12:09:03.098306,2025-10-27 12:10:03.617785,2025-10-27 12:31:36.321880,1.0,1.6
u17,unpredictable,1,h0298,2025-10-27 12:30:00,12,0,coffee,False,2,5,driving,35.3,False,2025-10-27 11:54:41.450606,2025-10-27 12:02:31.970647,2025-10-27 12:34:44.543133,7.8,4.7
u21,always_early,1,h0298,2025-10-27 12:30:00,12,0,coffee,False,2,5,driving,26.2,True,2025-10-27 12:03:47.439788,2025-10-27 12:05:45.549821,2025-10-27 12:34:43.254208,2.0,4.7
u06,overbooked,2,h0535,2025-10-27 17:00:00,17,0,food,True,7,4,driving,9.3,False,2025-10-27 16:50:39.340721,2025-10-27 16:58:39.846849,2025-10-27 17:10:24.750927,8.0,10.4
u14,punctual,2,h0535,2025-10-27 17:00:00,17,0,food,True,7,4,walking,8.6,False,2025-10-27 16:51:24.599111,2025-10-27 16:54:47.713205,2025-10-27 17:05:10.921102,3.4,5.2
u18,always_early,2,h0535,2025-10-27 17:00:00,17,0,food,True,7,4,cycling,16.8,False,2025-10-27 16:43:14.027348,2025-10-27 16:42:44.945369,2025-10-27 17:00:22.410625,-0.5,0.4
u22,rain_hater,2,h0535,2025-10-27 17:00:00,17,0,food,True,7,4,walking,23.7,True,2025-10-27 16:36:19.084473,2025-10-27 16:52:22.577791,2025-10-27 17:22:18.681680,16.1,22.3
u01,overbooked,1,h0301,2025-10-28 12:00:00,12,1,study,False,1,6,driving,20.4,True,2025-10-28 11:39:37.300136,2025-10-28 11:55:21.082506,2025-10-28 12:16:50.422297,15.7,16.8
u05,chronically_late,1,h0301,2025-10-28 12:00:00,12,1,study,False,1,6,cycling,22.7,False,2025-10-28 11:37:17.889463,2025-10-28 11:45:20.517892,2025-10-28 12:08:20.488218,8.0,8.3
u09,morning_struggler,1,h0301,2025-10-28 12:00:00,12,1,study,False,1,6,cycling,23.2,False,2025-10-28 11:36:45.051568,2025-10-28 11:35:10.104809,2025-10-28 11:59:55.617645,-1.6,-0.1
u13,rain_hater,1,h0301,2025-10-28 12:00:00,12,1,study,False,1,6,driving,18.0,True,2025-10-28 11:42:02.136361,2025-10-28 12:03:59.031535,2025-10-28 12:24:30.715114,21.9,24.5
u17,unpredictable,1,h0301,2025-10-28 12:00:00,12,1,study,False,1,6,driving,10.3,False,2025-10-28 11:49:40.624461,2025-10-28 11:52:05.439914,2025-10-28 12:02:23.974652,2.4,2.4
u21,always_early,1,h0301,2025-10-28 12:00:00,12,1,study,False,1,6,driving,28.7,False,2025-10-28 11:31:19.335996,2025-10-28 11:26:19.846166,2025-10-28 11:52:42.527322,-5.0,-7.3
u05,chronically_late,1,h0300,2025-10-28 13:30:00,13,1,sports,False,5,3,cycling,23.4,False,2025-10-28 13:06:38.561381,2025-10-28 13:20:32.710627,2025-10-28 13:44:55.206938,13.9,14.9
u17,unpredictable,1,h0300,2025-10-28 13:30:00,13,1,sports,False,5,3,driving,10.7,True,2025-10-28 13:19:15.128068,2025-10-28 13:25:57.632502,2025-10-28 13:38:08.349797,6.7,8.1
u21,always_early,1,h0300,2025-10-28 13:30:00,13,1,sports,False,5,3,driving,29.0,False,2025-10-28 13:00:59.031143,2025-10-28 12:57:39.565040,2025-10-28 13:28:59.227496,-3.3,-1.0
u05,chronically_late,1,h0299,2025-10-28 17:00:00,17,1,sports,False,2,3,cycling,12.8,False,2025-10-28 16:47:12.112974,2025-10-28 16:56:07.426273,2025-10-28 17:07:42.564428,8.9,7.7
u09,morning_struggler,1,h0299,2025-10-28 17:00:00,17,1,sports,False,2,3,cycling,21.7,False,2025-10-28 16:38:17.599368,2025-10-28 16:39:44.406338,2025-10-28 17:02:19.694080,1.4,2.3
u21,always_early,1,h0299,2025-10-28 17:00:00,17,1,sports,False,2,3,driving,9.7,False,2025-10-28 16:50:15.189024,2025-10-28 16:46:48.941632,2025-10-28 16:57:48.741908,-3.4,-2.2
u01,overbooked,1,h0302,2025-10-29 17:00:00,17,2,coffee,True,2,5,driving,12.2,False,2025-10-29 16:47:46.285499,2025-10-29 16:51:42.518563,2025-10-29 17:04:46.411481,3.9,4.8
u05,chronically_late,1,h0302,2025-10-29 17:00:00,17,2,coffee,True,2,5,cycling,13.4,False,2025-10-29 16:46:36.486193,2025-10-29 16:59:43.384057,2025-10-29 17:14:46.749938,13.1,14.8
u09,morning_struggler,1,h0302,2025-10-29 17:00:00,17,2,coffee,True,2,5,cycling,10.0,False,2025-10-29 16:49:58.840721,2025-10-29 16:59:25.405688,2025-10-29 17:11:09.328015,9.4,11.2
u13,rain_hater,1,h0302,2025-10-29 17:00:00,17,2,coffee,True,2,5,driving,20.6,False,2025-10-29 16:39:25.666568,2025-10-29 16:55:54.364155,2025-10-29 17:18:14.910855,16.5,18.2
u21,always_early,1,h0302,2025-10-29 17:00:00,17,2,coffee,True,2,5,driving,39.0,False,2025-10-29 16:21:01.350864,2025-10-29 16:19:16.284411,2025-10-29 17:02:25.746984,-1.8,2.4
u00,overbooked,0,h0049,2025-10-29 20:00:00,20,2,sports,False,5,4,cycling,6.8,True,2025-10-29 19:53:14.291689,2025-10-29 20:12:18.879096,2025-10-29 20:18:45.755077,19.1,18.8
u04,morning_struggler,0,h0049,2025-10-29 20:00:00,20,2,sports,False,5,4,walking,8.3,False,2025-10-29 19:51:43.929960,2025-10-29 19:54:11.543164,2025-10-29 20:02:54.737666,2.5,2.9
u08,chronically_late,0,h0049,2025-10-29 20:00:00,20,2,sports,False,5,4,driving,8.8,False,2025-10-29 19:51:13.976917,2025-10-29 19:59:11.660310,2025-10-29 20:08:35.836737,8.0,8.6
u16,rain_hater,0,h0049,2025-10-29 20:00:00,20,2,sports,False,5,4,driving,12.5,True,2025-10-29 19:47:31.922584,2025-10-29 19:51:00.255329,2025-10-29 20:02:31.630375,3.5,2.5
u02,improving,2,h0536,2025-10-30 11:00:00,11,3,study,False,1,4,walking,5.8,True,2025-10-30 10:54:14.341161,2025-10-30 11:07:40.323308,2025-10-30 11:13:40.454407,13.4,13.7
u10,punctual,2,h0536,2025-10-30 11:00:00,11,3,study,False,1,4,cycling,8.9,True,2025-10-30 10:51:06.287904,2025-10-30 10:53:44.283221,2025-10-30 11:02:00.363944,2.6,2.0
u14,punctual,2,h0536,2025-10-30 11:00:00,11,3,study,False,1,4,walking,16.3,False,2025-10-30 10:43:41.501422,2025-10-30 10:41:58.081662,2025-10-30 10:57:17.975754,-1.7,-2.7
u18,always_early,2,h0536,2025-10-30 11:00:00,11,3,study,False,1,4,cycling,17.7,False,2025-10-30 10:42:20.261220,2025-10-30 10:37:53.165838,2025-10-30 10:56:47.429255,-4.5,-3.2
u03,improving,3,h0781,2025-10-31 12:30:00,12,4,sports,False,7,6,driving,10.7,False,2025-10-31 12:19:20.838904,2025-10-31 12:33:31.660127,2025-10-31 12:43:14.510373,14.2,13.2
u07,unpredictable,3,h0781,2025-10-31 12:30:00,12,4,sports,False,7,6,driving,8.6,False,2025-10-31 12:21:26.939725,2025-10-31 12:28:56.870336,2025-10-31 12:37:08.420944,7.5,7.1
u11,always_early,3,h0781,2025-10-31 12:30:00,12,4,sports,False,7,6,driving,17.0,False,2025-10-31 12:13:02.562754,2025-10-31 12:10:49.221914,2025-10-31 12:28:04.871343,-2.2,-1.9
u15,morning_struggler,3,h0781,2025-10-31 12:30:00,12,4,sports,False,7,6,walking,12.4,False,2025-10-31 12:17:38.931234,2025-10-31 12:19:38.918065,2025-10-31 12:32:54.760484,2.0,2.9
u19,punctual,3,h0781,2025-10-31 12:30:00,12,4,sports,False,7,6,driving,38.2,True,2025-10-31 11:51:45.225099,2025-10-31 11:59:07.260246,2025-10-31 12:37:38.552892,7.4,7.6
u23,chronically_late,3,h0781,2025-10-31 12:30:00,12,4,sports,False,7,6,walking,14.7,False,2025-10-31 12:15:15.371608,2025-10-31 12:27:55.328543,2025-10-31 12:43:40.238331,12.7,13.7
u00,overbooked,0,h0052,2025-10-31 19:00:00,19,4,coffee,False,3,6,cycling,20.8,True,2025-10-31 18:39:10.948378,2025-10-31 18:56:05.226848,2025-10-31 19:18:00.547219,16.9,18.0
u04,morning_struggler,0,h0052,2025-10-31 19:00:00,19,4,coffee,False,3,6,walking,9.4,False,2025-10-31 18:50:37.554929,2025-10-31 18:53:45.796468,2025-10-31 19:04:29.401341,3.1,4.5
u08,chronically_late,0,h0052,2025-10-31 19:00:00,19,4,coffee,False,3,6,driving,19.6,False,2025-10-31 18:40:25.729863,2025-10-31 18:58:01.282045,2025-10-31 19:16:00.857889,17.6,16.0
u12,improving,0,h0052,2025-10-31 19:00:00,19,4,coffee,False,3,6,walking,9.7,True,2025-10-31 18:50:16.367478,2025-10-31 19:05:42.488770,2025-10-31 19:14:36.998180,15.4,14.6
u16,rain_hater,0,h0052,2025-10-31 19:00:00,19,4,coffee,False,3,6,driving,14.2,False,2025-10-31 18:45:45.361457,2025-10-31 18:48:09.234116,2025-10-31 19:02:53.190796,2.4,2.9
u20,unpredictable,0,h0052,2025-10-31 19:00:00,19,4,coffee,False,3,6,driving,9.1,True,2025-10-31 18:50:52.462114,2025-10-31 18:51:01.696104,2025-10-31 19:01:28.043311,0.2,1.5
u00,overbooked,0,h0051,2025-10-31 20:30:00,20,4,food,True,0,6,cycling,22.0,False,2025-10-31 20:07:59.943693,2025-10-31 20:11:57.338611,2025-10-31 20:38:33.077927,4.0,8.6
u04,morning_struggler,0,h0051,2025-10-31 20:30:00,20,4,food,True,0,6,walking,22.3,False,2025-10-31 20:07:39.236351,2025-10-31 20:08:51.773874,2025-10-31 20:36:58.953072,1.2,7.0
u08,chronically_late,0,h0051,2025-10-31 20:30:00,20,4,food,True,0,6,driving,22.2,True,2025-10-31 20:07:45.569175,2025-10-31 20:18:52.822345,2025-10-31 20:42:47.909155,11.1,12.8
u12,improving,0,h0051,2025-10-31 20:30:00,20,4,food,True,0,6,walking,15.9,False,2025-10-31 20:14:05.189167,2025-10-31 20:28:51.830766,2025-10-31 20:48:52.262914,14.8,18.9
u16,rain_hater,0,h0051,2025-10-31 20:30:00,20,4,food,True,0,6,driving,25.1,False,2025-10-31 20:04:52.995546,2025-10-31 20:15:13.712839,2025-10-31 20:42:50.271146,10.3,12.8
u20,unpredictable,0,h0051,2025-10-31 20:30:00,20,4,food,True,0,6,driving,14.1,True,2025-10-31 20:15:56.422096,2025-10-31 20:19:01.551789,2025-10-31 20:33:18.566763,3.1,3.3
u00,overbooked,0,h0050,2025-10-31 21:30:00,21,4,food,False,3,4,cycling,24.9,False,2025-10-31 21:05:07.360984,2025-10-31 21:08:40.359058,2025-10-31 21:35:27.109209,3.5,5.5
u08,chronically_late,0,h0050,2025-10-31 21:30:00,21,4,food,False,3,4,driving,10.6,False,2025-10-31 21:19:24.988262,2025-10-31 21:54:49.867059,2025-10-31 22:06:02.064200,35.4,36.0
u12,improving,0,h0050,2025-10-31 21:30:00,21,4,food,False,3,4,walking,11.0,False,2025-10-31 21:18:57.882160,2025-10-31 21:31:19.577622,2025-10-31 21:43:50.398413,12.4,13.8
u20,unpredictable,0,h0050,2025-10-31 21:30:00,21,4,food,False,3,4,driving,21.7,False,2025-10-31 21:08:16.269847,2025-10-31 21:15:11.073937,2025-10-31 21:37:38.674855,6.9,7.6
u02,improving,2,h0537,2025-11-02 08:30:00,8,6,coffee,False,3,4,walking,18.7,False,2025-11-02 08:11:15.004741,2025-11-02 08:38:34.312966,2025-11-02 08:59:45.286386,27.3,29.8
u10,punctual,2,h0537,2025-11-02 08:30:00,8,6,coffee,False,3,4,cycling,14.6,False,2025-11-02 08:15:23.640438,2025-11-02 08:17:20.134813,2025-11-02 08:31:29.696757,1.9,1.5
u18,always_early,2,h0537,2025-11-02 08:30:00,8,6,coffee,False,3,4,cycling,9.4,False,2025-11-02 08:20:34.873198,2025-11-02 08:20:58.136255,2025-11-02 08:29:41.481603,0.4,-0.3
u22,rain_hater,2,h0537,2025-11-02 08:30:00,8,6,coffee,False,3,4,walking,22.0,False,2025-11-02 08:08:01.137886,2025-11-02 08:15:37.434334,2025-11-02 08:40:18.780473,7.6,10.3
u00,overbooked,0,h0053,2025-11-02 18:30:00,18,6,study,False,6,5,cycling,18.8,True,2025-11-02 18:11:12.947130,2025-11-02 18:31:13.773184,2025-11-02 18:51:31.527544,20.0,21.5
u03,improving,3,h0782,2025-11-02 18:30:00,18,6,coffee,False,1,5,driving,30.5,True,2025-11-02 17:59:27.673512,2025-11-02 18:14:28.783604,2025-11-02 18:42:48.461340,15.0,12.8
u04,morning_struggler,0,h0053,2025-11-02 18:30:00,18,6,study,False,6,5,walking,13.8,False,2025-11-02 18:16:14.590121,2025-11-02 18:18:05.642102,2025-11-02 18:33:07.561949,1.9,3.1
u07,unpredictable,3,h0782,2025-11-02 18:30:00,18,6,coffee,False,1,5,driving,27.1,False,2025-11-02 18:02:56.165577,2025-11-02 18:06:23.056904,2025-11-02 18:31:48.396604,3.4,1.8
u08,chronically_late,0,h0053,2025-11-02 18:30:00,18,6,study,False,6,5,driving,25.3,True,2025-11-02 18:04:42.284751,2025-11-02 18:26:24.770609,2025-11-02 18:53:18.554154,21.7,23.3
u11,always_early,3,h0782,2025-11-02 18:30:00,18,6,coffee,False,1,5,driving,13.8,True,2025-11-02 18:16:14.290750,2025-11-02 18:16:35.253590,2025-11-02 18:31:42.169128,0.3,1.7
u12,improving,0,h0053,2025-11-02 18:30:00,18,6,study,False,6,5,walking,8.4,False,2025-11-02 18:21:37.352350,2025-11-02 18:32:39.973380,2025-11-02 18:40:25.841342,11.0,10.4
u16,rain_hater,0,h0053,2025-11-02 18:30:00,18,6,study,False,6,5,driving,38.4,False,2025-11-02 17:51:38.221235,2025-11-02 17:52:14.170524,2025-11-02 18:28:55.781032,0.6,-1.1
u19,punctual,3,h0782,2025-11-02 18:30:00,18,6,coffee,False,1,5,driving,34.4,False,2025-11-02 17:55:36.449037,2025-11-02 17:59:50.012614,2025-11-02 18:36:49.452912,4.2,6.8
u23,chronically_late,3,h0782,2025-11-02 18:30:00,18,6,coffee,False,1,5,walking,14.9,False,2025-11-02 18:15:07.603304,2025-11-02 18:24:46.711308,2025-11-02 18:40:09.647990,9.7,10.2
u02,improving,2,h0538,2025-11-03 11:30:00,11,0,food,False,4,4,walking,5.4,False,2025-11-03 11:24:33.368459,2025-11-03 11:36:16.414531,2025-11-03 11:41:34.049090,11.7,11.6
u06,overbooked,2,h0538,2025-11-03 11:30:00,11,0,food,False,4,4,driving,26.7,False,2025-11-03 11:03:17.363095,2025-11-03 11:20:49.536658,2025-11-03 11:46:28.996702,17.5,16.5
u14,punctual,2,h0538,2025-11-03 11:30:00,11,0,food,False,4,4,walking,22.8,False,2025-11-03 11:07:12.883078,2025-11-03 11:07:18.374693,2025-11-03 11:29:35.775152,0.1,-0.4
u22,rain_hater,2,h0538,2025-11-03 11:30:00,11,0,food,False,4,4,walking,19.5,False,2025-11-03 11:10:29.998544,2025-11-03 11:14:32.705432,2025-11-03 11:32:48.875650,4.0,2.8
u07,unpredictable,3,h0784,2025-11-03 15:00:00,15,0,sports,False,2,4,driving,8.7,True,2025-11-03 14:51:17.894235,2025-11-03 14:56:26.495373,2025-11-03 15:05:19.662325,5.1,5.3
u11,always_early,3,h0784,2025-11-03 15:00:00,15,0,sports,False,2,4,driving,8.6,False,2025-11-03 14:51:26.438522,2025-11-03 14:48:45.757470,2025-11-03 14:57:22.763848,-2.7,-2.6
u15,morning_struggler,3,h0784,2025-11-03 15:00:00,15,0,sports,False,2,4,walking,10.9,True,2025-11-03 14:49:03.745638,2025-11-03 14:51:50.133831,2025-11-03 15:03:06.970113,2.8,3.1
u19,punctual,3,h0784,2025-11-03 15:00:00,15,0,sports,False,2,4,driving,24.9,True,2025-11-03 14:35:08.059780,2025-11-03 14:38:36.413037,2025-11-03 15:05:13.569825,3.5,5.2
u00,overbooked,0,h0054,2025-11-03 17:30:00,17,0,party,False,4,6,cycling,18.0,True,2025-11-03 17:12:00.585395,2025-11-03 17:33:55.624810,2025-11-03 17:53:08.400260,21.9,23.1
u04,morning_struggler,0,h0054,2025-11-03 17:30:00,17,0,party,False,4,6,walking,6.0,False,2025-11-03 17:23:58.999846,2025-11-03 17:33:38.117117,2025-11-03 17:40:23.949463,9.7,10.4
u08,chronically_late,0,h0054,2025-11-03 17:30:00,17,0,party,False,4,6,driving,39.8,False,2025-11-03 16:50:09.955406,2025-11-03 17:10:07.244952,2025-11-03 17:50:10.295011,20.0,20.2
u12,improving,0,h0054,2025-11-03 17:30:00,17,0,party,False,4,6,walking,14.5,True,2025-11-03 17:15:29.326592,2025-11-03 17:36:01.480590,2025-11-03 17:51:26.175741,20.5,21.4
u16,rain_hater,0,h0054,2025-11-03 17:30:00,17,0,party,False,4,6,driving,33.0,False,2025-11-03 16:56:59.026469,2025-11-03 17:01:59.104933,2025-11-03 17:38:46.022860,5.0,8.8
u20,unpredictable,0,h0054,2025-11-03 17:30:00,17,0,party,False,4,6,driving,10.1,False,2025-11-03 17:19:51.694551,2025-11-03 17:40:46.168631,2025-11-03 17:51:30.608789,20.9,21.5
u01,overbooked,1,h0303,2025-11-03 20:00:00,20,0,food,False,5,5,driving,29.0,True,2025-11-03 19:31:00.667930,2025-11-03 19:50:00.082402,2025-11-03 20:22:35.574245,19.0,22.6
u05,chronically_late,1,h0303,2025-11-03 20:00:00,20,0,food,False,5,5,cycling,21.6,True,2025-11-03 19:38:21.355246,2025-11-03 19:56:02.603822,2025-11-03 20:16:26.394888,17.7,16.4
u09,morning_struggler,1,h0303,2025-11-03 20:00:00,20,0,food,False,5,5,cycling,9.0,False,2025-11-03 19:51:00.282916,2025-11-03 19:57:23.752289,2025-11-03 20:06:35.472698,6.4,6.6
u17,unpredictable,1,h0303,2025-11-03 20:00:00,20,0,food,False,5,5,driving,23.3,True,2025-11-03 19:36:44.670230,2025-11-03 19:43:46.246416,2025-11-03 20:04:54.899128,7.0,4.9
u21,always_early,1,h0303,2025-11-03 20:00:00,20,0,food,False,5,5,driving,20.3,False,2025-11-03 19:39:42.098229,2025-11-03 19:37:16.172808,2025-11-03 19:56:56.359166,-2.4,-3.1
u03,improving,3,h0783,2025-11-03 21:30:00,21,0,sports,False,3,3,driving,30.1,False,2025-11-03 20:59:52.809147,2025-11-03 21:15:24.040536,2025-11-03 21:48:15.207791,15.5,18.3
u07,unpredictable,3,h0783,2025-11-03 21:30:00,21,0,sports,False,3,3,driving,8.9,False,2025-11-03 21:21:05.102990,2025-11-03 21:21:11.696647,2025-11-03 21:30:11.973761,0.1,0.2
u15,morning_struggler,3,h0783,2025-11-03 21:30:00,21,0,sports,False,3,3,walking,23.2,False,2025-11-03 21:06:45.735258,2025-11-03 21:12:21.822909,2025-11-03 21:33:54.091191,5.6,3.9
u02,improving,2,h0540,2025-11-04 19:30:00,19,1,sports,False,2,3,walking,12.8,True,2025-11-04 19:17:13.363168,2025-11-04 19:30:42.357194,2025-11-04 19:43:54.787804,13.5,13.9
u10,punctual,2,h0540,2025-11-04 19:30:00,19,1,sports,False,2,3,cycling,17.5,False,2025-11-04 19:12:27.102680,2025-11-04 19:12:48.341471,2025-11-04 19:30:41.026207,0.4,0.7
u14,punctual,2,h0540,2025-11-04 19:30:00,19,1,sports,False,2,3,walking,10.3,False,2025-11-04 19:19:39.630500,2025-11-04 19:20:21.019947,2025-11-04 19:31:50.183804,0.7,1.8
u02,improving,2,h0539,2025-11-04 21:30:00,21,1,food,False,0,5,walking,8.6,True,2025-11-04 21:21:24.841888,2025-11-04 21:33:45.135723,2025-11-04 21:41:41.394841,12.3,11.7
u06,overbooked,2,h0539,2025-11-04 21:30:00,21,1,food,False,0,5,driving,28.3,True,2025-11-04 21:01:41.409659,2025-11-04 21:22:22.293532,2025-11-04 21:52:04.602610,20.7,22.1
u14,punctual,2,h0539,2025-11-04 21:30:00,21,1,food,False,0,5,walking,10.7,False,2025-11-04 21:19:19.694914,2025-11-04 21:18:56.714656,2025-11-04 21:31:00.926295,-0.4,1.0
u18,always_early,2,h0539,2025-11-04 21:30:00,21,1,food,False,0,5,cycling,16.5,False,2025-11-04 21:13:31.440523,2025-11-04 21:12:37.411045,2025-11-04 21:30:30.581165,-0.9,0.5
u22,rain_hater,2,h0539,2025-11-04 21:30:00,21,1,food,False,0,5,walking,24.8,True,2025-11-04 21:05:09.373756,2025-11-04 21:08:28.171832,2025-11-04 21:32:50.121983,3.3,2.8
u00,overbooked,0,h0055,2025-11-04 22:30:00,22,1,study,False,5,6,cycling,12.8,True,2025-11-04 22:17:12.241800,2025-11-04 22:35:21.440283,2025-11-04 22:47:44.904637,18.2,17.7
u04,morning_struggler,0,h0055,2025-11-04 22:30:00,22,1,study,False,5,6,walking,7.6,True,2025-11-04 22:22:22.613797,2025-11-04 22:26:51.170708,2025-11-04 22:35:08.266015,4.5,5.1
u08,chronically_late,0,h0055,2025-11-04 22:30:00,22,1,study,False,5,6,driving,36.6,True,2025-11-04 21:53:22.199257,2025-11-04 22:21:58.307731,2025-11-04 23:03:41.628414,28.6,33.7
u12,improving,0,h0055,2025-11-04 22:30:00,22,1,study,False,5,6,walking,19.7,False,2025-11-04 22:10:16.112288,2025-11-04 22:20:20.773099,2025-11-04 22:41:46.831458,10.1,11.8
u16,rain_hater,0,h0055,2025-11-04 22:30:00,22,1,study,False,5,6,driving,36.3,False,2025-11-04 21:53:44.974913,2025-11-04 21:57:01.986495,2025-11-04 22:31:14.764606,3.3,1.2
u20,unpredictable,0,h0055,2025-11-04 22:30:00,22,1,study,False,5,6,driving,12.9,True,2025-11-04 22:17:03.507671,2025-11-04 22:26:39.476128,2025-11-04 22:40:01.086305,9.6,10.0
u00,overbooked,0,h0056,2025-11-05 14:30:00,14,2,study,False,1,6,cycling,12.9,True,2025-11-05 14:17:08.675960,2025-11-05 14:33:05.201635,2025-11-05 14:45:54.994601,15.9,15.9
u04,morning_struggler,0,h0056,2025-11-05 14:30:00,14,2,study,False,1,6,walking,9.8,False,2025-11-05 14:20:10.887460,2025-11-05 14:27:25.617823,2025-11-05 14:36:55.997222,7.2,6.9
u08,chronically_late,0,h0056,2025-11-05 14:30:00,14,2,study,False,1,6,driving,34.1,False,2025-11-05 13:55:55.059655,2025-11-05 14:03:29.354131,2025-11-05 14:36:12.881858,7.6,6.2
u12,improving,0,h0056,2025-11-05 14:30:00,14,2,study,False,1,6,walking,6.4,False,2025-11-05 14:23:36.082042,2025-11-05 14:35:36.298297,2025-11-05 14:42:33.616170,12.0,12.6
u16,rain_hater,0,h0056,2025-11-05 14:30:00,14,2,study,False,1,6,driving,15.6,False,2025-11-05 14:14:26.885256,2025-11-05 14:13:42.102724,2025-11-05 14:29:38.062882,-0.7,-0.4
u20,unpredictable,0,h0056,2025-11-05 14:30:00,14,2,study,False,1,6,driving,12.2,False,2025-11-05 14:17:48.690565,2025-11-05 14:27:13.583343,2025-11-05 14:39:19.275013,9.4,9.3
u03,improving,3,h0785,2025-11-05 20:00:00,20,2,party,False,1,3,driving,13.7,True,2025-11-05 19:46:18.438151,2025-11-05 20:02:34.312962,2025-11-05 20:15:25.923378,16.3,15.4
u07,unpredictable,3,h0785,2025-11-05 20:00:00,20,2,party,False,1,3,driving,8.5,False,2025-11-05 19:51:32.637102,2025-11-05 19:51:03.011338,2025-11-05 20:00:40.861035,-0.5,0.7
u19,punctual,3,h0785,2025-11-05 20:00:00,20,2,party,False,1,3,driving,27.0,False,2025-11-05 19:33:01.125939,2025-11-05 19:36:09.936601,2025-11-05 20:02:17.453688,3.1,2.3
u02,improving,2,h0541,2025-11-05 21:30:00,21,2,study,False,3,4,walking,20.4,False,2025-11-05 21:09:38.387590,2025-11-05 21:20:45.744493,2025-11-05 21:40:06.717584,11.1,10.1
u06,overbooked,2,h0541,2025-11-05 21:30:00,21,2,study,False,3,4,driving,34.5,False,2025-11-05 20:55:28.552317,2025-11-05 20:58:00.473356,2025-11-05 21:29:40.786041,2.5,-0.3
u18,always_early,2,h0541,2025-11-05 21:30:00,21,2,study,False,3,4,cycling,22.1,True,2025-11-05 21:07:56.449571,2025-11-05 21:09:01.490825,2025-11-05 21:33:14.704262,1.1,3.2
u22,rain_hater,2,h0541,2025-11-05 21:30:00,21,2,study,False,3,4,walking,6.1,False,2025-11-05 21:23:52.735631,2025-11-05 21:24:29.636144,2025-11-05 21:30:36.442663,0.6,0.6
u01,overbooked,1,h0305,2025-11-06 11:00:00,11,3,food,False,7,4,driving,14.9,False,2025-11-06 10:45:05.106166,2025-11-06 10:47:21.540071,2025-11-06 11:04:07.900948,2.3,4.1
u05,chronically_late,1,h0305,2025-11-06 11:00:00,11,3,food,False,7,4,cycling,13.4,False,2025-11-06 10:46:35.498003,2025-11-06 11:01:33.447039,2025-11-06 11:14:28.739868,15.0,14.5
u09,morning_struggler,1,h0305,2025-11-06 11:00:00,11,3,food,False,7,4,cycling,24.2,False,2025-11-06 10:35:46.283903,2025-11-06 10:37:34.866400,2025-11-06 11:00:40.065635,1.8,0.7
u21,always_early,1,h0305,2025-11-06 11:00:00,11,3,food,False,7,4,driving,18.3,False,2025-11-06 10:41:43.093530,2025-11-06 10:39:15.216158,2025-11-06 10:55:46.183029,-2.5,-4.2
u00,overbooked,0,h0057,2025-11-06 18:00:00,18,3,sports,False,3,5,cycling,22.6,False,2025-11-06 17:37:24.880301,2025-11-06 17:42:16.825750,2025-11-06 18:04:52.508377,4.9,4.9
u04,morning_struggler,0,h0057,2025-11-06 18:00:00,18,3,sports,False,3,5,walking,9.5,False,2025-11-06 17:50:29.786801,2025-11-06 17:50:29.188500,2025-11-06 18:01:24.195854,-0.0,1.4
u08,chronically_late,0,h0057,2025-11-06 18:00:00,18,3,sports,False,3,5,driving,8.5,False,2025-11-06 17:51:29.653334,2025-11-06 18:05:05.030121,2025-11-06 18:13:36.316130,13.6,13.6
u16,rain_hater,0,h0057,2025-11-06 18:00:00,18,3,sports,False,3,5,driving,37.1,False,2025-11-06 17:22:55.472167,2025-11-06 17:27:33.349249,2025-11-06 18:01:40.556632,4.6,1.7
u20,unpredictable,0,h0057,2025-11-06 18:00:00,18,3,sports,False,3,5,driving,26.2,False,2025-11-06 17:33:49.118686,2025-11-06 17:32:41.398732,2025-11-06 17:56:57.863768,-1.1,-3.0
u02,improving,2,h0542,2025-11-06 19:30:00,19,3,sports,True,3,3,walking,9.3,True,2025-11-06 19:20:40.204605,2025-11-06 19:36:24.272608,2025-11-06 19:46:39.192037,15.7,16.7
u03,improving,3,h0786,2025-11-06 19:30:00,19,3,coffee,False,0,5,driving,16.9,False,2025-11-06 19:13:05.652093,2025-11-06 19:26:06.733957,2025-11-06 19:42:49.269368,13.0,12.8
u06,overbooked,2,h0542,2025-11-06 19:30:00,19,3,sports,True,3,3,driving,30.2,False,2025-11-06 18:59:49.965689,2025-11-06 19:05:35.018842,2025-11-06 19:40:39.386173,5.8,10.7
u07,unpredictable,3,h0786,2025-11-06 19:30:00,19,3,coffee,False,0,5,driving,37.9,False,2025-11-06 18:52:04.177766,2025-11-06 19:05:29.763343,2025-11-06 19:40:11.848873,13.4,10.2
u11,always_early,3,h0786,2025-11-06 19:30:00,19,3,coffee,False,0,5,driving,34.0,True,2025-11-06 18:55:57.911051,2025-11-06 18:54:24.948837,2025-11-06 19:29:57.527518,-1.5,-0.0
u14,punctual,2,h0542,2025-11-06 19:30:00,19,3,sports,True,3,3,walking,9.4,False,2025-11-06 19:20:38.199244,2025-11-06 19:24:38.818348,2025-11-06 19:34:55.251087,4.0,4.9
u19,punctual,3,h0786,2025-11-06 19:30:00,19,3,coffee,False,0,5,driving,23.7,False,2025-11-06 19:06:17.912463,2025-11-06 19:06:20.772155,2025-11-06 19:33:33.956100,0.0,3.6
u23,chronically_late,3,h0786,2025-11-06 19:30:00,19,3,coffee,False,0,5,walking,8.0,False,2025-11-06 19:22:01.250148,2025-11-06 19:32:37.956137,2025-11-06 19:40:53.755604,10.6,10.9
u05,chronically_late,1,h0304,2025-11-06 20:00:00,20,3,party,False,7,4,cycling,22.0,False,2025-11-06 19:38:02.010829,2025-11-06 19:59:52.607646,2025-11-06 20:22:39.482631,21.8,22.7
u09,morning_struggler,1,h0304,2025-11-06 20:00:00,20,3,party,False,7,4,cycling,12.7,False,2025-11-06 19:47:20.406465,2025-11-06 19:53:34.532158,2025-11-06 20:07:57.619710,6.2,8.0
u13,rain_hater,1,h0304,2025-11-06 20:00:00,20,3,party,False,7,4,driving,12.7,True,2025-11-06 19:47:19.885018,2025-11-06 19:58:22.586812,2025-11-06 20:11:07.605021,11.0,11.1
u21,always_early,1,h0304,2025-11-06 20:00:00,20,3,party,False,7,4,driving,10.0,True,2025-11-06 19:49:59.607192,2025-11-06 19:54:58.014630,2025-11-06 20:05:20.833534,5.0,5.3
u02,improving,2,h0543,2025-11-07 12:00:00,12,4,sports,False,6,6,walking,20.7,False,2025-11-07 11:39:16.014450,2025-11-07 11:52:02.979149,2025-11-07 12:13:42.141357,12.8,13.7
u06,overbooked,2,h0543,2025-11-07 12:00:00,12,4,sports,False,6,6,driving,26.7,True,2025-11-07 11:33:16.486313,2025-11-07 11:52:10.853309,2025-11-07 12:18:54.255330,18.9,18.9
u10,punctual,2,h0543,2025-11-07 12:00:00,12,4,sports,False,6,6,cycling,14.6,False,2025-11-07 11:45:23.581889,2025-11-07 11:52:06.528244,2025-11-07 12:06:12.422051,6.7,6.2
u14,punctual,2,h0543,2025-11-07 12:00:00,12,4,sports,False,6,6,walking,21.8,False,2025-11-07 11:38:12.343986,2025-11-07 11:40:10.073344,2025-11-07 12:03:37.121746,2.0,3.6
u18,always_early,2,h0543,2025-11-07 12:00:00,12,4,sports,False,6,6,cycling,10.4,True,2025-11-07 11:49:35.573808,2025-11-07 11:49:36.059278,2025-11-07 12:00:08.149464,0.0,0.1
u22,rain_hater,2,h0543,2025-11-07 12:00:00,12,4,sports,False,6,6,walking,12.8,True,2025-11-07 11:47:13.672392,2025-11-07 11:52:33.730293,2025-11-07 12:05:28.329073,5.3,5.5
u09,morning_struggler,1,h0306,2025-11-07 19:00:00,19,4,study,True,5,3,cycling,11.4,False,2025-11-07 18:48:37.664195,2025-11-07 18:50:39.499999,2025-11-07 19:02:30.050132,2.0,2.5
u13,rain_hater,1,h0306,2025-11-07 19:00:00,19,4,study,True,5,3,driving,29.1,False,2025-11-07 18:30:56.268009,2025-11-07 18:47:35.541782,2025-11-07 19:23:22.685418,16.7,23.4
u17,unpredictable,1,h0306,2025-11-07 19:00:00,19,4,study,True,5,3,driving,22.8,True,2025-11-07 18:37:13.956342,2025-11-07 18:55:03.973678,2025-11-07 19:18:50.664517,17.8,18.8
u03,improving,3,h0787,2025-11-07 19:30:00,19,4,coffee,False,0,3,driving,24.8,True,2025-11-07 19:05:14.175445,2025-11-07 19:22:09.823321,2025-11-07 19:48:05.483091,16.9,18.1
u15,morning_struggler,3,h0787,2025-11-07 19:30:00,19,4,coffee,False,0,3,walking,23.2,False,2025-11-07 19:06:49.164566,2025-11-07 19:06:42.640925,2025-11-07 19:31:07.873645,-0.1,1.1
u19,punctual,3,h0787,2025-11-07 19:30:00,19,4,coffee,False,0,3,driving,33.6,True,2025-11-07 18:56:24.228654,2025-11-07 18:59:30.461230,2025-11-07 19:36:48.175160,3.1,6.8
u02,improving,2,h0544,2025-11-08 18:00:00,18,5,party,True,0,5,walking,5.1,False,2025-11-08 17:54:54.592683,2025-11-08 18:11:01.091787,2025-11-08 18:16:55.646786,16.1,16.9
u06,overbooked,2,h0544,2025-11-08 18:00:00,18,5,party,True,0,5,driving,11.1,False,2025-11-08 17:48:55.292060,2025-11-08 17:58:40.297110,2025-11-08 18:11:03.948754,9.8,11.1
u10,punctual,2,h0544,2025-11-08 18:00:00,18,5,party,True,0,5,cycling,13.0,False,2025-11-08 17:47:01.225468,2025-11-08 17:55:38.277746,2025-11-08 18:09:44.152515,8.6,9.7
u18,always_early,2,h0544,2025-11-08 18:00:00,18,5,party,True,0,5,cycling,8.0,False,2025-11-08 17:51:57.029091,2025-11-08 17:55:42.273005,2025-11-08 18:05:23.838750,3.8,5.4
u22,rain_hater,2,h0544,2025-11-08 18:00:00,18,5,party,True,0,5,walking,5.1,False,2025-11-08 17:54:52.487959,2025-11-08 18:15:35.351220,2025-11-08 18:20:50.645078,20.7,20.8
u02,improving,2,h0545,2025-11-09 18:00:00,18,6,coffee,False,2,3,walking,21.6,True,2025-11-09 17:38:23.026266,2025-11-09 17:53:57.722723,2025-11-09 18:14:56.273369,15.6,14.9
u10,punctual,2,h0545,2025-11-09 18:00:00,18,6,coffee,False,2,3,cycling,16.5,False,2025-11-09 17:43:31.187158,2025-11-09 17:43:30.404929,2025-11-09 18:00:46.519412,-0.0,0.8
u22,rain_hater,2,h0545,2025-11-09 18:00:00,18,6,coffee,False,2,3,walking,9.9,True,2025-11-09 17:50:07.866340,2025-11-09 17:56:18.398417,2025-11-09 18:06:10.715567,6.2,6.2
u01,overbooked,1,h0308,2025-11-09 18:30:00,18,6,party,False,5,6,driving,34.0,True,2025-11-09 17:55:57.175766,2025-11-09 18:16:15.203816,2025-11-09 18:50:11.545457,20.3,20.2
u05,chronically_late,1,h0308,2025-11-09 18:30:00,18,6,party,False,5,6,cycling,23.2,False,2025-11-09 18:06:46.914060,2025-11-09 18:21:26.271398,2025-11-09 18:43:34.157987,14.7,13.6
u09,morning_struggler,1,h0308,2025-11-09 18:30:00,18,6,party,False,5,6,cycling,23.3,False,2025-11-09 18:06:44.495649,2025-11-09 18:12:22.359157,2025-11-09 18:37:46.535042,5.6,7.8
u13,rain_hater,1,h0308,2025-11-09 18:30:00,18,6,party,False,5,6,driving,24.7,False,2025-11-09 18:05:18.950004,2025-11-09 18:11:20.642307,2025-11-09 18:36:10.784483,6.0,6.2
u17,unpredictable,1,h0308,2025-11-09 18:30:00,18,6,party,False,5,6,driving,28.9,False,2025-11-09 18:01:06.000638,2025-11-09 18:18:34.085009,2025-11-09 18:44:51.338170,17.5,14.9
u21,always_early,1,h0308,2025-11-09 18:30:00,18,6,party,False,5,6,driving,13.8,False,2025-11-09 18:16:14.027186,2025-11-09 18:19:00.748271,2025-11-09 18:32:00.741999,2.8,2.0
u01,overbooked,1,h0307,2025-11-09 22:30:00,22,6,food,False,7,6,driving,37.3,False,2025-11-09 21:52:40.614293,2025-11-09 21:59:52.682655,2025-11-09 22:40:07.828956,7.2,10.1
u05,chronically_late,1,h0307,2025-11-09 22:30:00,22,6,food,False,7,6,cycling,13.0,False,2025-11-09 22:16:58.856315,2025-11-09 22:31:45.816695,2025-11-09 22:44:15.700598,14.8,14.3
u09,morning_struggler,1,h0307,2025-11-09 22:30:00,22,6,food,False,7,6,cycling,14.2,True,2025-11-09 22:15:45.070386,2025-11-09 22:20:47.969882,2025-11-09 22:34:25.227620,5.0,4.4
u13,rain_hater,1,h0307,2025-11-09 22:30:00,22,6,food,False,7,6,driving,12.9,True,2025-11-09 22:17:04.181896,2025-11-09 22:24:01.933077,2025-11-09 22:37:44.738243,7.0,7.7
u17,unpredictable,1,h0307,2025-11-09 22:30:00,22,6,food,False,7,6,driving,28.7,False,2025-11-09 22:01:16.052733,2025-11-09 22:05:46.700164,2025-11-09 22:31:42.417353,4.5,1.7
u21,always_early,1,h0307,2025-11-09 22:30:00,22,6,food,False,7,6,driving,18.1,False,2025-11-09 22:11:56.800105,2025-11-09 22:10:47.507187,2025-11-09 22:31:21.222908,-1.2,1.4
u01,overbooked,1,h0309,2025-11-10 14:00:00,14,0,coffee,False,6,3,driving,31.8,True,2025-11-10 13:28:11.949728,2025-11-10 13:47:01.998378,2025-11-10 14:20:54.911145,18.8,20.9
u13,rain_hater,1,h0309,2025-11-10 14:00:00,14,0,coffee,False,6,3,driving,8.7,False,2025-11-10 13:51:18.426480,2025-11-10 13:53:02.552629,2025-11-10 14:02:49.185334,1.7,2.8
u21,always_early,1,h0309,2025-11-10 14:00:00,14,0,coffee,False,6,3,driving,8.8,False,2025-11-10 13:51:13.823087,2025-11-10 13:48:15.231688,2025-11-10 13:56:33.550871,-3.0,-3.4
u00,overbooked,0,h0058,2025-11-11 13:30:00,13,1,sports,False,4,4,cycling,16.6,True,2025-11-11 13:13:25.017969,2025-11-11 13:32:25.227069,2025-11-11 13:48:09.262421,19.0,18.2
u04,morning_struggler,0,h0058,2025-11-11 13:30:00,13,1,sports,False,4,4,walking,10.3,False,2025-11-11 13:19:42.345947,2025-11-11 13:22:10.110257,2025-11-11 13:33:10.646273,2.5,3.2
u16,rain_hater,0,h0058,2025-11-11 13:30:00,13,1,sports,False,4,4,driving,9.9,False,2025-11-11 13:20:08.744938,2025-11-11 13:21:45.302112,2025-11-11 13:32:40.726217,1.6,2.7
u20,unpredictable,0,h0058,2025-11-11 13:30:00,13,1,sports,False,4,4,driving,29.8,True,2025-11-11 13:00:11.847412,2025-11-11 13:13:17.071114,2025-11-11 13:46:09.398144,13.1,16.2
u03,improving,3,h0788,2025-11-11 16:30:00,16,1,food,False,5,6,driving,24.9,False,2025-11-11 16:05:05.436120,2025-11-11 16:19:54.128334,2025-11-11 16:44:55.007929,14.8,14.9
u07,unpredictable,3,h0788,2025-11-11 16:30:00,16,1,food,False,5,6,driving,22.8,False,2025-11-11 16:07:11.207196,2025-11-11 16:20:07.576320,2025-11-11 16:45:08.463204,12.9,15.1
u11,always_early,3,h0788,2025-11-11 16:30:00,16,1,food,False,5,6,driving,36.7,False,2025-11-11 15:53:15.878588,2025-11-11 15:53:29.877743,2025-11-11 16:29:16.808162,0.2,-0.7
u15,morning_struggler,3,h0788,2025-11-11 16:30:00,16,1,food,False,5,6,walking,7.5,False,2025-11-11 16:22:32.647380,2025-11-11 16:26:29.405875,2025-11-11 16:34:48.602430,3.9,4.8
u19,punctual,3,h0788,2025-11-11 16:30:00,16,1,food,False,5,6,driving,33.3,False,2025-11-11 15:56:40.079102,2025-11-11 15:58:44.177964,2025-11-11 16:30:22.276799,2.1,0.4
u23,chronically_late,3,h0788,2025-11-11 16:30:00,16,1,food,False,5,6,walking,19.5,True,2025-11-11 16:10:30.693817,2025-11-11 16:24:13.470899,2025-11-11 16:42:01.333656,13.7,12.0
u05,chronically_late,1,h0310,2025-11-11 17:00:00,17,1,sports,False,4,4,cycling,16.4,True,2025-11-11 16:43:38.496347,2025-11-11 16:55:03.701668,2025-11-11 17:12:42.826752,11.4,12.7
u09,morning_struggler,1,h0310,2025-11-11 17:00:00,17,1,sports,False,4,4,cycling,6.4,True,2025-11-11 16:53:37.548437,2025-11-11 17:04:07.733636,2025-11-11 17:10:36.123269,10.5,10.6
u13,rain_hater,1,h0310,2025-11-11 17:00:00,17,1,sports,False,4,4,driving,24.4,False,2025-11-11 16:35:36.037704,2025-11-11 16:37:12.627113,2025-11-11 17:01:22.925025,1.6,1.4
u17,unpredictable,1,h0310,2025-11-11 17:00:00,17,1,sports,False,4,4,driving,35.1,False,2025-11-11 16:24:51.310948,2025-11-11 16:41:07.232199,2025-11-11 17:18:03.035640,16.3,18.1
u07,unpredictable,3,h0789,2025-11-11 17:30:00,17,1,party,False,6,3,driving,30.8,True,2025-11-11 16:59:13.309374,2025-11-11 17:16:42.979142,2025-11-11 17:50:59.895254,17.5,21.0
u19,punctual,3,h0789,2025-11-11 17:30:00,17,1,party,False,6,3,driving,32.9,True,2025-11-11 16:57:03.351066,2025-11-11 17:04:34.903592,2025-11-11 17:39:51.498508,7.5,9.9
u23,chronically_late,3,h0789,2025-11-11 17:30:00,17,1,party,False,6,3,walking,7.1,True,2025-11-11 17:22:51.275982,2025-11-11 17:42:24.529230,2025-11-11 17:48:50.957254,19.6,18.8
u10,punctual,2,h0546,2025-11-11 22:00:00,22,1,sports,True,2,3,cycling,21.7,True,2025-11-11 21:38:16.788106,2025-11-11 21:43:52.376959,2025-11-11 22:09:19.454480,5.6,9.3
u14,punctual,2,h0546,2025-11-11 22:00:00,22,1,sports,True,2,3,walking,22.3,False,2025-11-11 21:37:39.706692,2025-11-11 21:40:01.890259,2025-11-11 22:06:35.225025,2.4,6.6
u22,rain_hater,2,h0546,2025-11-11 22:00:00,22,1,sports,True,2,3,walking,7.9,False,2025-11-11 21:52:05.119360,2025-11-11 22:11:43.990641,2025-11-11 22:19:36.270939,19.6,19.6
u10,punctual,2,h0547,2025-11-11 22:30:00,22,1,party,False,7,4,cycling,7.1,True,2025-11-11 22:22:54.089641,2025-11-11 22:31:39.292977,2025-11-11 22:38:43.240473,8.8,8.7
u14,punctual,2,h0547,2025-11-11 22:30:00,22,1,party,False,7,4,walking,14.7,False,2025-11-11 22:15:16.664999,2025-11-11 22:21:47.994342,2025-11-11 22:35:31.890778,6.5,5.5
u18,always_early,2,h0547,2025-11-11 22:30:00,22,1,party,False,7,4,cycling,15.4,False,2025-11-11 22:14:38.660687,2025-11-11 22:15:53.672995,2025-11-11 22:31:46.254748,1.3,1.8
u22,rain_hater,2,h0547,2025-11-11 22:30:00,22,1,party,False,7,4,walking,22.2,False,2025-11-11 22:07:45.077457,2025-11-11 22:11:59.701055,2025-11-11 22:35:51.522861,4.2,5.9
u10,punctual,2,h0548,2025-11-12 09:30:00,9,2,coffee,False,1,3,cycling,21.2,True,2025-11-12 09:08:47.571849,2025-11-12 09:13:19.144552,2025-11-12 09:32:55.365173,4.5,2.9
u14,punctual,2,h0548,2025-11-12 09:30:00,9,2,coffee,False,1,3,walking,12.3,False,2025-11-12 09:17:43.817950,2025-11-12 09:22:53.130227,2025-11-12 09:34:58.478735,5.2,5.0
u22,rain_hater,2,h0548,2025-11-12 09:30:00,9,2,coffee,False,1,3,walking,6.1,True,2025-11-12 09:23:56.966413,2025-11-12 09:32:13.058982,2025-11-12 09:38:55.638355,8.3,8.9
u01,overbooked,1,h0311,2025-11-12 12:00:00,12,2,food,False,4,6,driving,24.2,False,2025-11-12 11:35:45.591138,2025-11-12 11:39:03.867878,2025-11-12 12:02:30.309893,3.3,2.5
u05,chronically_late,1,h0311,2025-11-12 12:00:00,12,2,food,False,4,6,cycling,16.5,False,2025-11-12 11:43:32.101958,2025-11-12 11:53:26.206157,2025-11-12 12:08:28.808391,9.9,8.5
u09,morning_struggler,1,h0311,2025-11-12 12:00:00,12,2,food,False,4,6,cycling,13.4,True,2025-11-12 11:46:33.941654,2025-11-12 11:53:07.167294,2025-11-12 12:08:26.382779,6.6,8.4
u13,rain_hater,1,h0311,2025-11-12 12:00:00,12,2,food,False,4,6,driving,11.6,True,2025-11-12 11:48:24.249842,2025-11-12 11:53:44.998588,2025-11-12 12:06:07.934597,5.3,6.1
u17,unpredictable,1,h0311,2025-11-12 12:00:00,12,2,food,False,4,6,driving,20.3,True,2025-11-12 11:39:44.757148,2025-11-12 11:40:13.618081,2025-11-12 11:58:53.807466,0.5,-1.1
u21,always_early,1,h0311,2025-11-12 12:00:00,12,2,food,False,4,6,driving,38.3,False,2025-11-12 11:21:42.630826,2025-11-12 11:18:37.102705,2025-11-12 12:02:25.365854,-3.1,2.4
u01,overbooked,1,h0312,2025-11-12 14:30:00,14,2,coffee,False,1,6,driving,37.0,False,2025-11-12 13:53:00.131778,2025-11-12 13:55:01.495868,2025-11-12 14:37:06.553214,2.0,7.1
u05,chronically_late,1,h0312,2025-11-12 14:30:00,14,2,coffee,False,1,6,cycling,23.4,True,2025-11-12 14:06:37.998314,2025-11-12 14:15:53.071421,2025-11-12 14:39:29.092273,9.3,9.5
u09,morning_struggler,1,h0312,2025-11-12 14:30:00,14,2,coffee,False,1,6,cycling,23.2,True,2025-11-12 14:06:50.891814,2025-11-12 14:11:55.253629,2025-11-12 14:34:52.891078,5.1,4.9
u13,rain_hater,1,h0312,2025-11-12 14:30:00,14,2,coffee,False,1,6,driving,17.6,False,2025-11-12 14:12:25.652945,2025-11-12 14:12:30.061455,2025-11-12 14:32:14.455844,0.1,2.2
u17,unpredictable,1,h0312,2025-11-12 14:30:00,14,2,coffee,False,1,6,driving,17.5,False,2025-11-12 14:12:32.131459,2025-11-12 14:12:02.952078,2025-11-12 14:30:32.089616,-0.5,0.5
u21,always_early,1,h0312,2025-11-12 14:30:00,14,2,coffee,False,1,6,driving,10.4,False,2025-11-12 14:19:34.733832,2025-11-12 14:15:47.969055,2025-11-12 14:27:44.083861,-3.8,-2.3
u12,improving,0,h0060,2025-11-12 18:00:00,18,2,coffee,False,5,3,walking,20.1,True,2025-11-12 17:39:54.512234,2025-11-12 18:00:33.110154,2025-11-12 18:19:38.493045,20.6,19.6
u16,rain_hater,0,h0060,2025-11-12 18:00:00,18,2,coffee,False,5,3,driving,13.9,False,2025-11-12 17:46:04.079476,2025-11-12 17:49:38.234731,2025-11-12 18:04:56.924019,3.6,4.9
u20,unpredictable,0,h0060,2025-11-12 18:00:00,18,2,coffee,False,5,3,driving,20.9,False,2025-11-12 17:39:05.559546,2025-11-12 17:59:21.813650,2025-11-12 18:21:59.687501,20.3,22.0
u00,overbooked,0,h0059,2025-11-12 20:00:00,20,2,study,False,2,6,cycling,10.0,True,2025-11-12 19:50:02.882196,2025-11-12 20:07:49.286881,2025-11-12 20:16:59.985046,17.8,17.0
u04,morning_struggler,0,h0059,2025-11-12 20:00:00,20,2,study,False,2,6,walking,20.4,False,2025-11-12 19:39:33.780788,2025-11-12 19:38:25.029387,2025-11-12 19:57:53.945822,-1.1,-2.1
u08,chronically_late,0,h0059,2025-11-12 20:00:00,20,2,study,False,2,6,driving,14.3,False,2025-11-12 19:45:44.648011,2025-11-12 19:51:57.333208,2025-11-12 20:07:51.438667,6.2,7.9
u12,improving,0,h0059,2025-11-12 20:00:00,20,2,study,False,2,6,walking,12.9,False,2025-11-12 19:47:05.718415,2025-11-12 19:55:16.673542,2025-11-12 20:07:30.080109,8.2,7.5
u16,rain_hater,0,h0059,2025-11-12 20:00:00,20,2,study,False,2,6,driving,8.1,False,2025-11-12 19:51:51.732911,2025-11-12 19:50:15.409688,2025-11-12 19:57:39.567255,-1.6,-2.3
u20,unpredictable,0,h0059,2025-11-12 20:00:00,20,2,study,False,2,6,driving,21.8,False,2025-11-12 19:38:14.482464,2025-11-12 19:40:59.597341,2025-11-12 20:04:47.765340,2.8,4.8
u08,chronically_late,0,h0061,2025-11-13 21:30:00,21,3,sports,False,4,4,driving,35.1,False,2025-11-13 20:54:54.391583,2025-11-13 21:03:54.538542,2025-11-13 21:36:54.832501,9.0,6.9
u12,improving,0,h0061,2025-11-13 21:30:00,21,3,sports,False,4,4,walking,17.8,False,2025-11-13 21:12:12.899592,2025-11-13 21:29:05.068830,2025-11-13 21:49:10.197500,16.9,19.2
u16,rain_hater,0,h0061,2025-11-13 21:30:00,21,3,sports,False,4,4,driving,35.2,False,2025-11-13 20:54:46.085529,2025-11-13 21:01:45.505538,2025-11-13 21:33:54.735751,7.0,3.9
u20,unpredictable,0,h0061,2025-11-13 21:30:00,21,3,sports,False,4,4,driving,12.3,False,2025-11-13 21:17:40.726856,2025-11-13 21:25:38.406848,2025-11-13 21:37:25.279402,8.0,7.4
u06,overbooked,2,h0549,2025-11-15 18:00:00,18,5,sports,False,7,5,driving,14.7,True,2025-11-15 17:45:19.915955,2025-11-15 18:05:58.443859,2025-11-15 18:21:44.678523,20.6,21.7
u10,punctual,2,h0549,2025-11-15 18:00:00,18,5,sports,False,7,5,cycling,9.8,False,2025-11-15 17:50:13.711582,2025-11-15 17:52:11.727669,2025-11-15 18:02:21.839196,2.0,2.4
u14,punctual,2,h0549,2025-11-15 18:00:00,18,5,sports,False,7,5,walking,7.5,False,2025-11-15 17:52:30.804350,2025-11-15 17:55:48.953227,2025-11-15 18:03:11.997820,3.3,3.2
u18,always_early,2,h0549,2025-11-15 18:00:00,18,5,sports,False,7,5,cycling,16.3,False,2025-11-15 17:43:43.737636,2025-11-15 17:41:20.537732,2025-11-15 17:59:47.111893,-2.4,-0.2
u22,rain_hater,2,h0549,2025-11-15 18:00:00,18,5,sports,False,7,5,walking,15.3,True,2025-11-15 17:44:42.537958,2025-11-15 17:51:59.203980,2025-11-15 18:06:10.044024,7.3,6.2
u02,improving,2,h0550,2025-11-16 08:00:00,8,6,sports,False,1,6,walking,17.6,True,2025-11-16 07:42:25.117572,2025-11-16 07:57:19.201883,2025-11-16 08:15:11.730576,14.9,15.2
u06,overbooked,2,h0550,2025-11-16 08:00:00,8,6,sports,False,1,6,driving,29.1,False,2025-11-16 07:30:55.776727,2025-11-16 07:38:15.934063,2025-11-16 08:07:26.653573,7.3,7.4
u10,punctual,2,h0550,2025-11-16 08:00:00,8,6,sports,False,1,6,cycling,6.5,False,2025-11-16 07:53:30.116573,2025-11-16 07:56:29.194377,2025-11-16 08:03:09.845082,3.0,3.2
u14,punctual,2,h0550,2025-11-16 08:00:00,8,6,sports,False,1,6,walking,9.1,False,2025-11-16 07:50:53.045590,2025-11-16 07:52:43.039691,2025-11-16 08:01:34.307351,1.8,1.6
u18,always_early,2,h0550,2025-11-16 08:00:00,8,6,sports,False,1,6,cycling,10.7,False,2025-11-16 07:49:16.919649,2025-11-16 07:47:25.886263,2025-11-16 07:58:08.519738,-1.9,-1.9
u22,rain_hater,2,h0550,2025-11-16 08:00:00,8,6,sports,False,1,6,walking,13.8,False,2025-11-16 07:46:10.228735,2025-11-16 07:50:32.318710,2025-11-16 08:03:03.844945,4.4,3.1
u11,always_early,3,h0790,2025-11-17 19:30:00,19,0,coffee,True,4,4,driving,30.0,False,2025-11-17 19:00:02.363798,2025-11-17 18:58:39.631885,2025-11-17 19:33:20.825718,-1.4,3.3
u15,morning_struggler,3,h0790,2025-11-17 19:30:00,19,0,coffee,True,4,4,walking,11.8,False,2025-11-17 19:18:13.206273,2025-11-17 19:22:16.823661,2025-11-17 19:35:50.635966,4.1,5.8
u19,punctual,3,h0790,2025-11-17 19:30:00,19,0,coffee,True,4,4,driving,9.7,True,2025-11-17 19:20:16.151284,2025-11-17 19:25:51.481504,2025-11-17 19:36:49.742553,5.6,6.8
u23,chronically_late,3,h0790,2025-11-17 19:30:00,19,0,coffee,True,4,4,walking,12.0,False,2025-11-17 19:18:00.258075,2025-11-17 19:27:05.983799,2025-11-17 19:39:30.205569,9.1,9.5
u03,improving,3,h0791,2025-11-17 20:00:00,20,0,food,False,3,4,driving,16.1,True,2025-11-17 19:43:56.736626,2025-11-17 20:04:13.411536,2025-11-17 20:20:16.252014,20.3,20.3
u07,unpredictable,3,h0791,2025-11-17 20:00:00,20,0,food,False,3,4,driving,36.8,False,2025-11-17 19:23:13.824294,2025-11-17 19:23:39.566966,2025-11-17 20:03:13.563109,0.4,3.2
u19,punctual,3,h0791,2025-11-17 20:00:00,20,0,food,False,3,4,driving,24.9,True,2025-11-17 19:35:08.030458,2025-11-17 19:38:11.343552,2025-11-17 20:06:41.978056,3.1,6.7
u23,chronically_late,3,h0791,2025-11-17 20:00:00,20,0,food,False,3,4,walking,21.4,True,2025-11-17 19:38:33.079255,2025-11-17 19:57:09.430126,2025-11-17 20:17:22.383200,18.6,17.4
u03,improving,3,h0792,2025-11-17 20:30:00,20,0,food,True,6,3,driving,29.8,True,2025-11-17 20:00:13.271095,2025-11-17 20:19:31.403484,2025-11-17 20:56:36.528110,19.3,26.6
u07,unpredictable,3,h0792,2025-11-17 20:30:00,20,0,food,True,6,3,driving,10.6,False,2025-11-17 20:19:21.907571,2025-11-17 20:33:24.126668,2025-11-17 20:44:29.021842,14.0,14.5
u15,morning_struggler,3,h0792,2025-11-17 20:30:00,20,0,food,True,6,3,walking,8.9,False,2025-11-17 20:21:05.476849,2025-11-17 20:23:56.942834,2025-11-17 20:34:36.482123,2.9,4.6
u03,improving,3,h0793,2025-11-18 15:00:00,15,1,sports,False,0,5,driving,36.5,False,2025-11-18 14:23:28.831197,2025-11-18 14:37:17.763710,2025-11-18 15:10:29.519422,13.8,10.5
u11,always_early,3,h0793,2025-11-18 15:00:00,15,1,sports,False,0,5,driving,16.3,False,2025-11-18 14:43:39.073697,2025-11-18 14:39:48.057192,2025-11-18 14:55:00.317991,-3.9,-5.0
u15,morning_struggler,3,h0793,2025-11-18 15:00:00,15,1,sports,False,0,5,walking,18.6,True,2025-11-18 14:41:21.352445,2025-11-18 14:45:53.559452,2025-11-18 15:06:20.584938,4.5,6.3
u19,punctual,3,h0793,2025-11-18 15:00:00,15,1,sports,False,0,5,driving,18.1,False,2025-11-18 14:41:53.113915,2025-11-18 14:42:05.298687,2025-11-18 15:02:08.666813,0.2,2.1
u23,chronically_late,3,h0793,2025-11-18 15:00:00,15,1,sports,False,0,5,walking,20.5,False,2025-11-18 14:39:31.628852,2025-11-18 14:45:43.356047,2025-11-18 15:08:35.055565,6.2,8.6
u00,overbooked,0,h0062,2025-11-18 20:00:00,20,1,party,False,2,5,cycling,10.5,True,2025-11-18 19:49:28.294077,2025-11-18 20:09:51.873189,2025-11-18 20:20:52.423492,20.4,20.9
u04,morning_struggler,0,h0062,2025-11-18 20:00:00,20,1,party,False,2,5,walking,12.9,False,2025-11-18 19:47:05.877795,2025-11-18 19:50:54.697849,2025-11-18 20:03:19.156669,3.8,3.3
u08,chronically_late,0,h0062,2025-11-18 20:00:00,20,1,party,False,2,5,driving,12.1,False,2025-11-18 19:47:53.676944,2025-11-18 20:06:59.760805,2025-11-18 20:20:05.710439,19.1,20.1
u12,improving,0,h0062,2025-11-18 20:00:00,20,1,party,False,2,5,walking,13.8,False,2025-11-18 19:46:10.532702,2025-11-18 20:00:44.410184,2025-11-18 20:15:45.371535,14.6,15.8
u16,rain_hater,0,h0062,2025-11-18 20:00:00,20,1,party,False,2,5,driving,34.3,False,2025-11-18 19:25:44.628588,2025-11-18 19:29:37.144347,2025-11-18 20:01:27.531864,3.9,1.5
u02,improving,2,h0552,2025-11-19 08:00:00,8,2,study,False,3,3,walking,19.5,False,2025-11-19 07:40:27.909111,2025-11-19 08:00:02.269485,2025-11-19 08:19:31.388695,19.6,19.5
u10,punctual,2,h0552,2025-11-19 08:00:00,8,2,study,False,3,3,cycling,13.4,False,2025-11-19 07:46:33.399938,2025-11-19 07:48:06.581654,2025-11-19 08:03:14.762251,1.6,3.2
u22,rain_hater,2,h0552,2025-11-19 08:00:00,8,2,study,False,3,3,walking,15.7,True,2025-11-19 07:44:19.632513,2025-11-19 07:51:04.281391,2025-11-19 08:06:49.422348,6.7,6.8
u02,improving,2,h0551,2025-11-19 13:30:00,13,2,sports,True,2,6,walking,10.6,False,2025-11-19 13:19:21.404224,2025-11-19 13:32:05.273369,2025-11-19 13:43:39.728924,12.7,13.7
u06,overbooked,2,h0551,2025-11-19 13:30:00,13,2,sports,True,2,6,driving,13.2,True,2025-11-19 13:16:45.120526,2025-11-19 13:41:20.258745,2025-11-19 13:55:26.182042,24.6,25.4
u10,punctual,2,h0551,2025-11-19 13:30:00,13,2,sports,True,2,6,cycling,8.5,True,2025-11-19 13:21:32.799005,2025-11-19 13:27:09.135637,2025-11-19 13:36:20.573712,5.6,6.3
u14,punctual,2,h0551,2025-11-19 13:30:00,13,2,sports,True,2,6,walking,9.7,False,2025-11-19 13:20:18.477241,2025-11-19 13:21:54.714478,2025-11-19 13:33:58.956309,1.6,4.0
u18,always_early,2,h0551,2025-11-19 13:30:00,13,2,sports,True,2,6,cycling,9.5,True,2025-11-19 13:20:29.170845,2025-11-19 13:21:25.202982,2025-11-19 13:32:48.554726,0.9,2.8
u22,rain_hater,2,h0551,2025-11-19 13:30:00,13,2,sports,True,2,6,walking,12.5,False,2025-11-19 13:17:30.109657,2025-11-19 13:33:07.261299,2025-11-19 13:48:21.798922,15.6,18.4
u01,overbooked,1,h0313,2025-11-20 13:30:00,13,3,sports,True,7,6,driving,39.5,True,2025-11-20 12:50:29.712421,2025-11-20 13:10:30.324815,2025-11-20 13:59:21.809945,20.0,29.4
u05,chronically_late,1,h0313,2025-11-20 13:30:00,13,3,sports,True,7,6,cycling,14.3,False,2025-11-20 13:15:39.104255,2025-11-20 13:28:50.694660,2025-11-20 13:46:17.395594,13.2,16.3
u09,morning_struggler,1,h0313,2025-11-20 13:30:00,13,3,sports,True,7,6,cycling,21.4,False,2025-11-20 13:08:35.248201,2025-11-20 13:14:09.242210,2025-11-20 13:37:06.883558,5.6,7.1
u13,rain_hater,1,h0313,2025-11-20 13:30:00,13,3,sports,True,7,6,driving,39.5,False,2025-11-20 12:50:27.579432,2025-11-20 13:03:18.162761,2025-11-20 13:45:57.354337,12.8,16.0
u17,unpredictable,1,h0313,2025-11-20 13:30:00,13,3,sports,True,7,6,driving,30.5,False,2025-11-20 12:59:28.884220,2025-11-20 13:13:59.205174,2025-11-20 13:52:34.636566,14.5,22.6
u21,always_early,1,h0313,2025-11-20 13:30:00,13,3,sports,True,7,6,driving,20.1,True,2025-11-20 13:09:55.407799,2025-11-20 13:15:19.120656,2025-11-20 13:38:36.382782,5.4,8.6
u11,always_early,3,h0794,2025-11-20 19:30:00,19,3,food,False,6,3,driving,32.6,True,2025-11-20 18:57:23.205013,2025-11-20 18:57:15.576316,2025-11-20 19:34:31.405063,-0.1,4.5
u15,morning_struggler,3,h0794,2025-11-20 19:30:00,19,3,food,False,6,3,walking,20.2,False,2025-11-20 19:09:49.417563,2025-11-20 19:12:54.307487,2025-11-20 19:31:54.472596,3.1,1.9
u23,chronically_late,3,h0794,2025-11-20 19:30:00,19,3,food,False,6,3,walking,18.7,False,2025-11-20 19:11:15.557808,2025-11-20 19:25:37.157191,2025-11-20 19:43:13.320098,14.4,13.2
u01,overbooked,1,h0314,2025-11-20 21:30:00,21,3,party,False,6,3,driving,29.9,False,2025-11-20 21:00:05.122804,2025-11-20 21:08:35.891013,2025-11-20 21:37:54.819327,8.5,7.9
u09,morning_struggler,1,h0314,2025-11-20 21:30:00,21,3,party,False,6,3,cycling,13.9,False,2025-11-20 21:16:06.599211,2025-11-20 21:24:32.217345,2025-11-20 21:38:03.487236,8.4,8.1
u13,rain_hater,1,h0314,2025-11-20 21:30:00,21,3,party,False,6,3,driving,31.7,True,2025-11-20 20:58:15.572608,2025-11-20 21:07:16.013276,2025-11-20 21:39:08.694476,9.0,9.1
u02,improving,2,h0553,2025-11-21 20:00:00,20,4,food,False,4,5,walking,16.0,True,2025-11-21 19:44:02.598504,2025-11-21 19:56:13.038323,2025-11-21 20:12:24.086009,12.2,12.4
u10,punctual,2,h0553,2025-11-21 20:00:00,20,4,food,False,4,5,cycling,16.5,False,2025-11-21 19:43:31.356630,2025-11-21 19:44:14.166241,2025-11-21 20:02:09.051152,0.7,2.2
u14,punctual,2,h0553,2025-11-21 20:00:00,20,4,food,False,4,5,walking,15.3,False,2025-11-21 19:44:39.838320,2025-11-21 19:45:16.379143,2025-11-21 20:01:35.209241,0.6,1.6
u18,always_early,2,h0553,2025-11-21 20:00:00,20,4,food,False,4,5,cycling,9.9,True,2025-11-21 19:50:04.303029,2025-11-21 19:50:56.648203,2025-11-21 20:00:27.919356,0.9,0.5
u22,rain_hater,2,h0553,2025-11-21 20:00:00,20,4,food,False,4,5,walking,9.3,False,2025-11-21 19:50:43.023493,2025-11-21 19:55:57.601365,2025-11-21 20:05:47.582950,5.2,5.8
u09,morning_struggler,1,h0315,2025-11-22 09:00:00,9,5,sports,False,7,3,cycling,15.7,False,2025-11-22 08:44:19.883442,2025-11-22 09:04:50.190346,2025-11-22 09:21:11.901066,20.5,21.2
u13,rain_hater,1,h0315,2025-11-22 09:00:00,9,5,sports,False,7,3,driving,26.3,False,2025-11-22 08:33:40.566007,2025-11-22 08:38:14.525908,2025-11-22 09:07:57.303901,4.6,8.0
u21,always_early,1,h0315,2025-11-22 09:00:00,9,5,sports,False,7,3,driving,11.7,True,2025-11-22 08:48:16.651967,2025-11-22 08:50:14.800358,2025-11-22 09:03:34.723725,2.0,3.6
u02,improving,2,h0554,2025-11-22 11:30:00,11,5,coffee,False,1,6,walking,5.3,False,2025-11-22 11:24:40.732642,2025-11-22 11:37:34.449735,2025-11-22 11:42:25.518192,12.9,12.4
u06,overbooked,2,h0554,2025-11-22 11:30:00,11,5,coffee,False,1,6,driving,13.0,True,2025-11-22 11:16:58.060173,2025-11-22 11:35:32.802058,2025-11-22 11:50:24.860138,18.6,20.4
u10,punctual,2,h0554,2025-11-22 11:30:00,11,5,coffee,False,1,6,cycling,10.3,False,2025-11-22 11:19:39.118568,2025-11-22 11:19:39.266382,2025-11-22 11:30:56.265625,0.0,0.9
u14,punctual,2,h0554,2025-11-22 11:30:00,11,5,coffee,False,1,6,walking,5.3,False,2025-11-22 11:24:44.390207,2025-11-22 11:23:22.015466,2025-11-22 11:29:01.612235,-1.4,-1.0
u18,always_early,2,h0554,2025-11-22 11:30:00,11,5,coffee,False,1,6,cycling,12.4,True,2025-11-22 11:17:33.647241,2025-11-22 11:16:42.487963,2025-11-22 11:29:52.303033,-0.9,-0.1
u22,rain_hater,2,h0554,2025-11-22 11:30:00,11,5,coffee,False,1,6,walking,22.9,False,2025-11-22 11:07:03.119781,2025-11-22 11:09:29.538358,2025-11-22 11:31:26.339956,2.4,1.4
u01,overbooked,1,h0316,2025-11-22 14:30:00,14,5,coffee,False,5,3,driving,14.9,False,2025-11-22 14:15:08.628820,2025-11-22 14:20:27.581888,2025-11-22 14:36:42.832091,5.3,6.7
u13,rain_hater,1,h0316,2025-11-22 14:30:00,14,5,coffee,False,5,3,driving,34.2,True,2025-11-22 13:55:46.017608,2025-11-22 14:02:11.134894,2025-11-22 14:33:20.571254,6.4,3.3
u17,unpredictable,1,h0316,2025-11-22 14:30:00,14,5,coffee,False,5,3,driving,10.0,False,2025-11-22 14:19:57.547188,2025-11-22 14:33:13.619092,2025-11-22 14:44:01.294482,13.3,14.0
u03,improving,3,h0795,2025-11-22 17:30:00,17,5,food,True,1,3,driving,8.0,False,2025-11-22 17:21:59.963060,2025-11-22 17:48:48.419212,2025-11-22 17:56:53.069022,26.8,26.9
u11,always_early,3,h0795,2025-11-22 17:30:00,17,5,food,True,1,3,driving,14.2,True,2025-11-22 17:15:48.378273,2025-11-22 17:16:45.726541,2025-11-22 17:31:17.406996,1.0,1.3
u23,chronically_late,3,h0795,2025-11-22 17:30:00,17,5,food,True,1,3,walking,19.1,False,2025-11-22 17:10:53.237863,2025-11-22 17:19:55.708736,2025-11-22 17:38:58.368605,9.0,9.0
u00,overbooked,0,h0063,2025-11-22 19:00:00,19,5,coffee,False,6,3,cycling,12.7,False,2025-11-22 18:47:18.662231,2025-11-22 18:56:56.160275,2025-11-22 19:11:29.153699,9.6,11.5
u16,rain_hater,0,h0063,2025-11-22 19:00:00,19,5,coffee,False,6,3,driving,11.0,False,2025-11-22 18:48:59.888978,2025-11-22 18:51:48.105038,2025-11-22 19:02:29.081308,2.8,2.5
u20,unpredictable,0,h0063,2025-11-22 19:00:00,19,5,coffee,False,6,3,driving,38.7,False,2025-11-22 18:21:15.597532,2025-11-22 18:26:51.734867,2025-11-22 19:11:15.607753,5.6,11.3
u03,improving,3,h0796,2025-11-23 15:30:00,15,6,sports,True,4,6,driving,26.7,True,2025-11-23 15:03:15.059251,2025-11-23 15:19:30.649331,2025-11-23 15:46:40.621489,16.3,16.7
u07,unpredictable,3,h0796,2025-11-23 15:30:00,15,6,sports,True,4,6,driving,17.0,False,2025-11-23 15:12:59.930990,2025-11-23 15:17:29.950835,2025-11-23 15:38:38.027847,4.5,8.6
u11,always_early,3,h0796,2025-11-23 15:30:00,15,6,sports,True,4,6,driving,27.8,True,2025-11-23 15:02:14.359267,2025-11-23 15:03:30.527429,2025-11-23 15:38:11.313685,1.3,8.2
u15,morning_struggler,3,h0796,2025-11-23 15:30:00,15,6,sports,True,4,6,walking,18.4,False,2025-11-23 15:11:34.586672,2025-11-23 15:15:25.121922,2025-11-23 15:34:37.013312,3.8,4.6
u19,punctual,3,h0796,2025-11-23 15:30:00,15,6,sports,True,4,6,driving,24.9,False,2025-11-23 15:05:04.798618,2025-11-23 15:09:04.030525,2025-11-23 15:36:34.006443,4.0,6.6
u23,chronically_late,3,h0796,2025-11-23 15:30:00,15,6,sports,True,4,6,walking,22.8,False,2025-11-23 15:07:13.727966,2025-11-23 15:17:14.608865,2025-11-23 15:43:53.575563,10.0,13.9
u03,improving,3,h0797,2025-11-23 17:30:00,17,6,coffee,False,0,3,driving,34.7,False,2025-11-23 16:55:18.475676,2025-11-23 17:08:41.570507,2025-11-23 17:41:37.969887,13.4,11.6
u03,improving,3,h0799,2025-11-23 17:30:00,17,6,sports,False,4,5,driving,20.0,False,2025-11-23 17:10:02.684866,2025-11-23 17:20:11.170452,2025-11-23 17:41:47.605917,10.1,11.8
u07,unpredictable,3,h0797,2025-11-23 17:30:00,17,6,coffee,False,0,3,driving,35.5,False,2025-11-23 16:54:32.607995,2025-11-23 16:53:54.388073,2025-11-23 17:30:22.883490,-0.6,0.4
u07,unpredictable,3,h0799,2025-11-23 17:30:00,17,6,sports,False,4,5,driving,8.1,False,2025-11-23 17:21:53.148051,2025-11-23 17:37:23.542234,2025-11-23 17:44:50.576511,15.5,14.8
u11,always_early,3,h0799,2025-11-23 17:30:00,17,6,sports,False,4,5,driving,38.2,False,2025-11-23 16:51:49.979463,2025-11-23 16:48:06.455607,2025-11-23 17:23:57.057356,-3.7,-6.0
u15,morning_struggler,3,h0799,2025-11-23 17:30:00,17,6,sports,False,4,5,walking,20.2,False,2025-11-23 17:09:45.253655,2025-11-23 17:12:08.177390,2025-11-23 17:32:51.615804,2.4,2.9
u23,chronically_late,3,h0797,2025-11-23 17:30:00,17,6,coffee,False,0,3,walking,5.3,False,2025-11-23 17:24:44.081502,2025-11-23 17:36:21.791676,2025-11-23 17:42:06.079807,11.6,12.1
u23,chronically_late,3,h0799,2025-11-23 17:30:00,17,6,sports,False,4,5,walking,9.6,False,2025-11-23 17:20:24.554814,2025-11-23 17:33:38.148969,2025-11-23 17:43:42.171978,13.2,13.7
u03,improving,3,h0798,2025-11-23 19:00:00,19,6,study,False,6,6,driving,31.0,False,2025-11-23 18:28:58.109092,2025-11-23 18:40:07.300819,2025-11-23 19:14:34.504526,11.2,14.6
u07,unpredictable,3,h0798,2025-11-23 19:00:00,19,6,study,False,6,6,driving,21.5,True,2025-11-23 18:38:27.986700,2025-11-23 18:53:00.418811,2025-11-23 19:16:05.815624,14.5,16.1
u11,always_early,3,h0798,2025-11-23 19:00:00,19,6,study,False,6,6,driving,18.8,False,2025-11-23 18:41:09.635983,2025-11-23 18:37:17.420893,2025-11-23 18:58:04.195414,-3.9,-1.9
u15,morning_struggler,3,h0798,2025-11-23 19:00:00,19,6,study,False,6,6,walking,5.0,False,2025-11-23 18:54:59.869444,2025-11-23 19:00:41.647036,2025-11-23 19:05:36.680178,5.7,5.6
u19,punctual,3,h0798,2025-11-23 19:00:00,19,6,study,False,6,6,driving,26.4,True,2025-11-23 18:33:33.083940,2025-11-23 18:36:22.996028,2025-11-23 19:03:58.016620,2.8,4.0
u23,chronically_late,3,h0798,2025-11-23 19:00:00,19,6,study,False,6,6,walking,10.0,True,2025-11-23 18:49:57.281276,2025-11-23 19:01:59.057983,2025-11-23 19:11:47.244370,12.0,11.8
u04,morning_struggler,0,h0064,2025-11-23 20:30:00,20,6,coffee,False,3,4,walking,12.0,False,2025-11-23 20:18:02.068940,2025-11-23 20:20:24.941726,2025-11-23 20:32:22.233152,2.4,2.4
u08,chronically_late,0,h0064,2025-11-23 20:30:00,20,6,coffee,False,3,4,driving,29.1,False,2025-11-23 20:00:55.716925,2025-11-23 20:10:53.934686,2025-11-23 20:38:39.793875,10.0,8.7
u12,improving,0,h0064,2025-11-23 20:30:00,20,6,coffee,False,3,4,walking,11.0,False,2025-11-23 20:18:58.415571,2025-11-23 20:28:38.131403,2025-11-23 20:40:13.847443,9.7,10.2
u20,unpredictable,0,h0064,2025-11-23 20:30:00,20,6,coffee,False,3,4,driving,30.8,False,2025-11-23 19:59:13.117804,2025-11-23 20:14:00.977892,2025-11-23 20:42:08.663440,14.8,12.1
u04,morning_struggler,0,h0066,2025-11-24 12:30:00,12,0,food,False,7,3,walking,6.8,True,2025-11-24 12:23:11.998331,2025-11-24 12:28:18.943344,2025-11-24 12:36:07.107212,5.1,6.1
u16,rain_hater,0,h0066,2025-11-24 12:30:00,12,0,food,False,7,3,driving,26.5,True,2025-11-24 12:03:29.070150,2025-11-24 12:08:13.107305,2025-11-24 12:38:04.053902,4.7,8.1
u20,unpredictable,0,h0066,2025-11-24 12:30:00,12,0,food,False,7,3,driving,37.5,False,2025-11-24 11:52:29.956788,2025-11-24 12:01:59.206799,2025-11-24 12:37:43.369820,9.5,7.7
u03,improving,3,h0800,2025-11-24 18:30:00,18,0,study,False,2,6,driving,25.5,True,2025-11-24 18:04:27.178972,2025-11-24 18:16:25.192880,2025-11-24 18:40:34.648562,12.0,10.6
u07,unpredictable,3,h0800,2025-11-24 18:30:00,18,0,study,False,2,6,driving,28.9,True,2025-11-24 18:01:04.177679,2025-11-24 18:16:09.256810,2025-11-24 18:46:58.561457,15.1,17.0
u11,always_early,3,h0800,2025-11-24 18:30:00,18,0,study,False,2,6,driving,16.7,True,2025-11-24 18:13:17.014043,2025-11-24 18:11:14.676942,2025-11-24 18:28:53.162306,-2.0,-1.1
u15,morning_struggler,3,h0800,2025-11-24 18:30:00,18,0,study,False,2,6,walking,14.7,False,2025-11-24 18:15:16.724684,2025-11-24 18:13:57.454471,2025-11-24 18:27:19.250732,-1.3,-2.7
u19,punctual,3,h0800,2025-11-24 18:30:00,18,0,study,False,2,6,driving,19.6,False,2025-11-24 18:10:24.913639,2025-11-24 18:08:23.352432,2025-11-24 18:26:29.894057,-2.0,-3.5
u23,chronically_late,3,h0800,2025-11-24 18:30:00,18,0,study,False,2,6,walking,15.6,False,2025-11-24 18:14:22.574821,2025-11-24 18:25:58.798958,2025-11-24 18:40:30.684592,11.6,10.5
u04,morning_struggler,0,h0065,2025-11-24 21:30:00,21,0,food,False,4,4,walking,19.9,False,2025-11-24 21:10:04.718425,2025-11-24 21:10:41.792374,2025-11-24 21:31:16.306901,0.6,1.3
u08,chronically_late,0,h0065,2025-11-24 21:30:00,21,0,food,False,4,4,driving,25.0,False,2025-11-24 21:04:59.303196,2025-11-24 21:14:45.553457,2025-11-24 21:41:16.456850,9.8,11.3
u12,improving,0,h0065,2025-11-24 21:30:00,21,0,food,False,4,4,walking,24.2,False,2025-11-24 21:05:49.781647,2025-11-24 21:18:37.280919,2025-11-24 21:44:52.216137,12.8,14.9
u20,unpredictable,0,h0065,2025-11-24 21:30:00,21,0,food,False,4,4,driving,32.9,True,2025-11-24 20:57:03.801708,2025-11-24 20:57:47.317761,2025-11-24 21:27:39.325545,0.7,-2.3
u04,morning_struggler,0,h0067,2025-11-25 10:00:00,10,1,food,False,5,5,walking,22.1,True,2025-11-25 09:37:52.308443,2025-11-25 09:43:59.601788,2025-11-25 10:05:36.645400,6.1,5.6
u08,chronically_late,0,h0067,2025-11-25 10:00:00,10,1,food,False,5,5,driving,13.4,False,2025-11-25 09:46:34.148918,2025-11-25 09:58:29.022256,2025-11-25 10:11:05.219120,11.9,11.1
u12,improving,0,h0067,2025-11-25 10:00:00,10,1,food,False,5,5,walking,17.6,False,2025-11-25 09:42:22.905591,2025-11-25 09:55:00.070095,2025-11-25 10:13:09.438943,12.6,13.2
u16,rain_hater,0,h0067,2025-11-25 10:00:00,10,1,food,False,5,5,driving,15.9,False,2025-11-25 09:44:07.003696,2025-11-25 09:44:58.934493,2025-11-25 10:02:00.081914,0.9,2.0
u20,unpredictable,0,h0067,2025-11-25 10:00:00,10,1,food,False,5,5,driving,30.8,False,2025-11-25 09:29:11.520588,2025-11-25 09:41:00.198648,2025-11-25 10:12:19.941601,11.8,12.3
u10,punctual,2,h0555,2025-11-25 16:00:00,16,1,party,False,5,4,cycling,23.0,True,2025-11-25 15:37:02.069393,2025-11-25 15:45:52.561584,2025-11-25 16:11:59.258963,8.8,12.0
u14,punctual,2,h0555,2025-11-25 16:00:00,16,1,party,False,5,4,walking,5.1,False,2025-11-25 15:54:55.536690,2025-11-25 15:58:13.144289,2025-11-25 16:04:01.229731,3.3,4.0
u18,always_early,2,h0555,2025-11-25 16:00:00,16,1,party,False,5,4,cycling,18.4,False,2025-11-25 15:41:35.542578,2025-11-25 15:41:27.715503,2025-11-25 16:00:38.512979,-0.1,0.6
u22,rain_hater,2,h0555,2025-11-25 16:00:00,16,1,party,False,5,4,walking,15.6,False,2025-11-25 15:44:24.245694,2025-11-25 15:49:43.418314,2025-11-25 16:04:58.360450,5.3,5.0
u07,unpredictable,3,h0801,2025-11-26 10:00:00,10,2,coffee,False,2,5,driving,31.9,False,2025-11-26 09:28:04.939784,2025-11-26 09:49:00.646407,2025-11-26 10:24:03.583035,20.9,24.1
u11,always_early,3,h0801,2025-11-26 10:00:00,10,2,coffee,False,2,5,driving,18.1,True,2025-11-26 09:41:55.595113,2025-11-26 09:43:06.620129,2025-11-26 09:59:26.941202,1.2,-0.6
u15,morning_struggler,3,h0801,2025-11-26 10:00:00,10,2,coffee,False,2,5,walking,22.3,False,2025-11-26 09:37:40.811335,2025-11-26 09:39:43.098794,2025-11-26 10:03:42.043182,2.0,3.7
u19,punctual,3,h0801,2025-11-26 10:00:00,10,2,coffee,False,2,5,driving,12.1,False,2025-11-26 09:47:55.675327,2025-11-26 09:48:36.899331,2025-11-26 10:00:19.620458,0.7,0.3
u23,chronically_late,3,h0801,2025-11-26 10:00:00,10,2,coffee,False,2,5,walking,10.3,False,2025-11-26 09:49:44.658038,2025-11-26 10:01:33.914265,2025-11-26 10:12:57.034271,11.8,13.0
u04,morning_struggler,0,h0068,2025-11-26 12:30:00,12,2,party,False,5,3,walking,18.5,False,2025-11-26 12:11:30.299572,2025-11-26 12:15:35.755431,2025-11-26 12:34:18.450130,4.1,4.3
u08,chronically_late,0,h0068,2025-11-26 12:30:00,12,2,party,False,5,3,driving,27.5,False,2025-11-26 12:02:28.156054,2025-11-26 12:17:13.692493,2025-11-26 12:46:46.757201,14.8,16.8
u12,improving,0,h0068,2025-11-26 12:30:00,12,2,party,False,5,3,walking,16.4,True,2025-11-26 12:13:37.399434,2025-11-26 12:34:06.996773,2025-11-26 12:51:24.097779,20.5,21.4
u06,overbooked,2,h0557,2025-11-26 14:30:00,14,2,party,False,3,3,driving,13.6,True,2025-11-26 14:16:23.962466,2025-11-26 14:39:49.069774,2025-11-26 14:53:11.325658,23.4,23.2
u14,punctual,2,h0557,2025-11-26 14:30:00,14,2,party,False,3,3,walking,20.6,False,2025-11-26 14:09:26.040652,2025-11-26 14:13:59.572296,2025-11-26 14:35:32.187649,4.6,5.5
u18,always_early,2,h0557,2025-11-26 14:30:00,14,2,party,False,3,3,cycling,20.4,True,2025-11-26 14:09:33.180933,2025-11-26 14:11:49.817285,2025-11-26 14:30:20.799859,2.3,0.3
u00,overbooked,0,h0069,2025-11-26 16:00:00,16,2,food,False,2,4,cycling,15.3,True,2025-11-26 15:44:39.333657,2025-11-26 16:00:47.178276,2025-11-26 16:17:25.529326,16.1,17.4
u08,chronically_late,0,h0069,2025-11-26 16:00:00,16,2,food,False,2,4,driving,23.1,False,2025-11-26 15:36:52.692512,2025-11-26 15:53:13.415246,2025-11-26 16:19:23.837129,16.3,19.4
u12,improving,0,h0069,2025-11-26 16:00:00,16,2,food,False,2,4,walking,6.4,False,2025-11-26 15:53:33.779597,2025-11-26 16:02:14.958347,2025-11-26 16:09:31.550096,8.7,9.5
u20,unpredictable,0,h0069,2025-11-26 16:00:00,16,2,food,False,2,4,driving,15.6,False,2025-11-26 15:44:24.840812,2025-11-26 15:45:38.488196,2025-11-26 16:02:37.910296,1.2,2.6
u06,overbooked,2,h0556,2025-11-26 22:30:00,22,2,party,False,6,4,driving,36.6,False,2025-11-26 21:53:23.972293,2025-11-26 22:00:28.330087,2025-11-26 22:39:05.235371,7.1,9.1
u10,punctual,2,h0556,2025-11-26 22:30:00,22,2,party,False,6,4,cycling,9.7,True,2025-11-26 22:20:18.530653,2025-11-26 22:28:10.833890,2025-11-26 22:37:57.386858,7.9,8.0
u18,always_early,2,h0556,2025-11-26 22:30:00,22,2,party,False,6,4,cycling,9.9,False,2025-11-26 22:20:05.428864,2025-11-26 22:20:25.854606,2025-11-26 22:29:43.477216,0.3,-0.3
u22,rain_hater,2,h0556,2025-11-26 22:30:00,22,2,party,False,6,4,walking,9.6,False,2025-11-26 22:20:26.336896,2025-11-26 22:25:38.260902,2025-11-26 22:35:48.608880,5.2,5.8
u01,overbooked,1,h0317,2025-11-27 11:00:00,11,3,party,False,1,6,driving,13.6,False,2025-11-27 10:46:26.164723,2025-11-27 10:52:42.131430,2025-11-27 11:06:29.800476,6.3,6.5
u05,chronically_late,1,h0317,2025-11-27 11:00:00,11,3,party,False,1,6,cycling,23.8,True,2025-11-27 10:36:13.869616,2025-11-27 10:47:58.516270,2025-11-27 11:13:57.136877,11.7,14.0
u09,morning_struggler,1,h0317,2025-11-27 11:00:00,11,3,party,False,1,6,cycling,16.0,True,2025-11-27 10:43:57.393853,2025-11-27 10:49:36.332093,2025-11-27 11:07:42.028422,5.6,7.7
u13,rain_hater,1,h0317,2025-11-27 11:00:00,11,3,party,False,1,6,driving,19.8,False,2025-11-27 10:40:13.713162,2025-11-27 10:44:44.909014,2025-11-27 11:07:26.745369,4.5,7.4
u17,unpredictable,1,h0317,2025-11-27 11:00:00,11,3,party,False,1,6,driving,35.2,True,2025-11-27 10:24:46.590909,2025-11-27 10:31:25.496999,2025-11-27 11:07:30.307382,6.6,7.5
u21,always_early,1,h0317,2025-11-27 11:00:00,11,3,party,False,1,6,driving,39.1,False,2025-11-27 10:20:52.022208,2025-11-27 10:19:26.954316,2025-11-27 10:59:05.271207,-1.4,-0.9
u10,punctual,2,h0559,2025-11-27 12:00:00,12,3,food,False,3,3,cycling,10.6,False,2025-11-27 11:49:25.382429,2025-11-27 11:49:43.788500,2025-11-27 12:01:01.857832,0.3,1.0
u14,punctual,2,h0559,2025-11-27 12:00:00,12,3,food,False,3,3,walking,5.5,False,2025-11-27 11:54:31.391986,2025-11-27 11:54:09.620733,2025-11-27 11:59:36.497909,-0.4,-0.4
u18,always_early,2,h0559,2025-11-27 12:00:00,12,3,food,False,3,3,cycling,18.1,True,2025-11-27 11:41:56.707892,2025-11-27 11:41:39.587072,2025-11-27 11:58:04.353678,-0.3,-1.9
u00,overbooked,0,h0070,2025-11-27 17:30:00,17,3,party,False,3,5,cycling,9.4,True,2025-11-27 17:20:33.791749,2025-11-27 17:39:34.341880,2025-11-27 17:48:04.009725,19.0,18.1
u08,chronically_late,0,h0070,2025-11-27 17:30:00,17,3,party,False,3,5,driving,28.1,False,2025-11-27 17:01:56.852702,2025-11-27 17:14:50.752369,2025-11-27 17:42:59.057923,12.9,13.0
u12,improving,0,h0070,2025-11-27 17:30:00,17,3,party,False,3,5,walking,20.2,True,2025-11-27 17:09:48.428337,2025-11-27 17:29:08.462346,2025-11-27 17:49:50.386802,19.3,19.8
u16,rain_hater,0,h0070,2025-11-27 17:30:00,17,3,party,False,3,5,driving,26.2,True,2025-11-27 17:03:45.632825,2025-11-27 17:10:47.997341,2025-11-27 17:35:30.801289,7.0,5.5
u20,unpredictable,0,h0070,2025-11-27 17:30:00,17,3,party,False,3,5,driving,21.8,False,2025-11-27 17:08:10.664331,2025-11-27 17:08:22.143389,2025-11-27 17:28:11.068978,0.2,-1.8
u02,improving,2,h0560,2025-11-27 19:00:00,19,3,study,False,7,6,walking,13.6,True,2025-11-27 18:46:22.243659,2025-11-27 19:00:23.597112,2025-11-27 19:14:20.914316,14.0,14.3
u06,overbooked,2,h0560,2025-11-27 19:00:00,19,3,study,False,7,6,driving,39.8,False,2025-11-27 18:20:10.257260,2025-11-27 18:27:13.202262,2025-11-27 19:10:45.987010,7.0,10.8
u10,punctual,2,h0560,2025-11-27 19:00:00,19,3,study,False,7,6,cycling,20.1,False,2025-11-27 18:39:53.384532,2025-11-27 18:45:08.044711,2025-11-27 19:04:32.307576,5.2,4.5
u14,punctual,2,h0560,2025-11-27 19:00:00,19,3,study,False,7,6,walking,7.1,True,2025-11-27 18:52:52.890121,2025-11-27 18:57:26.633152,2025-11-27 19:04:05.788389,4.6,4.1
u15,morning_struggler,3,h0802,2025-11-27 19:00:00,19,3,party,False,7,3,walking,7.6,False,2025-11-27 18:52:22.020027,2025-11-27 19:04:12.693150,2025-11-27 19:12:47.349848,11.8,12.8
u18,always_early,2,h0560,2025-11-27 19:00:00,19,3,study,False,7,6,cycling,13.4,False,2025-11-27 18:46:34.002188,2025-11-27 18:42:46.289050,2025-11-27 18:55:37.081894,-3.8,-4.4
u19,punctual,3,h0802,2025-11-27 19:00:00,19,3,party,False,7,3,driving,30.1,False,2025-11-27 18:29:56.934720,2025-11-27 18:36:21.456265,2025-11-27 19:09:48.472812,6.4,9.8
u22,rain_hater,2,h0560,2025-11-27 19:00:00,19,3,study,False,7,6,walking,14.0,True,2025-11-27 18:45:58.998185,2025-11-27 18:50:20.610446,2025-11-27 19:05:16.069784,4.4,5.3
u23,chronically_late,3,h0802,2025-11-27 19:00:00,19,3,party,False,7,3,walking,12.2,True,2025-11-27 18:47:48.509584,2025-11-27 19:12:13.027846,2025-11-27 19:25:40.419846,24.4,25.7
u11,always_early,3,h0803,2025-11-27 19:30:00,19,3,coffee,True,1,4,driving,23.4,False,2025-11-27 19:06:35.539788,2025-11-27 19:05:03.180860,2025-11-27 19:33:15.895421,-1.5,3.3
u15,morning_struggler,3,h0803,2025-11-27 19:30:00,19,3,coffee,True,1,4,walking,9.6,False,2025-11-27 19:20:22.791447,2025-11-27 19:24:02.302319,2025-11-27 19:35:33.606851,3.7,5.6
u19,punctual,3,h0803,2025-11-27 19:30:00,19,3,coffee,True,1,4,driving,31.1,True,2025-11-27 18:58:56.169256,2025-11-27 19:03:37.639600,2025-11-27 19:42:03.717807,4.7,12.1
u23,chronically_late,3,h0803,2025-11-27 19:30:00,19,3,coffee,True,1,4,walking,20.7,True,2025-11-27 19:09:20.765088,2025-11-27 19:30:34.760481,2025-11-27 19:55:48.648100,21.2,25.8
u02,improving,2,h0558,2025-11-27 21:30:00,21,3,party,True,2,6,walking,10.2,False,2025-11-27 21:19:47.581556,2025-11-27 21:38:08.890857,2025-11-27 21:49:08.881201,18.4,19.1
u06,overbooked,2,h0558,2025-11-27 21:30:00,21,3,party,True,2,6,driving,13.0,False,2025-11-27 21:16:58.344321,2025-11-27 21:26:49.887795,2025-11-27 21:42:32.068412,9.9,12.5
u10,punctual,2,h0558,2025-11-27 21:30:00,21,3,party,True,2,6,cycling,19.9,False,2025-11-27 21:10:05.128946,2025-11-27 21:18:01.135350,2025-11-27 21:40:46.870079,7.9,10.8
u14,punctual,2,h0558,2025-11-27 21:30:00,21,3,party,True,2,6,walking,17.3,False,2025-11-27 21:12:42.352192,2025-11-27 21:17:31.810771,2025-11-27 21:38:52.850327,4.8,8.9
u18,always_early,2,h0558,2025-11-27 21:30:00,21,3,party,True,2,6,cycling,8.2,True,2025-11-27 21:21:48.003475,2025-11-27 21:25:33.711424,2025-11-27 21:33:48.778309,3.8,3.8
u22,rain_hater,2,h0558,2025-11-27 21:30:00,21,3,party,True,2,6,walking,14.7,False,2025-11-27 21:15:16.410502,2025-11-27 21:28:21.548024,2025-11-27 21:43:06.339149,13.1,13.1
u11,always_early,3,h0804,2025-11-28 12:30:00,12,4,coffee,False,4,3,driving,23.7,False,2025-11-28 12:06:16.505623,2025-11-28 12:03:21.895961,2025-11-28 12:30:36.300389,-2.9,0.6
u19,punctual,3,h0804,2025-11-28 12:30:00,12,4,coffee,False,4,3,driving,24.9,False,2025-11-28 12:05:08.134200,2025-11-28 12:08:48.025999,2025-11-28 12:37:01.384842,3.7,7.0
u23,chronically_late,3,h0804,2025-11-28 12:30:00,12,4,coffee,False,4,3,walking,20.7,False,2025-11-28 12:09:18.534887,2025-11-28 12:23:12.578845,2025-11-28 12:46:40.843687,13.9,16.7
u01,overbooked,1,h0318,2025-11-28 19:30:00,19,4,coffee,False,2,3,driving,21.6,True,2025-11-28 19:08:26.324294,2025-11-28 19:24:58.729247,2025-11-28 19:45:43.026410,16.5,15.7
u13,rain_hater,1,h0318,2025-11-28 19:30:00,19,4,coffee,False,2,3,driving,26.7,False,2025-11-28 19:03:18.452006,2025-11-28 19:03:47.645734,2025-11-28 19:28:33.636078,0.5,-1.4
u21,always_early,1,h0318,2025-11-28 19:30:00,19,4,coffee,False,2,3,driving,26.5,True,2025-11-28 19:03:30.921703,2025-11-28 19:03:15.888845,2025-11-28 19:30:45.568982,-0.3,0.8
u02,improving,2,h0562,2025-11-29 13:00:00,13,5,study,False,4,6,walking,13.0,False,2025-11-29 12:47:02.022606,2025-11-29 12:59:20.183580,2025-11-29 13:11:57.692738,12.3,12.0
u06,overbooked,2,h0562,2025-11-29 13:00:00,13,5,study,False,4,6,driving,39.7,True,2025-11-29 12:20:18.344413,2025-11-29 12:36:14.638965,2025-11-29 13:15:22.377037,15.9,15.4
u10,punctual,2,h0562,2025-11-29 13:00:00,13,5,study,False,4,6,cycling,24.5,False,2025-11-29 12:35:30.393845,2025-11-29 12:37:04.257790,2025-11-29 13:05:02.994744,1.6,5.0
u14,punctual,2,h0562,2025-11-29 13:00:00,13,5,study,False,4,6,walking,11.5,True,2025-11-29 12:48:28.081527,2025-11-29 12:51:20.263952,2025-11-29 13:02:01.146495,2.9,2.0
u18,always_early,2,h0562,2025-11-29 13:00:00,13,5,study,False,4,6,cycling,24.3,False,2025-11-29 12:35:44.594376,2025-11-29 12:33:42.059724,2025-11-29 12:59:39.502907,-2.0,-0.3
u22,rain_hater,2,h0562,2025-11-29 13:00:00,13,5,study,False,4,6,walking,21.6,False,2025-11-29 12:38:25.291043,2025-11-29 12:38:00.791203,2025-11-29 12:59:03.583646,-0.4,-0.9
u02,improving,2,h0561,2025-11-29 17:00:00,17,5,study,False,3,3,walking,21.1,True,2025-11-29 16:38:55.333221,2025-11-29 16:54:23.891911,2025-11-29 17:14:48.425344,15.5,14.8
u06,overbooked,2,h0561,2025-11-29 17:00:00,17,5,study,False,3,3,driving,13.6,False,2025-11-29 16:46:25.420958,2025-11-29 16:55:22.224288,2025-11-29 17:08:15.592120,8.9,8.3
u10,punctual,2,h0561,2025-11-29 17:00:00,17,5,study,False,3,3,cycling,10.5,True,2025-11-29 16:49:32.068644,2025-11-29 16:52:23.217736,2025-11-29 17:02:50.704149,2.9,2.8
u01,overbooked,1,h0319,2025-11-29 18:00:00,18,5,party,False,1,3,driving,25.3,False,2025-11-29 17:34:43.355884,2025-11-29 17:39:30.176116,2025-11-29 18:05:01.148525,4.8,5.0
u09,morning_struggler,1,h0319,2025-11-29 18:00:00,18,5,party,False,1,3,cycling,13.1,False,2025-11-29 17:46:54.745356,2025-11-29 17:52:05.891790,2025-11-29 18:06:25.616382,5.2,6.4
u13,rain_hater,1,h0319,2025-11-29 18:00:00,18,5,party,False,1,3,driving,21.6,True,2025-11-29 17:38:22.095171,2025-11-29 17:44:56.691512,2025-11-29 18:04:39.499836,6.6,4.7
u05,chronically_late,1,h0320,2025-11-30 12:00:00,12,6,party,True,6,5,cycling,22.3,False,2025-11-30 11:37:43.458738,2025-11-30 11:51:16.255207,2025-11-30 12:14:57.180489,13.5,15.0
u09,morning_struggler,1,h0320,2025-11-30 12:00:00,12,6,party,True,6,5,cycling,12.4,True,2025-11-30 11:47:38.795969,2025-11-30 11:59:02.146199,2025-11-30 12:12:36.792680,11.4,12.6
u13,rain_hater,1,h0320,2025-11-30 12:00:00,12,6,party,True,6,5,driving,31.6,False,2025-11-30 11:28:22.119810,2025-11-30 11:44:42.498571,2025-11-30 12:19:51.307539,16.3,19.9
u17,unpredictable,1,h0320,2025-11-30 12:00:00,12,6,party,True,6,5,driving,27.2,True,2025-11-30 11:32:47.943472,2025-11-30 11:43:27.187419,2025-11-30 12:13:39.577268,10.7,13.7
u21,always_early,1,h0320,2025-11-30 12:00:00,12,6,party,True,6,5,driving,24.2,False,2025-11-30 11:35:45.239463,2025-11-30 11:39:24.651383,2025-11-30 12:09:29.258729,3.7,9.5
u00,overbooked,0,h0071,2025-11-30 19:00:00,19,6,sports,False,6,3,cycling,23.7,True,2025-11-30 18:36:16.455857,2025-11-30 18:56:29.445806,2025-11-30 19:22:47.030612,20.2,22.8
u08,chronically_late,0,h0071,2025-11-30 19:00:00,19,6,sports,False,6,3,driving,16.0,True,2025-11-30 18:43:59.168473,2025-11-30 18:57:19.992715,2025-11-30 19:15:43.393030,13.3,15.7
u20,unpredictable,0,h0071,2025-11-30 19:00:00,19,6,sports,False,6,3,driving,39.7,False,2025-11-30 18:20:18.666073,2025-11-30 18:23:39.746484,2025-11-30 19:07:54.916277,3.4,7.9
u02,improving,2,h0563,2025-11-30 21:30:00,21,6,food,False,3,3,walking,16.4,True,2025-11-30 21:13:37.158579,2025-11-30 21:29:56.990810,2025-11-30 21:47:04.991316,16.3,17.1
u06,overbooked,2,h0563,2025-11-30 21:30:00,21,6,food,False,3,3,driving,28.2,True,2025-11-30 21:01:47.095573,2025-11-30 21:19:04.834989,2025-11-30 21:45:54.787804,17.3,15.9
u10,punctual,2,h0563,2025-11-30 21:30:00,21,6,food,False,3,3,cycling,15.2,True,2025-11-30 21:14:50.597389,2025-11-30 21:18:25.554280,2025-11-30 21:34:38.067236,3.6,4.6
u02,improving,2,h0564,2025-12-01 10:00:00,10,0,sports,False,1,5,walking,7.5,False,2025-12-01 09:52:28.092704,2025-12-01 10:05:42.965173,2025-12-01 10:13:20.948502,13.2,13.3
u06,overbooked,2,h0564,2025-12-01 10:00:00,10,0,sports,False,1,5,driving,35.9,True,2025-12-01 09:24:04.670849,2025-12-01 09:41:39.024270,2025-12-01 10:18:40.431977,17.6,18.7
u10,punctual,2,h0564,2025-12-01 10:00:00,10,0,sports,False,1,5,cycling,10.7,False,2025-12-01 09:49:20.074346,2025-12-01 09:52:47.878324,2025-12-01 10:02:32.048737,3.5,2.5
u14,punctual,2,h0564,2025-12-01 10:00:00,10,0,sports,False,1,5,walking,17.9,False,2025-12-01 09:42:03.516009,2025-12-01 09:44:35.310510,2025-12-01 10:02:18.306349,2.5,2.3
u18,always_early,2,h0564,2025-12-01 10:00:00,10,0,sports,False,1,5,cycling,9.1,True,2025-12-01 09:50:54.060564,2025-12-01 09:50:23.893556,2025-12-01 09:59:29.047609,-0.5,-0.5
u04,morning_struggler,0,h0072,2025-12-01 14:00:00,14,0,sports,False,3,4,walking,7.5,True,2025-12-01 13:52:27.328846,2025-12-01 13:55:34.626819,2025-12-01 14:03:12.535643,3.1,3.2
u08,chronically_late,0,h0072,2025-12-01 14:00:00,14,0,sports,False,3,4,driving,25.5,False,2025-12-01 13:34:29.216945,2025-12-01 13:45:42.727257,2025-12-01 14:12:44.083026,11.2,12.7
u12,improving,0,h0072,2025-12-01 14:00:00,14,0,sports,False,3,4,walking,13.2,False,2025-12-01 13:46:50.012373,2025-12-01 13:57:04.254826,2025-12-01 14:10:00.551374,10.2,10.0
u16,rain_hater,0,h0072,2025-12-01 14:00:00,14,0,sports,False,3,4,driving,37.0,False,2025-12-01 13:23:00.274923,2025-12-01 13:25:00.583235,2025-12-01 14:01:16.385543,2.0,1.3
u02,improving,2,h0565,2025-12-01 22:30:00,22,0,food,False,4,6,walking,12.4,False,2025-12-01 22:17:37.794511,2025-12-01 22:29:47.471232,2025-12-01 22:42:30.136687,12.2,12.5
u06,overbooked,2,h0565,2025-12-01 22:30:00,22,0,food,False,4,6,driving,14.4,False,2025-12-01 22:15:34.123341,2025-12-01 22:16:52.341431,2025-12-01 22:30:13.878423,1.3,0.2
u10,punctual,2,h0565,2025-12-01 22:30:00,22,0,food,False,4,6,cycling,16.8,True,2025-12-01 22:13:14.216420,2025-12-01 22:17:25.561144,2025-12-01 22:35:17.630530,4.2,5.3
u14,punctual,2,h0565,2025-12-01 22:30:00,22,0,food,False,4,6,walking,17.4,False,2025-12-01 22:12:36.538274,2025-12-01 22:13:57.022676,2025-12-01 22:31:27.297894,1.3,1.5
u18,always_early,2,h0565,2025-12-01 22:30:00,22,0,food,False,4,6,cycling,8.5,False,2025-12-01 22:21:27.117340,2025-12-01 22:18:22.305806,2025-12-01 22:27:48.850532,-3.1,-2.2
u22,rain_hater,2,h0565,2025-12-01 22:30:00,22,0,food,False,4,6,walking,6.9,False,2025-12-01 22:23:05.651836,2025-12-01 22:24:10.046770,2025-12-01 22:30:54.802767,1.1,0.9
u11,always_early,3,h0806,2025-12-02 13:00:00,13,1,sports,False,0,3,driving,17.8,False,2025-12-02 12:42:13.672224,2025-12-02 12:37:44.276606,2025-12-02 12:55:18.365889,-4.5,-4.7
u15,morning_struggler,3,h0806,2025-12-02 13:00:00,13,1,sports,False,0,3,walking,20.0,True,2025-12-02 12:40:02.394112,2025-12-02 12:48:36.331537,2025-12-02 13:10:22.713307,8.6,10.4
u23,chronically_late,3,h0806,2025-12-02 13:00:00,13,1,sports,False,0,3,walking,16.4,False,2025-12-02 12:43:37.486189,2025-12-02 12:50:22.973650,2025-12-02 13:05:15.753856,6.8,5.3
u02,improving,2,h0566,2025-12-02 16:00:00,16,1,sports,False,4,6,walking,19.7,True,2025-12-02 15:40:16.890853,2025-12-02 15:52:57.111991,2025-12-02 16:13:38.473704,12.7,13.6
u06,overbooked,2,h0566,2025-12-02 16:00:00,16,1,sports,False,4,6,driving,26.3,True,2025-12-02 15:33:41.305287,2025-12-02 15:54:33.516564,2025-12-02 16:24:10.546818,20.9,24.2
u10,punctual,2,h0566,2025-12-02 16:00:00,16,1,sports,False,4,6,cycling,11.0,False,2025-12-02 15:49:00.169014,2025-12-02 15:49:00.785197,2025-12-02 16:01:35.909477,0.0,1.6
u14,punctual,2,h0566,2025-12-02 16:00:00,16,1,sports,False,4,6,walking,15.8,True,2025-12-02 15:44:10.311811,2025-12-02 15:48:13.381296,2025-12-02 16:02:52.042445,4.1,2.9
u18,always_early,2,h0566,2025-12-02 16:00:00,16,1,sports,False,4,6,cycling,20.9,True,2025-12-02 15:39:04.525945,2025-12-02 15:40:17.375279,2025-12-02 16:03:52.784920,1.2,3.9
u22,rain_hater,2,h0566,2025-12-02 16:00:00,16,1,sports,False,4,6,walking,8.3,True,2025-12-02 15:51:42.177810,2025-12-02 16:00:27.926300,2025-12-02 16:09:35.988271,8.8,9.6
u03,improving,3,h0805,2025-12-02 17:30:00,17,1,food,False,1,5,driving,17.8,False,2025-12-02 17:12:11.375467,2025-12-02 17:23:42.200573,2025-12-02 17:40:48.358043,11.5,10.8
u07,unpredictable,3,h0805,2025-12-02 17:30:00,17,1,food,False,1,5,driving,31.9,False,2025-12-02 16:58:04.072593,2025-12-02 17:07:50.670059,2025-12-02 17:41:36.533969,9.8,11.6
u11,always_early,3,h0805,2025-12-02 17:30:00,17,1,food,False,1,5,driving,39.3,False,2025-12-02 16:50:40.705615,2025-12-02 16:47:25.472176,2025-12-02 17:31:45.292379,-3.3,1.8
u15,morning_struggler,3,h0805,2025-12-02 17:30:00,17,1,food,False,1,5,walking,23.4,False,2025-12-02 17:06:37.916319,2025-12-02 17:06:11.534282,2025-12-02 17:29:08.685518,-0.4,-0.9
u23,chronically_late,3,h0805,2025-12-02 17:30:00,17,1,food,False,1,5,walking,12.8,False,2025-12-02 17:17:13.262921,2025-12-02 17:27:20.830472,2025-12-02 17:41:27.725717,10.1,11.5
u06,overbooked,2,h0568,2025-12-03 11:00:00,11,2,study,False,3,3,driving,10.0,False,2025-12-03 10:49:59.713070,2025-12-03 10:52:53.040052,2025-12-03 11:03:14.465599,2.9,3.2
u14,punctual,2,h0568,2025-12-03 11:00:00,11,2,study,False,3,3,walking,21.6,False,2025-12-03 10:38:25.071184,2025-12-03 10:37:29.384926,2025-12-03 11:01:32.444880,-0.9,1.5
u22,rain_hater,2,h0568,2025-12-03 11:00:00,11,2,study,False,3,3,walking,10.6,False,2025-12-03 10:49:23.346310,2025-12-03 10:49:28.387386,2025-12-03 11:00:46.318652,0.1,0.8
u12,improving,0,h0073,2025-12-03 13:00:00,13,2,coffee,False,1,3,walking,8.5,False,2025-12-03 12:51:27.598307,2025-12-03 13:02:01.847944,2025-12-03 13:09:51.329178,10.6,9.9
u16,rain_hater,0,h0073,2025-12-03 13:00:00,13,2,coffee,False,1,3,driving,9.8,False,2025-12-03 12:50:14.524821,2025-12-03 12:51:15.201684,2025-12-03 13:02:06.366024,1.0,2.1
u20,unpredictable,0,h0073,2025-12-03 13:00:00,13,2,coffee,False,1,3,driving,13.0,False,2025-12-03 12:47:01.637531,2025-12-03 12:55:08.818244,2025-12-03 13:08:15.519217,8.1,8.3
u02,improving,2,h0569,2025-12-03 18:30:00,18,2,party,False,3,4,walking,18.2,False,2025-12-03 18:11:50.285859,2025-12-03 18:27:21.686467,2025-12-03 18:46:41.549600,15.5,16.7
u14,punctual,2,h0569,2025-12-03 18:30:00,18,2,party,False,3,4,walking,11.5,False,2025-12-03 18:18:31.024783,2025-12-03 18:21:52.685046,2025-12-03 18:33:59.872688,3.4,4.0
u18,always_early,2,h0569,2025-12-03 18:30:00,18,2,party,False,3,4,cycling,18.2,True,2025-12-03 18:11:47.441604,2025-12-03 18:14:28.350648,2025-12-03 18:32:59.207781,2.7,3.0
u22,rain_hater,2,h0569,2025-12-03 18:30:00,18,2,party,False,3,4,walking,17.4,True,2025-12-03 18:12:38.502238,2025-12-03 18:19:42.388618,2025-12-03 18:36:17.742496,7.1,6.3
u02,improving,2,h0567,2025-12-03 22:30:00,22,2,study,False,2,4,walking,20.7,True,2025-12-03 22:09:15.066940,2025-12-03 22:24:27.314260,2025-12-03 22:47:56.365452,15.2,17.9
u06,overbooked,2,h0567,2025-12-03 22:30:00,22,2,study,False,2,4,driving,11.8,True,2025-12-03 22:18:12.596956,2025-12-03 22:33:01.536204,2025-12-03 22:46:08.985306,14.8,16.1
u10,punctual,2,h0567,2025-12-03 22:30:00,22,2,study,False,2,4,cycling,19.6,True,2025-12-03 22:10:24.747552,2025-12-03 22:11:55.136839,2025-12-03 22:33:26.156676,1.5,3.4
u22,rain_hater,2,h0567,2025-12-03 22:30:00,22,2,study,False,2,4,walking,12.5,False,2025-12-03 22:17:28.266175,2025-12-03 22:21:01.898204,2025-12-03 22:33:37.801178,3.6,3.6
u00,overbooked,0,h0074,2025-12-05 10:00:00,10,4,party,False,6,3,cycling,9.4,False,2025-12-05 09:50:36.391240,2025-12-05 09:56:48.488711,2025-12-05 10:05:36.877500,6.2,5.6
u04,morning_struggler,0,h0074,2025-12-05 10:00:00,10,4,party,False,6,3,walking,9.1,False,2025-12-05 09:50:56.651457,2025-12-05 09:55:49.018996,2025-12-05 10:05:19.457106,4.9,5.3
u20,unpredictable,0,h0074,2025-12-05 10:00:00,10,4,party,False,6,3,driving,38.5,False,2025-12-05 09:21:29.955111,2025-12-05 09:34:47.622549,2025-12-05 10:14:02.270311,13.3,14.0
u01,overbooked,1,h0322,2025-12-05 19:00:00,19,4,party,True,0,6,driving,15.6,False,2025-12-05 18:44:21.043695,2025-12-05 18:51:20.278552,2025-12-05 19:07:35.509968,7.0,7.6
u05,chronically_late,1,h0322,2025-12-05 19:00:00,19,4,party,True,0,6,cycling,24.1,False,2025-12-05 18:35:54.010624,2025-12-05 18:48:14.865840,2025-12-05 19:13:26.116678,12.3,13.4
u09,morning_struggler,1,h0322,2025-12-05 19:00:00,19,4,party,True,0,6,cycling,22.6,True,2025-12-05 18:37:24.050689,2025-12-05 18:49:22.082140,2025-12-05 19:16:29.104972,12.0,16.5
u13,rain_hater,1,h0322,2025-12-05 19:00:00,19,4,party,True,0,6,driving,38.9,False,2025-12-05 18:21:06.941955,2025-12-05 18:37:20.547694,2025-12-05 19:21:37.118958,16.2,21.6
u17,unpredictable,1,h0322,2025-12-05 19:00:00,19,4,party,True,0,6,driving,17.4,False,2025-12-05 18:42:34.260309,2025-12-05 18:45:09.123355,2025-12-05 19:04:13.377639,2.6,4.2
u21,always_early,1,h0322,2025-12-05 19:00:00,19,4,party,True,0,6,driving,21.2,False,2025-12-05 18:38:48.134612,2025-12-05 18:39:02.854256,2025-12-05 19:01:27.070621,0.2,1.5
u01,overbooked,1,h0321,2025-12-05 20:30:00,20,4,party,False,6,5,driving,38.1,True,2025-12-05 19:51:51.229951,2025-12-05 20:13:19.577602,2025-12-05 20:53:42.714252,21.5,23.7
u05,chronically_late,1,h0321,2025-12-05 20:30:00,20,4,party,False,6,5,cycling,6.1,False,2025-12-05 20:23:55.595174,2025-12-05 20:38:39.373522,2025-12-05 20:45:36.411876,14.7,15.6
u13,rain_hater,1,h0321,2025-12-05 20:30:00,20,4,party,False,6,5,driving,8.9,False,2025-12-05 20:21:06.265806,2025-12-05 20:28:18.738783,2025-12-05 20:37:05.993792,7.2,7.1
u17,unpredictable,1,h0321,2025-12-05 20:30:00,20,4,party,False,6,5,driving,34.0,False,2025-12-05 19:56:01.254055,2025-12-05 20:01:54.481841,2025-12-05 20:40:09.507431,5.9,10.2
u21,always_early,1,h0321,2025-12-05 20:30:00,20,4,party,False,6,5,driving,35.2,False,2025-12-05 19:54:50.433170,2025-12-05 19:55:54.021036,2025-12-05 20:28:36.149710,1.1,-1.4
u03,improving,3,h0807,2025-12-06 19:30:00,19,5,study,False,5,5,driving,11.7,True,2025-12-06 19:18:15.246559,2025-12-06 19:31:35.026929,2025-12-06 19:44:15.375030,13.3,14.3
u07,unpredictable,3,h0807,2025-12-06 19:30:00,19,5,study,False,5,5,driving,24.5,False,2025-12-06 19:05:28.968678,2025-12-06 19:17:33.809549,2025-12-06 19:42:46.123550,12.1,12.8
u11,always_early,3,h0807,2025-12-06 19:30:00,19,5,study,False,5,5,driving,20.5,True,2025-12-06 19:09:30.234715,2025-12-06 19:09:01.689461,2025-12-06 19:29:07.328317,-0.5,-0.9
u19,punctual,3,h0807,2025-12-06 19:30:00,19,5,study,False,5,5,driving,34.9,False,2025-12-06 18:55:06.833415,2025-12-06 18:56:20.333108,2025-12-06 19:32:57.671989,1.2,3.0
u23,chronically_late,3,h0807,2025-12-06 19:30:00,19,5,study,False,5,5,walking,7.2,False,2025-12-06 19:22:49.361294,2025-12-06 19:33:32.292155,2025-12-06 19:41:00.920045,10.7,11.0
u05,chronically_late,1,h0323,2025-12-06 20:00:00,20,5,study,False,7,3,cycling,12.7,False,2025-12-06 19:47:16.252385,2025-12-06 20:05:40.300421,2025-12-06 20:19:18.673380,18.4,19.3
u13,rain_hater,1,h0323,2025-12-06 20:00:00,20,5,study,False,7,3,driving,12.3,False,2025-12-06 19:47:44.749242,2025-12-06 19:48:40.019548,2025-12-06 20:00:27.823945,0.9,0.5
u21,always_early,1,h0323,2025-12-06 20:00:00,20,5,study,False,7,3,driving,33.0,False,2025-12-06 19:27:00.415857,2025-12-06 19:24:57.389791,2025-12-06 19:54:54.164589,-2.1,-5.1
u02,improving,2,h0570,2025-12-07 12:30:00,12,6,coffee,True,5,5,walking,17.3,False,2025-12-07 12:12:42.809698,2025-12-07 12:26:13.485474,2025-12-07 12:43:43.593591,13.5,13.7
u06,overbooked,2,h0570,2025-12-07 12:30:00,12,6,coffee,True,5,5,driving,20.7,True,2025-12-07 12:09:20.849268,2025-12-07 12:30:35.534833,2025-12-07 12:53:48.135596,21.2,23.8
u14,punctual,2,h0570,2025-12-07 12:30:00,12,6,coffee,True,5,5,walking,24.9,True,2025-12-07 12:05:07.547059,2025-12-07 12:11:00.688536,2025-12-07 12:39:49.013179,5.9,9.8
u18,always_early,2,h0570,2025-12-07 12:30:00,12,6,coffee,True,5,5,cycling,16.5,False,2025-12-07 12:13:30.091835,2025-12-07 12:20:21.117563,2025-12-07 12:36:53.890127,6.9,6.9
u22,rain_hater,2,h0570,2025-12-07 12:30:00,12,6,coffee,True,5,5,walking,17.3,False,2025-12-07 12:12:42.563409,2025-12-07 12:23:49.688351,2025-12-07 12:45:11.479521,11.1,15.2
u00,overbooked,0,h0075,2025-12-07 15:30:00,15,6,study,True,0,4,cycling,15.0,False,2025-12-07 15:14:58.474414,2025-12-07 15:15:47.844418,2025-12-07 15:30:50.904175,0.8,0.8
u04,morning_struggler,0,h0075,2025-12-07 15:30:00,15,6,study,True,0,4,walking,9.5,False,2025-12-07 15:20:31.691615,2025-12-07 15:23:27.912685,2025-12-07 15:33:18.148351,2.9,3.3
u12,improving,0,h0075,2025-12-07 15:30:00,15,6,study,True,0,4,walking,20.5,False,2025-12-07 15:09:28.021877,2025-12-07 15:22:49.000423,2025-12-07 15:43:43.486006,13.3,13.7
u20,unpredictable,0,h0075,2025-12-07 15:30:00,15,6,study,True,0,4,driving,8.6,False,2025-12-07 15:21:24.599418,2025-12-07 15:27:08.735303,2025-12-07 15:37:05.497603,5.7,7.1
u01,overbooked,1,h0324,2025-12-07 18:30:00,18,6,party,False,2,4,driving,33.3,True,2025-12-07 17:56:42.671487,2025-12-07 18:16:44.220890,2025-12-07 18:48:14.556730,20.0,18.2
u03,improving,3,h0808,2025-12-07 18:30:00,18,6,sports,False,5,4,driving,37.5,False,2025-12-07 17:52:30.996019,2025-12-07 18:07:07.147995,2025-12-07 18:46:17.680428,14.6,16.3
u05,chronically_late,1,h0324,2025-12-07 18:30:00,18,6,party,False,2,4,cycling,24.4,False,2025-12-07 18:05:37.441426,2025-12-07 18:21:06.641355,2025-12-07 18:47:16.397107,15.5,17.3
u11,always_early,3,h0808,2025-12-07 18:30:00,18,6,sports,False,5,4,driving,8.9,True,2025-12-07 18:21:04.269325,2025-12-07 18:20:43.805114,2025-12-07 18:30:24.904987,-0.3,0.4
u13,rain_hater,1,h0324,2025-12-07 18:30:00,18,6,party,False,2,4,driving,18.2,True,2025-12-07 18:11:50.294604,2025-12-07 18:25:15.096375,2025-12-07 18:42:32.183265,13.4,12.5
u15,morning_struggler,3,h0808,2025-12-07 18:30:00,18,6,sports,False,5,4,walking,13.1,False,2025-12-07 18:16:53.539497,2025-12-07 18:18:49.679126,2025-12-07 18:32:07.525843,1.9,2.1
u17,unpredictable,1,h0324,2025-12-07 18:30:00,18,6,party,False,2,4,driving,39.1,False,2025-12-07 17:50:52.208537,2025-12-07 17:55:25.451655,2025-12-07 18:36:17.742874,4.6,6.3
u19,punctual,3,h0808,2025-12-07 18:30:00,18,6,sports,False,5,4,driving,15.3,True,2025-12-07 18:14:43.709777,2025-12-07 18:19:06.126414,2025-12-07 18:32:56.032814,4.4,2.9
u00,overbooked,0,h0076,2025-12-07 20:30:00,20,6,party,False,7,5,cycling,6.3,False,2025-12-07 20:23:39.638507,2025-12-07 20:29:15.333027,2025-12-07 20:34:58.804387,5.6,5.0
u04,morning_struggler,0,h0076,2025-12-07 20:30:00,20,6,party,False,7,5,walking,16.0,True,2025-12-07 20:13:59.611793,2025-12-07 20:20:36.881848,2025-12-07 20:37:28.609589,6.6,7.5
u08,chronically_late,0,h0076,2025-12-07 20:30:00,20,6,party,False,7,5,driving,32.4,False,2025-12-07 19:57:35.002950,2025-12-07 20:14:28.493453,2025-12-07 20:51:30.997898,16.9,21.5
u12,improving,0,h0076,2025-12-07 20:30:00,20,6,party,False,7,5,walking,17.3,False,2025-12-07 20:12:42.315907,2025-12-07 20:32:00.103722,2025-12-07 20:48:13.861229,19.3,18.2
u20,unpredictable,0,h0076,2025-12-07 20:30:00,20,6,party,False,7,5,driving,31.7,True,2025-12-07 19:58:19.641549,2025-12-07 20:17:56.705226,2025-12-07 20:53:10.368662,19.6,23.2
u02,improving,2,h0571,2025-12-08 17:30:00,17,0,food,False,2,6,walking,13.1,True,2025-12-08 17:16:52.368434,2025-12-08 17:39:58.804105,2025-12-08 17:54:24.135904,23.1,24.4
u06,overbooked,2,h0571,2025-12-08 17:30:00,17,0,food,False,2,6,driving,35.4,True,2025-12-08 16:54:38.573116,2025-12-08 17:12:04.416390,2025-12-08 17:50:25.659503,17.4,20.4
u10,punctual,2,h0571,2025-12-08 17:30:00,17,0,food,False,2,6,cycling,17.8,False,2025-12-08 17:12:09.473579,2025-12-08 17:11:24.457210,2025-12-08 17:29:30.534173,-0.8,-0.5
u11,always_early,3,h0809,2025-12-08 17:30:00,17,0,coffee,False,0,3,driving,30.1,False,2025-12-08 16:59:56.613489,2025-12-08 16:56:20.947294,2025-12-08 17:24:25.572606,-3.6,-5.6
u14,punctual,2,h0571,2025-12-08 17:30:00,17,0,food,False,2,6,walking,11.7,True,2025-12-08 17:18:19.944031,2025-12-08 17:25:06.761383,2025-12-08 17:37:01.360735,6.8,7.0
u15,morning_struggler,3,h0809,2025-12-08 17:30:00,17,0,coffee,False,0,3,walking,8.2,True,2025-12-08 17:21:49.695123,2025-12-08 17:26:06.565192,2025-12-08 17:34:35.059276,4.3,4.6
u18,always_early,2,h0571,2025-12-08 17:30:00,17,0,food,False,2,6,cycling,20.3,True,2025-12-08 17:09:43.083811,2025-12-08 17:09:15.031466,2025-12-08 17:28:49.542331,-0.5,-1.2
u22,rain_hater,2,h0571,2025-12-08 17:30:00,17,0,food,False,2,6,walking,20.9,True,2025-12-08 17:09:03.472499,2025-12-08 17:12:15.168269,2025-12-08 17:33:05.973510,3.2,3.1
u23,chronically_late,3,h0809,2025-12-08 17:30:00,17,0,coffee,False,0,3,walking,5.7,False,2025-12-08 17:24:15.094564,2025-12-08 17:29:51.713321,2025-12-08 17:35:06.079924,5.6,5.1
u00,overbooked,0,h0077,2025-12-09 17:30:00,17,1,party,False,7,6,cycling,8.9,True,2025-12-09 17:21:08.317953,2025-12-09 17:42:08.942311,2025-12-09 17:50:52.614030,21.0,20.9
u04,morning_struggler,0,h0077,2025-12-09 17:30:00,17,1,party,False,7,6,walking,6.4,False,2025-12-09 17:23:34.506627,2025-12-09 17:29:46.703355,2025-12-09 17:36:01.125590,6.2,6.0
u08,chronically_late,0,h0077,2025-12-09 17:30:00,17,1,party,False,7,6,driving,19.8,True,2025-12-09 17:10:11.541978,2025-12-09 17:24:25.872271,2025-12-09 17:44:33.322532,14.2,14.6
u12,improving,0,h0077,2025-12-09 17:30:00,17,1,party,False,7,6,walking,12.6,False,2025-12-09 17:17:26.159372,2025-12-09 17:31:56.001608,2025-12-09 17:45:11.051049,14.5,15.2
u16,rain_hater,0,h0077,2025-12-09 17:30:00,17,1,party,False,7,6,driving,37.7,True,2025-12-09 16:52:20.792663,2025-12-09 16:59:52.952791,2025-12-09 17:43:03.875373,7.5,13.1
u20,unpredictable,0,h0077,2025-12-09 17:30:00,17,1,party,False,7,6,driving,38.2,False,2025-12-09 16:51:50.268671,2025-12-09 16:54:23.167638,2025-12-09 17:36:55.966848,2.5,6.9
u03,improving,3,h0810,2025-12-10 16:30:00,16,2,study,False,7,5,driving,27.4,False,2025-12-10 16:02:38.440733,2025-12-10 16:12:43.234228,2025-12-10 16:40:21.640564,10.1,10.4
u07,unpredictable,3,h0810,2025-12-10 16:30:00,16,2,study,False,7,5,driving,35.6,False,2025-12-10 15:54:23.388240,2025-12-10 16:19:09.657731,2025-12-10 16:53:59.101884,24.8,24.0
u15,morning_struggler,3,h0810,2025-12-10 16:30:00,16,2,study,False,7,5,walking,9.2,True,2025-12-10 16:20:48.383275,2025-12-10 16:25:57.663272,2025-12-10 16:35:48.026479,5.2,5.8
u19,punctual,3,h0810,2025-12-10 16:30:00,16,2,study,False,7,5,driving,10.8,False,2025-12-10 16:19:11.352011,2025-12-10 16:19:42.579305,2025-12-10 16:31:08.277083,0.5,1.1
u23,chronically_late,3,h0810,2025-12-10 16:30:00,16,2,study,False,7,5,walking,13.7,True,2025-12-10 16:16:17.265025,2025-12-10 16:30:06.912965,2025-12-10 16:43:00.112979,13.8,13.0
u14,punctual,2,h0572,2025-12-11 18:00:00,18,3,study,False,0,3,walking,22.5,False,2025-12-11 17:37:28.818570,2025-12-11 17:35:01.886586,2025-12-11 17:56:24.103051,-2.4,-3.6
u18,always_early,2,h0572,2025-12-11 18:00:00,18,3,study,False,0,3,cycling,17.0,False,2025-12-11 17:43:00.007994,2025-12-11 17:38:00.078016,2025-12-11 17:56:19.414865,-5.0,-3.7
u22,rain_hater,2,h0572,2025-12-11 18:00:00,18,3,study,False,0,3,walking,23.6,False,2025-12-11 17:36:21.684807,2025-12-11 17:35:59.748551,2025-12-11 17:59:04.088351,-0.4,-0.9
u02,improving,2,h0573,2025-12-11 18:30:00,18,3,sports,False,4,4,walking,11.5,False,2025-12-11 18:18:31.866713,2025-12-11 18:32:44.188163,2025-12-11 18:43:04.193419,14.2,13.1
u06,overbooked,2,h0573,2025-12-11 18:30:00,18,3,sports,False,4,4,driving,30.0,True,2025-12-11 17:59:58.408580,2025-12-11 18:16:59.002650,2025-12-11 18:45:26.153316,17.0,15.4
u10,punctual,2,h0573,2025-12-11 18:30:00,18,3,sports,False,4,4,cycling,19.7,False,2025-12-11 18:10:16.677975,2025-12-11 18:11:40.886366,2025-12-11 18:31:57.413523,1.4,2.0
u22,rain_hater,2,h0573,2025-12-11 18:30:00,18,3,sports,False,4,4,walking,6.3,True,2025-12-11 18:23:42.725071,2025-12-11 18:29:15.941617,2025-12-11 18:34:58.122012,5.6,5.0
u00,overbooked,0,h0079,2025-12-12 09:30:00,9,4,coffee,False,2,5,cycling,6.4,True,2025-12-12 09:23:35.112214,2025-12-12 09:42:04.705751,2025-12-12 09:48:31.641153,18.5,18.5
u04,morning_struggler,0,h0079,2025-12-12 09:30:00,9,4,coffee,False,2,5,walking,5.3,True,2025-12-12 09:24:43.467174,2025-12-12 09:47:20.795406,2025-12-12 09:52:36.859129,22.6,22.6
u08,chronically_late,0,h0079,2025-12-12 09:30:00,9,4,coffee,False,2,5,driving,11.2,False,2025-12-12 09:18:47.448195,2025-12-12 09:33:42.793569,2025-12-12 09:43:51.834427,14.9,13.9
u16,rain_hater,0,h0079,2025-12-12 09:30:00,9,4,coffee,False,2,5,driving,27.2,False,2025-12-12 09:02:45.364295,2025-12-12 09:07:09.094909,2025-12-12 09:37:02.108663,4.4,7.0
u20,unpredictable,0,h0079,2025-12-12 09:30:00,9,4,coffee,False,2,5,driving,33.9,False,2025-12-12 08:56:04.219094,2025-12-12 09:00:16.005102,2025-12-12 09:35:50.274845,4.2,5.8
u02,improving,2,h0574,2025-12-12 14:30:00,14,4,study,False,1,5,walking,17.0,False,2025-12-12 14:12:59.442106,2025-12-12 14:22:34.670333,2025-12-12 14:40:38.667405,9.6,10.6
u06,overbooked,2,h0574,2025-12-12 14:30:00,14,4,study,False,1,5,driving,10.0,False,2025-12-12 14:20:02.466983,2025-12-12 14:20:21.702703,2025-12-12 14:29:33.715976,0.3,-0.4
u10,punctual,2,h0574,2025-12-12 14:30:00,14,4,study,False,1,5,cycling,15.9,True,2025-12-12 14:14:05.459928,2025-12-12 14:16:54.305248,2025-12-12 14:31:28.085966,2.8,1.5
u14,punctual,2,h0574,2025-12-12 14:30:00,14,4,study,False,1,5,walking,14.3,False,2025-12-12 14:15:42.436860,2025-12-12 14:14:24.262464,2025-12-12 14:27:59.240879,-1.3,-2.0
u18,always_early,2,h0574,2025-12-12 14:30:00,14,4,study,False,1,5,cycling,8.9,False,2025-12-12 14:21:06.358548,2025-12-12 14:16:26.363710,2025-12-12 14:25:48.459939,-4.7,-4.2
u00,overbooked,0,h0078,2025-12-12 15:30:00,15,4,food,False,6,4,cycling,22.8,True,2025-12-12 15:07:10.993993,2025-12-12 15:25:31.991354,2025-12-12 15:46:56.355188,18.3,16.9
u08,chronically_late,0,h0078,2025-12-12 15:30:00,15,4,food,False,6,4,driving,22.1,False,2025-12-12 15:07:53.131335,2025-12-12 15:18:53.631027,2025-12-12 15:40:20.572996,11.0,10.3
u12,improving,0,h0078,2025-12-12 15:30:00,15,4,food,False,6,4,walking,13.9,False,2025-12-12 15:16:04.332609,2025-12-12 15:27:51.955727,2025-12-12 15:40:48.269604,11.8,10.8
u20,unpredictable,0,h0078,2025-12-12 15:30:00,15,4,food,False,6,4,driving,30.0,True,2025-12-12 14:59:59.934845,2025-12-12 15:09:20.195587,2025-12-12 15:37:23.160920,9.3,7.4
u01,overbooked,1,h0325,2025-12-13 18:00:00,18,5,study,False,2,5,driving,27.2,True,2025-12-13 17:32:48.253738,2025-12-13 17:48:44.739342,2025-12-13 18:16:40.210853,15.9,16.7
u04,morning_struggler,0,h0080,2025-12-13 18:00:00,18,5,study,False,7,5,walking,24.8,True,2025-12-13 17:35:14.823063,2025-12-13 17:38:53.248127,2025-12-13 18:06:22.780173,3.6,6.4
u05,chronically_late,1,h0325,2025-12-13 18:00:00,18,5,study,False,2,5,cycling,12.2,False,2025-12-13 17:47:46.985332,2025-12-13 17:57:09.029081,2025-12-13 18:08:21.545194,9.4,8.4
u08,chronically_late,0,h0080,2025-12-13 18:00:00,18,5,study,False,7,5,driving,24.1,True,2025-12-13 17:35:52.197299,2025-12-13 17:52:28.607284,2025-12-13 18:19:48.282035,16.6,19.8
u09,morning_struggler,1,h0325,2025-12-13 18:00:00,18,5,study,False,2,5,cycling,22.0,False,2025-12-13 17:38:02.672177,2025-12-13 17:41:21.716945,2025-12-13 18:02:33.352051,3.3,2.6
u12,improving,0,h0080,2025-12-13 18:00:00,18,5,study,False,7,5,walking,13.9,False,2025-12-13 17:46:06.074687,2025-12-13 17:58:26.226870,2025-12-13 18:12:06.868969,12.3,12.1
u16,rain_hater,0,h0080,2025-12-13 18:00:00,18,5,study,False,7,5,driving,12.2,True,2025-12-13 17:47:48.631081,2025-12-13 17:57:41.985611,2025-12-13 18:09:28.818824,9.9,9.5
u17,unpredictable,1,h0325,2025-12-13 18:00:00,18,5,study,False,2,5,driving,33.3,True,2025-12-13 17:26:39.233520,2025-12-13 17:58:25.442572,2025-12-13 18:35:27.087968,31.8,35.5
u20,unpredictable,0,h0080,2025-12-13 18:00:00,18,5,study,False,7,5,driving,18.4,False,2025-12-13 17:41:38.109576,2025-12-13 18:04:46.894004,2025-12-13 18:23:29.410946,23.1,23.5
u21,always_early,1,h0325,2025-12-13 18:00:00,18,5,study,False,2,5,driving,17.2,True,2025-12-13 17:42:50.189525,2025-12-13 17:42:30.764258,2025-12-13 18:00:18.420098,-0.3,0.3
u05,chronically_late,1,h0326,2025-12-13 19:30:00,19,5,coffee,True,4,5,cycling,8.4,False,2025-12-13 19:21:38.979741,2025-12-13 19:36:57.897117,2025-12-13 19:47:27.625514,15.3,17.5
u09,morning_struggler,1,h0326,2025-12-13 19:30:00,19,5,coffee,True,4,5,cycling,6.8,True,2025-12-13 19:23:10.601801,2025-12-13 19:28:21.413037,2025-12-13 19:36:07.732002,5.2,6.1
u13,rain_hater,1,h0326,2025-12-13 19:30:00,19,5,coffee,True,4,5,driving,24.0,False,2025-12-13 19:06:00.081676,2025-12-13 19:16:35.463477,2025-12-13 19:40:27.830267,10.6,10.5
u17,unpredictable,1,h0326,2025-12-13 19:30:00,19,5,coffee,True,4,5,driving,38.3,True,2025-12-13 18:51:39.058634,2025-12-13 18:58:23.591821,2025-12-13 19:39:49.962277,6.7,9.8
u21,always_early,1,h0326,2025-12-13 19:30:00,19,5,coffee,True,4,5,driving,13.9,False,2025-12-13 19:16:06.201603,2025-12-13 19:14:45.591751,2025-12-13 19:28:38.717095,-1.3,-1.4
u02,improving,2,h0575,2025-12-14 10:30:00,10,6,party,False,1,5,walking,5.4,False,2025-12-14 10:24:37.891540,2025-12-14 10:36:19.130851,2025-12-14 10:41:42.958160,11.7,11.7
u06,overbooked,2,h0575,2025-12-14 10:30:00,10,6,party,False,1,5,driving,35.1,False,2025-12-14 09:54:51.566341,2025-12-14 09:58:16.512599,2025-12-14 10:35:47.578852,3.4,5.8
u10,punctual,2,h0575,2025-12-14 10:30:00,10,6,party,False,1,5,cycling,16.3,False,2025-12-14 10:13:40.235114,2025-12-14 10:17:03.363852,2025-12-14 10:34:39.813193,3.4,4.7
u18,always_early,2,h0575,2025-12-14 10:30:00,10,6,party,False,1,5,cycling,15.7,False,2025-12-14 10:14:17.933496,2025-12-14 10:13:03.091689,2025-12-14 10:29:40.316075,-1.2,-0.3
u22,rain_hater,2,h0575,2025-12-14 10:30:00,10,6,party,False,1,5,walking,13.7,False,2025-12-14 10:16:18.824709,2025-12-14 10:22:31.702584,2025-12-14 10:37:36.617980,6.2,7.6
u00,overbooked,0,h0081,2025-12-14 17:30:00,17,6,sports,False,7,5,cycling,14.5,True,2025-12-14 17:15:28.992316,2025-12-14 17:32:12.773978,2025-12-14 17:46:41.580075,16.7,16.7
u08,chronically_late,0,h0081,2025-12-14 17:30:00,17,6,sports,False,7,5,driving,25.0,False,2025-12-14 17:05:01.011281,2025-12-14 17:15:34.753087,2025-12-14 17:39:56.791973,10.6,9.9
u12,improving,0,h0081,2025-12-14 17:30:00,17,6,sports,False,7,5,walking,5.6,False,2025-12-14 17:24:22.716480,2025-12-14 17:39:15.909032,2025-12-14 17:45:16.805344,14.9,15.3
u16,rain_hater,0,h0081,2025-12-14 17:30:00,17,6,sports,False,7,5,driving,19.2,False,2025-12-14 17:10:50.187548,2025-12-14 17:12:50.038854,2025-12-14 17:31:48.726554,2.0,1.8
u20,unpredictable,0,h0081,2025-12-14 17:30:00,17,6,sports,False,7,5,driving,13.8,False,2025-12-14 17:16:11.862799,2025-12-14 17:23:13.866518,2025-12-14 17:36:52.732274,7.0,6.9
u01,overbooked,1,h0327,2025-12-14 19:00:00,19,6,food,False,6,4,driving,11.3,True,2025-12-14 18:48:41.973403,2025-12-14 19:07:40.084920,2025-12-14 19:19:41.485226,19.0,19.7
u05,chronically_late,1,h0327,2025-12-14 19:00:00,19,6,food,False,6,4,cycling,12.8,False,2025-12-14 18:47:10.771220,2025-12-14 19:07:32.633779,2025-12-14 19:21:12.379397,20.4,21.2
u13,rain_hater,1,h0327,2025-12-14 19:00:00,19,6,food,False,6,4,driving,30.6,False,2025-12-14 18:29:24.228951,2025-12-14 18:31:24.705979,2025-12-14 19:05:54.893352,2.0,5.9
u17,unpredictable,1,h0327,2025-12-14 19:00:00,19,6,food,False,6,4,driving,26.7,True,2025-12-14 18:33:18.567759,2025-12-14 18:38:14.421287,2025-12-14 19:04:17.845462,4.9,4.3
u01,overbooked,1,h0328,2025-12-14 22:00:00,22,6,study,False,1,6,driving,21.1,False,2025-12-14 21:38:51.015307,2025-12-14 21:39:37.453833,2025-12-14 22:03:50.562527,0.8,3.8
u05,chronically_late,1,h0328,2025-12-14 22:00:00,22,6,study,False,1,6,cycling,6.1,False,2025-12-14 21:53:54.583239,2025-12-14 22:01:23.964016,2025-12-14 22:07:43.750732,7.5,7.7
u09,morning_struggler,1,h0328,2025-12-14 22:00:00,22,6,study,False,1,6,cycling,15.7,False,2025-12-14 21:44:19.712106,2025-12-14 21:42:59.895997,2025-12-14 21:57:39.297274,-1.3,-2.3
u13,rain_hater,1,h0328,2025-12-14 22:00:00,22,6,study,False,1,6,driving,28.9,False,2025-12-14 21:31:08.891160,2025-12-14 21:30:08.532456,2025-12-14 22:00:15.775150,-1.0,0.3
u17,unpredictable,1,h0328,2025-12-14 22:00:00,22,6,study,False,1,6,driving,36.3,True,2025-12-14 21:23:41.092623,2025-12-14 21:33:44.774059,2025-12-14 22:10:19.024861,10.1,10.3
u21,always_early,1,h0328,2025-12-14 22:00:00,22,6,study,False,1,6,driving,35.1,True,2025-12-14 21:24:56.554286,2025-12-14 21:24:36.447136,2025-12-14 22:00:01.125452,-0.3,0.0
u01,overbooked,1,h0330,2025-12-15 09:00:00,9,0,coffee,False,6,4,driving,34.1,True,2025-12-15 08:25:56.868171,2025-12-15 08:45:17.409193,2025-12-15 09:16:40.811728,19.3,16.7
u09,morning_struggler,1,h0330,2025-12-15 09:00:00,9,0,coffee,False,6,4,cycling,10.9,True,2025-12-15 08:49:07.759470,2025-12-15 09:10:11.420955,2025-12-15 09:20:21.577639,21.1,20.4
u13,rain_hater,1,h0330,2025-12-15 09:00:00,9,0,coffee,False,6,4,driving,9.4,False,2025-12-15 08:50:37.766402,2025-12-15 08:56:07.387630,2025-12-15 09:05:47.183866,5.5,5.8
u21,always_early,1,h0330,2025-12-15 09:00:00,9,0,coffee,False,6,4,driving,16.3,False,2025-12-15 08:43:41.878011,2025-12-15 08:43:04.952629,2025-12-15 08:58:24.575270,-0.6,-1.6
u01,overbooked,1,h0329,2025-12-15 10:30:00,10,0,food,False,0,4,driving,16.0,False,2025-12-15 10:13:58.258599,2025-12-15 10:15:30.145253,2025-12-15 10:31:04.708788,1.5,1.1
u05,chronically_late,1,h0329,2025-12-15 10:30:00,10,0,food,False,0,4,cycling,23.2,False,2025-12-15 10:06:49.068150,2025-12-15 10:12:41.729951,2025-12-15 10:38:41.915483,5.9,8.7
u13,rain_hater,1,h0329,2025-12-15 10:30:00,10,0,food,False,0,4,driving,19.6,False,2025-12-15 10:10:23.603790,2025-12-15 10:11:44.881655,2025-12-15 10:32:19.297982,1.4,2.3
u17,unpredictable,1,h0329,2025-12-15 10:30:00,10,0,food,False,0,4,driving,15.3,True,2025-12-15 10:14:40.614718,2025-12-15 10:15:38.030476,2025-12-15 10:30:04.020438,1.0,0.1
u03,improving,3,h0811,2025-12-15 18:00:00,18,0,study,False,3,3,driving,8.0,True,2025-12-15 17:51:58.686625,2025-12-15 18:16:31.886829,2025-12-15 18:25:12.679377,24.6,25.2
u07,unpredictable,3,h0811,2025-12-15 18:00:00,18,0,study,False,3,3,driving,28.6,False,2025-12-15 17:31:22.563126,2025-12-15 17:33:00.813314,2025-12-15 18:04:23.214178,1.6,4.4
u23,chronically_late,3,h0811,2025-12-15 18:00:00,18,0,study,False,3,3,walking,8.1,False,2025-12-15 17:51:54.158360,2025-12-15 18:00:41.526636,2025-12-15 18:09:42.959108,8.8,9.7
u00,overbooked,0,h0082,2025-12-15 20:30:00,20,0,food,False,4,3,cycling,12.5,True,2025-12-15 20:17:29.378663,2025-12-15 20:34:07.704936,2025-12-15 20:45:46.521777,16.6,15.8
u08,chronically_late,0,h0082,2025-12-15 20:30:00,20,0,food,False,4,3,driving,15.6,False,2025-12-15 20:14:22.144428,2025-12-15 20:25:45.951572,2025-12-15 20:42:59.220871,11.4,13.0
u16,rain_hater,0,h0082,2025-12-15 20:30:00,20,0,food,False,4,3,driving,38.0,False,2025-12-15 19:52:01.138007,2025-12-15 19:53:18.515011,2025-12-15 20:34:16.032156,1.3,4.3
u07,unpredictable,3,h0812,2025-12-16 19:30:00,19,1,study,False,5,3,driving,35.7,False,2025-12-16 18:54:17.945106,2025-12-16 18:56:02.172859,2025-12-16 19:35:10.288999,1.7,5.2
u11,always_early,3,h0812,2025-12-16 19:30:00,19,1,study,False,5,3,driving,9.7,False,2025-12-16 19:20:16.120792,2025-12-16 19:17:58.961598,2025-12-16 19:27:17.811278,-2.3,-2.7
u19,punctual,3,h0812,2025-12-16 19:30:00,19,1,study,False,5,3,driving,9.2,False,2025-12-16 19:20:47.670547,2025-12-16 19:21:59.058012,2025-12-16 19:32:33.687562,1.2,2.6
u00,overbooked,0,h0083,2025-12-16 22:00:00,22,1,study,True,0,5,cycling,9.4,False,2025-12-16 21:50:37.179763,2025-12-16 21:53:33.721016,2025-12-16 22:05:14.493451,2.9,5.2
u04,morning_struggler,0,h0083,2025-12-16 22:00:00,22,1,study,True,0,5,walking,10.3,True,2025-12-16 21:49:42.510867,2025-12-16 21:52:59.897058,2025-12-16 22:03:52.007857,3.3,3.9
u12,improving,0,h0083,2025-12-16 22:00:00,22,1,study,True,0,5,walking,10.5,True,2025-12-16 21:49:31.312598,2025-12-16 22:02:51.962787,2025-12-16 22:13:47.720826,13.3,13.8
u16,rain_hater,0,h0083,2025-12-16 22:00:00,22,1,study,True,0,5,driving,20.1,False,2025-12-16 21:39:53.047819,2025-12-16 21:47:42.418268,2025-12-16 22:09:26.142750,7.8,9.4
u20,unpredictable,0,h0083,2025-12-16 22:00:00,22,1,study,True,0,5,driving,10.9,True,2025-12-16 21:49:07.715947,2025-12-16 21:51:07.998749,2025-12-16 22:04:09.486309,2.0,4.2
u02,improving,2,h0576,2025-12-17 18:30:00,18,2,coffee,False,7,5,walking,14.1,False,2025-12-17 18:15:52.600265,2025-12-17 18:28:57.922401,2025-12-17 18:42:46.812258,13.1,12.8
u06,overbooked,2,h0576,2025-12-17 18:30:00,18,2,coffee,False,7,5,driving,38.1,True,2025-12-17 17:51:56.326439,2025-12-17 18:13:10.869047,2025-12-17 18:51:26.149091,21.2,21.4
u10,punctual,2,h0576,2025-12-17 18:30:00,18,2,coffee,False,7,5,cycling,18.5,False,2025-12-17 18:11:32.630100,2025-12-17 18:14:12.456568,2025-12-17 18:32:33.537986,2.7,2.6
u14,punctual,2,h0576,2025-12-17 18:30:00,18,2,coffee,False,7,5,walking,8.4,False,2025-12-17 18:21:37.756665,2025-12-17 18:26:15.095738,2025-12-17 18:34:52.830715,4.6,4.9
u22,rain_hater,2,h0576,2025-12-17 18:30:00,18,2,coffee,False,7,5,walking,22.8,True,2025-12-17 18:07:11.306624,2025-12-17 18:14:40.422285,2025-12-17 18:40:08.496530,7.5,10.1
u00,overbooked,0,h0084,2025-12-17 22:30:00,22,2,study,False,7,6,cycling,23.0,True,2025-12-17 22:06:59.124782,2025-12-17 22:25:15.636246,2025-12-17 22:50:36.807947,18.3,20.6
u04,morning_struggler,0,h0084,2025-12-17 22:30:00,22,2,study,False,7,6,walking,7.0,True,2025-12-17 22:23:02.540064,2025-12-17 22:28:56.058167,2025-12-17 22:35:16.203233,5.9,5.3
u08,chronically_late,0,h0084,2025-12-17 22:30:00,22,2,study,False,7,6,driving,32.6,False,2025-12-17 21:57:21.241057,2025-12-17 22:16:21.574511,2025-12-17 22:52:44.053299,19.0,22.7
u12,improving,0,h0084,2025-12-17 22:30:00,22,2,study,False,7,6,walking,11.3,False,2025-12-17 22:18:42.502117,2025-12-17 22:30:46.920106,2025-12-17 22:43:19.666384,12.1,13.3
u16,rain_hater,0,h0084,2025-12-17 22:30:00,22,2,study,False,7,6,driving,17.9,False,2025-12-17 22:12:07.757525,2025-12-17 22:12:14.586755,2025-12-17 22:32:46.129394,0.1,2.8
u20,unpredictable,0,h0084,2025-12-17 22:30:00,22,2,study,False,7,6,driving,32.6,True,2025-12-17 21:57:21.425821,2025-12-17 22:00:58.398607,2025-12-17 22:30:37.851096,3.6,0.6
u03,improving,3,h0813,2025-12-19 08:00:00,8,4,study,True,6,6,driving,20.4,False,2025-12-19 07:39:33.271491,2025-12-19 07:55:23.148080,2025-12-19 08:20:00.865225,15.8,20.0
u07,unpredictable,3,h0813,2025-12-19 08:00:00,8,4,study,True,6,6,driving,9.2,False,2025-12-19 07:50:48.576509,2025-12-19 08:01:39.525048,2025-12-19 08:12:37.218380,10.8,12.6
u11,always_early,3,h0813,2025-12-19 08:00:00,8,4,study,True,6,6,driving,32.2,False,2025-12-19 07:27:48.451005,2025-12-19 07:28:09.804373,2025-12-19 08:04:19.126224,0.4,4.3
u15,morning_struggler,3,h0813,2025-12-19 08:00:00,8,4,study,True,6,6,walking,22.6,False,2025-12-19 07:37:26.054880,2025-12-19 07:56:10.468404,2025-12-19 08:24:24.899958,18.7,24.4
u19,punctual,3,h0813,2025-12-19 08:00:00,8,4,study,True,6,6,driving,11.0,False,2025-12-19 07:49:02.113074,2025-12-19 07:55:30.020348,2025-12-19 08:09:02.982744,6.5,9.0
u23,chronically_late,3,h0813,2025-12-19 08:00:00,8,4,study,True,6,6,walking,22.0,False,2025-12-19 07:38:01.878559,2025-12-19 08:02:41.018277,2025-12-19 08:25:49.965301,24.7,25.8
u03,improving,3,h0814,2025-12-19 09:30:00,9,4,sports,False,7,5,driving,22.8,False,2025-12-19 09:07:09.485687,2025-12-19 09:23:01.017786,2025-12-19 09:47:35.380847,15.9,17.6
u11,always_early,3,h0814,2025-12-19 09:30:00,9,4,sports,False,7,5,driving,21.4,True,2025-12-19 09:08:33.955464,2025-12-19 09:13:11.691977,2025-12-19 09:34:45.806721,4.6,4.8
u15,morning_struggler,3,h0814,2025-12-19 09:30:00,9,4,sports,False,7,5,walking,15.9,False,2025-12-19 09:14:05.973291,2025-12-19 09:32:20.493600,2025-12-19 09:47:21.727507,18.2,17.4
u19,punctual,3,h0814,2025-12-19 09:30:00,9,4,sports,False,7,5,driving,17.7,False,2025-12-19 09:12:17.168450,2025-12-19 09:16:50.228493,2025-12-19 09:33:21.591491,4.6,3.4
u23,chronically_late,3,h0814,2025-12-19 09:30:00,9,4,sports,False,7,5,walking,18.1,False,2025-12-19 09:11:53.657215,2025-12-19 09:24:59.176863,2025-12-19 09:43:43.215436,13.1,13.7
u02,improving,2,h0577,2025-12-19 15:30:00,15,4,study,False,7,4,walking,21.9,True,2025-12-19 15:08:08.646853,2025-12-19 15:20:16.904053,2025-12-19 15:42:08.227106,12.1,12.1
u10,punctual,2,h0577,2025-12-19 15:30:00,15,4,study,False,7,4,cycling,15.9,False,2025-12-19 15:14:03.958767,2025-12-19 15:20:29.879361,2025-12-19 15:36:34.081469,6.4,6.6
u18,always_early,2,h0577,2025-12-19 15:30:00,15,4,study,False,7,4,cycling,19.4,False,2025-12-19 15:10:38.375192,2025-12-19 15:10:07.469468,2025-12-19 15:28:16.294277,-0.5,-1.7
u22,rain_hater,2,h0577,2025-12-19 15:30:00,15,4,study,False,7,4,walking,24.7,False,2025-12-19 15:05:17.050129,2025-12-19 15:07:33.185631,2025-12-19 15:34:59.064943,2.3,5.0
u00,overbooked,0,h0085,2025-12-19 17:00:00,17,4,study,False,6,4,cycling,21.7,True,2025-12-19 16:38:20.739908,2025-12-19 17:05:20.654568,2025-12-19 17:29:04.878152,27.0,29.1
u04,morning_struggler,0,h0085,2025-12-19 17:00:00,17,4,study,False,6,4,walking,15.1,False,2025-12-19 16:44:56.985541,2025-12-19 16:46:52.444438,2025-12-19 17:02:18.639126,1.9,2.3
u08,chronically_late,0,h0085,2025-12-19 17:00:00,17,4,study,False,6,4,driving,12.9,False,2025-12-19 16:47:08.540672,2025-12-19 16:56:19.458190,2025-12-19 17:09:13.503496,9.2,9.2
u12,improving,0,h0085,2025-12-19 17:00:00,17,4,study,False,6,4,walking,10.4,False,2025-12-19 16:49:35.590835,2025-12-19 17:03:08.427599,2025-12-19 17:13:21.567383,13.5,13.4
u00,overbooked,0,h0087,2025-12-20 10:30:00,10,5,sports,False,2,6,cycling,12.4,False,2025-12-20 10:17:33.521922,2025-12-20 10:18:08.399833,2025-12-20 10:32:17.490911,0.6,2.3
u04,morning_struggler,0,h0087,2025-12-20 10:30:00,10,5,sports,False,2,6,walking,23.9,False,2025-12-20 10:06:03.008346,2025-12-20 10:06:27.044408,2025-12-20 10:30:42.878699,0.4,0.7
u08,chronically_late,0,h0087,2025-12-20 10:30:00,10,5,sports,False,2,6,driving,37.5,True,2025-12-20 09:52:29.073334,2025-12-20 10:32:31.389230,2025-12-20 11:15:00.356700,40.0,45.0
u12,improving,0,h0087,2025-12-20 10:30:00,10,5,sports,False,2,6,walking,20.0,False,2025-12-20 10:10:01.782640,2025-12-20 10:20:42.024222,2025-12-20 10:40:16.325454,10.7,10.3
u16,rain_hater,0,h0087,2025-12-20 10:30:00,10,5,sports,False,2,6,driving,21.3,True,2025-12-20 10:08:40.969574,2025-12-20 10:13:57.047627,2025-12-20 10:34:29.172042,5.3,4.5
u20,unpredictable,0,h0087,2025-12-20 10:30:00,10,5,sports,False,2,6,driving,30.6,True,2025-12-20 09:59:25.876974,2025-12-20 10:10:23.427555,2025-12-20 10:42:53.893807,11.0,12.9
u00,overbooked,0,h0086,2025-12-20 22:30:00,22,5,party,True,6,6,cycling,23.8,False,2025-12-20 22:06:11.761369,2025-12-20 22:16:17.909203,2025-12-20 22:41:58.833174,10.1,12.0
u04,morning_struggler,0,h0086,2025-12-20 22:30:00,22,5,party,True,6,6,walking,6.2,False,2025-12-20 22:23:49.381755,2025-12-20 22:33:53.115243,2025-12-20 22:40:06.909690,10.1,10.1
u08,chronically_late,0,h0086,2025-12-20 22:30:00,22,5,party,True,6,6,driving,37.7,True,2025-12-20 21:52:15.169974,2025-12-20 22:13:39.240117,2025-12-20 22:58:30.506275,21.4,28.5
u12,improving,0,h0086,2025-12-20 22:30:00,22,5,party,True,6,6,walking,16.8,False,2025-12-20 22:13:14.838030,2025-12-20 22:28:59.344802,2025-12-20 22:46:17.657127,15.7,16.3
u16,rain_hater,0,h0086,2025-12-20 22:30:00,22,5,party,True,6,6,driving,13.4,False,2025-12-20 22:16:33.641239,2025-12-20 22:35:44.790934,2025-12-20 22:50:01.505639,19.2,20.0
u20,unpredictable,0,h0086,2025-12-20 22:30:00,22,5,party,True,6,6,driving,24.4,True,2025-12-20 22:05:36.493495,2025-12-20 22:23:55.089364,2025-12-20 22:48:51.724206,18.3,18.9
u00,overbooked,0,h0088,2025-12-21 15:00:00,15,6,sports,False,4,6,cycling,24.4,True,2025-12-21 14:35:38.529007,2025-12-21 14:53:07.430705,2025-12-21 15:19:52.736978,17.5,19.9
u04,morning_struggler,0,h0088,2025-12-21 15:00:00,15,6,sports,False,4,6,walking,10.2,False,2025-12-21 14:49:45.724351,2025-12-21 14:51:35.925505,2025-12-21 15:01:41.813742,1.8,1.7
u08,chronically_late,0,h0088,2025-12-21 15:00:00,15,6,sports,False,4,6,driving,22.7,True,2025-12-21 14:37:19.917521,2025-12-21 14:49:05.977093,2025-12-21 15:10:13.085623,11.8,10.2
u12,improving,0,h0088,2025-12-21 15:00:00,15,6,sports,False,4,6,walking,6.2,False,2025-12-21 14:53:49.537582,2025-12-21 15:07:46.877520,2025-12-21 15:14:51.678616,14.0,14.9
u16,rain_hater,0,h0088,2025-12-21 15:00:00,15,6,sports,False,4,6,driving,19.8,True,2025-12-21 14:40:11.753509,2025-12-21 14:45:43.442505,2025-12-21 15:04:31.373468,5.5,4.5
u20,unpredictable,0,h0088,2025-12-21 15:00:00,15,6,sports,False,4,6,driving,25.1,False,2025-12-21 14:34:54.901185,2025-12-21 14:39:40.496008,2025-12-21 15:05:56.153664,4.8,5.9
u01,overbooked,1,h0331,2025-12-23 08:00:00,8,1,coffee,False,6,6,driving,37.7,False,2025-12-23 07:22:20.277513,2025-12-23 07:27:51.740105,2025-12-23 08:03:39.600019,5.5,3.7
u05,chronically_late,1,h0331,2025-12-23 08:00:00,8,1,coffee,False,6,6,cycling,10.4,False,2025-12-23 07:49:35.239380,2025-12-23 08:00:12.213847,2025-12-23 08:11:54.715108,10.6,11.9
u09,morning_struggler,1,h0331,2025-12-23 08:00:00,8,1,coffee,False,6,6,cycling,24.0,False,2025-12-23 07:36:02.752285,2025-12-23 07:54:58.067821,2025-12-23 08:21:39.621791,18.9,21.7
u13,rain_hater,1,h0331,2025-12-23 08:00:00,8,1,coffee,False,6,6,driving,26.0,False,2025-12-23 07:34:02.541271,2025-12-23 07:42:58.263971,2025-12-23 08:11:56.373777,8.9,11.9
u17,unpredictable,1,h0331,2025-12-23 08:00:00,8,1,coffee,False,6,6,driving,36.9,False,2025-12-23 07:23:06.056151,2025-12-23 07:28:04.905836,2025-12-23 08:09:33.480380,5.0,9.6
u21,always_early,1,h0331,2025-12-23 08:00:00,8,1,coffee,False,6,6,driving,9.8,False,2025-12-23 07:50:13.433032,2025-12-23 07:49:53.878405,2025-12-23 07:59:52.049881,-0.3,-0.1
u00,overbooked,0,h0090,2025-12-23 09:30:00,9,1,food,True,5,6,cycling,15.2,True,2025-12-23 09:14:45.908416,2025-12-23 09:35:44.451256,2025-12-23 09:53:00.547932,21.0,23.0
u04,morning_struggler,0,h0090,2025-12-23 09:30:00,9,1,food,True,5,6,walking,13.6,False,2025-12-23 09:16:22.618851,2025-12-23 09:39:03.132017,2025-12-23 09:56:15.997388,22.7,26.3
u08,chronically_late,0,h0090,2025-12-23 09:30:00,9,1,food,True,5,6,driving,37.4,True,2025-12-23 08:52:35.048482,2025-12-23 09:08:12.184492,2025-12-23 09:49:23.652146,15.6,19.4
u12,improving,0,h0090,2025-12-23 09:30:00,9,1,food,True,5,6,walking,19.6,False,2025-12-23 09:10:24.605895,2025-12-23 09:25:59.297520,2025-12-23 09:47:55.387537,15.6,17.9
u16,rain_hater,0,h0090,2025-12-23 09:30:00,9,1,food,True,5,6,driving,10.5,False,2025-12-23 09:19:28.812883,2025-12-23 09:33:38.940150,2025-12-23 09:45:04.935220,14.2,15.1
u20,unpredictable,0,h0090,2025-12-23 09:30:00,9,1,food,True,5,6,driving,17.2,True,2025-12-23 09:12:48.051804,2025-12-23 09:23:05.665664,2025-12-23 09:42:28.134053,10.3,12.5
u15,morning_struggler,3,h0815,2025-12-23 18:30:00,18,1,sports,False,2,3,walking,11.0,False,2025-12-23 18:19:02.989550,2025-12-23 18:19:39.562096,2025-12-23 18:31:53.147082,0.6,1.9
u19,punctual,3,h0815,2025-12-23 18:30:00,18,1,sports,False,2,3,driving,24.6,True,2025-12-23 18:05:24.992439,2025-12-23 18:09:36.675437,2025-12-23 18:34:39.791661,4.2,4.7
u23,chronically_late,3,h0815,2025-12-23 18:30:00,18,1,sports,False,2,3,walking,21.2,False,2025-12-23 18:08:45.149211,2025-12-23 18:21:14.448162,2025-12-23 18:42:58.565672,12.5,13.0
u00,overbooked,0,h0089,2025-12-23 19:00:00,19,1,party,False,6,6,cycling,19.4,True,2025-12-23 18:40:37.693428,2025-12-23 19:01:01.908922,2025-12-23 19:22:46.025252,20.4,22.8
u04,morning_struggler,0,h0089,2025-12-23 19:00:00,19,1,party,False,6,6,walking,17.2,False,2025-12-23 18:42:45.072805,2025-12-23 18:47:24.852589,2025-12-23 19:06:41.138914,4.7,6.7
u08,chronically_late,0,h0089,2025-12-23 19:00:00,19,1,party,False,6,6,driving,30.7,False,2025-12-23 18:29:20.285785,2025-12-23 18:48:42.039365,2025-12-23 19:18:35.358353,19.4,18.6
u12,improving,0,h0089,2025-12-23 19:00:00,19,1,party,False,6,6,walking,5.7,False,2025-12-23 18:54:16.283765,2025-12-23 19:11:00.600059,2025-12-23 19:17:23.873383,16.7,17.4
u16,rain_hater,0,h0089,2025-12-23 19:00:00,19,1,party,False,6,6,driving,28.7,False,2025-12-23 18:31:15.076444,2025-12-23 18:35:37.370679,2025-12-23 19:03:55.999339,4.4,3.9
u20,unpredictable,0,h0089,2025-12-23 19:00:00,19,1,party,False,6,6,driving,32.5,True,2025-12-23 18:27:32.716129,2025-12-23 18:36:40.385051,2025-12-23 19:13:46.164679,9.1,13.8
u04,morning_struggler,0,h0091,2025-12-24 10:00:00,10,2,study,False,2,3,walking,21.5,True,2025-12-24 09:38:27.885168,2025-12-24 09:43:00.892798,2025-12-24 10:06:06.609025,4.6,6.1
u12,improving,0,h0091,2025-12-24 10:00:00,10,2,study,False,2,3,walking,16.5,False,2025-12-24 09:43:31.631197,2025-12-24 09:57:46.329760,2025-12-24 10:14:08.950031,14.2,14.1
u20,unpredictable,0,h0091,2025-12-24 10:00:00,10,2,study,False,2,3,driving,35.8,False,2025-12-24 09:24:12.986035,2025-12-24 09:34:43.403023,2025-12-24 10:07:32.826699,10.5,7.5
u02,improving,2,h0578,2025-12-24 18:30:00,18,2,sports,False,3,5,walking,17.8,True,2025-12-24 18:12:14.976023,2025-12-24 18:26:41.692690,2025-12-24 18:42:53.086320,14.4,12.9
u06,overbooked,2,h0578,2025-12-24 18:30:00,18,2,sports,False,3,5,driving,20.5,True,2025-12-24 18:09:27.921741,2025-12-24 18:30:48.168614,2025-12-24 18:50:54.597485,21.3,20.9
u10,punctual,2,h0578,2025-12-24 18:30:00,18,2,sports,False,3,5,cycling,6.4,True,2025-12-24 18:23:34.801326,2025-12-24 18:27:54.240682,2025-12-24 18:34:39.573251,4.3,4.7
u14,punctual,2,h0578,2025-12-24 18:30:00,18,2,sports,False,3,5,walking,24.3,True,2025-12-24 18:05:44.844006,2025-12-24 18:08:48.724067,2025-12-24 18:34:50.366966,3.1,4.8
u22,rain_hater,2,h0578,2025-12-24 18:30:00,18,2,sports,False,3,5,walking,20.4,True,2025-12-24 18:09:34.160859,2025-12-24 18:13:17.543095,2025-12-24 18:34:42.736713,3.7,4.7
u00,overbooked,0,h0092,2025-12-25 12:00:00,12,3,coffee,False,0,6,cycling,21.8,True,2025-12-25 11:38:12.997510,2025-12-25 11:59:02.207166,2025-12-25 12:23:28.119863,20.8,23.5
u04,morning_struggler,0,h0092,2025-12-25 12:00:00,12,3,coffee,False,0,6,walking,6.8,True,2025-12-25 11:53:13.285508,2025-12-25 11:56:27.417397,2025-12-25 12:04:00.256380,3.2,4.0
u08,chronically_late,0,h0092,2025-12-25 12:00:00,12,3,coffee,False,0,6,driving,31.2,True,2025-12-25 11:28:50.409043,2025-12-25 12:03:55.566852,2025-12-25 12:38:28.723639,35.1,38.5
u12,improving,0,h0092,2025-12-25 12:00:00,12,3,coffee,False,0,6,walking,9.7,False,2025-12-25 11:50:18.355813,2025-12-25 12:01:30.428631,2025-12-25 12:12:09.586599,11.2,12.2
u16,rain_hater,0,h0092,2025-12-25 12:00:00,12,3,coffee,False,0,6,driving,23.6,False,2025-12-25 11:36:21.315261,2025-12-25 11:40:51.872401,2025-12-25 12:03:01.935294,4.5,3.0
u20,unpredictable,0,h0092,2025-12-25 12:00:00,12,3,coffee,False,0,6,driving,29.3,False,2025-12-25 11:30:42.789186,2025-12-25 11:32:07.486252,2025-12-25 12:01:32.857022,1.4,1.5
u00,overbooked,0,h0093,2025-12-25 15:00:00,15,3,party,False,3,4,cycling,17.4,True,2025-12-25 14:42:33.583893,2025-12-25 15:05:55.501134,2025-12-25 15:25:19.028591,23.4,25.3
u04,morning_struggler,0,h0093,2025-12-25 15:00:00,15,3,party,False,3,4,walking,10.0,False,2025-12-25 14:49:58.976530,2025-12-25 14:55:58.398374,2025-12-25 15:07:10.358285,6.0,7.2
u08,chronically_late,0,h0093,2025-12-25 15:00:00,15,3,party,False,3,4,driving,15.6,True,2025-12-25 14:44:23.931510,2025-12-25 15:01:10.745849,2025-12-25 15:15:24.264879,16.8,15.4
u12,improving,0,h0093,2025-12-25 15:00:00,15,3,party,False,3,4,walking,20.2,False,2025-12-25 14:39:45.298382,2025-12-25 14:56:26.934636,2025-12-25 15:18:27.336843,16.7,18.5
u00,overbooked,0,h0094,2025-12-26 10:00:00,10,4,sports,False,4,6,cycling,23.7,False,2025-12-26 09:36:17.583419,2025-12-26 09:38:08.486728,2025-12-26 10:01:56.917477,1.8,1.9
u04,morning_struggler,0,h0094,2025-12-26 10:00:00,10,4,sports,False,4,6,walking,20.8,False,2025-12-26 09:39:09.274995,2025-12-26 09:41:43.927076,2025-12-26 10:04:41.529596,2.6,4.7
u07,unpredictable,3,h0816,2025-12-26 10:00:00,10,4,sports,False,6,5,driving,12.9,False,2025-12-26 09:47:04.056071,2025-12-26 09:53:25.086384,2025-12-26 10:05:28.810947,6.4,5.5
u08,chronically_late,0,h0094,2025-12-26 10:00:00,10,4,sports,False,4,6,driving,15.9,False,2025-12-26 09:44:05.247200,2025-12-26 09:56:34.494170,2025-12-26 10:12:12.487568,12.5,12.2
u11,always_early,3,h0816,2025-12-26 10:00:00,10,4,sports,False,6,5,driving,9.2,False,2025-12-26 09:50:49.647391,2025-12-26 09:48:52.035556,2025-12-26 09:58:35.751579,-2.0,-1.4
u12,improving,0,h0094,2025-12-26 10:00:00,10,4,sports,False,4,6,walking,8.8,True,2025-12-26 09:51:12.610467,2025-12-26 10:07:51.929196,2025-12-26 10:17:05.219501,16.7,17.1
u15,morning_struggler,3,h0816,2025-12-26 10:00:00,10,4,sports,False,6,5,walking,16.2,True,2025-12-26 09:43:50.913384,2025-12-26 09:49:35.379492,2025-12-26 10:07:57.217458,5.7,8.0
u16,rain_hater,0,h0094,2025-12-26 10:00:00,10,4,sports,False,4,6,driving,8.3,False,2025-12-26 09:51:39.005335,2025-12-26 09:52:31.597726,2025-12-26 10:00:34.759163,0.9,0.6
u19,punctual,3,h0816,2025-12-26 10:00:00,10,4,sports,False,6,5,driving,39.2,False,2025-12-26 09:20:46.976347,2025-12-26 09:22:07.606225,2025-12-26 10:03:13.918818,1.3,3.2
u20,unpredictable,0,h0094,2025-12-26 10:00:00,10,4,sports,False,4,6,driving,25.2,False,2025-12-26 09:34:48.119859,2025-12-26 09:53:18.365210,2025-12-26 10:17:28.523598,18.5,17.5
u23,chronically_late,3,h0816,2025-12-26 10:00:00,10,4,sports,False,6,5,walking,17.3,True,2025-12-26 09:42:42.495432,2025-12-26 09:55:27.781032,2025-12-26 10:11:09.101775,12.8,11.2
u05,chronically_late,1,h0332,2025-12-26 13:30:00,13,4,party,False,0,3,cycling,16.4,False,2025-12-26 13:13:38.139524,2025-12-26 13:24:44.919527,2025-12-26 13:41:52.903711,11.1,11.9
u09,morning_struggler,1,h0332,2025-12-26 13:30:00,13,4,party,False,0,3,cycling,6.0,True,2025-12-26 13:23:57.425220,2025-12-26 13:31:14.825878,2025-12-26 13:37:45.488533,7.3,7.8
u21,always_early,1,h0332,2025-12-26 13:30:00,13,4,party,False,0,3,driving,38.9,False,2025-12-26 12:51:05.418640,2025-12-26 12:50:34.533853,2025-12-26 13:29:06.599222,-0.5,-0.9
u02,improving,2,h0580,2025-12-26 17:30:00,17,4,food,True,4,6,walking,8.7,False,2025-12-26 17:21:17.283901,2025-12-26 17:35:31.531099,2025-12-26 17:44:54.531403,14.2,14.9
u06,overbooked,2,h0580,2025-12-26 17:30:00,17,4,food,True,4,6,driving,22.3,True,2025-12-26 17:07:42.929923,2025-12-26 17:27:14.461745,2025-12-26 17:50:04.115119,19.5,20.1
u10,punctual,2,h0580,2025-12-26 17:30:00,17,4,food,True,4,6,cycling,19.7,False,2025-12-26 17:10:18.995052,2025-12-26 17:14:51.326736,2025-12-26 17:34:59.134708,4.5,5.0
u14,punctual,2,h0580,2025-12-26 17:30:00,17,4,food,True,4,6,walking,20.2,True,2025-12-26 17:09:46.309264,2025-12-26 17:15:56.575449,2025-12-26 17:37:19.878765,6.2,7.3
u18,always_early,2,h0580,2025-12-26 17:30:00,17,4,food,True,4,6,cycling,15.3,False,2025-12-26 17:14:39.128683,2025-12-26 17:13:46.915266,2025-12-26 17:30:30.177065,-0.9,0.5
u22,rain_hater,2,h0580,2025-12-26 17:30:00,17,4,food,True,4,6,walking,15.2,False,2025-12-26 17:14:50.324868,2025-12-26 17:26:14.285822,2025-12-26 17:44:42.812836,11.4,14.7
u02,improving,2,h0579,2025-12-26 19:30:00,19,4,party,False,6,5,walking,11.1,False,2025-12-26 19:18:55.113937,2025-12-26 19:35:14.301649,2025-12-26 19:47:05.348683,16.3,17.1
u06,overbooked,2,h0579,2025-12-26 19:30:00,19,4,party,False,6,5,driving,16.4,False,2025-12-26 19:13:35.960442,2025-12-26 19:18:17.341758,2025-12-26 19:36:46.867513,4.7,6.8
u10,punctual,2,h0579,2025-12-26 19:30:00,19,4,party,False,6,5,cycling,20.0,False,2025-12-26 19:09:58.683695,2025-12-26 19:14:17.194605,2025-12-26 19:34:10.083613,4.3,4.2
u14,punctual,2,h0579,2025-12-26 19:30:00,19,4,party,False,6,5,walking,11.8,False,2025-12-26 19:18:09.424520,2025-12-26 19:23:09.804636,2025-12-26 19:33:50.927251,5.0,3.8
u22,rain_hater,2,h0579,2025-12-26 19:30:00,19,4,party,False,6,5,walking,9.6,True,2025-12-26 19:20:22.468135,2025-12-26 19:28:38.785173,2025-12-26 19:39:19.855836,8.3,9.3
u02,improving,2,h0581,2025-12-27 18:00:00,18,5,sports,True,6,6,walking,10.5,True,2025-12-27 17:49:27.882067,2025-12-27 18:05:52.095375,2025-12-27 18:18:33.590488,16.4,18.6
u06,overbooked,2,h0581,2025-12-27 18:00:00,18,5,sports,True,6,6,driving,18.4,False,2025-12-27 17:41:36.785660,2025-12-27 17:46:05.458444,2025-12-27 18:06:42.810960,4.5,6.7
u10,punctual,2,h0581,2025-12-27 18:00:00,18,5,sports,True,6,6,cycling,23.1,False,2025-12-27 17:36:54.119646,2025-12-27 17:40:57.832297,2025-12-27 18:09:40.111343,4.1,9.7
u14,punctual,2,h0581,2025-12-27 18:00:00,18,5,sports,True,6,6,walking,13.5,False,2025-12-27 17:46:29.691352,2025-12-27 17:50:13.176938,2025-12-27 18:05:32.339363,3.7,5.5
u18,always_early,2,h0581,2025-12-27 18:00:00,18,5,sports,True,6,6,cycling,23.0,False,2025-12-27 17:37:02.451879,2025-12-27 17:38:10.978001,2025-12-27 18:01:59.418735,1.1,2.0
u22,rain_hater,2,h0581,2025-12-27 18:00:00,18,5,sports,True,6,6,walking,12.0,False,2025-12-27 17:47:57.472541,2025-12-27 18:02:53.875479,2025-12-27 18:18:06.071537,14.9,18.1
u02,improving,2,h0582,2025-12-27 19:00:00,19,5,party,False,3,6,walking,5.3,False,2025-12-27 18:54:43.298765,2025-12-27 19:06:23.975888,2025-12-27 19:12:28.159638,11.7,12.5
u06,overbooked,2,h0582,2025-12-27 19:00:00,19,5,party,False,3,6,driving,24.3,True,2025-12-27 18:35:42.983781,2025-12-27 18:57:19.198304,2025-12-27 19:21:40.474941,21.6,21.7
u10,punctual,2,h0582,2025-12-27 19:00:00,19,5,party,False,3,6,cycling,16.6,False,2025-12-27 18:43:22.659564,2025-12-27 18:46:07.420613,2025-12-27 19:03:46.527288,2.7,3.8
u14,punctual,2,h0582,2025-12-27 19:00:00,19,5,party,False,3,6,walking,24.1,False,2025-12-27 18:35:56.348132,2025-12-27 18:39:53.048078,2025-12-27 19:04:07.446995,3.9,4.1
u18,always_early,2,h0582,2025-12-27 19:00:00,19,5,party,False,3,6,cycling,17.9,True,2025-12-27 18:42:03.985803,2025-12-27 18:46:25.802980,2025-12-27 19:04:03.338730,4.4,4.1
u22,rain_hater,2,h0582,2025-12-27 19:00:00,19,5,party,False,3,6,walking,14.0,False,2025-12-27 18:46:00.656167,2025-12-27 18:54:44.015588,2025-12-27 19:09:40.977839,8.7,9.7
u07,unpredictable,3,h0817,2025-12-28 22:00:00,22,6,sports,True,4,5,driving,26.2,False,2025-12-28 21:33:47.095078,2025-12-28 21:39:25.111048,2025-12-28 22:12:04.056327,5.6,12.1
u11,always_early,3,h0817,2025-12-28 22:00:00,22,6,sports,True,4,5,driving,22.7,True,2025-12-28 21:37:20.525936,2025-12-28 21:41:53.357313,2025-12-28 22:10:20.740340,4.5,10.3
u15,morning_struggler,3,h0817,2025-12-28 22:00:00,22,6,sports,True,4,5,walking,9.9,False,2025-12-28 21:50:08.397655,2025-12-28 21:53:07.684870,2025-12-28 22:03:42.258283,3.0,3.7
u19,punctual,3,h0817,2025-12-28 22:00:00,22,6,sports,True,4,5,driving,20.3,False,2025-12-28 21:39:43.242481,2025-12-28 21:42:13.183452,2025-12-28 22:02:42.785627,2.5,2.7
u23,chronically_late,3,h0817,2025-12-28 22:00:00,22,6,sports,True,4,5,walking,19.2,False,2025-12-28 21:40:49.953339,2025-12-28 22:01:19.735747,2025-12-28 22:24:36.147247,20.5,24.6
u06,overbooked,2,h0583,2025-12-28 22:30:00,22,6,coffee,False,7,4,driving,35.3,True,2025-12-28 21:54:44.275959,2025-12-28 22:18:30.811112,2025-12-28 22:58:07.282749,23.8,28.1
u10,punctual,2,h0583,2025-12-28 22:30:00,22,6,coffee,False,7,4,cycling,17.1,False,2025-12-28 22:12:56.142215,2025-12-28 22:14:55.705945,2025-12-28 22:32:03.401194,2.0,2.1
u14,punctual,2,h0583,2025-12-28 22:30:00,22,6,coffee,False,7,4,walking,20.4,False,2025-12-28 22:09:37.111364,2025-12-28 22:10:28.749123,2025-12-28 22:29:52.628740,0.9,-0.1
u18,always_early,2,h0583,2025-12-28 22:30:00,22,6,coffee,False,7,4,cycling,19.4,False,2025-12-28 22:10:35.821857,2025-12-28 22:08:08.787610,2025-12-28 22:28:17.658763,-2.5,-1.7
u03,improving,3,h0818,2025-12-29 13:00:00,13,0,study,False,6,4,driving,29.8,False,2025-12-29 12:30:11.108103,2025-12-29 12:40:45.115103,2025-12-29 13:14:20.254706,10.6,14.3
u07,unpredictable,3,h0818,2025-12-29 13:00:00,13,0,study,False,6,4,driving,22.4,False,2025-12-29 12:37:35.343750,2025-12-29 12:43:43.411316,2025-12-29 13:05:37.141705,6.1,5.6
u15,morning_struggler,3,h0818,2025-12-29 13:00:00,13,0,study,False,6,4,walking,9.9,False,2025-12-29 12:50:05.405198,2025-12-29 12:53:02.358783,2025-12-29 13:02:09.615395,2.9,2.2
u19,punctual,3,h0818,2025-12-29 13:00:00,13,0,study,False,6,4,driving,39.8,False,2025-12-29 12:20:10.045788,2025-12-29 12:20:06.577217,2025-12-29 13:04:37.695629,-0.1,4.6
u01,overbooked,1,h0333,2025-12-29 14:30:00,14,0,coffee,True,4,4,driving,19.7,True,2025-12-29 14:10:19.518991,2025-12-29 14:30:08.645882,2025-12-29 14:49:37.676603,19.8,19.6
u09,morning_struggler,1,h0333,2025-12-29 14:30:00,14,0,coffee,True,4,4,cycling,22.5,False,2025-12-29 14:07:32.650363,2025-12-29 14:10:39.213812,2025-12-29 14:33:24.028808,3.1,3.4
u13,rain_hater,1,h0333,2025-12-29 14:30:00,14,0,coffee,True,4,4,driving,31.3,False,2025-12-29 13:58:39.304248,2025-12-29 14:09:19.595269,2025-12-29 14:45:27.220264,10.7,15.5
u17,unpredictable,1,h0333,2025-12-29 14:30:00,14,0,coffee,True,4,4,driving,21.2,True,2025-12-29 14:08:46.693300,2025-12-29 14:43:42.306634,2025-12-29 15:06:58.397493,34.9,37.0
u04,morning_struggler,0,h0095,2025-12-30 17:00:00,17,1,food,False,6,3,walking,21.6,False,2025-12-30 16:38:26.162577,2025-12-30 16:39:25.916170,2025-12-30 17:00:34.673628,1.0,0.6
u12,improving,0,h0095,2025-12-30 17:00:00,17,1,food,False,6,3,walking,6.4,False,2025-12-30 16:53:37.654971,2025-12-30 17:05:34.372951,2025-12-30 17:12:30.875674,11.9,12.5
u20,unpredictable,0,h0095,2025-12-30 17:00:00,17,1,food,False,6,3,driving,32.5,True,2025-12-30 16:27:30.583250,2025-12-30 16:33:23.565006,2025-12-30 17:08:31.713488,5.9,8.5
u01,overbooked,1,h0334,2025-12-30 20:30:00,20,1,party,False,1,5,driving,32.0,False,2025-12-30 19:57:57.432308,2025-12-30 20:05:48.891157,2025-12-30 20:42:09.048656,7.9,12.2
u05,chronically_late,1,h0334,2025-12-30 20:30:00,20,1,party,False,1,5,cycling,14.7,False,2025-12-30 20:15:18.127448,2025-12-30 20:35:16.052356,2025-12-30 20:51:07.423703,20.0,21.1
u09,morning_struggler,1,h0334,2025-12-30 20:30:00,20,1,party,False,1,5,cycling,24.6,False,2025-12-30 20:05:25.081683,2025-12-30 20:08:38.388537,2025-12-30 20:33:10.809323,3.2,3.2
u13,rain_hater,1,h0334,2025-12-30 20:30:00,20,1,party,False,1,5,driving,36.2,False,2025-12-30 19:53:46.651158,2025-12-30 19:56:56.937000,2025-12-30 20:34:28.585686,3.2,4.5
u17,unpredictable,1,h0334,2025-12-30 20:30:00,20,1,party,False,1,5,driving,26.8,False,2025-12-30 20:03:09.786908,2025-12-30 20:07:31.133077,2025-12-30 20:36:25.987729,4.4,6.4
u03,improving,3,h0819,2025-12-30 22:30:00,22,1,party,True,0,6,driving,27.3,True,2025-12-30 22:02:39.816892,2025-12-30 22:21:26.664090,2025-12-30 22:51:00.708815,18.8,21.0
u07,unpredictable,3,h0819,2025-12-30 22:30:00,22,1,party,True,0,6,driving,36.1,False,2025-12-30 21:53:52.792795,2025-12-30 21:56:47.541096,2025-12-30 22:38:20.193554,2.9,8.3
u11,always_early,3,h0819,2025-12-30 22:30:00,22,1,party,True,0,6,driving,21.9,True,2025-12-30 22:08:06.969705,2025-12-30 22:12:48.048192,2025-12-30 22:34:37.739995,4.7,4.6
u15,morning_struggler,3,h0819,2025-12-30 22:30:00,22,1,party,True,0,6,walking,11.8,False,2025-12-30 22:18:14.433685,2025-12-30 22:22:33.910197,2025-12-30 22:34:58.667265,4.3,5.0
u19,punctual,3,h0819,2025-12-30 22:30:00,22,1,party,True,0,6,driving,39.4,False,2025-12-30 21:50:35.473717,2025-12-30 21:56:03.889403,2025-12-30 22:42:27.257535,5.5,12.5
u23,chronically_late,3,h0819,2025-12-30 22:30:00,22,1,party,True,0,6,walking,10.0,True,2025-12-30 22:19:59.050000,2025-12-30 22:39:31.249238,2025-12-30 22:52:07.927501,19.5,22.1
u02,improving,2,h0584,2025-12-31 09:00:00,9,2,party,False,6,5,walking,24.0,False,2025-12-31 08:36:02.645983,2025-12-31 08:51:38.047273,2025-12-31 09:17:54.887343,15.6,17.9
u06,overbooked,2,h0584,2025-12-31 09:00:00,9,2,party,False,6,5,driving,15.3,True,2025-12-31 08:44:43.663014,2025-12-31 09:08:29.520656,2025-12-31 09:22:50.183133,23.8,22.8
u10,punctual,2,h0584,2025-12-31 09:00:00,9,2,party,False,6,5,cycling,23.1,False,2025-12-31 08:36:53.254978,2025-12-31 08:45:01.115708,2025-12-31 09:09:27.286898,8.1,9.5
u14,punctual,2,h0584,2025-12-31 09:00:00,9,2,party,False,6,5,walking,21.8,False,2025-12-31 08:38:11.255822,2025-12-31 08:45:58.029114,2025-12-31 09:09:23.818159,7.8,9.4
u18,always_early,2,h0584,2025-12-31 09:00:00,9,2,party,False,6,5,cycling,23.7,True,2025-12-31 08:36:19.979737,2025-12-31 08:42:08.718199,2025-12-31 09:06:18.460887,5.8,6.3
u00,overbooked,0,h0096,2025-12-31 19:00:00,19,2,food,False,7,3,cycling,6.9,True,2025-12-31 18:53:04.055586,2025-12-31 19:11:12.350065,2025-12-31 19:18:27.551806,18.1,18.5
u01,overbooked,1,h0335,2025-12-31 19:00:00,19,2,sports,True,0,3,driving,12.0,False,2025-12-31 18:47:58.826555,2025-12-31 18:51:19.459928,2025-12-31 19:04:59.248716,3.3,5.0
u04,morning_struggler,0,h0096,2025-12-31 19:00:00,19,2,food,False,7,3,walking,9.0,False,2025-12-31 18:50:57.113665,2025-12-31 18:52:48.800312,2025-12-31 19:02:14.972370,1.9,2.2
u13,rain_hater,1,h0335,2025-12-31 19:00:00,19,2,sports,True,0,3,driving,8.3,True,2025-12-31 18:51:43.058062,2025-12-31 19:04:13.121674,2025-12-31 19:14:40.259202,12.5,14.7
u20,unpredictable,0,h0096,2025-12-31 19:00:00,19,2,food,False,7,3,driving,22.0,False,2025-12-31 18:38:00.714159,2025-12-31 18:36:11.726457,2025-12-31 18:56:51.983555,-1.8,-3.1
u21,always_early,1,h0335,2025-12-31 19:00:00,19,2,sports,True,0,3,driving,15.3,False,2025-12-31 18:44:43.991460,2025-12-31 18:42:17.543950,2025-12-31 18:59:27.493846,-2.4,-0.5
u01,overbooked,1,h0336,2026-01-01 12:00:00,12,3,coffee,True,4,5,driving,12.0,False,2026-01-01 11:47:58.232253,2026-01-01 11:52:32.937214,2026-01-01 12:05:01.822766,4.6,5.0
u09,morning_struggler,1,h0336,2026-01-01 12:00:00,12,3,coffee,True,4,5,cycling,11.0,False,2026-01-01 11:48:58.416958,2026-01-01 11:52:21.683965,2026-01-01 12:05:52.927869,3.4,5.9
u13,rain_hater,1,h0336,2026-01-01 12:00:00,12,3,coffee,True,4,5,driving,14.4,True,2026-01-01 11:45:37.824264,2026-01-01 11:59:21.283692,2026-01-01 12:16:26.904543,13.7,16.4
u17,unpredictable,1,h0336,2026-01-01 12:00:00,12,3,coffee,True,4,5,driving,22.8,True,2026-01-01 11:37:11.592636,2026-01-01 11:40:55.007718,2026-01-01 12:03:54.228076,3.7,3.9
u21,always_early,1,h0336,2026-01-01 12:00:00,12,3,coffee,True,4,5,driving,10.5,False,2026-01-01 11:49:31.291051,2026-01-01 11:48:10.921855,2026-01-01 12:01:14.404821,-1.3,1.2
u03,improving,3,h0820,2026-01-02 17:00:00,17,4,sports,False,6,3,driving,33.9,False,2026-01-02 16:26:03.389975,2026-01-02 16:43:45.778680,2026-01-02 17:22:17.113910,17.7,22.3
u15,morning_struggler,3,h0820,2026-01-02 17:00:00,17,4,sports,False,6,3,walking,19.2,False,2026-01-02 16:40:50.652392,2026-01-02 16:43:20.616111,2026-01-02 17:01:51.490692,2.5,1.9
u19,punctual,3,h0820,2026-01-02 17:00:00,17,4,sports,False,6,3,driving,35.4,False,2026-01-02 16:24:37.445236,2026-01-02 16:26:58.545551,2026-01-02 16:59:17.543431,2.4,-0.7
u03,improving,3,h0822,2026-01-03 11:30:00,11,5,study,False,4,4,driving,35.4,False,2026-01-03 10:54:34.571037,2026-01-03 11:03:23.517613,2026-01-03 11:36:15.656524,8.8,6.3
u11,always_early,3,h0822,2026-01-03 11:30:00,11,5,study,False,4,4,driving,38.6,False,2026-01-03 10:51:23.167013,2026-01-03 10:50:58.970880,2026-01-03 11:33:07.903343,-0.4,3.1
u15,morning_struggler,3,h0822,2026-01-03 11:30:00,11,5,study,False,4,4,walking,19.8,False,2026-01-03 11:10:10.014835,2026-01-03 11:12:15.186234,2026-01-03 11:31:32.919937,2.1,1.5
u19,punctual,3,h0822,2026-01-03 11:30:00,11,5,study,False,4,4,driving,14.9,False,2026-01-03 11:15:05.074943,2026-01-03 11:16:20.439102,2026-01-03 11:30:47.359637,1.3,0.8
u03,improving,3,h0821,2026-01-03 18:30:00,18,5,food,False,1,5,driving,8.5,False,2026-01-03 18:21:32.533174,2026-01-03 18:30:15.906900,2026-01-03 18:37:56.596252,8.7,7.9
u07,unpredictable,3,h0821,2026-01-03 18:30:00,18,5,food,False,1,5,driving,13.4,False,2026-01-03 18:16:37.148328,2026-01-03 18:15:22.812219,2026-01-03 18:29:08.724190,-1.2,-0.9
u15,morning_struggler,3,h0821,2026-01-03 18:30:00,18,5,food,False,1,5,walking,16.4,True,2026-01-03 18:13:38.889889,2026-01-03 18:22:33.778708,2026-01-03 18:37:31.684693,8.9,7.5
u19,punctual,3,h0821,2026-01-03 18:30:00,18,5,food,False,1,5,driving,9.8,False,2026-01-03 18:20:10.586711,2026-01-03 18:20:21.507445,2026-01-03 18:30:21.087953,0.2,0.4
u23,chronically_late,3,h0821,2026-01-03 18:30:00,18,5,food,False,1,5,walking,16.6,True,2026-01-03 18:13:25.934210,2026-01-03 18:33:10.731211,2026-01-03 18:49:03.357940,19.7,19.1
u01,overbooked,1,h0337,2026-01-03 19:00:00,19,5,food,False,7,6,driving,27.3,True,2026-01-03 18:32:43.785752,2026-01-03 18:52:02.972726,2026-01-03 19:23:02.757198,19.3,23.0
u05,chronically_late,1,h0337,2026-01-03 19:00:00,19,5,food,False,7,6,cycling,17.0,False,2026-01-03 18:43:00.230929,2026-01-03 19:06:06.395379,2026-01-03 19:25:24.914609,23.1,25.4
u09,morning_struggler,1,h0337,2026-01-03 19:00:00,19,5,food,False,7,6,cycling,12.8,False,2026-01-03 18:47:13.963041,2026-01-03 18:49:16.218294,2026-01-03 19:02:42.239527,2.0,2.7
u13,rain_hater,1,h0337,2026-01-03 19:00:00,19,5,food,False,7,6,driving,31.3,True,2026-01-03 18:28:42.709865,2026-01-03 18:37:40.205906,2026-01-03 19:10:23.086463,9.0,10.4
u17,unpredictable,1,h0337,2026-01-03 19:00:00,19,5,food,False,7,6,driving,22.1,False,2026-01-03 18:37:54.969913,2026-01-03 18:45:18.884942,2026-01-03 19:09:36.511988,7.4,9.6
u21,always_early,1,h0337,2026-01-03 19:00:00,19,5,food,False,7,6,driving,18.7,False,2026-01-03 18:41:19.944255,2026-01-03 18:38:30.451753,2026-01-03 18:57:03.863509,-2.8,-2.9
u01,overbooked,1,h0338,2026-01-03 20:30:00,20,5,sports,False,2,4,driving,9.4,False,2026-01-03 20:20:35.153627,2026-01-03 20:21:26.778095,2026-01-03 20:30:35.045673,0.9,0.6
u09,morning_struggler,1,h0338,2026-01-03 20:30:00,20,5,sports,False,2,4,cycling,17.1,True,2026-01-03 20:12:54.735533,2026-01-03 20:18:08.511696,2026-01-03 20:37:03.058639,5.2,7.1
u17,unpredictable,1,h0338,2026-01-03 20:30:00,20,5,sports,False,2,4,driving,11.0,False,2026-01-03 20:19:01.971192,2026-01-03 20:24:51.433786,2026-01-03 20:36:18.109353,5.8,6.3
u21,always_early,1,h0338,2026-01-03 20:30:00,20,5,sports,False,2,4,driving,16.3,True,2026-01-03 20:13:42.159342,2026-01-03 20:15:01.890127,2026-01-03 20:32:09.802230,1.3,2.2
u06,overbooked,2,h0585,2026-01-04 12:00:00,12,6,sports,False,0,4,driving,21.8,True,2026-01-04 11:38:12.085917,2026-01-04 11:54:03.866262,2026-01-04 12:15:06.362139,15.9,15.1
u06,overbooked,2,h0586,2026-01-04 12:00:00,12,6,food,True,5,3,driving,30.8,False,2026-01-04 11:29:14.666068,2026-01-04 11:33:24.884205,2026-01-04 12:04:11.652215,4.2,4.2
u10,punctual,2,h0585,2026-01-04 12:00:00,12,6,sports,False,0,4,cycling,11.1,False,2026-01-04 11:48:55.132075,2026-01-04 11:50:24.068629,2026-01-04 12:03:04.871734,1.5,3.1
u14,punctual,2,h0585,2026-01-04 12:00:00,12,6,sports,False,0,4,walking,23.9,False,2026-01-04 11:36:07.568649,2026-01-04 11:36:35.297633,2026-01-04 12:01:39.212493,0.5,1.7
u14,punctual,2,h0586,2026-01-04 12:00:00,12,6,food,True,5,3,walking,12.3,False,2026-01-04 11:47:44.594111,2026-01-04 11:52:55.783930,2026-01-04 12:05:59.419528,5.2,6.0
u18,always_early,2,h0585,2026-01-04 12:00:00,12,6,sports,False,0,4,cycling,13.2,True,2026-01-04 11:46:49.932712,2026-01-04 11:44:49.237446,2026-01-04 11:59:25.869176,-2.0,-0.6
u22,rain_hater,2,h0586,2026-01-04 12:00:00,12,6,food,True,5,3,walking,14.1,True,2026-01-04 11:45:54.397603,2026-01-04 12:06:22.035184,2026-01-04 12:22:33.438376,20.5,22.6
u01,overbooked,1,h0339,2026-01-04 21:00:00,21,6,coffee,False,2,6,driving,10.4,False,2026-01-04 20:49:35.020070,2026-01-04 20:52:11.817352,2026-01-04 21:03:03.619453,2.6,3.1
u05,chronically_late,1,h0339,2026-01-04 21:00:00,21,6,coffee,False,2,6,cycling,10.6,False,2026-01-04 20:49:25.051026,2026-01-04 20:59:23.721141,2026-01-04 21:10:22.956138,10.0,10.4
u09,morning_struggler,1,h0339,2026-01-04 21:00:00,21,6,coffee,False,2,6,cycling,19.1,False,2026-01-04 20:40:55.536801,2026-01-04 20:47:15.698274,2026-01-04 21:06:18.118363,6.3,6.3
u13,rain_hater,1,h0339,2026-01-04 21:00:00,21,6,coffee,False,2,6,driving,15.4,True,2026-01-04 20:44:33.575745,2026-01-04 20:49:17.943061,2026-01-04 21:05:47.369519,4.7,5.8
u17,unpredictable,1,h0339,2026-01-04 21:00:00,21,6,coffee,False,2,6,driving,38.9,False,2026-01-04 20:21:07.819204,2026-01-04 20:30:32.798782,2026-01-04 21:10:46.399538,9.4,10.8
u21,always_early,1,h0339,2026-01-04 21:00:00,21,6,coffee,False,2,6,driving,25.3,False,2026-01-04 20:34:44.159341,2026-01-04 20:31:16.323776,2026-01-04 20:58:46.817313,-3.5,-1.2
u09,morning_struggler,1,h0340,2026-01-05 17:00:00,17,0,study,False,0,3,cycling,18.7,False,2026-01-05 16:41:17.954326,2026-01-05 16:39:39.476582,2026-01-05 17:00:48.676457,-1.6,0.8
u17,unpredictable,1,h0340,2026-01-05 17:00:00,17,0,study,False,0,3,driving,20.0,False,2026-01-05 16:40:02.122442,2026-01-05 16:36:19.702276,2026-01-05 16:58:17.869142,-3.7,-1.7
u21,always_early,1,h0340,2026-01-05 17:00:00,17,0,study,False,0,3,driving,36.9,False,2026-01-05 16:23:04.469890,2026-01-05 16:19:43.445048,2026-01-05 16:57:05.532406,-3.4,-2.9
u00,overbooked,0,h0097,2026-01-05 19:30:00,19,0,coffee,False,2,6,cycling,7.0,True,2026-01-05 19:23:02.567098,2026-01-05 19:43:33.962300,2026-01-05 19:50:28.617555,20.5,20.5
u04,morning_struggler,0,h0097,2026-01-05 19:30:00,19,0,coffee,False,2,6,walking,15.8,False,2026-01-05 19:14:14.990805,2026-01-05 19:13:57.975159,2026-01-05 19:29:13.017295,-0.3,-0.8
u08,chronically_late,0,h0097,2026-01-05 19:30:00,19,0,coffee,False,2,6,driving,24.9,False,2026-01-05 19:05:07.392421,2026-01-05 19:14:04.432801,2026-01-05 19:37:01.515568,9.0,7.0
u12,improving,0,h0097,2026-01-05 19:30:00,19,0,coffee,False,2,6,walking,22.3,False,2026-01-05 19:07:43.069975,2026-01-05 19:17:32.119378,2026-01-05 19:39:38.431633,9.8,9.6
u16,rain_hater,0,h0097,2026-01-05 19:30:00,19,0,coffee,False,2,6,driving,27.0,False,2026-01-05 19:03:00.563957,2026-01-05 19:03:39.751183,2026-01-05 19:30:57.911964,0.7,1.0
u20,unpredictable,0,h0097,2026-01-05 19:30:00,19,0,coffee,False,2,6,driving,27.0,True,2026-01-05 19:03:02.832095,2026-01-05 19:03:51.510910,2026-01-05 19:33:41.489722,0.8,3.7
u05,chronically_late,1,h0341,2026-01-06 12:00:00,12,1,food,False,6,4,cycling,11.7,False,2026-01-06 11:48:17.714563,2026-01-06 12:01:44.704095,2026-01-06 12:13:15.585599,13.4,13.3
u09,morning_struggler,1,h0341,2026-01-06 12:00:00,12,1,food,False,6,4,cycling,18.1,False,2026-01-06 11:41:53.364274,2026-01-06 11:43:29.476761,2026-01-06 12:04:11.861812,1.6,4.2
u13,rain_hater,1,h0341,2026-01-06 12:00:00,12,1,food,False,6,4,driving,29.4,False,2026-01-06 11:30:37.829304,2026-01-06 11:38:04.711320,2026-01-06 12:04:58.384202,7.4,5.0
u17,unpredictable,1,h0341,2026-01-06 12:00:00,12,1,food,False,6,4,driving,35.3,False,2026-01-06 11:24:44.285241,2026-01-06 11:35:11.073405,2026-01-06 12:14:04.689500,10.4,14.1
u07,unpredictable,3,h0823,2026-01-06 14:00:00,14,1,party,True,1,3,driving,16.0,False,2026-01-06 13:44:02.228734,2026-01-06 13:43:39.325434,2026-01-06 14:01:18.951438,-0.4,1.3
u15,morning_struggler,3,h0823,2026-01-06 14:00:00,14,1,party,True,1,3,walking,10.7,False,2026-01-06 13:49:15.186167,2026-01-06 13:53:34.856301,2026-01-06 14:05:34.225170,4.3,5.6
u19,punctual,3,h0823,2026-01-06 14:00:00,14,1,party,True,1,3,driving,22.4,True,2026-01-06 13:37:37.789559,2026-01-06 13:51:15.396883,2026-01-06 14:15:15.062273,13.6,15.3
u02,improving,2,h0587,2026-01-06 20:00:00,20,1,sports,False,7,6,walking,20.9,False,2026-01-06 19:39:04.465731,2026-01-06 19:51:04.552175,2026-01-06 20:11:26.043496,12.0,11.4
u06,overbooked,2,h0587,2026-01-06 20:00:00,20,1,sports,False,7,6,driving,36.6,True,2026-01-06 19:23:22.998328,2026-01-06 19:44:09.536649,2026-01-06 20:25:51.556050,20.8,25.9
u10,punctual,2,h0587,2026-01-06 20:00:00,20,1,sports,False,7,6,cycling,15.9,False,2026-01-06 19:44:05.342538,2026-01-06 19:44:54.302377,2026-01-06 20:02:13.251936,0.8,2.2
u14,punctual,2,h0587,2026-01-06 20:00:00,20,1,sports,False,7,6,walking,12.8,False,2026-01-06 19:47:10.753445,2026-01-06 19:48:24.100338,2026-01-06 20:01:28.237279,1.2,1.5
u18,always_early,2,h0587,2026-01-06 20:00:00,20,1,sports,False,7,6,cycling,19.5,False,2026-01-06 19:40:28.849953,2026-01-06 19:38:13.615086,2026-01-06 19:57:36.089626,-2.3,-2.4
u22,rain_hater,2,h0587,2026-01-06 20:00:00,20,1,sports,False,7,6,walking,12.3,False,2026-01-06 19:47:39.523771,2026-01-06 19:49:40.314556,2026-01-06 20:01:33.000560,2.0,1.6
u02,improving,2,h0588,2026-01-07 18:30:00,18,2,coffee,False,5,6,walking,19.5,False,2026-01-07 18:10:32.220474,2026-01-07 18:20:25.593278,2026-01-07 18:39:17.273020,9.9,9.3
u06,overbooked,2,h0588,2026-01-07 18:30:00,18,2,coffee,False,5,6,driving,39.8,False,2026-01-07 17:50:13.561590,2026-01-07 17:52:57.420865,2026-01-07 18:29:13.381060,2.7,-0.8
u10,punctual,2,h0588,2026-01-07 18:30:00,18,2,coffee,False,5,6,cycling,13.5,True,2026-01-07 18:16:27.712710,2026-01-07 18:20:41.713791,2026-01-07 18:34:09.205034,4.2,4.2
u14,punctual,2,h0588,2026-01-07 18:30:00,18,2,coffee,False,5,6,walking,11.1,False,2026-01-07 18:18:55.803992,2026-01-07 18:19:38.021190,2026-01-07 18:31:53.895895,0.7,1.9
u18,always_early,2,h0588,2026-01-07 18:30:00,18,2,coffee,False,5,6,cycling,8.3,True,2026-01-07 18:21:39.811479,2026-01-07 18:22:18.539365,2026-01-07 18:30:14.446694,0.6,0.2
u22,rain_hater,2,h0588,2026-01-07 18:30:00,18,2,coffee,False,5,6,walking,21.9,False,2026-01-07 18:08:05.656902,2026-01-07 18:11:16.708602,2026-01-07 18:35:31.719219,3.2,5.5
u02,improving,2,h0589,2026-01-08 19:30:00,19,3,study,False,2,5,walking,16.6,False,2026-01-08 19:13:24.744714,2026-01-08 19:21:04.274458,2026-01-08 19:37:24.594360,7.7,7.4
u06,overbooked,2,h0589,2026-01-08 19:30:00,19,3,study,False,2,5,driving,20.6,True,2026-01-08 19:09:21.679686,2026-01-08 19:32:04.506566,2026-01-08 19:52:51.659081,22.7,22.9
u10,punctual,2,h0589,2026-01-08 19:30:00,19,3,study,False,2,5,cycling,19.1,False,2026-01-08 19:10:53.115842,2026-01-08 19:09:51.775141,2026-01-08 19:29:16.290196,-1.0,-0.7
u14,punctual,2,h0589,2026-01-08 19:30:00,19,3,study,False,2,5,walking,12.5,False,2026-01-08 19:17:28.567838,2026-01-08 19:17:27.386031,2026-01-08 19:28:45.169541,-0.0,-1.2
u18,always_early,2,h0589,2026-01-08 19:30:00,19,3,study,False,2,5,cycling,20.4,False,2026-01-08 19:09:37.625284,2026-01-08 19:04:26.162417,2026-01-08 19:26:26.110909,-5.2,-3.6
u01,overbooked,1,h0342,2026-01-09 14:30:00,14,4,sports,False,6,3,driving,16.6,True,2026-01-09 14:13:25.503601,2026-01-09 14:33:20.426664,2026-01-09 14:48:55.961175,19.9,18.9
u13,rain_hater,1,h0342,2026-01-09 14:30:00,14,4,sports,False,6,3,driving,38.4,False,2026-01-09 13:51:37.222943,2026-01-09 13:56:23.680324,2026-01-09 14:32:56.395538,4.8,2.9
u21,always_early,1,h0342,2026-01-09 14:30:00,14,4,sports,False,6,3,driving,37.6,False,2026-01-09 13:52:26.159925,2026-01-09 13:50:30.413758,2026-01-09 14:25:20.977322,-1.9,-4.7
u05,chronically_late,1,h0343,2026-01-09 21:00:00,21,4,party,False,6,4,cycling,24.2,False,2026-01-09 20:35:47.911417,2026-01-09 20:47:56.252021,2026-01-09 21:15:25.776707,12.1,15.4
u13,rain_hater,1,h0343,2026-01-09 21:00:00,21,4,party,False,6,4,driving,13.4,True,2026-01-09 20:46:37.965521,2026-01-09 20:57:31.565025,2026-01-09 21:10:51.848945,10.9,10.9
u17,unpredictable,1,h0343,2026-01-09 21:00:00,21,4,party,False,6,4,driving,9.7,False,2026-01-09 20:50:19.579680,2026-01-09 20:58:50.754948,2026-01-09 21:09:19.136531,8.5,9.3
u21,always_early,1,h0343,2026-01-09 21:00:00,21,4,party,False,6,4,driving,34.7,False,2026-01-09 20:25:19.943713,2026-01-09 20:28:03.919238,2026-01-09 21:05:54.741747,2.7,5.9
u02,improving,2,h0590,2026-01-10 10:30:00,10,5,study,True,3,4,walking,16.5,False,2026-01-10 10:13:30.953553,2026-01-10 10:26:18.871833,2026-01-10 10:42:46.470512,12.8,12.8
u10,punctual,2,h0590,2026-01-10 10:30:00,10,5,study,True,3,4,cycling,13.2,False,2026-01-10 10:16:45.967209,2026-01-10 10:19:00.273225,2026-01-10 10:35:28.341899,2.2,5.5
u14,punctual,2,h0590,2026-01-10 10:30:00,10,5,study,True,3,4,walking,15.6,True,2026-01-10 10:14:25.187150,2026-01-10 10:20:30.681491,2026-01-10 10:39:49.131751,6.1,9.8
u18,always_early,2,h0590,2026-01-10 10:30:00,10,5,study,True,3,4,cycling,24.8,False,2026-01-10 10:05:09.735884,2026-01-10 10:04:19.874478,2026-01-10 10:34:10.315384,-0.8,4.2
u01,overbooked,1,h0344,2026-01-10 13:00:00,13,5,coffee,False,6,5,driving,38.9,False,2026-01-10 12:21:08.080192,2026-01-10 12:28:47.777698,2026-01-10 13:10:52.787665,7.7,10.9
u05,chronically_late,1,h0344,2026-01-10 13:00:00,13,5,coffee,False,6,5,cycling,7.6,False,2026-01-10 12:52:24.818689,2026-01-10 13:02:18.964670,2026-01-10 13:10:24.406182,9.9,10.4
u09,morning_struggler,1,h0344,2026-01-10 13:00:00,13,5,coffee,False,6,5,cycling,19.8,True,2026-01-10 12:40:12.203383,2026-01-10 12:50:00.546558,2026-01-10 13:09:55.019461,9.8,9.9
u13,rain_hater,1,h0344,2026-01-10 13:00:00,13,5,coffee,False,6,5,driving,19.2,False,2026-01-10 12:40:49.334747,2026-01-10 12:43:59.959331,2026-01-10 13:05:55.969263,3.2,5.9
u21,always_early,1,h0344,2026-01-10 13:00:00,13,5,coffee,False,6,5,driving,31.9,False,2026-01-10 12:28:04.735250,2026-01-10 12:25:12.432828,2026-01-10 12:57:42.411794,-2.9,-2.3
u02,improving,2,h0591,2026-01-11 12:00:00,12,6,study,False,6,6,walking,17.8,False,2026-01-11 11:42:10.927906,2026-01-11 11:50:50.098503,2026-01-11 12:09:28.577099,8.7,9.5
u06,overbooked,2,h0591,2026-01-11 12:00:00,12,6,study,False,6,6,driving,35.1,True,2026-01-11 11:24:52.812085,2026-01-11 11:54:39.426258,2026-01-11 12:30:29.319427,29.8,30.5
u10,punctual,2,h0591,2026-01-11 12:00:00,12,6,study,False,6,6,cycling,23.1,True,2026-01-11 11:36:52.036752,2026-01-11 11:41:46.013527,2026-01-11 12:08:07.443270,4.9,8.1
u14,punctual,2,h0591,2026-01-11 12:00:00,12,6,study,False,6,6,walking,14.9,True,2026-01-11 11:45:04.996295,2026-01-11 11:49:48.894349,2026-01-11 12:03:28.498156,4.7,3.5
u18,always_early,2,h0591,2026-01-11 12:00:00,12,6,study,False,6,6,cycling,22.3,True,2026-01-11 11:37:41.212079,2026-01-11 11:36:55.110291,2026-01-11 11:58:31.465898,-0.8,-1.5
u22,rain_hater,2,h0591,2026-01-11 12:00:00,12,6,study,False,6,6,walking,14.5,True,2026-01-11 11:45:28.668682,2026-01-11 11:49:44.455125,2026-01-11 12:04:47.759486,4.3,4.8
u03,improving,3,h0825,2026-01-11 20:30:00,20,6,coffee,False,1,4,driving,15.8,True,2026-01-11 20:14:14.415035,2026-01-11 20:26:10.753841,2026-01-11 20:43:00.502480,11.9,13.0
u15,morning_struggler,3,h0825,2026-01-11 20:30:00,20,6,coffee,False,1,4,walking,22.5,False,2026-01-11 20:07:29.672294,2026-01-11 20:07:26.639733,2026-01-11 20:27:43.132054,-0.1,-2.3
u19,punctual,3,h0825,2026-01-11 20:30:00,20,6,coffee,False,1,4,driving,19.9,False,2026-01-11 20:10:07.329440,2026-01-11 20:10:20.391969,2026-01-11 20:30:26.909478,0.2,0.4
u23,chronically_late,3,h0825,2026-01-11 20:30:00,20,6,coffee,False,1,4,walking,20.3,False,2026-01-11 20:09:41.722319,2026-01-11 20:28:10.705114,2026-01-11 20:50:50.053768,18.5,20.8
u00,overbooked,0,h0098,2026-01-11 21:30:00,21,6,study,False,4,6,cycling,21.8,True,2026-01-11 21:08:14.768441,2026-01-11 21:24:48.093023,2026-01-11 21:49:29.645511,16.6,19.5
u04,morning_struggler,0,h0098,2026-01-11 21:30:00,21,6,study,False,4,6,walking,15.4,False,2026-01-11 21:14:33.430263,2026-01-11 21:17:25.985985,2026-01-11 21:34:29.718316,2.9,4.5
u08,chronically_late,0,h0098,2026-01-11 21:30:00,21,6,study,False,4,6,driving,18.8,False,2026-01-11 21:11:10.453393,2026-01-11 21:21:45.282024,2026-01-11 21:42:20.019299,10.6,12.3
u12,improving,0,h0098,2026-01-11 21:30:00,21,6,study,False,4,6,walking,21.1,True,2026-01-11 21:08:56.754029,2026-01-11 21:19:16.048087,2026-01-11 21:43:15.863021,10.3,13.3
u16,rain_hater,0,h0098,2026-01-11 21:30:00,21,6,study,False,4,6,driving,20.9,True,2026-01-11 21:09:07.894896,2026-01-11 21:13:06.414847,2026-01-11 21:36:29.920206,4.0,6.5
u20,unpredictable,0,h0098,2026-01-11 21:30:00,21,6,study,False,4,6,driving,24.0,True,2026-01-11 21:06:02.687926,2026-01-11 21:09:50.499985,2026-01-11 21:37:05.620792,3.8,7.1
u03,improving,3,h0824,2026-01-11 22:00:00,22,6,study,False,7,6,driving,14.1,True,2026-01-11 21:45:54.970595,2026-01-11 21:58:40.965400,2026-01-11 22:13:05.019598,12.8,13.1
u07,unpredictable,3,h0824,2026-01-11 22:00:00,22,6,study,False,7,6,driving,9.6,False,2026-01-11 21:50:22.912817,2026-01-11 21:56:59.181592,2026-01-11 22:06:26.329225,6.6,6.4
u11,always_early,3,h0824,2026-01-11 22:00:00,22,6,study,False,7,6,driving,18.8,False,2026-01-11 21:41:10.950584,2026-01-11 21:38:27.067072,2026-01-11 21:59:32.341881,-2.7,-0.5
u15,morning_struggler,3,h0824,2026-01-11 22:00:00,22,6,study,False,7,6,walking,13.2,True,2026-01-11 21:46:48.384129,2026-01-11 21:54:25.675226,2026-01-11 22:08:23.888488,7.6,8.4
u19,punctual,3,h0824,2026-01-11 22:00:00,22,6,study,False,7,6,driving,26.1,False,2026-01-11 21:33:51.518245,2026-01-11 21:34:40.046156,2026-01-11 21:59:36.182023,0.8,-0.4
u23,chronically_late,3,h0824,2026-01-11 22:00:00,22,6,study,False,7,6,walking,19.3,False,2026-01-11 21:40:41.561334,2026-01-11 21:48:19.409506,2026-01-11 22:05:42.580264,7.6,5.7
u05,chronically_late,1,h0346,2026-01-12 08:00:00,8,0,food,False,2,3,cycling,19.1,False,2026-01-12 07:40:51.402682,2026-01-12 07:48:51.381029,2026-01-12 08:10:43.750002,8.0,10.7
u09,morning_struggler,1,h0346,2026-01-12 08:00:00,8,0,food,False,2,3,cycling,10.2,False,2026-01-12 07:49:50.141481,2026-01-12 08:08:20.920825,2026-01-12 08:17:48.002814,18.5,17.8
u21,always_early,1,h0346,2026-01-12 08:00:00,8,0,food,False,2,3,driving,36.6,False,2026-01-12 07:23:22.165825,2026-01-12 07:21:34.212502,2026-01-12 07:57:21.663970,-1.8,-2.6
u11,always_early,3,h0826,2026-01-12 16:00:00,16,0,sports,False,2,3,driving,23.4,False,2026-01-12 15:36:36.606047,2026-01-12 15:32:41.803228,2026-01-12 15:55:33.697050,-3.9,-4.4
u15,morning_struggler,3,h0826,2026-01-12 16:00:00,16,0,sports,False,2,3,walking,11.9,True,2026-01-12 15:48:04.115271,2026-01-12 15:53:57.477499,2026-01-12 16:07:20.572323,5.9,7.3
u19,punctual,3,h0826,2026-01-12 16:00:00,16,0,sports,False,2,3,driving,24.2,False,2026-01-12 15:35:48.187067,2026-01-12 15:35:25.302801,2026-01-12 15:58:07.260096,-0.4,-1.9
u01,overbooked,1,h0345,2026-01-12 18:00:00,18,0,study,False,4,3,driving,31.8,False,2026-01-12 17:28:13.704536,2026-01-12 17:31:58.228380,2026-01-12 18:00:37.995195,3.7,0.6
u02,improving,2,h0592,2026-01-12 18:00:00,18,0,party,False,7,6,walking,15.1,True,2026-01-12 17:44:52.520220,2026-01-12 18:01:59.038467,2026-01-12 18:18:35.548117,17.1,18.6
u05,chronically_late,1,h0345,2026-01-12 18:00:00,18,0,study,False,4,3,cycling,19.1,False,2026-01-12 17:40:55.509762,2026-01-12 17:50:24.185357,2026-01-12 18:08:53.687531,9.5,8.9
u06,overbooked,2,h0592,2026-01-12 18:00:00,18,0,party,False,7,6,driving,26.2,False,2026-01-12 17:33:47.988827,2026-01-12 17:42:52.576696,2026-01-12 18:12:26.500246,9.1,12.4
u10,punctual,2,h0592,2026-01-12 18:00:00,18,0,party,False,7,6,cycling,15.5,False,2026-01-12 17:44:31.984107,2026-01-12 17:54:35.054768,2026-01-12 18:11:13.064160,10.1,11.2
u13,rain_hater,1,h0345,2026-01-12 18:00:00,18,0,study,False,4,3,driving,20.8,False,2026-01-12 17:39:09.885586,2026-01-12 17:43:35.027667,2026-01-12 18:03:38.198037,4.4,3.6
u14,punctual,2,h0592,2026-01-12 18:00:00,18,0,party,False,7,6,walking,18.0,False,2026-01-12 17:42:02.015880,2026-01-12 17:46:54.523220,2026-01-12 18:05:04.938737,4.9,5.1
u18,always_early,2,h0592,2026-01-12 18:00:00,18,0,party,False,7,6,cycling,20.1,False,2026-01-12 17:39:52.051253,2026-01-12 17:44:13.702530,2026-01-12 18:07:06.866096,4.4,7.1
u22,rain_hater,2,h0592,2026-01-12 18:00:00,18,0,party,False,7,6,walking,23.2,True,2026-01-12 17:36:48.459106,2026-01-12 17:46:30.557595,2026-01-12 18:11:54.405730,9.7,11.9
u02,improving,2,h0593,2026-01-13 10:30:00,10,1,study,False,4,6,walking,8.1,False,2026-01-13 10:21:53.218338,2026-01-13 10:33:49.329948,2026-01-13 10:42:37.241969,11.9,12.6
u06,overbooked,2,h0593,2026-01-13 10:30:00,10,1,study,False,4,6,driving,32.9,False,2026-01-13 09:57:07.105457,2026-01-13 09:59:07.817635,2026-01-13 10:33:47.296905,2.0,3.8
u10,punctual,2,h0593,2026-01-13 10:30:00,10,1,study,False,4,6,cycling,21.9,False,2026-01-13 10:08:04.735923,2026-01-13 10:09:46.907014,2026-01-13 10:34:33.474684,1.7,4.6
u14,punctual,2,h0593,2026-01-13 10:30:00,10,1,study,False,4,6,walking,21.3,False,2026-01-13 10:08:39.192150,2026-01-13 10:09:05.299556,2026-01-13 10:30:54.059743,0.4,0.9
u18,always_early,2,h0593,2026-01-13 10:30:00,10,1,study,False,4,6,cycling,21.9,True,2026-01-13 10:08:07.248657,2026-01-13 10:07:47.689196,2026-01-13 10:31:25.634066,-0.3,1.4
u22,rain_hater,2,h0593,2026-01-13 10:30:00,10,1,study,False,4,6,walking,16.1,True,2026-01-13 10:13:51.467547,2026-01-13 10:16:11.333962,2026-01-13 10:32:55.839716,2.3,2.9
u01,overbooked,1,h0347,2026-01-13 12:30:00,12,1,party,False,0,6,driving,21.7,True,2026-01-13 12:08:17.092736,2026-01-13 12:30:30.163826,2026-01-13 12:50:23.421014,22.2,20.4
u05,chronically_late,1,h0347,2026-01-13 12:30:00,12,1,party,False,0,6,cycling,23.8,False,2026-01-13 12:06:09.988970,2026-01-13 12:15:34.351654,2026-01-13 12:41:11.387812,9.4,11.2
u09,morning_struggler,1,h0347,2026-01-13 12:30:00,12,1,party,False,0,6,cycling,18.2,True,2026-01-13 12:11:50.578524,2026-01-13 12:17:31.661371,2026-01-13 12:34:50.071995,5.7,4.8
u13,rain_hater,1,h0347,2026-01-13 12:30:00,12,1,party,False,0,6,driving,26.2,False,2026-01-13 12:03:49.400866,2026-01-13 12:06:48.537657,2026-01-13 12:31:37.376101,3.0,1.6
u17,unpredictable,1,h0347,2026-01-13 12:30:00,12,1,party,False,0,6,driving,29.9,False,2026-01-13 12:00:04.922041,2026-01-13 12:11:05.109308,2026-01-13 12:41:00.307785,11.0,11.0
u21,always_early,1,h0347,2026-01-13 12:30:00,12,1,party,False,0,6,driving,31.5,True,2026-01-13 11:58:31.638551,2026-01-13 12:01:51.495788,2026-01-13 12:35:28.189800,3.3,5.5
u05,chronically_late,1,h0348,2026-01-13 15:00:00,15,1,party,False,6,4,cycling,8.7,True,2026-01-13 14:51:19.405012,2026-01-13 15:11:54.158052,2026-01-13 15:21:40.337616,20.6,21.7
u09,morning_struggler,1,h0348,2026-01-13 15:00:00,15,1,party,False,6,4,cycling,9.1,True,2026-01-13 14:50:56.822072,2026-01-13 14:58:52.342514,2026-01-13 15:08:07.010955,7.9,8.1
u13,rain_hater,1,h0348,2026-01-13 15:00:00,15,1,party,False,6,4,driving,33.5,False,2026-01-13 14:26:31.455167,2026-01-13 14:30:22.697699,2026-01-13 15:08:00.071711,3.9,8.0
u17,unpredictable,1,h0348,2026-01-13 15:00:00,15,1,party,False,6,4,driving,36.2,False,2026-01-13 14:23:45.326622,2026-01-13 14:40:52.243706,2026-01-13 15:18:15.124981,17.1,18.3
u11,always_early,3,h0827,2026-01-13 21:30:00,21,1,study,False,4,3,driving,17.2,True,2026-01-13 21:12:50.349078,2026-01-13 21:12:07.836680,2026-01-13 21:30:01.104628,-0.7,0.0
u15,morning_struggler,3,h0827,2026-01-13 21:30:00,21,1,study,False,4,3,walking,11.2,False,2026-01-13 21:18:46.226500,2026-01-13 21:19:01.051566,2026-01-13 21:31:09.863030,0.2,1.2
u19,punctual,3,h0827,2026-01-13 21:30:00,21,1,study,False,4,3,driving,13.4,False,2026-01-13 21:16:38.353024,2026-01-13 21:18:58.080348,2026-01-13 21:33:04.208290,2.3,3.1
u01,overbooked,1,h0349,2026-01-14 15:00:00,15,2,party,False,6,3,driving,14.6,True,2026-01-14 14:45:24.553656,2026-01-14 15:07:01.842873,2026-01-14 15:22:15.906911,21.6,22.3
u09,morning_struggler,1,h0349,2026-01-14 15:00:00,15,2,party,False,6,3,cycling,12.4,True,2026-01-14 14:47:38.868517,2026-01-14 14:55:47.483542,2026-01-14 15:08:36.176385,8.1,8.6
u21,always_early,1,h0349,2026-01-14 15:00:00,15,2,party,False,6,3,driving,31.1,False,2026-01-14 14:28:51.531659,2026-01-14 14:29:31.309509,2026-01-14 15:00:50.506256,0.7,0.8
u00,overbooked,0,h0099,2026-01-14 21:00:00,21,2,party,False,7,4,cycling,8.8,True,2026-01-14 20:51:13.751177,2026-01-14 21:12:17.824271,2026-01-14 21:20:39.751349,21.1,20.7
u08,chronically_late,0,h0099,2026-01-14 21:00:00,21,2,party,False,7,4,driving,11.8,True,2026-01-14 20:48:10.659003,2026-01-14 21:03:05.753243,2026-01-14 21:16:12.526036,14.9,16.2
u12,improving,0,h0099,2026-01-14 21:00:00,21,2,party,False,7,4,walking,23.2,True,2026-01-14 20:36:45.353592,2026-01-14 20:55:16.445226,2026-01-14 21:21:26.290592,18.5,21.4
u20,unpredictable,0,h0099,2026-01-14 21:00:00,21,2,party,False,7,4,driving,13.2,False,2026-01-14 20:46:46.643165,2026-01-14 20:59:45.207155,2026-01-14 21:13:43.420243,13.0,13.7
u01,overbooked,1,h0350,2026-01-15 17:30:00,17,3,food,True,4,6,driving,13.5,True,2026-01-15 17:16:29.967753,2026-01-15 17:35:08.881729,2026-01-15 17:50:40.622142,18.6,20.7
u05,chronically_late,1,h0350,2026-01-15 17:30:00,17,3,food,True,4,6,cycling,14.5,False,2026-01-15 17:15:29.610823,2026-01-15 17:26:59.081412,2026-01-15 17:43:30.038774,11.5,13.5
u09,morning_struggler,1,h0350,2026-01-15 17:30:00,17,3,food,True,4,6,cycling,14.2,False,2026-01-15 17:15:50.505067,2026-01-15 17:20:25.460653,2026-01-15 17:36:08.070596,4.6,6.1
u13,rain_hater,1,h0350,2026-01-15 17:30:00,17,3,food,True,4,6,driving,24.1,True,2026-01-15 17:05:52.725864,2026-01-15 17:19:09.539919,2026-01-15 17:48:34.392594,13.3,18.6
u17,unpredictable,1,h0350,2026-01-15 17:30:00,17,3,food,True,4,6,driving,37.8,False,2026-01-15 16:52:09.764998,2026-01-15 16:56:27.542643,2026-01-15 17:41:19.946829,4.3,11.3
u21,always_early,1,h0350,2026-01-15 17:30:00,17,3,food,True,4,6,driving,25.5,False,2026-01-15 17:04:29.130601,2026-01-15 17:02:52.558706,2026-01-15 17:33:43.123491,-1.6,3.7
u00,overbooked,0,h0101,2026-01-15 18:30:00,18,3,sports,False,4,5,cycling,18.9,False,2026-01-15 18:11:06.725906,2026-01-15 18:15:01.963021,2026-01-15 18:34:53.018416,3.9,4.9
u08,chronically_late,0,h0101,2026-01-15 18:30:00,18,3,sports,False,4,5,driving,34.5,False,2026-01-15 17:55:32.592330,2026-01-15 18:02:53.515950,2026-01-15 18:39:54.286477,7.3,9.9
u12,improving,0,h0101,2026-01-15 18:30:00,18,3,sports,False,4,5,walking,12.9,True,2026-01-15 18:17:04.721698,2026-01-15 18:37:55.584014,2026-01-15 18:51:40.285517,20.8,21.7
u16,rain_hater,0,h0101,2026-01-15 18:30:00,18,3,sports,False,4,5,driving,39.9,True,2026-01-15 17:50:08.533825,2026-01-15 17:54:27.135718,2026-01-15 18:37:48.458283,4.3,7.8
u20,unpredictable,0,h0101,2026-01-15 18:30:00,18,3,sports,False,4,5,driving,16.4,False,2026-01-15 18:13:36.214132,2026-01-15 18:21:10.609704,2026-01-15 18:38:27.930606,7.6,8.5
u00,overbooked,0,h0100,2026-01-15 20:00:00,20,3,study,False,5,5,cycling,15.6,True,2026-01-15 19:44:21.803264,2026-01-15 20:05:43.216682,2026-01-15 20:20:46.190249,21.4,20.8
u04,morning_struggler,0,h0100,2026-01-15 20:00:00,20,3,study,False,5,5,walking,11.4,True,2026-01-15 19:48:36.401319,2026-01-15 19:55:52.717721,2026-01-15 20:07:33.283365,7.3,7.6
u08,chronically_late,0,h0100,2026-01-15 20:00:00,20,3,study,False,5,5,driving,30.1,True,2026-01-15 19:29:54.248542,2026-01-15 19:55:14.897482,2026-01-15 20:26:44.437506,25.3,26.7
u12,improving,0,h0100,2026-01-15 20:00:00,20,3,study,False,5,5,walking,15.6,False,2026-01-15 19:44:26.946151,2026-01-15 19:56:59.351146,2026-01-15 20:11:39.437233,12.5,11.7
u20,unpredictable,0,h0100,2026-01-15 20:00:00,20,3,study,False,5,5,driving,33.0,False,2026-01-15 19:26:59.585588,2026-01-15 19:29:54.543397,2026-01-15 20:03:49.287834,2.9,3.8
u03,improving,3,h0828,2026-01-16 12:00:00,12,4,sports,True,3,3,driving,37.7,False,2026-01-16 11:22:17.298346,2026-01-16 11:34:37.656459,2026-01-16 12:19:56.889979,12.3,19.9
u15,morning_struggler,3,h0828,2026-01-16 12:00:00,12,4,sports,True,3,3,walking,10.6,False,2026-01-16 11:49:24.077662,2026-01-16 11:53:30.191686,2026-01-16 12:04:12.442443,4.1,4.2
u23,chronically_late,3,h0828,2026-01-16 12:00:00,12,4,sports,True,3,3,walking,13.5,True,2026-01-16 11:46:31.331069,2026-01-16 12:01:08.074461,2026-01-16 12:16:50.878435,14.6,16.8
u05,chronically_late,1,h0352,2026-01-16 18:30:00,18,4,sports,False,6,4,cycling,21.1,False,2026-01-16 18:08:56.830899,2026-01-16 18:27:54.386238,2026-01-16 18:47:39.538269,19.0,17.7
u09,morning_struggler,1,h0352,2026-01-16 18:30:00,18,4,sports,False,6,4,cycling,11.8,False,2026-01-16 18:18:09.117111,2026-01-16 18:21:45.788487,2026-01-16 18:34:59.083944,3.6,5.0
u13,rain_hater,1,h0352,2026-01-16 18:30:00,18,4,sports,False,6,4,driving,33.6,False,2026-01-16 17:56:26.666407,2026-01-16 18:00:04.981008,2026-01-16 18:36:41.596612,3.6,6.7
u17,unpredictable,1,h0352,2026-01-16 18:30:00,18,4,sports,False,6,4,driving,8.7,False,2026-01-16 18:21:17.652351,2026-01-16 18:27:32.102721,2026-01-16 18:35:36.634419,6.2,5.6
u01,overbooked,1,h0351,2026-01-16 21:30:00,21,4,coffee,False,1,5,driving,35.0,False,2026-01-16 20:55:01.756078,2026-01-16 20:56:04.416174,2026-01-16 21:30:32.592794,1.0,0.5
u02,improving,2,h0594,2026-01-16 21:30:00,21,4,party,False,7,5,walking,9.5,False,2026-01-16 21:20:32.345218,2026-01-16 21:34:17.581870,2026-01-16 21:43:00.763505,13.8,13.0
u05,chronically_late,1,h0351,2026-01-16 21:30:00,21,4,coffee,False,1,5,cycling,11.6,True,2026-01-16 21:18:24.405980,2026-01-16 21:28:28.509605,2026-01-16 21:41:38.555608,10.1,11.6
u06,overbooked,2,h0594,2026-01-16 21:30:00,21,4,party,False,7,5,driving,18.0,False,2026-01-16 21:11:57.366707,2026-01-16 21:21:36.624935,2026-01-16 21:40:16.814975,9.7,10.3
u09,morning_struggler,1,h0351,2026-01-16 21:30:00,21,4,coffee,False,1,5,cycling,17.3,True,2026-01-16 21:12:44.666653,2026-01-16 21:17:58.776063,2026-01-16 21:37:18.922990,5.2,7.3
u10,punctual,2,h0594,2026-01-16 21:30:00,21,4,party,False,7,5,cycling,8.2,False,2026-01-16 21:21:50.228126,2026-01-16 21:25:56.491648,2026-01-16 21:33:23.283198,4.1,3.4
u14,punctual,2,h0594,2026-01-16 21:30:00,21,4,party,False,7,5,walking,23.3,False,2026-01-16 21:06:41.148672,2026-01-16 21:10:49.191994,2026-01-16 21:36:56.693141,4.1,6.9
u17,unpredictable,1,h0351,2026-01-16 21:30:00,21,4,coffee,False,1,5,driving,35.4,False,2026-01-16 20:54:34.901116,2026-01-16 21:04:24.167473,2026-01-16 21:38:45.586912,9.8,8.8
u21,always_early,1,h0351,2026-01-16 21:30:00,21,4,coffee,False,1,5,driving,25.6,False,2026-01-16 21:04:21.173529,2026-01-16 21:01:16.343746,2026-01-16 21:30:32.179363,-3.1,0.5
u22,rain_hater,2,h0594,2026-01-16 21:30:00,21,4,party,False,7,5,walking,10.4,False,2026-01-16 21:19:38.450365,2026-01-16 21:26:49.210933,2026-01-16 21:38:24.984899,7.2,8.4
u03,improving,3,h0829,2026-01-17 18:30:00,18,5,food,False,5,5,driving,18.6,False,2026-01-17 18:11:25.549629,2026-01-17 18:19:26.104302,2026-01-17 18:36:11.056258,8.0,6.2
u07,unpredictable,3,h0829,2026-01-17 18:30:00,18,5,food,False,5,5,driving,20.6,False,2026-01-17 18:09:26.406400,2026-01-17 18:20:13.164600,2026-01-17 18:42:55.077889,10.8,12.9
u11,always_early,3,h0829,2026-01-17 18:30:00,18,5,food,False,5,5,driving,27.5,True,2026-01-17 18:02:28.788672,2026-01-17 18:05:17.555336,2026-01-17 18:31:50.296367,2.8,1.8
u15,morning_struggler,3,h0829,2026-01-17 18:30:00,18,5,food,False,5,5,walking,14.1,False,2026-01-17 18:15:52.885550,2026-01-17 18:17:09.607923,2026-01-17 18:31:13.576017,1.3,1.2
u19,punctual,3,h0829,2026-01-17 18:30:00,18,5,food,False,5,5,driving,34.5,False,2026-01-17 17:55:30.405124,2026-01-17 18:01:06.528833,2026-01-17 18:34:45.848264,5.6,4.8
u06,overbooked,2,h0596,2026-01-18 18:00:00,18,6,sports,True,0,3,driving,34.2,True,2026-01-18 17:25:46.287025,2026-01-18 17:46:24.157581,2026-01-18 18:26:01.817109,20.6,26.0
u14,punctual,2,h0596,2026-01-18 18:00:00,18,6,sports,True,0,3,walking,19.8,True,2026-01-18 17:40:13.340861,2026-01-18 17:49:29.753378,2026-01-18 18:09:09.490764,9.3,9.2
u18,always_early,2,h0596,2026-01-18 18:00:00,18,6,sports,True,0,3,cycling,17.1,False,2026-01-18 17:42:54.292078,2026-01-18 17:40:52.462243,2026-01-18 17:59:54.732340,-2.0,-0.1
u02,improving,2,h0595,2026-01-18 19:30:00,19,6,coffee,True,2,4,walking,22.0,False,2026-01-18 19:07:57.689517,2026-01-18 19:19:18.422658,2026-01-18 19:47:01.349305,11.3,17.0
u06,overbooked,2,h0595,2026-01-18 19:30:00,19,6,coffee,True,2,4,driving,14.3,True,2026-01-18 19:15:41.558558,2026-01-18 19:38:43.520018,2026-01-18 19:55:11.586216,23.0,25.2
u10,punctual,2,h0595,2026-01-18 19:30:00,19,6,coffee,True,2,4,cycling,6.3,False,2026-01-18 19:23:43.630507,2026-01-18 19:26:48.055634,2026-01-18 19:33:37.932323,3.1,3.6
u22,rain_hater,2,h0595,2026-01-18 19:30:00,19,6,coffee,True,2,4,walking,23.4,True,2026-01-18 19:06:34.845204,2026-01-18 19:20:41.083629,2026-01-18 19:45:10.128172,14.1,15.2
u04,morning_struggler,0,h0102,2026-01-18 20:00:00,20,6,sports,False,0,4,walking,7.5,True,2026-01-18 19:52:30.707534,2026-01-18 19:55:17.806267,2026-01-18 20:02:12.136422,2.8,2.2
u08,chronically_late,0,h0102,2026-01-18 20:00:00,20,6,sports,False,0,4,driving,34.8,True,2026-01-18 19:25:14.496478,2026-01-18 19:41:16.644755,2026-01-18 20:12:35.628239,16.0,12.6
u12,improving,0,h0102,2026-01-18 20:00:00,20,6,sports,False,0,4,walking,13.9,False,2026-01-18 19:46:05.691953,2026-01-18 19:54:24.730284,2026-01-18 20:08:29.694564,8.3,8.5
u16,rain_hater,0,h0102,2026-01-18 20:00:00,20,6,sports,False,0,4,driving,20.9,False,2026-01-18 19:39:07.447904,2026-01-18 19:40:23.869968,2026-01-18 20:02:35.510474,1.3,2.6
u01,overbooked,1,h0354,2026-01-18 20:30:00,20,6,coffee,False,4,5,driving,38.1,True,2026-01-18 19:51:51.430102,2026-01-18 20:12:01.519462,2026-01-18 20:53:06.747588,20.2,23.1
u09,morning_struggler,1,h0354,2026-01-18 20:30:00,20,6,coffee,False,4,5,cycling,9.1,False,2026-01-18 20:20:55.392557,2026-01-18 20:22:13.083544,2026-01-18 20:31:01.266388,1.3,1.0
u13,rain_hater,1,h0354,2026-01-18 20:30:00,20,6,coffee,False,4,5,driving,27.4,False,2026-01-18 20:02:38.181687,2026-01-18 20:05:10.543331,2026-01-18 20:36:03.469772,2.5,6.1
u17,unpredictable,1,h0354,2026-01-18 20:30:00,20,6,coffee,False,4,5,driving,25.8,True,2026-01-18 20:04:11.209138,2026-01-18 20:09:54.520500,2026-01-18 20:38:09.529844,5.7,8.2
u21,always_early,1,h0354,2026-01-18 20:30:00,20,6,coffee,False,4,5,driving,14.6,False,2026-01-18 20:15:22.510847,2026-01-18 20:13:03.753756,2026-01-18 20:29:28.211147,-2.3,-0.5
u01,overbooked,1,h0353,2026-01-18 22:30:00,22,6,food,True,2,6,driving,17.1,True,2026-01-18 22:12:56.602902,2026-01-18 22:33:52.799675,2026-01-18 22:52:52.409235,20.9,22.9
u05,chronically_late,1,h0353,2026-01-18 22:30:00,22,6,food,True,2,6,cycling,11.3,False,2026-01-18 22:18:40.445981,2026-01-18 22:30:14.571193,2026-01-18 22:41:59.893209,11.6,12.0
u09,morning_struggler,1,h0353,2026-01-18 22:30:00,22,6,food,True,2,6,cycling,18.5,False,2026-01-18 22:11:29.427808,2026-01-18 22:15:34.896596,2026-01-18 22:36:28.189690,4.1,6.5
u13,rain_hater,1,h0353,2026-01-18 22:30:00,22,6,food,True,2,6,driving,29.0,False,2026-01-18 22:01:01.007092,2026-01-18 22:11:32.417771,2026-01-18 22:45:27.505559,10.5,15.5
u17,unpredictable,1,h0353,2026-01-18 22:30:00,22,6,food,True,2,6,driving,20.5,False,2026-01-18 22:09:31.734724,2026-01-18 22:16:48.681234,2026-01-18 22:39:06.543106,7.3,9.1
u21,always_early,1,h0353,2026-01-18 22:30:00,22,6,food,True,2,6,driving,22.3,False,2026-01-18 22:07:39.612655,2026-01-18 22:06:59.873008,2026-01-18 22:29:16.277976,-0.7,-0.7
u01,overbooked,1,h0355,2026-01-19 18:30:00,18,0,study,False,4,6,driving,30.2,False,2026-01-19 17:59:45.869530,2026-01-19 18:01:34.076103,2026-01-19 18:33:37.985730,1.8,3.6
u05,chronically_late,1,h0355,2026-01-19 18:30:00,18,0,study,False,4,6,cycling,8.0,False,2026-01-19 18:21:59.532871,2026-01-19 18:46:17.874787,2026-01-19 18:55:26.524535,24.3,25.4
u09,morning_struggler,1,h0355,2026-01-19 18:30:00,18,0,study,False,4,6,cycling,13.9,True,2026-01-19 18:16:06.433533,2026-01-19 18:18:17.563908,2026-01-19 18:33:38.835465,2.2,3.6
u13,rain_hater,1,h0355,2026-01-19 18:30:00,18,0,study,False,4,6,driving,26.0,False,2026-01-19 18:04:00.523095,2026-01-19 18:04:17.565960,2026-01-19 18:31:15.712571,0.3,1.3
u17,unpredictable,1,h0355,2026-01-19 18:30:00,18,0,study,False,4,6,driving,24.9,False,2026-01-19 18:05:04.676177,2026-01-19 18:02:52.665363,2026-01-19 18:27:45.756959,-2.2,-2.2
u21,always_early,1,h0355,2026-01-19 18:30:00,18,0,study,False,4,6,driving,9.2,True,2026-01-19 18:20:47.001847,2026-01-19 18:21:00.177592,2026-01-19 18:31:00.074868,0.2,1.0
u05,chronically_late,1,h0356,2026-01-20 13:00:00,13,1,sports,False,0,5,cycling,10.9,True,2026-01-20 12:49:06.940145,2026-01-20 13:01:46.754051,2026-01-20 13:12:25.795123,12.7,12.4
u07,unpredictable,3,h0830,2026-01-20 13:00:00,13,1,sports,False,4,4,driving,18.1,False,2026-01-20 12:41:55.876464,2026-01-20 12:46:35.098397,2026-01-20 13:05:32.202442,4.7,5.5
u09,morning_struggler,1,h0356,2026-01-20 13:00:00,13,1,sports,False,0,5,cycling,16.5,False,2026-01-20 12:43:31.768684,2026-01-20 12:46:49.118715,2026-01-20 13:04:08.877159,3.3,4.1
u11,always_early,3,h0830,2026-01-20 13:00:00,13,1,sports,False,4,4,driving,28.5,False,2026-01-20 12:31:31.793784,2026-01-20 12:29:40.043608,2026-01-20 12:57:17.394806,-1.9,-2.7
u13,rain_hater,1,h0356,2026-01-20 13:00:00,13,1,sports,False,0,5,driving,28.8,False,2026-01-20 12:31:12.674098,2026-01-20 12:30:29.146872,2026-01-20 13:02:05.653516,-0.7,2.1
u15,morning_struggler,3,h0830,2026-01-20 13:00:00,13,1,sports,False,4,4,walking,5.5,False,2026-01-20 12:54:30.923380,2026-01-20 13:00:46.377744,2026-01-20 13:06:00.563547,6.3,6.0
u17,unpredictable,1,h0356,2026-01-20 13:00:00,13,1,sports,False,0,5,driving,12.7,False,2026-01-20 12:47:20.452534,2026-01-20 12:45:00.894412,2026-01-20 12:57:21.446817,-2.3,-2.6
u21,always_early,1,h0356,2026-01-20 13:00:00,13,1,sports,False,0,5,driving,39.2,False,2026-01-20 12:20:49.576567,2026-01-20 12:16:47.900067,2026-01-20 12:59:21.597394,-4.0,-0.6
u23,chronically_late,3,h0830,2026-01-20 13:00:00,13,1,sports,False,4,4,walking,12.5,False,2026-01-20 12:47:27.909024,2026-01-20 13:13:54.645526,2026-01-20 13:25:50.415152,26.4,25.8
u00,overbooked,0,h0103,2026-01-20 16:30:00,16,1,sports,False,3,4,cycling,22.8,False,2026-01-20 16:07:09.224064,2026-01-20 16:07:54.742508,2026-01-20 16:32:53.307347,0.8,2.9
u08,chronically_late,0,h0103,2026-01-20 16:30:00,16,1,sports,False,3,4,driving,27.7,True,2026-01-20 16:02:20.738297,2026-01-20 16:18:20.625689,2026-01-20 16:45:39.653910,16.0,15.7
u12,improving,0,h0103,2026-01-20 16:30:00,16,1,sports,False,3,4,walking,10.4,False,2026-01-20 16:19:34.634537,2026-01-20 16:32:26.826212,2026-01-20 16:44:04.247249,12.9,14.1
u20,unpredictable,0,h0103,2026-01-20 16:30:00,16,1,sports,False,3,4,driving,22.6,False,2026-01-20 16:07:23.048451,2026-01-20 16:08:44.989447,2026-01-20 16:29:55.149408,1.4,-0.1
u01,overbooked,1,h0357,2026-01-20 20:30:00,20,1,study,False,7,6,driving,8.7,True,2026-01-20 20:21:16.651540,2026-01-20 20:43:15.604790,2026-01-20 20:51:27.135613,22.0,21.5
u05,chronically_late,1,h0357,2026-01-20 20:30:00,20,1,study,False,7,6,cycling,21.2,False,2026-01-20 20:08:45.141417,2026-01-20 20:17:11.472447,2026-01-20 20:39:06.034854,8.4,9.1
u09,morning_struggler,1,h0357,2026-01-20 20:30:00,20,1,study,False,7,6,cycling,19.2,False,2026-01-20 20:10:48.487816,2026-01-20 20:12:53.115421,2026-01-20 20:34:41.145315,2.1,4.7
u13,rain_hater,1,h0357,2026-01-20 20:30:00,20,1,study,False,7,6,driving,26.7,False,2026-01-20 20:03:18.589354,2026-01-20 20:04:40.329049,2026-01-20 20:28:42.349231,1.4,-1.3
u17,unpredictable,1,h0357,2026-01-20 20:30:00,20,1,study,False,7,6,driving,21.3,False,2026-01-20 20:08:42.235272,2026-01-20 20:11:09.864020,2026-01-20 20:32:45.273317,2.5,2.8
u21,always_early,1,h0357,2026-01-20 20:30:00,20,1,study,False,7,6,driving,35.1,False,2026-01-20 19:54:51.030999,2026-01-20 19:51:51.982775,2026-01-20 20:27:20.942618,-3.0,-2.7
u03,improving,3,h0831,2026-01-21 13:00:00,13,2,coffee,False,3,4,driving,36.9,False,2026-01-21 12:23:06.668051,2026-01-21 12:33:49.593720,2026-01-21 13:08:08.528784,10.7,8.1
u07,unpredictable,3,h0831,2026-01-21 13:00:00,13,2,coffee,False,3,4,driving,26.0,False,2026-01-21 12:33:58.267508,2026-01-21 12:51:23.289728,2026-01-21 13:17:34.661982,17.4,17.6
u15,morning_struggler,3,h0831,2026-01-21 13:00:00,13,2,coffee,False,3,4,walking,20.1,True,2026-01-21 12:39:54.417682,2026-01-21 12:45:48.806166,2026-01-21 13:04:57.205904,5.9,5.0
u19,punctual,3,h0831,2026-01-21 13:00:00,13,2,coffee,False,3,4,driving,16.1,False,2026-01-21 12:43:52.541936,2026-01-21 12:45:38.767014,2026-01-21 13:03:15.830411,1.8,3.3
u03,improving,3,h0832,2026-01-21 21:00:00,21,2,party,False,2,4,driving,30.4,True,2026-01-21 20:29:34.884208,2026-01-21 20:45:44.166267,2026-01-21 21:13:43.363687,16.2,13.7
u15,morning_struggler,3,h0832,2026-01-21 21:00:00,21,2,party,False,2,4,walking,5.2,True,2026-01-21 20:54:46.144321,2026-01-21 21:04:43.339205,2026-01-21 21:10:05.991089,10.0,10.1
u19,punctual,3,h0832,2026-01-21 21:00:00,21,2,party,False,2,4,driving,28.1,True,2026-01-21 20:31:54.103677,2026-01-21 20:39:07.285426,2026-01-21 21:06:32.105457,7.2,6.5
u23,chronically_late,3,h0832,2026-01-21 21:00:00,21,2,party,False,2,4,walking,10.9,True,2026-01-21 20:49:06.928398,2026-01-21 21:03:41.488626,2026-01-21 21:15:47.549431,14.6,15.8
u02,improving,2,h0597,2026-01-21 21:30:00,21,2,sports,True,6,4,walking,6.5,False,2026-01-21 21:23:27.522398,2026-01-21 21:41:44.819271,2026-01-21 21:49:43.206453,18.3,19.7
u10,punctual,2,h0597,2026-01-21 21:30:00,21,2,sports,True,6,4,cycling,22.0,False,2026-01-21 21:08:00.252974,2026-01-21 21:14:54.712813,2026-01-21 21:37:54.757960,6.9,7.9
u14,punctual,2,h0597,2026-01-21 21:30:00,21,2,sports,True,6,4,walking,21.9,False,2026-01-21 21:08:06.379863,2026-01-21 21:12:37.487925,2026-01-21 21:39:48.153269,4.5,9.8
u18,always_early,2,h0597,2026-01-21 21:30:00,21,2,sports,True,6,4,cycling,21.2,False,2026-01-21 21:08:46.558885,2026-01-21 21:07:48.781118,2026-01-21 21:31:10.794058,-1.0,1.2
u03,improving,3,h0833,2026-01-22 15:30:00,15,3,study,False,6,5,driving,27.8,False,2026-01-22 15:02:12.440976,2026-01-22 15:19:55.926807,2026-01-22 15:49:49.964932,17.7,19.8
u07,unpredictable,3,h0833,2026-01-22 15:30:00,15,3,study,False,6,5,driving,27.2,True,2026-01-22 15:02:47.973975,2026-01-22 15:07:54.296618,2026-01-22 15:36:27.988356,5.1,6.5
u11,always_early,3,h0833,2026-01-22 15:30:00,15,3,study,False,6,5,driving,35.2,True,2026-01-22 14:54:50.673086,2026-01-22 14:56:34.528154,2026-01-22 15:29:49.875499,1.7,-0.2
u15,morning_struggler,3,h0833,2026-01-22 15:30:00,15,3,study,False,6,5,walking,8.1,False,2026-01-22 15:21:54.482731,2026-01-22 15:33:33.189511,2026-01-22 15:41:48.346083,11.6,11.8
u23,chronically_late,3,h0833,2026-01-22 15:30:00,15,3,study,False,6,5,walking,7.7,False,2026-01-22 15:22:18.171277,2026-01-22 15:34:35.976922,2026-01-22 15:41:40.633611,12.3,11.7
u03,improving,3,h0834,2026-01-22 16:00:00,16,3,coffee,False,7,5,driving,9.9,False,2026-01-22 15:50:04.006123,2026-01-22 16:00:35.585553,2026-01-22 16:10:58.820239,10.5,11.0
u11,always_early,3,h0834,2026-01-22 16:00:00,16,3,coffee,False,7,5,driving,32.8,False,2026-01-22 15:27:09.647155,2026-01-22 15:25:59.429510,2026-01-22 15:56:56.823816,-1.2,-3.1
u15,morning_struggler,3,h0834,2026-01-22 16:00:00,16,3,coffee,False,7,5,walking,17.6,False,2026-01-22 15:42:21.936822,2026-01-22 15:44:06.622084,2026-01-22 16:03:19.716200,1.7,3.3
u19,punctual,3,h0834,2026-01-22 16:00:00,16,3,coffee,False,7,5,driving,30.4,True,2026-01-22 15:29:34.297994,2026-01-22 15:34:21.266674,2026-01-22 16:04:37.129534,4.8,4.6
u23,chronically_late,3,h0834,2026-01-22 16:00:00,16,3,coffee,False,7,5,walking,24.6,True,2026-01-22 15:35:25.647042,2026-01-22 15:51:06.017151,2026-01-22 16:18:58.505826,15.7,19.0
u01,overbooked,1,h0358,2026-01-22 17:00:00,17,3,sports,False,5,5,driving,16.3,True,2026-01-22 16:43:40.242605,2026-01-22 17:02:30.718552,2026-01-22 17:20:11.125480,18.8,20.2
u05,chronically_late,1,h0358,2026-01-22 17:00:00,17,3,sports,False,5,5,cycling,16.2,True,2026-01-22 16:43:48.573955,2026-01-22 17:00:24.132116,2026-01-22 17:18:58.332090,16.6,19.0
u09,morning_struggler,1,h0358,2026-01-22 17:00:00,17,3,sports,False,5,5,cycling,18.6,False,2026-01-22 16:41:25.100562,2026-01-22 16:46:55.933371,2026-01-22 17:07:07.051239,5.5,7.1
u17,unpredictable,1,h0358,2026-01-22 17:00:00,17,3,sports,False,5,5,driving,29.1,False,2026-01-22 16:30:52.503516,2026-01-22 16:30:21.809916,2026-01-22 16:59:33.892295,-0.5,-0.4
u21,always_early,1,h0358,2026-01-22 17:00:00,17,3,sports,False,5,5,driving,35.9,False,2026-01-22 16:24:06.696342,2026-01-22 16:23:26.327890,2026-01-22 17:02:40.334650,-0.7,2.7
u01,overbooked,1,h0359,2026-01-22 18:30:00,18,3,food,True,7,5,driving,9.6,True,2026-01-22 18:20:25.367527,2026-01-22 18:40:55.185746,2026-01-22 18:51:29.041746,20.5,21.5
u05,chronically_late,1,h0359,2026-01-22 18:30:00,18,3,food,True,7,5,cycling,19.0,True,2026-01-22 18:10:57.961071,2026-01-22 18:25:31.896332,2026-01-22 18:49:16.505988,14.6,19.3
u13,rain_hater,1,h0359,2026-01-22 18:30:00,18,3,food,True,7,5,driving,35.7,False,2026-01-22 17:54:19.842551,2026-01-22 18:08:33.404665,2026-01-22 18:43:55.230570,14.2,13.9
u17,unpredictable,1,h0359,2026-01-22 18:30:00,18,3,food,True,7,5,driving,27.2,True,2026-01-22 18:02:45.983396,2026-01-22 18:11:51.141626,2026-01-22 18:41:22.983385,9.1,11.4
u21,always_early,1,h0359,2026-01-22 18:30:00,18,3,food,True,7,5,driving,28.4,True,2026-01-22 18:01:36.760179,2026-01-22 18:06:17.851196,2026-01-22 18:36:25.988678,4.7,6.4
u02,improving,2,h0598,2026-01-22 19:00:00,19,3,sports,True,5,6,walking,19.0,False,2026-01-22 18:41:02.470812,2026-01-22 18:54:52.936994,2026-01-22 19:16:33.289625,13.8,16.6
u06,overbooked,2,h0598,2026-01-22 19:00:00,19,3,sports,True,5,6,driving,29.0,False,2026-01-22 18:30:58.652476,2026-01-22 18:36:04.500558,2026-01-22 19:12:14.314230,5.1,12.2
u10,punctual,2,h0598,2026-01-22 19:00:00,19,3,sports,True,5,6,cycling,14.1,False,2026-01-22 18:45:51.978225,2026-01-22 18:51:58.038581,2026-01-22 19:08:51.257813,6.1,8.9
u14,punctual,2,h0598,2026-01-22 19:00:00,19,3,sports,True,5,6,walking,12.3,True,2026-01-22 18:47:42.188211,2026-01-22 18:54:49.993503,2026-01-22 19:10:14.658021,7.1,10.2
u18,always_early,2,h0598,2026-01-22 19:00:00,19,3,sports,True,5,6,cycling,7.9,False,2026-01-22 18:52:05.847899,2026-01-22 18:50:47.121483,2026-01-22 19:00:31.723515,-1.3,0.5
u22,rain_hater,2,h0598,2026-01-22 19:00:00,19,3,sports,True,5,6,walking,13.3,False,2026-01-22 18:46:41.325509,2026-01-22 18:59:28.201056,2026-01-22 19:13:08.860548,12.8,13.1
u00,overbooked,0,h0104,2026-01-22 20:30:00,20,3,sports,False,7,6,cycling,16.9,False,2026-01-22 20:13:04.649292,2026-01-22 20:19:37.520793,2026-01-22 20:38:35.124098,6.5,8.6
u04,morning_struggler,0,h0104,2026-01-22 20:30:00,20,3,sports,False,7,6,walking,21.5,True,2026-01-22 20:08:32.476947,2026-01-22 20:17:00.220926,2026-01-22 20:40:23.616229,8.5,10.4
u08,chronically_late,0,h0104,2026-01-22 20:30:00,20,3,sports,False,7,6,driving,10.6,False,2026-01-22 20:19:21.738260,2026-01-22 20:32:09.497446,2026-01-22 20:43:24.483485,12.8,13.4
u12,improving,0,h0104,2026-01-22 20:30:00,20,3,sports,False,7,6,walking,16.2,False,2026-01-22 20:13:47.551325,2026-01-22 20:26:28.202254,2026-01-22 20:42:02.072514,12.7,12.0
u16,rain_hater,0,h0104,2026-01-22 20:30:00,20,3,sports,False,7,6,driving,24.7,False,2026-01-22 20:05:19.726785,2026-01-22 20:07:06.683488,2026-01-22 20:30:36.376294,1.8,0.6
u20,unpredictable,0,h0104,2026-01-22 20:30:00,20,3,sports,False,7,6,driving,15.3,False,2026-01-22 20:14:41.594435,2026-01-22 20:15:28.636932,2026-01-22 20:30:52.207399,0.8,0.9
u09,morning_struggler,1,h0360,2026-01-23 16:30:00,16,4,food,True,4,3,cycling,13.2,False,2026-01-23 16:16:47.500050,2026-01-23 16:24:40.831520,2026-01-23 16:39:25.716414,7.9,9.4
u13,rain_hater,1,h0360,2026-01-23 16:30:00,16,4,food,True,4,3,driving,28.6,False,2026-01-23 16:01:21.861952,2026-01-23 16:15:19.129178,2026-01-23 16:51:22.969374,14.0,21.4
u17,unpredictable,1,h0360,2026-01-23 16:30:00,16,4,food,True,4,3,driving,39.7,True,2026-01-23 15:50:19.945086,2026-01-23 15:54:40.337863,2026-01-23 16:37:26.967437,4.3,7.4
u03,improving,3,h0835,2026-01-23 21:00:00,21,4,party,False,5,4,driving,31.0,False,2026-01-23 20:29:01.050370,2026-01-23 20:52:03.514463,2026-01-23 21:22:58.752352,23.0,23.0
u07,unpredictable,3,h0835,2026-01-23 21:00:00,21,4,party,False,5,4,driving,19.4,False,2026-01-23 20:40:36.181541,2026-01-23 20:47:32.728939,2026-01-23 21:08:28.799248,6.9,8.5
u15,morning_struggler,3,h0835,2026-01-23 21:00:00,21,4,party,False,5,4,walking,22.0,True,2026-01-23 20:38:00.973259,2026-01-23 20:50:05.036890,2026-01-23 21:13:48.709680,12.1,13.8
u19,punctual,3,h0835,2026-01-23 21:00:00,21,4,party,False,5,4,driving,39.9,False,2026-01-23 20:20:06.666587,2026-01-23 20:24:05.232563,2026-01-23 21:09:30.692194,4.0,9.5
u02,improving,2,h0599,2026-01-24 17:30:00,17,5,study,False,6,4,walking,17.4,False,2026-01-24 17:12:34.580248,2026-01-24 17:21:47.545585,2026-01-24 17:40:28.640552,9.2,10.5
u06,overbooked,2,h0599,2026-01-24 17:30:00,17,5,study,False,6,4,driving,9.1,True,2026-01-24 17:20:52.874367,2026-01-24 17:38:10.662018,2026-01-24 17:47:29.098804,17.3,17.5
u10,punctual,2,h0599,2026-01-24 17:30:00,17,5,study,False,6,4,cycling,22.4,False,2026-01-24 17:07:35.879560,2026-01-24 17:10:42.144795,2026-01-24 17:34:25.537959,3.1,4.4
u22,rain_hater,2,h0599,2026-01-24 17:30:00,17,5,study,False,6,4,walking,24.1,True,2026-01-24 17:05:54.150328,2026-01-24 17:08:20.872516,2026-01-24 17:34:22.384432,2.4,4.4
u00,overbooked,0,h0105,2026-01-24 19:30:00,19,5,coffee,False,1,6,cycling,23.6,True,2026-01-24 19:06:23.278140,2026-01-24 19:21:38.371568,2026-01-24 19:43:30.943955,15.3,13.5
u04,morning_struggler,0,h0105,2026-01-24 19:30:00,19,5,coffee,False,1,6,walking,6.4,False,2026-01-24 19:23:35.862682,2026-01-24 19:23:00.026654,2026-01-24 19:29:44.742386,-0.6,-0.3
u08,chronically_late,0,h0105,2026-01-24 19:30:00,19,5,coffee,False,1,6,driving,15.2,False,2026-01-24 19:14:46.511627,2026-01-24 19:24:46.030391,2026-01-24 19:39:58.167735,10.0,10.0
u12,improving,0,h0105,2026-01-24 19:30:00,19,5,coffee,False,1,6,walking,13.9,False,2026-01-24 19:16:03.269176,2026-01-24 19:22:53.784489,2026-01-24 19:37:28.586384,6.8,7.5
u16,rain_hater,0,h0105,2026-01-24 19:30:00,19,5,coffee,False,1,6,driving,15.9,False,2026-01-24 19:14:07.716445,2026-01-24 19:14:04.927432,2026-01-24 19:31:55.095149,-0.0,1.9
u20,unpredictable,0,h0105,2026-01-24 19:30:00,19,5,coffee,False,1,6,driving,21.4,False,2026-01-24 19:08:33.287319,2026-01-24 19:05:39.897473,2026-01-24 19:27:23.617332,-2.9,-2.6
u01,overbooked,1,h0361,2026-01-25 11:00:00,11,6,study,False,1,3,driving,39.7,False,2026-01-25 10:20:15.113940,2026-01-25 10:20:05.252364,2026-01-25 11:02:23.099443,-0.2,2.4
u17,unpredictable,1,h0361,2026-01-25 11:00:00,11,6,study,False,1,3,driving,26.0,False,2026-01-25 10:33:57.451952,2026-01-25 10:34:43.194047,2026-01-25 10:59:58.327189,0.8,-0.0
u21,always_early,1,h0361,2026-01-25 11:00:00,11,6,study,False,1,3,driving,22.6,False,2026-01-25 10:37:22.794994,2026-01-25 10:31:50.992856,2026-01-25 10:57:14.201814,-5.5,-2.8
u03,improving,3,h0837,2026-01-25 18:00:00,18,6,food,False,6,3,driving,25.4,False,2026-01-25 17:34:33.988867,2026-01-25 17:46:53.376704,2026-01-25 18:12:46.893086,12.3,12.8
u07,unpredictable,3,h0837,2026-01-25 18:00:00,18,6,food,False,6,3,driving,17.9,False,2026-01-25 17:42:06.667580,2026-01-25 17:43:47.110184,2026-01-25 18:00:31.500348,1.7,0.5
u15,morning_struggler,3,h0837,2026-01-25 18:00:00,18,6,food,False,6,3,walking,5.6,False,2026-01-25 17:54:22.082759,2026-01-25 17:59:27.881481,2026-01-25 18:04:40.245580,5.1,4.7
u03,improving,3,h0836,2026-01-25 19:00:00,19,6,coffee,False,7,4,driving,26.1,False,2026-01-25 18:33:51.655755,2026-01-25 18:42:48.725849,2026-01-25 19:11:27.634361,9.0,11.5
u03,improving,3,h0838,2026-01-25 19:00:00,19,6,party,False,6,6,driving,15.0,False,2026-01-25 18:44:57.684798,2026-01-25 18:58:27.354485,2026-01-25 19:15:29.036360,13.5,15.5
u07,unpredictable,3,h0838,2026-01-25 19:00:00,19,6,party,False,6,6,driving,38.4,True,2026-01-25 18:21:34.286010,2026-01-25 18:33:08.902066,2026-01-25 19:17:15.411021,11.6,17.3
u11,always_early,3,h0836,2026-01-25 19:00:00,19,6,coffee,False,7,4,driving,23.7,False,2026-01-25 18:36:19.283617,2026-01-25 18:33:38.645616,2026-01-25 19:00:24.470565,-2.7,0.4
u11,always_early,3,h0838,2026-01-25 19:00:00,19,6,party,False,6,6,driving,9.5,False,2026-01-25 18:50:28.088238,2026-01-25 18:50:04.138245,2026-01-25 19:00:35.938287,-0.4,0.6
u15,morning_struggler,3,h0836,2026-01-25 19:00:00,19,6,coffee,False,7,4,walking,15.1,False,2026-01-25 18:44:51.033930,2026-01-25 18:53:12.995205,2026-01-25 19:10:05.998418,8.4,10.1
u15,morning_struggler,3,h0838,2026-01-25 19:00:00,19,6,party,False,6,6,walking,5.8,False,2026-01-25 18:54:09.367768,2026-01-25 18:58:08.848682,2026-01-25 19:04:40.906675,4.0,4.7
u19,punctual,3,h0838,2026-01-25 19:00:00,19,6,party,False,6,6,driving,27.8,True,2026-01-25 18:32:11.914443,2026-01-25 18:43:59.013522,2026-01-25 19:11:20.531759,11.8,11.3
u23,chronically_late,3,h0836,2026-01-25 19:00:00,19,6,coffee,False,7,4,walking,9.8,True,2026-01-25 18:50:11.854185,2026-01-25 19:19:12.255948,2026-01-25 19:30:21.634841,29.0,30.4
u23,chronically_late,3,h0838,2026-01-25 19:00:00,19,6,party,False,6,6,walking,6.2,True,2026-01-25 18:53:48.072759,2026-01-25 19:17:42.125203,2026-01-25 19:23:53.588581,23.9,23.9
u01,overbooked,1,h0362,2026-01-26 10:00:00,10,0,food,False,2,4,driving,12.1,False,2026-01-26 09:47:55.519796,2026-01-26 09:51:21.056268,2026-01-26 10:04:14.850671,3.4,4.2
u09,morning_struggler,1,h0362,2026-01-26 10:00:00,10,0,food,False,2,4,cycling,20.8,False,2026-01-26 09:39:14.360582,2026-01-26 09:39:13.500285,2026-01-26 09:58:34.258956,-0.0,-1.4
u13,rain_hater,1,h0362,2026-01-26 10:00:00,10,0,food,False,2,4,driving,33.0,True,2026-01-26 09:27:00.306348,2026-01-26 09:31:58.557073,2026-01-26 10:08:28.698873,5.0,8.5
u17,unpredictable,1,h0362,2026-01-26 10:00:00,10,0,food,False,2,4,driving,32.8,False,2026-01-26 09:27:09.704009,2026-01-26 09:32:04.293569,2026-01-26 10:06:37.154253,4.9,6.6
u02,improving,2,h0600,2026-01-26 14:00:00,14,0,study,False,1,6,walking,5.1,False,2026-01-26 13:54:53.109271,2026-01-26 14:03:59.437802,2026-01-26 14:08:42.864810,9.1,8.7
u06,overbooked,2,h0600,2026-01-26 14:00:00,14,0,study,False,1,6,driving,15.4,False,2026-01-26 13:44:33.152457,2026-01-26 13:44:15.984365,2026-01-26 13:58:18.036400,-0.3,-1.7
u10,punctual,2,h0600,2026-01-26 14:00:00,14,0,study,False,1,6,cycling,7.2,True,2026-01-26 13:52:47.024492,2026-01-26 13:54:36.511875,2026-01-26 14:02:35.952220,1.8,2.6
u14,punctual,2,h0600,2026-01-26 14:00:00,14,0,study,False,1,6,walking,11.8,False,2026-01-26 13:48:09.633728,2026-01-26 13:46:33.091525,2026-01-26 13:58:06.079472,-1.6,-1.9
u18,always_early,2,h0600,2026-01-26 14:00:00,14,0,study,False,1,6,cycling,6.2,False,2026-01-26 13:53:47.325810,2026-01-26 13:50:26.375809,2026-01-26 13:57:22.140097,-3.3,-2.6
u22,rain_hater,2,h0600,2026-01-26 14:00:00,14,0,study,False,1,6,walking,13.7,False,2026-01-26 13:46:20.954545,2026-01-26 13:47:11.339561,2026-01-26 14:00:48.008385,0.8,0.8
u02,improving,2,h0601,2026-01-26 21:30:00,21,0,coffee,True,4,6,walking,14.8,False,2026-01-26 21:15:10.762408,2026-01-26 21:29:03.362011,2026-01-26 21:46:36.736428,13.9,16.6
u06,overbooked,2,h0601,2026-01-26 21:30:00,21,0,coffee,True,4,6,driving,22.5,True,2026-01-26 21:07:27.014633,2026-01-26 21:28:06.518993,2026-01-26 21:56:26.066932,20.7,26.4
u10,punctual,2,h0601,2026-01-26 21:30:00,21,0,coffee,True,4,6,cycling,16.9,True,2026-01-26 21:13:07.780029,2026-01-26 21:18:50.179605,2026-01-26 21:39:35.910838,5.7,9.6
u14,punctual,2,h0601,2026-01-26 21:30:00,21,0,coffee,True,4,6,walking,11.8,False,2026-01-26 21:18:09.040020,2026-01-26 21:28:12.237479,2026-01-26 21:40:29.090585,10.1,10.5
u18,always_early,2,h0601,2026-01-26 21:30:00,21,0,coffee,True,4,6,cycling,23.4,False,2026-01-26 21:06:33.931512,2026-01-26 21:06:03.772412,2026-01-26 21:33:22.835460,-0.5,3.4
u22,rain_hater,2,h0601,2026-01-26 21:30:00,21,0,coffee,True,4,6,walking,13.7,True,2026-01-26 21:16:19.406951,2026-01-26 21:33:17.571491,2026-01-26 21:50:14.251837,17.0,20.2
u03,improving,3,h0840,2026-01-27 09:30:00,9,1,food,False,2,6,driving,26.4,False,2026-01-27 09:03:37.511866,2026-01-27 09:13:04.600270,2026-01-27 09:41:34.556066,9.5,11.6
u07,unpredictable,3,h0840,2026-01-27 09:30:00,9,1,food,False,2,6,driving,8.1,False,2026-01-27 09:21:52.287830,2026-01-27 09:22:10.433213,2026-01-27 09:31:19.270197,0.3,1.3
u11,always_early,3,h0840,2026-01-27 09:30:00,9,1,food,False,2,6,driving,38.5,True,2026-01-27 08:51:30.940395,2026-01-27 08:52:19.610681,2026-01-27 09:27:15.723635,0.8,-2.7
u15,morning_struggler,3,h0840,2026-01-27 09:30:00,9,1,food,False,2,6,walking,21.8,False,2026-01-27 09:08:13.791441,2026-01-27 09:26:58.988517,2026-01-27 09:47:28.426444,18.8,17.5
u19,punctual,3,h0840,2026-01-27 09:30:00,9,1,food,False,2,6,driving,38.6,True,2026-01-27 08:51:24.869333,2026-01-27 08:57:25.758519,2026-01-27 09:38:36.062508,6.0,8.6
u23,chronically_late,3,h0840,2026-01-27 09:30:00,9,1,food,False,2,6,walking,22.4,False,2026-01-27 09:07:38.498862,2026-01-27 09:24:36.964500,2026-01-27 09:50:11.034976,17.0,20.2
u03,improving,3,h0841,2026-01-27 15:00:00,15,1,coffee,False,7,5,driving,29.3,True,2026-01-27 14:30:39.898221,2026-01-27 14:42:41.742646,2026-01-27 15:15:03.286175,12.0,15.1
u11,always_early,3,h0841,2026-01-27 15:00:00,15,1,coffee,False,7,5,driving,13.7,False,2026-01-27 14:46:18.759448,2026-01-27 14:43:51.162616,2026-01-27 14:57:56.464631,-2.5,-2.1
u15,morning_struggler,3,h0841,2026-01-27 15:00:00,15,1,coffee,False,7,5,walking,16.5,False,2026-01-27 14:43:30.472039,2026-01-27 14:47:47.006395,2026-01-27 15:02:50.200446,4.3,2.8
u19,punctual,3,h0841,2026-01-27 15:00:00,15,1,coffee,False,7,5,driving,28.5,False,2026-01-27 14:31:27.614787,2026-01-27 14:33:58.802453,2026-01-27 15:04:18.197367,2.5,4.3
u23,chronically_late,3,h0841,2026-01-27 15:00:00,15,1,coffee,False,7,5,walking,15.6,False,2026-01-27 14:44:26.454401,2026-01-27 14:55:34.832260,2026-01-27 15:10:07.991473,11.1,10.1
u04,morning_struggler,0,h0106,2026-01-27 17:30:00,17,1,food,False,3,5,walking,8.3,False,2026-01-27 17:21:40.960764,2026-01-27 17:23:02.697401,2026-01-27 17:31:20.900981,1.4,1.3
u08,chronically_late,0,h0106,2026-01-27 17:30:00,17,1,food,False,3,5,driving,26.6,True,2026-01-27 17:03:21.249673,2026-01-27 17:24:45.990295,2026-01-27 17:50:20.305120,21.4,20.3
u12,improving,0,h0106,2026-01-27 17:30:00,17,1,food,False,3,5,walking,18.4,True,2026-01-27 17:11:34.315771,2026-01-27 17:24:49.057373,2026-01-27 17:45:46.399039,13.2,15.8
u16,rain_hater,0,h0106,2026-01-27 17:30:00,17,1,food,False,3,5,driving,18.9,False,2026-01-27 17:11:04.553291,2026-01-27 17:17:31.317456,2026-01-27 17:35:16.790049,6.4,5.3
u20,unpredictable,0,h0106,2026-01-27 17:30:00,17,1,food,False,3,5,driving,20.2,False,2026-01-27 17:09:47.889526,2026-01-27 17:23:31.112420,2026-01-27 17:46:07.115816,13.7,16.1
u03,improving,3,h0839,2026-01-27 20:00:00,20,1,party,True,1,5,driving,20.3,False,2026-01-27 19:39:40.780268,2026-01-27 19:52:32.036060,2026-01-27 20:13:18.582376,12.9,13.3
u07,unpredictable,3,h0839,2026-01-27 20:00:00,20,1,party,True,1,5,driving,25.8,False,2026-01-27 19:34:10.180848,2026-01-27 19:46:51.561744,2026-01-27 20:19:30.168159,12.7,19.5
u11,always_early,3,h0839,2026-01-27 20:00:00,20,1,party,True,1,5,driving,39.4,False,2026-01-27 19:20:34.629913,2026-01-27 19:22:50.185544,2026-01-27 20:05:41.549212,2.3,5.7
u15,morning_struggler,3,h0839,2026-01-27 20:00:00,20,1,party,True,1,5,walking,15.4,True,2026-01-27 19:44:35.405032,2026-01-27 19:53:46.693685,2026-01-27 20:12:05.201723,9.2,12.1
u23,chronically_late,3,h0839,2026-01-27 20:00:00,20,1,party,True,1,5,walking,11.7,True,2026-01-27 19:48:15.507940,2026-01-27 20:09:43.604937,2026-01-27 20:23:31.385432,21.5,23.5
u07,unpredictable,3,h0842,2026-01-28 19:00:00,19,2,study,True,7,3,driving,33.2,True,2026-01-28 18:26:47.060222,2026-01-28 18:29:47.875064,2026-01-28 19:10:32.245182,3.0,10.5
u11,always_early,3,h0842,2026-01-28 19:00:00,19,2,study,True,7,3,driving,27.1,False,2026-01-28 18:32:52.337763,2026-01-28 18:32:05.395618,2026-01-28 19:03:19.259984,-0.8,3.3
u19,punctual,3,h0842,2026-01-28 19:00:00,19,2,study,True,7,3,driving,19.6,False,2026-01-28 18:40:23.497142,2026-01-28 18:43:21.246057,2026-01-28 19:03:58.512724,3.0,4.0
u00,overbooked,0,h0107,2026-01-28 20:30:00,20,2,coffee,False,0,4,cycling,15.6,False,2026-01-28 20:14:26.376480,2026-01-28 20:16:57.798138,2026-01-28 20:33:07.946432,2.5,3.1
u04,morning_struggler,0,h0107,2026-01-28 20:30:00,20,2,coffee,False,0,4,walking,10.0,True,2026-01-28 20:20:00.395545,2026-01-28 20:27:29.913877,2026-01-28 20:37:03.495130,7.5,7.1
u08,chronically_late,0,h0107,2026-01-28 20:30:00,20,2,coffee,False,0,4,driving,30.7,False,2026-01-28 19:59:17.647864,2026-01-28 20:08:45.397871,2026-01-28 20:38:09.426098,9.5,8.2
u20,unpredictable,0,h0107,2026-01-28 20:30:00,20,2,coffee,False,0,4,driving,13.5,False,2026-01-28 20:16:32.848302,2026-01-28 20:51:34.162846,2026-01-28 21:04:30.492765,35.0,34.5
u03,improving,3,h0843,2026-01-29 17:00:00,17,3,study,False,0,5,driving,17.0,True,2026-01-29 16:43:02.190877,2026-01-29 16:54:00.171802,2026-01-29 17:12:27.145052,11.0,12.5
u07,unpredictable,3,h0843,2026-01-29 17:00:00,17,3,study,False,0,5,driving,16.6,False,2026-01-29 16:43:22.370693,2026-01-29 16:39:24.089078,2026-01-29 16:56:02.659330,-4.0,-4.0
u11,always_early,3,h0843,2026-01-29 17:00:00,17,3,study,False,0,5,driving,18.5,False,2026-01-29 16:41:28.087941,2026-01-29 16:36:07.993588,2026-01-29 16:56:01.355225,-5.3,-4.0
u15,morning_struggler,3,h0843,2026-01-29 17:00:00,17,3,study,False,0,5,walking,22.1,True,2026-01-29 16:37:54.275158,2026-01-29 16:40:16.393627,2026-01-29 17:04:52.744266,2.4,4.9
u19,punctual,3,h0843,2026-01-29 17:00:00,17,3,study,False,0,5,driving,19.5,True,2026-01-29 16:40:29.719933,2026-01-29 16:45:08.373348,2026-01-29 17:06:58.868043,4.6,7.0
u00,overbooked,0,h0108,2026-01-29 17:30:00,17,3,sports,False,6,5,cycling,13.5,False,2026-01-29 17:16:31.458936,2026-01-29 17:20:17.322337,2026-01-29 17:33:25.399039,3.8,3.4
u04,morning_struggler,0,h0108,2026-01-29 17:30:00,17,3,sports,False,6,5,walking,8.4,False,2026-01-29 17:21:38.474423,2026-01-29 17:23:46.163666,2026-01-29 17:31:34.671723,2.1,1.6
u05,chronically_late,1,h0363,2026-01-29 17:30:00,17,3,study,True,5,3,cycling,15.3,True,2026-01-29 17:14:41.735291,2026-01-29 17:44:46.337630,2026-01-29 18:00:37.163010,30.1,30.6
u08,chronically_late,0,h0108,2026-01-29 17:30:00,17,3,sports,False,6,5,driving,25.8,False,2026-01-29 17:04:14.318813,2026-01-29 17:14:34.774449,2026-01-29 17:40:43.655339,10.3,10.7
u13,rain_hater,1,h0363,2026-01-29 17:30:00,17,3,study,True,5,3,driving,11.6,True,2026-01-29 17:18:23.267418,2026-01-29 17:32:28.722498,2026-01-29 17:44:38.725327,14.1,14.6
u16,rain_hater,0,h0108,2026-01-29 17:30:00,17,3,sports,False,6,5,driving,13.8,False,2026-01-29 17:16:11.475632,2026-01-29 17:23:40.027079,2026-01-29 17:38:04.860482,7.5,8.1
u17,unpredictable,1,h0363,2026-01-29 17:30:00,17,3,study,True,5,3,driving,19.0,False,2026-01-29 17:11:00.151524,2026-01-29 17:22:42.852227,2026-01-29 17:42:11.621674,11.7,12.2
u20,unpredictable,0,h0108,2026-01-29 17:30:00,17,3,sports,False,6,5,driving,11.0,False,2026-01-29 17:19:01.230085,2026-01-29 17:34:46.437121,2026-01-29 17:46:45.288829,15.8,16.8
u01,overbooked,1,h0364,2026-01-30 09:30:00,9,4,coffee,False,0,5,driving,19.5,True,2026-01-30 09:10:30.307803,2026-01-30 09:28:48.412210,2026-01-30 09:47:26.449015,18.3,17.4
u05,chronically_late,1,h0364,2026-01-30 09:30:00,9,4,coffee,False,0,5,cycling,8.5,False,2026-01-30 09:21:30.368959,2026-01-30 09:29:59.442390,2026-01-30 09:37:38.612758,8.5,7.6
u09,morning_struggler,1,h0364,2026-01-30 09:30:00,9,4,coffee,False,0,5,cycling,6.8,False,2026-01-30 09:23:14.824922,2026-01-30 09:39:12.292212,2026-01-30 09:46:30.687024,16.0,16.5
u13,rain_hater,1,h0364,2026-01-30 09:30:00,9,4,coffee,False,0,5,driving,32.0,False,2026-01-30 08:57:58.651102,2026-01-30 09:01:48.055398,2026-01-30 09:38:32.918911,3.8,8.5
u17,unpredictable,1,h0364,2026-01-30 09:30:00,9,4,coffee,False,0,5,driving,8.9,True,2026-01-30 09:21:08.644084,2026-01-30 09:27:09.141691,2026-01-30 09:36:17.945091,6.0,6.3
u03,improving,3,h0844,2026-01-30 10:30:00,10,4,coffee,True,7,6,driving,39.2,False,2026-01-30 09:50:46.813168,2026-01-30 10:16:12.337656,2026-01-30 11:03:53.925224,25.4,33.9
u07,unpredictable,3,h0844,2026-01-30 10:30:00,10,4,coffee,True,7,6,driving,9.4,True,2026-01-30 10:20:34.818240,2026-01-30 10:28:23.146556,2026-01-30 10:38:52.914131,7.8,8.9
u11,always_early,3,h0844,2026-01-30 10:30:00,10,4,coffee,True,7,6,driving,10.5,False,2026-01-30 10:19:32.408619,2026-01-30 10:20:41.219021,2026-01-30 10:33:37.660769,1.1,3.6
u15,morning_struggler,3,h0844,2026-01-30 10:30:00,10,4,coffee,True,7,6,walking,17.1,False,2026-01-30 10:12:52.432591,2026-01-30 10:18:34.813390,2026-01-30 10:36:11.977937,5.7,6.2
u19,punctual,3,h0844,2026-01-30 10:30:00,10,4,coffee,True,7,6,driving,27.9,False,2026-01-30 10:02:03.105387,2026-01-30 10:05:22.054825,2026-01-30 10:36:29.512957,3.3,6.5
u23,chronically_late,3,h0844,2026-01-30 10:30:00,10,4,coffee,True,7,6,walking,17.6,True,2026-01-30 10:12:25.946250,2026-01-30 10:28:21.553416,2026-01-30 10:49:42.924799,15.9,19.7
u04,morning_struggler,0,h0109,2026-01-30 15:00:00,15,4,coffee,False,6,3,walking,19.0,False,2026-01-30 14:41:01.885735,2026-01-30 14:44:06.321413,2026-01-30 15:04:16.360865,3.1,4.3
u08,chronically_late,0,h0109,2026-01-30 15:00:00,15,4,coffee,False,6,3,driving,9.1,True,2026-01-30 14:50:56.762852,2026-01-30 15:01:39.225241,2026-01-30 15:11:41.863128,10.7,11.7
u12,improving,0,h0109,2026-01-30 15:00:00,15,4,coffee,False,6,3,walking,6.6,False,2026-01-30 14:53:23.057563,2026-01-30 15:03:24.390547,2026-01-30 15:10:47.942391,10.0,10.8
u00,overbooked,0,h0110,2026-01-30 21:00:00,21,4,coffee,False,0,3,cycling,6.9,False,2026-01-30 20:53:04.282070,2026-01-30 20:53:35.097821,2026-01-30 21:00:56.652286,0.5,0.9
u04,morning_struggler,0,h0110,2026-01-30 21:00:00,21,4,coffee,False,0,3,walking,23.9,False,2026-01-30 20:36:06.233794,2026-01-30 20:36:48.174299,2026-01-30 21:03:20.056266,0.7,3.3
u12,improving,0,h0110,2026-01-30 21:00:00,21,4,coffee,False,0,3,walking,24.8,True,2026-01-30 20:35:10.799702,2026-01-30 20:46:55.310489,2026-01-30 21:14:45.978368,11.7,14.8
u03,improving,3,h0845,2026-01-31 09:30:00,9,5,study,False,6,4,driving,12.9,False,2026-01-31 09:17:06.639266,2026-01-31 09:26:17.251307,2026-01-31 09:39:58.333535,9.2,10.0
u11,always_early,3,h0845,2026-01-31 09:30:00,9,5,study,False,6,4,driving,29.8,True,2026-01-31 09:00:14.088200,2026-01-31 09:01:43.540715,2026-01-31 09:32:40.163532,1.5,2.7
u15,morning_struggler,3,h0845,2026-01-31 09:30:00,9,5,study,False,6,4,walking,5.8,True,2026-01-31 09:24:09.543050,2026-01-31 09:50:42.710097,2026-01-31 09:56:53.771126,26.6,26.9
u19,punctual,3,h0845,2026-01-31 09:30:00,9,5,study,False,6,4,driving,39.0,True,2026-01-31 08:50:58.467509,2026-01-31 08:57:33.094996,2026-01-31 09:35:56.978875,6.6,5.9
u04,morning_struggler,0,h0111,2026-01-31 17:00:00,17,5,study,True,3,3,walking,18.7,False,2026-01-31 16:41:15.780521,2026-01-31 16:42:54.373073,2026-01-31 17:03:26.505158,1.6,3.4
u08,chronically_late,0,h0111,2026-01-31 17:00:00,17,5,study,True,3,3,driving,28.4,False,2026-01-31 16:31:35.443123,2026-01-31 16:39:36.589263,2026-01-31 17:13:08.423882,8.0,13.1
u20,unpredictable,0,h0111,2026-01-31 17:00:00,17,5,study,True,3,3,driving,34.7,True,2026-01-31 16:25:15.143095,2026-01-31 16:28:06.568559,2026-01-31 17:11:57.289034,2.9,12.0
u02,improving,2,h0602,2026-02-02 10:00:00,10,0,sports,False,0,6,walking,13.4,False,2026-02-02 09:46:34.238957,2026-02-02 09:54:55.225954,2026-02-02 10:09:28.982730,8.3,9.5
u06,overbooked,2,h0602,2026-02-02 10:00:00,10,0,sports,False,0,6,driving,21.0,True,2026-02-02 09:38:57.872584,2026-02-02 09:56:58.591254,2026-02-02 10:19:29.243076,18.0,19.5
u10,punctual,2,h0602,2026-02-02 10:00:00,10,0,sports,False,0,6,cycling,18.0,False,2026-02-02 09:41:59.089725,2026-02-02 09:44:20.295896,2026-02-02 10:02:07.277838,2.4,2.1
u14,punctual,2,h0602,2026-02-02 10:00:00,10,0,sports,False,0,6,walking,9.4,False,2026-02-02 09:50:36.668222,2026-02-02 09:50:42.492652,2026-02-02 09:59:36.821839,0.1,-0.4
u18,always_early,2,h0602,2026-02-02 10:00:00,10,0,sports,False,0,6,cycling,20.0,False,2026-02-02 09:39:58.320355,2026-02-02 09:35:52.709588,2026-02-02 09:55:28.126351,-4.1,-4.5
u22,rain_hater,2,h0602,2026-02-02 10:00:00,10,0,sports,False,0,6,walking,19.3,True,2026-02-02 09:40:43.020911,2026-02-02 09:45:43.165190,2026-02-02 10:07:24.205608,5.0,7.4
u03,improving,3,h0847,2026-02-02 17:30:00,17,0,coffee,False,7,3,driving,20.0,False,2026-02-02 17:09:58.045947,2026-02-02 17:19:38.156255,2026-02-02 17:39:45.110937,9.7,9.8
u07,unpredictable,3,h0847,2026-02-02 17:30:00,17,0,coffee,False,7,3,driving,19.8,False,2026-02-02 17:10:13.510233,2026-02-02 17:16:48.285692,2026-02-02 17:37:59.396742,6.6,8.0
u15,morning_struggler,3,h0847,2026-02-02 17:30:00,17,0,coffee,False,7,3,walking,8.0,False,2026-02-02 17:22:00.625828,2026-02-02 17:27:47.789768,2026-02-02 17:36:54.380277,5.8,6.9
u01,overbooked,1,h0365,2026-02-02 18:30:00,18,0,study,False,7,6,driving,16.6,True,2026-02-02 18:13:21.621624,2026-02-02 18:30:57.475749,2026-02-02 18:46:44.196333,17.6,16.7
u05,chronically_late,1,h0365,2026-02-02 18:30:00,18,0,study,False,7,6,cycling,21.0,False,2026-02-02 18:09:00.510221,2026-02-02 18:20:27.914831,2026-02-02 18:40:36.405148,11.5,10.6
u09,morning_struggler,1,h0365,2026-02-02 18:30:00,18,0,study,False,7,6,cycling,20.8,False,2026-02-02 18:09:12.232166,2026-02-02 18:15:37.564946,2026-02-02 18:36:29.673313,6.4,6.5
u13,rain_hater,1,h0365,2026-02-02 18:30:00,18,0,study,False,7,6,driving,25.2,False,2026-02-02 18:04:48.048529,2026-02-02 18:07:28.192641,2026-02-02 18:34:10.686053,2.7,4.2
u17,unpredictable,1,h0365,2026-02-02 18:30:00,18,0,study,False,7,6,driving,26.2,False,2026-02-02 18:03:50.709760,2026-02-02 18:14:39.385589,2026-02-02 18:43:47.807676,10.8,13.8
u21,always_early,1,h0365,2026-02-02 18:30:00,18,0,study,False,7,6,driving,8.3,False,2026-02-02 18:21:43.670917,2026-02-02 18:19:09.082958,2026-02-02 18:28:05.673485,-2.6,-1.9
u03,improving,3,h0846,2026-02-02 19:00:00,19,0,party,False,5,3,driving,13.6,True,2026-02-02 18:46:23.605038,2026-02-02 19:00:59.524826,2026-02-02 19:14:13.422303,14.6,14.2
u11,always_early,3,h0846,2026-02-02 19:00:00,19,0,party,False,5,3,driving,11.8,False,2026-02-02 18:48:13.588537,2026-02-02 18:50:23.751962,2026-02-02 19:03:52.391254,2.2,3.9
u15,morning_struggler,3,h0846,2026-02-02 19:00:00,19,0,party,False,5,3,walking,11.3,False,2026-02-02 18:48:41.990518,2026-02-02 18:55:45.893277,2026-02-02 19:07:32.058287,7.1,7.5
u09,morning_struggler,1,h0367,2026-02-03 17:00:00,17,1,coffee,False,0,3,cycling,21.6,False,2026-02-03 16:38:26.529393,2026-02-03 16:42:42.658158,2026-02-03 17:03:53.751147,4.3,3.9
u13,rain_hater,1,h0367,2026-02-03 17:00:00,17,1,coffee,False,0,3,driving,13.0,False,2026-02-03 16:46:58.364347,2026-02-03 16:48:01.823927,2026-02-03 17:02:07.286996,1.1,2.1
u17,unpredictable,1,h0367,2026-02-03 17:00:00,17,1,coffee,False,0,3,driving,15.4,False,2026-02-03 16:44:36.263147,2026-02-03 16:49:33.908433,2026-02-03 17:04:41.116886,5.0,4.7
u05,chronically_late,1,h0366,2026-02-03 18:00:00,18,1,food,False,0,3,cycling,18.9,False,2026-02-03 17:41:05.672199,2026-02-03 17:48:27.210285,2026-02-03 18:06:19.041615,7.4,6.3
u09,morning_struggler,1,h0366,2026-02-03 18:00:00,18,1,food,False,0,3,cycling,13.6,False,2026-02-03 17:46:25.658560,2026-02-03 17:49:55.523119,2026-02-03 18:05:28.862554,3.5,5.5
u13,rain_hater,1,h0366,2026-02-03 18:00:00,18,1,food,False,0,3,driving,26.1,True,2026-02-03 17:33:55.069856,2026-02-03 17:36:22.240879,2026-02-03 18:06:09.587002,2.5,6.2
u01,overbooked,1,h0368,2026-02-03 19:30:00,19,1,party,False,4,4,driving,36.2,False,2026-02-03 18:53:49.575790,2026-02-03 18:58:34.455057,2026-02-03 19:36:26.022096,4.7,6.4
u03,improving,3,h0848,2026-02-03 19:30:00,19,1,sports,False,6,3,driving,26.2,True,2026-02-03 19:03:50.801338,2026-02-03 19:15:06.828175,2026-02-03 19:41:02.918897,11.3,11.0
u05,chronically_late,1,h0368,2026-02-03 19:30:00,19,1,party,False,4,4,cycling,11.3,True,2026-02-03 19:18:40.679695,2026-02-03 19:38:10.471841,2026-02-03 19:50:34.655221,19.5,20.6
u09,morning_struggler,1,h0368,2026-02-03 19:30:00,19,1,party,False,4,4,cycling,17.4,True,2026-02-03 19:12:35.702291,2026-02-03 19:20:27.077316,2026-02-03 19:36:53.330807,7.9,6.9
u11,always_early,3,h0848,2026-02-03 19:30:00,19,1,sports,False,6,3,driving,29.8,False,2026-02-03 19:00:09.596447,2026-02-03 18:57:51.880710,2026-02-03 19:30:18.531534,-2.3,0.3
u17,unpredictable,1,h0368,2026-02-03 19:30:00,19,1,party,False,4,4,driving,25.6,True,2026-02-03 19:04:24.313993,2026-02-03 19:21:01.276702,2026-02-03 19:49:52.558581,16.6,19.9
u19,punctual,3,h0848,2026-02-03 19:30:00,19,1,sports,False,6,3,driving,15.2,True,2026-02-03 19:14:49.360978,2026-02-03 19:18:43.210131,2026-02-03 19:34:36.093384,3.9,4.6
u00,overbooked,0,h0112,2026-02-03 20:00:00,20,1,food,False,4,6,cycling,14.3,False,2026-02-03 19:45:44.551240,2026-02-03 19:49:36.167526,2026-02-03 20:04:51.314926,3.9,4.9
u04,morning_struggler,0,h0112,2026-02-03 20:00:00,20,1,food,False,4,6,walking,18.6,False,2026-02-03 19:41:24.617738,2026-02-03 19:53:43.361820,2026-02-03 20:12:44.526956,12.3,12.7
u08,chronically_late,0,h0112,2026-02-03 20:00:00,20,1,food,False,4,6,driving,10.0,False,2026-02-03 19:50:02.296194,2026-02-03 19:58:52.884563,2026-02-03 20:08:27.392238,8.8,8.5
u12,improving,0,h0112,2026-02-03 20:00:00,20,1,food,False,4,6,walking,11.6,False,2026-02-03 19:48:25.464106,2026-02-03 20:02:00.389430,2026-02-03 20:12:54.252077,13.6,12.9
u16,rain_hater,0,h0112,2026-02-03 20:00:00,20,1,food,False,4,6,driving,8.9,False,2026-02-03 19:51:05.678773,2026-02-03 19:53:30.407178,2026-02-03 20:02:51.007171,2.4,2.9
u20,unpredictable,0,h0112,2026-02-03 20:00:00,20,1,food,False,4,6,driving,9.4,False,2026-02-03 19:50:33.668654,2026-02-03 19:50:04.840361,2026-02-03 19:58:40.194306,-0.5,-1.3
u01,overbooked,1,h0370,2026-02-04 11:30:00,11,2,sports,False,4,3,driving,20.5,True,2026-02-04 11:09:29.357169,2026-02-04 11:27:27.740631,2026-02-04 11:48:59.139559,18.0,19.0
u05,chronically_late,1,h0370,2026-02-04 11:30:00,11,2,sports,False,4,3,cycling,16.4,True,2026-02-04 11:13:36.302505,2026-02-04 11:27:27.313426,2026-02-04 11:46:07.928915,13.9,16.1
u13,rain_hater,1,h0370,2026-02-04 11:30:00,11,2,sports,False,4,3,driving,33.9,False,2026-02-04 10:56:06.045210,2026-02-04 10:57:24.853294,2026-02-04 11:36:11.963259,1.3,6.2
u03,improving,3,h0849,2026-02-04 17:30:00,17,2,study,True,6,5,driving,10.2,False,2026-02-04 17:19:48.393834,2026-02-04 17:31:09.346264,2026-02-04 17:42:35.459860,11.3,12.6
u07,unpredictable,3,h0849,2026-02-04 17:30:00,17,2,study,True,6,5,driving,35.6,False,2026-02-04 16:54:25.967228,2026-02-04 17:04:20.248116,2026-02-04 17:47:39.657941,9.9,17.7
u07,unpredictable,3,h0850,2026-02-04 17:30:00,17,2,study,True,6,4,driving,12.5,False,2026-02-04 17:17:32.291771,2026-02-04 17:22:28.679938,2026-02-04 17:37:54.016671,4.9,7.9
u15,morning_struggler,3,h0849,2026-02-04 17:30:00,17,2,study,True,6,5,walking,12.4,True,2026-02-04 17:17:35.722241,2026-02-04 17:25:07.318524,2026-02-04 17:39:59.047892,7.5,10.0
u15,morning_struggler,3,h0850,2026-02-04 17:30:00,17,2,study,True,6,4,walking,18.2,False,2026-02-04 17:11:48.165647,2026-02-04 17:17:53.667325,2026-02-04 17:40:28.663545,6.1,10.5
u19,punctual,3,h0849,2026-02-04 17:30:00,17,2,study,True,6,5,driving,9.5,False,2026-02-04 17:20:27.184598,2026-02-04 17:21:51.854401,2026-02-04 17:32:21.889430,1.4,2.4
u19,punctual,3,h0850,2026-02-04 17:30:00,17,2,study,True,6,4,driving,29.5,False,2026-02-04 17:00:27.860646,2026-02-04 17:02:28.743335,2026-02-04 17:37:45.897519,2.0,7.8
u23,chronically_late,3,h0849,2026-02-04 17:30:00,17,2,study,True,6,5,walking,7.5,False,2026-02-04 17:22:30.805823,2026-02-04 17:39:45.826999,2026-02-04 17:48:57.689477,17.3,19.0
u23,chronically_late,3,h0850,2026-02-04 17:30:00,17,2,study,True,6,4,walking,16.3,False,2026-02-04 17:13:43.670483,2026-02-04 17:24:09.160110,2026-02-04 17:44:34.163112,10.4,14.6
u01,overbooked,1,h0369,2026-02-04 22:30:00,22,2,sports,False,4,6,driving,10.1,True,2026-02-04 22:19:56.752354,2026-02-04 22:37:16.425234,2026-02-04 22:47:45.009428,17.3,17.8
u05,chronically_late,1,h0369,2026-02-04 22:30:00,22,2,sports,False,4,6,cycling,13.4,True,2026-02-04 22:16:35.274928,2026-02-04 22:31:28.574156,2026-02-04 22:45:59.930062,14.9,16.0
u09,morning_struggler,1,h0369,2026-02-04 22:30:00,22,2,sports,False,4,6,cycling,18.2,False,2026-02-04 22:11:50.340368,2026-02-04 22:14:08.620710,2026-02-04 22:34:27.907702,2.3,4.5
u13,rain_hater,1,h0369,2026-02-04 22:30:00,22,2,sports,False,4,6,driving,32.8,False,2026-02-04 21:57:10.466347,2026-02-04 21:59:33.093327,2026-02-04 22:32:22.654044,2.4,2.4
u17,unpredictable,1,h0369,2026-02-04 22:30:00,22,2,sports,False,4,6,driving,13.6,False,2026-02-04 22:16:25.564006,2026-02-04 22:17:23.271983,2026-02-04 22:30:04.239531,1.0,0.1
u21,always_early,1,h0369,2026-02-04 22:30:00,22,2,sports,False,4,6,driving,31.1,False,2026-02-04 21:58:55.027921,2026-02-04 21:55:57.441643,2026-02-04 22:31:19.005834,-3.0,1.3
u02,improving,2,h0603,2026-02-05 08:00:00,8,3,food,False,7,3,walking,23.5,False,2026-02-05 07:36:32.955015,2026-02-05 07:48:45.103662,2026-02-05 08:15:22.823539,12.2,15.4
u06,overbooked,2,h0603,2026-02-05 08:00:00,8,3,food,False,7,3,driving,35.4,False,2026-02-05 07:24:33.065256,2026-02-05 07:31:15.667771,2026-02-05 08:05:00.830929,6.7,5.0
u10,punctual,2,h0603,2026-02-05 08:00:00,8,3,food,False,7,3,cycling,10.1,False,2026-02-05 07:49:54.879772,2026-02-05 07:52:46.891545,2026-02-05 08:02:10.391643,2.9,2.2
u00,overbooked,0,h0113,2026-02-05 09:30:00,9,3,sports,False,7,5,cycling,10.7,True,2026-02-05 09:19:20.293858,2026-02-05 09:41:29.426734,2026-02-05 09:51:42.353660,22.2,21.7
u04,morning_struggler,0,h0113,2026-02-05 09:30:00,9,3,sports,False,7,5,walking,17.9,False,2026-02-05 09:12:08.198948,2026-02-05 09:31:33.469468,2026-02-05 09:49:17.690545,19.4,19.3
u08,chronically_late,0,h0113,2026-02-05 09:30:00,9,3,sports,False,7,5,driving,15.0,False,2026-02-05 09:14:57.612596,2026-02-05 09:25:04.310870,2026-02-05 09:39:26.531666,10.1,9.4
u12,improving,0,h0113,2026-02-05 09:30:00,9,3,sports,False,7,5,walking,14.0,False,2026-02-05 09:15:58.541647,2026-02-05 09:32:02.356260,2026-02-05 09:47:03.525483,16.1,17.1
u20,unpredictable,0,h0113,2026-02-05 09:30:00,9,3,sports,False,7,5,driving,9.5,False,2026-02-05 09:20:32.328412,2026-02-05 09:30:51.649244,2026-02-05 09:40:24.747539,10.3,10.4
u03,improving,3,h0851,2026-02-05 11:00:00,11,3,sports,True,6,4,driving,12.5,False,2026-02-05 10:47:29.757815,2026-02-05 11:04:43.156028,2026-02-05 11:19:13.489037,17.2,19.2
u11,always_early,3,h0851,2026-02-05 11:00:00,11,3,sports,True,6,4,driving,23.5,False,2026-02-05 10:36:30.241706,2026-02-05 10:36:37.121994,2026-02-05 11:04:08.994522,0.1,4.1
u15,morning_struggler,3,h0851,2026-02-05 11:00:00,11,3,sports,True,6,4,walking,6.4,False,2026-02-05 10:53:37.478103,2026-02-05 10:57:10.138036,2026-02-05 11:04:00.304399,3.5,4.0
u19,punctual,3,h0851,2026-02-05 11:00:00,11,3,sports,True,6,4,driving,26.7,False,2026-02-05 10:33:20.846102,2026-02-05 10:35:46.677127,2026-02-05 11:05:07.082013,2.4,5.1
u01,overbooked,1,h0371,2026-02-05 13:00:00,13,3,study,False,6,4,driving,17.7,False,2026-02-05 12:42:15.763529,2026-02-05 12:46:46.178309,2026-02-05 13:03:29.752417,4.5,3.5
u09,morning_struggler,1,h0371,2026-02-05 13:00:00,13,3,study,False,6,4,cycling,22.6,True,2026-02-05 12:37:22.779548,2026-02-05 12:41:46.592689,2026-02-05 13:02:15.779187,4.4,2.3
u13,rain_hater,1,h0371,2026-02-05 13:00:00,13,3,study,False,6,4,driving,27.1,True,2026-02-05 12:32:55.755629,2026-02-05 12:39:15.172496,2026-02-05 13:04:13.672612,6.3,4.2
u17,unpredictable,1,h0371,2026-02-05 13:00:00,13,3,study,False,6,4,driving,21.0,False,2026-02-05 12:39:00.068901,2026-02-05 12:47:09.315856,2026-02-05 13:08:56.322380,8.2,8.9
u01,overbooked,1,h0372,2026-02-05 17:30:00,17,3,food,False,5,6,driving,13.6,True,2026-02-05 17:16:23.923415,2026-02-05 17:34:37.344904,2026-02-05 17:49:31.743137,18.2,19.5
u05,chronically_late,1,h0372,2026-02-05 17:30:00,17,3,food,False,5,6,cycling,6.5,False,2026-02-05 17:23:31.870031,2026-02-05 17:37:52.752682,2026-02-05 17:43:46.705823,14.3,13.8
u09,morning_struggler,1,h0372,2026-02-05 17:30:00,17,3,food,False,5,6,cycling,17.4,False,2026-02-05 17:12:37.697876,2026-02-05 17:15:24.988774,2026-02-05 17:34:27.244875,2.8,4.5
u13,rain_hater,1,h0372,2026-02-05 17:30:00,17,3,food,False,5,6,driving,30.6,False,2026-02-05 16:59:23.735271,2026-02-05 17:10:40.859694,2026-02-05 17:41:14.184313,11.3,11.2
u17,unpredictable,1,h0372,2026-02-05 17:30:00,17,3,food,False,5,6,driving,19.0,False,2026-02-05 17:10:58.602809,2026-02-05 17:25:36.782280,2026-02-05 17:44:40.125682,14.6,14.7
u21,always_early,1,h0372,2026-02-05 17:30:00,17,3,food,False,5,6,driving,11.8,True,2026-02-05 17:18:10.078412,2026-02-05 17:18:22.042099,2026-02-05 17:29:57.665270,0.2,-0.0
u00,overbooked,0,h0114,2026-02-06 10:00:00,10,4,food,False,6,5,cycling,14.2,False,2026-02-06 09:45:48.297159,2026-02-06 09:53:53.637225,2026-02-06 10:09:21.575180,8.1,9.4
u08,chronically_late,0,h0114,2026-02-06 10:00:00,10,4,food,False,6,5,driving,25.8,False,2026-02-06 09:34:10.687255,2026-02-06 09:46:22.949528,2026-02-06 10:13:38.039356,12.2,13.6
u12,improving,0,h0114,2026-02-06 10:00:00,10,4,food,False,6,5,walking,23.8,False,2026-02-06 09:36:12.546191,2026-02-06 09:50:31.729755,2026-02-06 10:16:23.297005,14.3,16.4
u16,rain_hater,0,h0114,2026-02-06 10:00:00,10,4,food,False,6,5,driving,22.7,False,2026-02-06 09:37:20.837050,2026-02-06 09:39:43.066917,2026-02-06 10:01:54.272678,2.4,1.9
u20,unpredictable,0,h0114,2026-02-06 10:00:00,10,4,food,False,6,5,driving,11.3,False,2026-02-06 09:48:39.839585,2026-02-06 10:01:21.482080,2026-02-06 10:12:43.417965,12.7,12.7
u03,improving,3,h0852,2026-02-06 20:30:00,20,4,food,False,7,5,driving,32.8,False,2026-02-06 19:57:13.113899,2026-02-06 20:13:33.459550,2026-02-06 20:50:15.829051,16.3,20.3
u07,unpredictable,3,h0852,2026-02-06 20:30:00,20,4,food,False,7,5,driving,28.4,False,2026-02-06 20:01:33.480978,2026-02-06 20:13:32.196626,2026-02-06 20:39:19.258677,12.0,9.3
u15,morning_struggler,3,h0852,2026-02-06 20:30:00,20,4,food,False,7,5,walking,23.3,False,2026-02-06 20:06:39.440875,2026-02-06 20:11:21.486842,2026-02-06 20:38:07.750248,4.7,8.1
u19,punctual,3,h0852,2026-02-06 20:30:00,20,4,food,False,7,5,driving,31.1,False,2026-02-06 19:58:54.375681,2026-02-06 20:00:17.589520,2026-02-06 20:28:35.111044,1.4,-1.4
u23,chronically_late,3,h0852,2026-02-06 20:30:00,20,4,food,False,7,5,walking,21.6,False,2026-02-06 20:08:25.657835,2026-02-06 20:18:57.799563,2026-02-06 20:39:58.667613,10.5,10.0
u00,overbooked,0,h0116,2026-02-07 11:00:00,11,5,coffee,True,1,6,cycling,24.5,True,2026-02-07 10:35:29.068983,2026-02-07 10:53:26.110855,2026-02-07 11:20:32.258898,18.0,20.5
u04,morning_struggler,0,h0116,2026-02-07 11:00:00,11,5,coffee,True,1,6,walking,23.5,False,2026-02-07 10:36:32.562764,2026-02-07 10:38:26.702160,2026-02-07 11:02:37.806051,1.9,2.6
u08,chronically_late,0,h0116,2026-02-07 11:00:00,11,5,coffee,True,1,6,driving,20.3,False,2026-02-07 10:39:42.812518,2026-02-07 10:52:54.250456,2026-02-07 11:18:33.011541,13.2,18.6
u12,improving,0,h0116,2026-02-07 11:00:00,11,5,coffee,True,1,6,walking,17.4,False,2026-02-07 10:42:38.807712,2026-02-07 11:07:33.751552,2026-02-07 11:25:09.854403,24.9,25.2
u16,rain_hater,0,h0116,2026-02-07 11:00:00,11,5,coffee,True,1,6,driving,25.1,False,2026-02-07 10:34:55.896133,2026-02-07 10:48:37.185334,2026-02-07 11:14:30.354459,13.7,14.5
u20,unpredictable,0,h0116,2026-02-07 11:00:00,11,5,coffee,True,1,6,driving,20.1,False,2026-02-07 10:39:52.079883,2026-02-07 10:54:28.217157,2026-02-07 11:14:43.191877,14.6,14.7
u02,improving,2,h0604,2026-02-07 16:30:00,16,5,study,False,5,5,walking,9.3,False,2026-02-07 16:20:43.410907,2026-02-07 16:29:58.481747,2026-02-07 16:38:43.031561,9.3,8.7
u03,improving,3,h0853,2026-02-07 16:30:00,16,5,food,False,5,5,driving,15.9,False,2026-02-07 16:14:07.530165,2026-02-07 16:29:04.838612,2026-02-07 16:47:19.052343,15.0,17.3
u06,overbooked,2,h0604,2026-02-07 16:30:00,16,5,study,False,5,5,driving,27.9,False,2026-02-07 16:02:06.462739,2026-02-07 16:05:23.983533,2026-02-07 16:36:51.492274,3.3,6.9
u11,always_early,3,h0853,2026-02-07 16:30:00,16,5,food,False,5,5,driving,11.2,False,2026-02-07 16:18:45.311042,2026-02-07 16:18:09.927766,2026-02-07 16:28:26.096977,-0.6,-1.6
u14,punctual,2,h0604,2026-02-07 16:30:00,16,5,study,False,5,5,walking,21.1,False,2026-02-07 16:08:53.771437,2026-02-07 16:09:04.090066,2026-02-07 16:32:08.626053,0.2,2.1
u15,morning_struggler,3,h0853,2026-02-07 16:30:00,16,5,food,False,5,5,walking,14.6,False,2026-02-07 16:15:21.504265,2026-02-07 16:21:01.404697,2026-02-07 16:34:49.094492,5.7,4.8
u18,always_early,2,h0604,2026-02-07 16:30:00,16,5,study,False,5,5,cycling,8.8,False,2026-02-07 16:21:12.257981,2026-02-07 16:20:49.732747,2026-02-07 16:30:18.083630,-0.4,0.3
u19,punctual,3,h0853,2026-02-07 16:30:00,16,5,food,False,5,5,driving,14.4,False,2026-02-07 16:15:34.150366,2026-02-07 16:18:08.716905,2026-02-07 16:32:39.773074,2.6,2.7
u22,rain_hater,2,h0604,2026-02-07 16:30:00,16,5,study,False,5,5,walking,17.3,False,2026-02-07 16:12:42.645690,2026-02-07 16:17:46.913619,2026-02-07 16:36:18.220772,5.1,6.3
u23,chronically_late,3,h0853,2026-02-07 16:30:00,16,5,food,False,5,5,walking,22.3,False,2026-02-07 16:07:44.318073,2026-02-07 16:26:15.484532,2026-02-07 16:47:12.529856,18.5,17.2
u00,overbooked,0,h0115,2026-02-07 17:00:00,17,5,food,False,7,3,cycling,11.2,True,2026-02-07 16:48:46.989922,2026-02-07 17:07:03.660474,2026-02-07 17:17:09.536113,18.3,17.2
u12,improving,0,h0115,2026-02-07 17:00:00,17,5,food,False,7,3,walking,8.2,True,2026-02-07 16:51:45.756767,2026-02-07 17:08:00.521643,2026-02-07 17:16:06.001309,16.2,16.1
u16,rain_hater,0,h0115,2026-02-07 17:00:00,17,5,food,False,7,3,driving,25.5,True,2026-02-07 16:34:27.076347,2026-02-07 16:41:08.435635,2026-02-07 17:10:08.827820,6.7,10.1
u07,unpredictable,3,h0854,2026-02-08 08:30:00,8,6,study,False,0,4,driving,32.0,False,2026-02-08 07:57:58.715965,2026-02-08 08:02:06.783539,2026-02-08 08:32:32.936604,4.1,2.5
u11,always_early,3,h0854,2026-02-08 08:30:00,8,6,study,False,0,4,driving,10.4,False,2026-02-08 08:19:33.601079,2026-02-08 08:15:49.196368,2026-02-08 08:26:05.676565,-3.7,-3.9
u19,punctual,3,h0854,2026-02-08 08:30:00,8,6,study,False,0,4,driving,16.6,False,2026-02-08 08:13:23.601879,2026-02-08 08:15:00.306598,2026-02-08 08:33:52.599776,1.6,3.9
u23,chronically_late,3,h0854,2026-02-08 08:30:00,8,6,study,False,0,4,walking,9.0,False,2026-02-08 08:21:01.529949,2026-02-08 08:29:19.447254,2026-02-08 08:37:39.465790,8.3,7.7
u00,overbooked,0,h0117,2026-02-08 13:00:00,13,6,sports,True,2,5,cycling,22.8,False,2026-02-08 12:37:14.625772,2026-02-08 12:39:50.176493,2026-02-08 13:04:22.644706,2.6,4.4
u04,morning_struggler,0,h0117,2026-02-08 13:00:00,13,6,sports,True,2,5,walking,6.7,True,2026-02-08 12:53:16.936549,2026-02-08 13:00:06.024346,2026-02-08 13:08:34.417196,6.8,8.6
u12,improving,0,h0117,2026-02-08 13:00:00,13,6,sports,True,2,5,walking,16.8,False,2026-02-08 12:43:12.252019,2026-02-08 12:53:02.230217,2026-02-08 13:11:21.104608,9.8,11.4
u16,rain_hater,0,h0117,2026-02-08 13:00:00,13,6,sports,True,2,5,driving,8.2,True,2026-02-08 12:51:45.632647,2026-02-08 13:05:48.450663,2026-02-08 13:14:06.030157,14.0,14.1
u20,unpredictable,0,h0117,2026-02-08 13:00:00,13,6,sports,True,2,5,driving,30.3,False,2026-02-08 12:29:41.217992,2026-02-08 12:38:52.075193,2026-02-08 13:13:34.330100,9.2,13.6
u02,improving,2,h0605,2026-02-09 10:30:00,10,0,party,False,4,3,walking,17.2,False,2026-02-09 10:12:47.712382,2026-02-09 10:25:49.448389,2026-02-09 10:44:36.544238,13.0,14.6
u14,punctual,2,h0605,2026-02-09 10:30:00,10,0,party,False,4,3,walking,18.3,True,2026-02-09 10:11:43.157339,2026-02-09 10:18:19.705856,2026-02-09 10:36:09.392104,6.6,6.2
u22,rain_hater,2,h0605,2026-02-09 10:30:00,10,0,party,False,4,3,walking,10.3,False,2026-02-09 10:19:39.642787,2026-02-09 10:29:05.145074,2026-02-09 10:40:06.770735,9.4,10.1
u02,improving,2,h0606,2026-02-09 21:00:00,21,0,study,True,2,5,walking,21.8,True,2026-02-09 20:38:13.207038,2026-02-09 20:50:19.423293,2026-02-09 21:16:35.998078,12.1,16.6
u06,overbooked,2,h0606,2026-02-09 21:00:00,21,0,study,True,2,5,driving,29.7,True,2026-02-09 20:30:20.393130,2026-02-09 20:48:01.103488,2026-02-09 21:19:55.345206,17.7,19.9
u10,punctual,2,h0606,2026-02-09 21:00:00,21,0,study,True,2,5,cycling,6.6,False,2026-02-09 20:53:23.324121,2026-02-09 20:54:19.595513,2026-02-09 21:01:41.440811,0.9,1.7
u18,always_early,2,h0606,2026-02-09 21:00:00,21,0,study,True,2,5,cycling,7.8,False,2026-02-09 20:52:13.629674,2026-02-09 20:48:39.669891,2026-02-09 20:58:14.710068,-3.6,-1.8
u22,rain_hater,2,h0606,2026-02-09 21:00:00,21,0,study,True,2,5,walking,18.5,False,2026-02-09 20:41:30.333339,2026-02-09 20:52:43.973330,2026-02-09 21:13:35.382118,11.2,13.6
u02,improving,2,h0607,2026-02-09 21:30:00,21,0,study,False,1,6,walking,16.0,False,2026-02-09 21:13:57.041920,2026-02-09 21:21:12.086774,2026-02-09 21:36:00.143877,7.3,6.0
u06,overbooked,2,h0607,2026-02-09 21:30:00,21,0,study,False,1,6,driving,32.7,True,2026-02-09 20:57:15.867357,2026-02-09 21:13:36.183237,2026-02-09 21:50:37.586441,16.3,20.6
u10,punctual,2,h0607,2026-02-09 21:30:00,21,0,study,False,1,6,cycling,24.2,False,2026-02-09 21:05:50.018955,2026-02-09 21:05:30.707921,2026-02-09 21:31:05.254343,-0.3,1.1
u14,punctual,2,h0607,2026-02-09 21:30:00,21,0,study,False,1,6,walking,14.8,False,2026-02-09 21:15:14.213287,2026-02-09 21:19:00.689250,2026-02-09 21:34:46.584464,3.8,4.8
u18,always_early,2,h0607,2026-02-09 21:30:00,21,0,study,False,1,6,cycling,15.0,False,2026-02-09 21:15:00.920598,2026-02-09 21:09:01.919124,2026-02-09 21:25:59.733177,-6.0,-4.0
u22,rain_hater,2,h0607,2026-02-09 21:30:00,21,0,study,False,1,6,walking,17.4,False,2026-02-09 21:12:36.700114,2026-02-09 21:13:53.632570,2026-02-09 21:30:23.056617,1.3,0.4
u00,overbooked,0,h0118,2026-02-10 12:30:00,12,1,food,True,6,5,cycling,13.9,True,2026-02-10 12:16:03.163856,2026-02-10 12:38:33.864089,2026-02-10 12:56:02.725798,22.5,26.0
u04,morning_struggler,0,h0118,2026-02-10 12:30:00,12,1,food,True,6,5,walking,5.2,True,2026-02-10 12:24:45.829094,2026-02-10 12:31:36.563237,2026-02-10 12:37:56.473495,6.8,7.9
u12,improving,0,h0118,2026-02-10 12:30:00,12,1,food,True,6,5,walking,22.5,True,2026-02-10 12:07:29.646620,2026-02-10 12:24:22.625993,2026-02-10 12:47:34.415509,16.9,17.6
u16,rain_hater,0,h0118,2026-02-10 12:30:00,12,1,food,True,6,5,driving,39.0,True,2026-02-10 11:50:57.996081,2026-02-10 12:09:09.839996,2026-02-10 12:50:34.041916,18.2,20.6
u20,unpredictable,0,h0118,2026-02-10 12:30:00,12,1,food,True,6,5,driving,37.2,False,2026-02-10 11:52:46.308275,2026-02-10 11:55:41.687497,2026-02-10 12:34:09.497607,2.9,4.2
u03,improving,3,h0855,2026-02-10 20:00:00,20,1,food,False,1,3,driving,9.8,False,2026-02-10 19:50:09.426780,2026-02-10 20:03:17.696737,2026-02-10 20:14:12.280007,13.1,14.2
u11,always_early,3,h0855,2026-02-10 20:00:00,20,1,food,False,1,3,driving,33.5,False,2026-02-10 19:26:28.493525,2026-02-10 19:23:36.825664,2026-02-10 20:00:40.821744,-2.9,0.7
u19,punctual,3,h0855,2026-02-10 20:00:00,20,1,food,False,1,3,driving,34.8,True,2026-02-10 19:25:13.678569,2026-02-10 19:28:01.500845,2026-02-10 20:05:20.473466,2.8,5.3
u05,chronically_late,1,h0373,2026-02-10 20:30:00,20,1,party,False,6,4,cycling,14.4,False,2026-02-10 20:15:38.056691,2026-02-10 20:38:29.993296,2026-02-10 20:54:53.213629,22.9,24.9
u09,morning_struggler,1,h0373,2026-02-10 20:30:00,20,1,party,False,6,4,cycling,16.2,True,2026-02-10 20:13:49.704080,2026-02-10 20:21:48.404349,2026-02-10 20:39:22.962482,8.0,9.4
u13,rain_hater,1,h0373,2026-02-10 20:30:00,20,1,party,False,6,4,driving,21.1,False,2026-02-10 20:08:52.264342,2026-02-10 20:14:50.357158,2026-02-10 20:35:40.499568,6.0,5.7
u17,unpredictable,1,h0373,2026-02-10 20:30:00,20,1,party,False,6,4,driving,27.9,False,2026-02-10 20:02:08.362783,2026-02-10 20:07:27.113121,2026-02-10 20:34:21.891108,5.3,4.4
u02,improving,2,h0609,2026-02-12 09:00:00,9,3,food,True,6,4,walking,15.3,False,2026-02-12 08:44:39.847326,2026-02-12 08:56:49.443062,2026-02-12 09:15:18.440222,12.2,15.3
u10,punctual,2,h0609,2026-02-12 09:00:00,9,3,food,True,6,4,cycling,6.6,False,2026-02-12 08:53:24.082377,2026-02-12 08:58:55.931771,2026-02-12 09:06:00.842042,5.5,6.0
u14,punctual,2,h0609,2026-02-12 09:00:00,9,3,food,True,6,4,walking,13.5,False,2026-02-12 08:46:32.208378,2026-02-12 08:51:09.790553,2026-02-12 09:06:59.181766,4.6,7.0
u18,always_early,2,h0609,2026-02-12 09:00:00,9,3,food,True,6,4,cycling,19.9,False,2026-02-12 08:40:08.581785,2026-02-12 08:41:40.589057,2026-02-12 09:02:07.412228,1.5,2.1
u01,overbooked,1,h0374,2026-02-12 16:30:00,16,3,coffee,False,2,6,driving,22.4,True,2026-02-12 16:07:38.632688,2026-02-12 16:26:07.919121,2026-02-12 16:49:03.205199,18.5,19.1
u05,chronically_late,1,h0374,2026-02-12 16:30:00,16,3,coffee,False,2,6,cycling,12.3,False,2026-02-12 16:17:44.197322,2026-02-12 16:26:05.515800,2026-02-12 16:38:16.195546,8.4,8.3
u09,morning_struggler,1,h0374,2026-02-12 16:30:00,16,3,coffee,False,2,6,cycling,20.9,False,2026-02-12 16:09:04.043751,2026-02-12 16:12:29.271657,2026-02-12 16:35:06.736907,3.4,5.1
u13,rain_hater,1,h0374,2026-02-12 16:30:00,16,3,coffee,False,2,6,driving,15.0,True,2026-02-12 16:15:01.760873,2026-02-12 16:18:06.122228,2026-02-12 16:35:04.188467,3.1,5.1
u17,unpredictable,1,h0374,2026-02-12 16:30:00,16,3,coffee,False,2,6,driving,12.5,False,2026-02-12 16:17:28.607359,2026-02-12 16:26:19.046876,2026-02-12 16:40:35.352630,8.8,10.6
u21,always_early,1,h0374,2026-02-12 16:30:00,16,3,coffee,False,2,6,driving,12.4,True,2026-02-12 16:17:34.415349,2026-02-12 16:17:26.944133,2026-02-12 16:31:00.566738,-0.1,1.0
u00,overbooked,0,h0119,2026-02-12 18:00:00,18,3,study,False,1,5,cycling,7.2,True,2026-02-12 17:52:50.793810,2026-02-12 18:09:34.722613,2026-02-12 18:17:06.505834,16.7,17.1
u08,chronically_late,0,h0119,2026-02-12 18:00:00,18,3,study,False,1,5,driving,11.2,False,2026-02-12 17:48:48.941486,2026-02-12 18:10:06.898594,2026-02-12 18:20:51.331763,21.3,20.9
u12,improving,0,h0119,2026-02-12 18:00:00,18,3,study,False,1,5,walking,15.1,False,2026-02-12 17:44:53.130361,2026-02-12 17:54:20.198248,2026-02-12 18:10:37.350498,9.5,10.6
u16,rain_hater,0,h0119,2026-02-12 18:00:00,18,3,study,False,1,5,driving,30.9,False,2026-02-12 17:29:05.028593,2026-02-12 17:27:10.112702,2026-02-12 17:57:08.608183,-1.9,-2.9
u20,unpredictable,0,h0119,2026-02-12 18:00:00,18,3,study,False,1,5,driving,23.0,False,2026-02-12 17:36:59.263801,2026-02-12 17:39:32.273272,2026-02-12 18:05:36.162150,2.6,5.6
u02,improving,2,h0608,2026-02-12 20:00:00,20,3,food,False,7,5,walking,20.6,False,2026-02-12 19:39:25.661718,2026-02-12 19:54:37.951070,2026-02-12 20:16:14.147050,15.2,16.2
u06,overbooked,2,h0608,2026-02-12 20:00:00,20,3,food,False,7,5,driving,27.6,True,2026-02-12 19:32:22.257075,2026-02-12 19:50:31.926371,2026-02-12 20:21:58.932861,18.2,22.0
u10,punctual,2,h0608,2026-02-12 20:00:00,20,3,food,False,7,5,cycling,22.7,True,2026-02-12 19:37:16.777372,2026-02-12 19:43:39.398148,2026-02-12 20:06:57.558925,6.4,7.0
u18,always_early,2,h0608,2026-02-12 20:00:00,20,3,food,False,7,5,cycling,22.8,True,2026-02-12 19:37:12.372062,2026-02-12 19:38:51.216234,2026-02-12 20:00:34.424378,1.6,0.6
u22,rain_hater,2,h0608,2026-02-12 20:00:00,20,3,food,False,7,5,walking,6.9,False,2026-02-12 19:53:04.548739,2026-02-12 19:56:51.704914,2026-02-12 20:04:40.429146,3.8,4.7
u02,improving,2,h0610,2026-02-13 13:00:00,13,4,sports,False,7,5,walking,9.8,True,2026-02-13 12:50:10.741713,2026-02-13 13:01:01.085932,2026-02-13 13:10:24.382468,10.8,10.4
u06,overbooked,2,h0610,2026-02-13 13:00:00,13,4,sports,False,7,5,driving,28.6,True,2026-02-13 12:31:22.624880,2026-02-13 12:49:42.650053,2026-02-13 13:22:29.943348,18.3,22.5
u10,punctual,2,h0610,2026-02-13 13:00:00,13,4,sports,False,7,5,cycling,21.0,False,2026-02-13 12:39:01.064489,2026-02-13 12:40:17.112850,2026-02-13 13:00:40.189913,1.3,0.7
u14,punctual,2,h0610,2026-02-13 13:00:00,13,4,sports,False,7,5,walking,20.5,False,2026-02-13 12:39:27.068120,2026-02-13 12:42:45.533028,2026-02-13 13:04:37.564283,3.3,4.6
u18,always_early,2,h0610,2026-02-13 13:00:00,13,4,sports,False,7,5,cycling,18.3,True,2026-02-13 12:41:40.713839,2026-02-13 12:44:09.197633,2026-02-13 13:01:54.662682,2.5,1.9
u03,improving,3,h0856,2026-02-13 18:00:00,18,4,party,True,3,5,driving,38.5,False,2026-02-13 17:21:27.001652,2026-02-13 17:37:17.157342,2026-02-13 18:17:40.300347,15.8,17.7
u07,unpredictable,3,h0856,2026-02-13 18:00:00,18,4,party,True,3,5,driving,12.6,False,2026-02-13 17:47:24.146213,2026-02-13 18:07:25.826905,2026-02-13 18:21:37.762744,20.0,21.6
u11,always_early,3,h0856,2026-02-13 18:00:00,18,4,party,True,3,5,driving,16.5,False,2026-02-13 17:43:28.843972,2026-02-13 17:45:25.327693,2026-02-13 18:06:01.642026,1.9,6.0
u15,morning_struggler,3,h0856,2026-02-13 18:00:00,18,4,party,True,3,5,walking,9.9,False,2026-02-13 17:50:06.667258,2026-02-13 17:54:50.349411,2026-02-13 18:04:43.020085,4.7,4.7
u23,chronically_late,3,h0856,2026-02-13 18:00:00,18,4,party,True,3,5,walking,10.0,True,2026-02-13 17:49:58.318039,2026-02-13 18:13:15.716297,2026-02-13 18:25:56.833728,23.3,25.9
u01,overbooked,1,h0375,2026-02-13 19:30:00,19,4,coffee,True,5,5,driving,13.4,True,2026-02-13 19:16:38.572124,2026-02-13 19:40:21.642531,2026-02-13 19:56:56.258721,23.7,26.9
u05,chronically_late,1,h0375,2026-02-13 19:30:00,19,4,coffee,True,5,5,cycling,13.1,False,2026-02-13 19:16:52.233649,2026-02-13 19:28:18.963001,2026-02-13 19:42:38.715571,11.4,12.6
u09,morning_struggler,1,h0375,2026-02-13 19:30:00,19,4,coffee,True,5,5,cycling,16.2,False,2026-02-13 19:13:50.844830,2026-02-13 19:18:25.832938,2026-02-13 19:38:05.823183,4.6,8.1
u17,unpredictable,1,h0375,2026-02-13 19:30:00,19,4,coffee,True,5,5,driving,9.8,True,2026-02-13 19:20:11.449148,2026-02-13 19:31:28.502425,2026-02-13 19:41:16.290397,11.3,11.3
u21,always_early,1,h0375,2026-02-13 19:30:00,19,4,coffee,True,5,5,driving,37.4,False,2026-02-13 18:52:35.784489,2026-02-13 18:52:05.693663,2026-02-13 19:34:36.099890,-0.5,4.6
u00,overbooked,0,h0120,2026-02-13 20:00:00,20,4,sports,False,6,6,cycling,17.2,True,2026-02-13 19:42:47.416847,2026-02-13 20:04:59.958771,2026-02-13 20:23:43.108846,22.2,23.7
u02,improving,2,h0611,2026-02-13 20:00:00,20,4,sports,True,0,5,walking,22.0,True,2026-02-13 19:38:01.131013,2026-02-13 19:50:35.908899,2026-02-13 20:16:48.614091,12.6,16.8
u04,morning_struggler,0,h0120,2026-02-13 20:00:00,20,4,sports,False,6,6,walking,10.6,False,2026-02-13 19:49:25.672737,2026-02-13 19:55:16.714877,2026-02-13 20:05:02.129139,5.9,5.0
u06,overbooked,2,h0611,2026-02-13 20:00:00,20,4,sports,True,0,5,driving,17.2,False,2026-02-13 19:42:46.013626,2026-02-13 19:45:54.951202,2026-02-13 20:04:40.801637,3.1,4.7
u08,chronically_late,0,h0120,2026-02-13 20:00:00,20,4,sports,False,6,6,driving,17.4,False,2026-02-13 19:42:37.563060,2026-02-13 19:55:18.131336,2026-02-13 20:13:58.279408,12.7,14.0
u12,improving,0,h0120,2026-02-13 20:00:00,20,4,sports,False,6,6,walking,16.3,False,2026-02-13 19:43:44.387088,2026-02-13 19:53:24.651082,2026-02-13 20:08:53.943631,9.7,8.9
u14,punctual,2,h0611,2026-02-13 20:00:00,20,4,sports,True,0,5,walking,24.5,True,2026-02-13 19:35:28.676991,2026-02-13 19:42:45.354202,2026-02-13 20:09:20.483627,7.3,9.3
u16,rain_hater,0,h0120,2026-02-13 20:00:00,20,4,sports,False,6,6,driving,15.8,False,2026-02-13 19:44:09.878885,2026-02-13 19:51:00.270566,2026-02-13 20:08:19.327253,6.8,8.3
u18,always_early,2,h0611,2026-02-13 20:00:00,20,4,sports,True,0,5,cycling,22.5,False,2026-02-13 19:37:28.816350,2026-02-13 19:34:44.711238,2026-02-13 20:02:32.300704,-2.7,2.5
u20,unpredictable,0,h0120,2026-02-13 20:00:00,20,4,sports,False,6,6,driving,39.3,True,2026-02-13 19:20:39.852980,2026-02-13 19:37:18.743879,2026-02-13 20:18:33.414665,16.6,18.6
u22,rain_hater,2,h0611,2026-02-13 20:00:00,20,4,sports,True,0,5,walking,10.5,False,2026-02-13 19:49:27.637794,2026-02-13 19:58:29.182487,2026-02-13 20:11:00.688607,9.0,11.0
u09,morning_struggler,1,h0377,2026-02-14 13:00:00,13,5,party,True,5,3,cycling,24.5,False,2026-02-14 12:35:29.393156,2026-02-14 12:41:54.207840,2026-02-14 13:08:48.609907,6.4,8.8
u13,rain_hater,1,h0377,2026-02-14 13:00:00,13,5,party,True,5,3,driving,11.8,False,2026-02-14 12:48:12.876245,2026-02-14 13:04:39.616783,2026-02-14 13:16:25.937607,16.4,16.4
u17,unpredictable,1,h0377,2026-02-14 13:00:00,13,5,party,True,5,3,driving,22.4,False,2026-02-14 12:37:38.416514,2026-02-14 12:46:03.566563,2026-02-14 13:10:02.130809,8.4,10.0
u04,morning_struggler,0,h0121,2026-02-14 14:00:00,14,5,study,False,2,5,walking,6.3,True,2026-02-14 13:53:42.651081,2026-02-14 13:55:27.573896,2026-02-14 14:02:40.144486,1.7,2.7
u08,chronically_late,0,h0121,2026-02-14 14:00:00,14,5,study,False,2,5,driving,28.3,False,2026-02-14 13:31:39.760717,2026-02-14 13:39:29.342511,2026-02-14 14:10:24.611405,7.8,10.4
u12,improving,0,h0121,2026-02-14 14:00:00,14,5,study,False,2,5,walking,22.2,False,2026-02-14 13:37:48.383639,2026-02-14 13:45:52.306642,2026-02-14 14:10:13.724300,8.1,10.2
u16,rain_hater,0,h0121,2026-02-14 14:00:00,14,5,study,False,2,5,driving,26.3,False,2026-02-14 13:33:44.197236,2026-02-14 13:34:32.916895,2026-02-14 13:59:56.298078,0.8,-0.1
u20,unpredictable,0,h0121,2026-02-14 14:00:00,14,5,study,False,2,5,driving,30.6,False,2026-02-14 13:29:24.290722,2026-02-14 13:31:48.713124,2026-02-14 14:00:45.436370,2.4,0.8
u02,improving,2,h0614,2026-02-14 15:30:00,15,5,sports,False,2,4,walking,14.2,True,2026-02-14 15:15:48.041709,2026-02-14 15:30:38.355528,2026-02-14 15:45:03.241951,14.8,15.1
u10,punctual,2,h0614,2026-02-14 15:30:00,15,5,sports,False,2,4,cycling,7.0,False,2026-02-14 15:22:57.086489,2026-02-14 15:22:19.363575,2026-02-14 15:29:02.923931,-0.6,-1.0
u14,punctual,2,h0614,2026-02-14 15:30:00,15,5,sports,False,2,4,walking,24.1,True,2026-02-14 15:05:56.972867,2026-02-14 15:08:51.199099,2026-02-14 15:34:49.812565,2.9,4.8
u18,always_early,2,h0614,2026-02-14 15:30:00,15,5,sports,False,2,4,cycling,21.0,False,2026-02-14 15:08:58.908709,2026-02-14 15:05:23.088122,2026-02-14 15:26:50.248500,-3.6,-3.2
u03,improving,3,h0857,2026-02-14 16:30:00,16,5,sports,False,0,5,driving,33.6,False,2026-02-14 15:56:26.221043,2026-02-14 16:04:20.829879,2026-02-14 16:36:26.310252,7.9,6.4
u07,unpredictable,3,h0857,2026-02-14 16:30:00,16,5,sports,False,0,5,driving,37.1,False,2026-02-14 15:52:54.677464,2026-02-14 15:50:05.031481,2026-02-14 16:29:04.919459,-2.8,-0.9
u11,always_early,3,h0857,2026-02-14 16:30:00,16,5,sports,False,0,5,driving,21.2,True,2026-02-14 16:08:46.964512,2026-02-14 16:09:44.399905,2026-02-14 16:32:10.253160,1.0,2.2
u15,morning_struggler,3,h0857,2026-02-14 16:30:00,16,5,sports,False,0,5,walking,10.4,False,2026-02-14 16:19:34.761703,2026-02-14 16:20:13.956573,2026-02-14 16:30:46.607595,0.7,0.8
u19,punctual,3,h0857,2026-02-14 16:30:00,16,5,sports,False,0,5,driving,24.2,True,2026-02-14 16:05:45.650973,2026-02-14 16:08:09.526435,2026-02-14 16:30:20.988406,2.4,0.3
u05,chronically_late,1,h0376,2026-02-14 18:00:00,18,5,study,False,5,4,cycling,20.2,True,2026-02-14 17:39:46.617930,2026-02-14 17:50:17.022411,2026-02-14 18:08:38.742149,10.5,8.6
u13,rain_hater,1,h0376,2026-02-14 18:00:00,18,5,study,False,5,4,driving,20.4,False,2026-02-14 17:39:37.772937,2026-02-14 17:42:01.931844,2026-02-14 18:01:05.123011,2.4,1.1
u17,unpredictable,1,h0376,2026-02-14 18:00:00,18,5,study,False,5,4,driving,22.9,False,2026-02-14 17:37:08.947896,2026-02-14 17:38:45.378611,2026-02-14 18:04:18.783416,1.6,4.3
u21,always_early,1,h0376,2026-02-14 18:00:00,18,5,study,False,5,4,driving,19.7,False,2026-02-14 17:40:18.372928,2026-02-14 17:37:14.521661,2026-02-14 17:59:04.981396,-3.1,-0.9
u06,overbooked,2,h0612,2026-02-14 19:00:00,19,5,party,True,3,3,driving,24.7,False,2026-02-14 18:35:16.588346,2026-02-14 18:40:54.461625,2026-02-14 19:12:05.338024,5.6,12.1
u14,punctual,2,h0612,2026-02-14 19:00:00,19,5,party,True,3,3,walking,14.4,True,2026-02-14 18:45:38.938245,2026-02-14 18:55:31.065839,2026-02-14 19:13:02.016915,9.9,13.0
u18,always_early,2,h0612,2026-02-14 19:00:00,19,5,party,True,3,3,cycling,9.5,False,2026-02-14 18:50:27.557989,2026-02-14 18:52:37.935429,2026-02-14 19:03:56.817372,2.2,3.9
u06,overbooked,2,h0613,2026-02-14 20:30:00,20,5,food,False,7,5,driving,17.1,False,2026-02-14 20:12:51.243268,2026-02-14 20:16:43.354180,2026-02-14 20:34:56.722906,3.9,4.9
u10,punctual,2,h0613,2026-02-14 20:30:00,20,5,food,False,7,5,cycling,12.0,False,2026-02-14 20:17:58.359050,2026-02-14 20:20:24.983776,2026-02-14 20:33:24.395243,2.4,3.4
u14,punctual,2,h0613,2026-02-14 20:30:00,20,5,food,False,7,5,walking,17.0,True,2026-02-14 20:13:02.039085,2026-02-14 20:19:21.071753,2026-02-14 20:37:12.894095,6.3,7.2
u18,always_early,2,h0613,2026-02-14 20:30:00,20,5,food,False,7,5,cycling,7.6,True,2026-02-14 20:22:26.669029,2026-02-14 20:25:53.970265,2026-02-14 20:33:19.621146,3.5,3.3
u22,rain_hater,2,h0613,2026-02-14 20:30:00,20,5,food,False,7,5,walking,18.0,False,2026-02-14 20:11:57.462565,2026-02-14 20:15:19.079752,2026-02-14 20:35:43.049187,3.4,5.7
u09,morning_struggler,1,h0379,2026-02-15 15:00:00,15,6,food,True,1,3,cycling,17.0,False,2026-02-15 14:42:57.529111,2026-02-15 14:48:06.810650,2026-02-15 15:08:54.184271,5.2,8.9
u13,rain_hater,1,h0379,2026-02-15 15:00:00,15,6,food,True,1,3,driving,27.4,False,2026-02-15 14:32:33.920725,2026-02-15 14:41:58.796909,2026-02-15 15:11:08.286839,9.4,11.1
u17,unpredictable,1,h0379,2026-02-15 15:00:00,15,6,food,True,1,3,driving,21.1,False,2026-02-15 14:38:55.331230,2026-02-15 14:47:55.889047,2026-02-15 15:09:18.931861,9.0,9.3
u08,chronically_late,0,h0122,2026-02-15 17:00:00,17,6,study,False,5,3,driving,23.9,False,2026-02-15 16:36:08.573176,2026-02-15 16:47:27.045775,2026-02-15 17:10:12.473341,11.3,10.2
u16,rain_hater,0,h0122,2026-02-15 17:00:00,17,6,study,False,5,3,driving,28.6,False,2026-02-15 16:31:26.350295,2026-02-15 16:41:51.688391,2026-02-15 17:13:53.785552,10.4,13.9
u20,unpredictable,0,h0122,2026-02-15 17:00:00,17,6,study,False,5,3,driving,11.1,False,2026-02-15 16:48:52.714163,2026-02-15 16:54:03.710205,2026-02-15 17:05:46.796965,5.2,5.8
u01,overbooked,1,h0378,2026-02-15 19:30:00,19,6,sports,False,6,4,driving,37.1,True,2026-02-15 18:52:55.450810,2026-02-15 19:17:20.577193,2026-02-15 19:55:34.092354,24.4,25.6
u05,chronically_late,1,h0378,2026-02-15 19:30:00,19,6,sports,False,6,4,cycling,14.8,True,2026-02-15 19:15:12.825340,2026-02-15 19:30:47.740516,2026-02-15 19:46:10.550935,15.6,16.2
u17,unpredictable,1,h0378,2026-02-15 19:30:00,19,6,sports,False,6,4,driving,18.8,False,2026-02-15 19:11:13.982562,2026-02-15 19:14:30.087538,2026-02-15 19:35:33.341790,3.3,5.6
u21,always_early,1,h0378,2026-02-15 19:30:00,19,6,sports,False,6,4,driving,32.3,False,2026-02-15 18:57:39.013340,2026-02-15 18:55:18.171463,2026-02-15 19:25:03.458011,-2.3,-4.9
u04,morning_struggler,0,h0123,2026-02-16 13:00:00,13,0,party,False,1,3,walking,19.6,False,2026-02-16 12:40:22.047581,2026-02-16 12:44:07.349509,2026-02-16 13:06:31.397254,3.8,6.5
u08,chronically_late,0,h0123,2026-02-16 13:00:00,13,0,party,False,1,3,driving,34.1,False,2026-02-16 12:25:53.733866,2026-02-16 12:35:33.958016,2026-02-16 13:13:59.489780,9.7,14.0
u20,unpredictable,0,h0123,2026-02-16 13:00:00,13,0,party,False,1,3,driving,20.0,False,2026-02-16 12:40:02.070067,2026-02-16 12:42:38.886808,2026-02-16 13:01:31.512476,2.6,1.5
u03,improving,3,h0858,2026-02-16 16:00:00,16,0,sports,False,6,5,driving,15.9,True,2026-02-16 15:44:07.342421,2026-02-16 16:06:41.254860,2026-02-16 16:22:55.568884,22.6,22.9
u07,unpredictable,3,h0858,2026-02-16 16:00:00,16,0,sports,False,6,5,driving,8.6,False,2026-02-16 15:51:22.725542,2026-02-16 15:58:47.329858,2026-02-16 16:06:56.806088,7.4,6.9
u11,always_early,3,h0858,2026-02-16 16:00:00,16,0,sports,False,6,5,driving,19.1,True,2026-02-16 15:40:54.808552,2026-02-16 15:41:28.712157,2026-02-16 15:59:05.356386,0.6,-0.9
u19,punctual,3,h0858,2026-02-16 16:00:00,16,0,sports,False,6,5,driving,35.5,False,2026-02-16 15:24:29.743106,2026-02-16 15:29:22.190436,2026-02-16 16:10:02.494450,4.9,10.0
u23,chronically_late,3,h0858,2026-02-16 16:00:00,16,0,sports,False,6,5,walking,8.7,False,2026-02-16 15:51:19.628975,2026-02-16 16:05:14.160785,2026-02-16 16:14:48.786642,13.9,14.8
u02,improving,2,h0615,2026-02-18 11:30:00,11,2,coffee,False,2,6,walking,19.4,False,2026-02-18 11:10:35.297164,2026-02-18 11:21:20.684474,2026-02-18 11:39:54.535443,10.8,9.9
u06,overbooked,2,h0615,2026-02-18 11:30:00,11,2,coffee,False,2,6,driving,30.4,True,2026-02-18 10:59:34.675715,2026-02-18 11:21:41.794622,2026-02-18 11:52:35.315058,22.1,22.6
u10,punctual,2,h0615,2026-02-18 11:30:00,11,2,coffee,False,2,6,cycling,17.1,False,2026-02-18 11:12:54.579402,2026-02-18 11:15:24.904871,2026-02-18 11:34:42.743704,2.5,4.7
u14,punctual,2,h0615,2026-02-18 11:30:00,11,2,coffee,False,2,6,walking,5.3,True,2026-02-18 11:24:39.884673,2026-02-18 11:27:44.790967,2026-02-18 11:32:59.569365,3.1,3.0
u18,always_early,2,h0615,2026-02-18 11:30:00,11,2,coffee,False,2,6,cycling,16.3,False,2026-02-18 11:13:40.003987,2026-02-18 11:10:00.574225,2026-02-18 11:27:06.768021,-3.7,-2.9
u22,rain_hater,2,h0615,2026-02-18 11:30:00,11,2,coffee,False,2,6,walking,6.7,False,2026-02-18 11:23:18.029221,2026-02-18 11:24:08.313521,2026-02-18 11:31:28.383035,0.8,1.5
u07,unpredictable,3,h0859,2026-02-18 13:30:00,13,2,sports,True,0,3,driving,21.0,False,2026-02-18 13:09:02.799823,2026-02-18 13:13:53.022643,2026-02-18 13:35:53.772760,4.8,5.9
u15,morning_struggler,3,h0859,2026-02-18 13:30:00,13,2,sports,True,0,3,walking,20.6,False,2026-02-18 13:09:22.627196,2026-02-18 13:15:01.140416,2026-02-18 13:38:56.955893,5.6,8.9
u19,punctual,3,h0859,2026-02-18 13:30:00,13,2,sports,True,0,3,driving,22.7,False,2026-02-18 13:07:16.836944,2026-02-18 13:09:51.139467,2026-02-18 13:37:52.293405,2.6,7.9
u00,overbooked,0,h0124,2026-02-18 15:30:00,15,2,food,False,4,6,cycling,16.4,False,2026-02-18 15:13:36.632655,2026-02-18 15:14:41.411999,2026-02-18 15:33:23.577024,1.1,3.4
u04,morning_struggler,0,h0124,2026-02-18 15:30:00,15,2,food,False,4,6,walking,14.3,True,2026-02-18 15:15:41.400003,2026-02-18 15:19:47.336277,2026-02-18 15:34:03.849047,4.1,4.1
u08,chronically_late,0,h0124,2026-02-18 15:30:00,15,2,food,False,4,6,driving,15.1,True,2026-02-18 15:14:53.851677,2026-02-18 15:27:57.094632,2026-02-18 15:44:29.535231,13.1,14.5
u12,improving,0,h0124,2026-02-18 15:30:00,15,2,food,False,4,6,walking,10.2,True,2026-02-18 15:19:50.775490,2026-02-18 15:34:39.447478,2026-02-18 15:44:17.513137,14.8,14.3
u16,rain_hater,0,h0124,2026-02-18 15:30:00,15,2,food,False,4,6,driving,32.4,False,2026-02-18 14:57:38.970279,2026-02-18 14:58:59.085374,2026-02-18 15:31:46.131773,1.3,1.8
u20,unpredictable,0,h0124,2026-02-18 15:30:00,15,2,food,False,4,6,driving,38.7,False,2026-02-18 14:51:17.991797,2026-02-18 14:54:55.106603,2026-02-18 15:36:17.344378,3.6,6.3
u03,improving,3,h0860,2026-02-18 19:30:00,19,2,sports,False,1,4,driving,24.8,False,2026-02-18 19:05:09.651047,2026-02-18 19:15:00.489702,2026-02-18 19:38:14.377305,9.8,8.2
u11,always_early,3,h0860,2026-02-18 19:30:00,19,2,sports,False,1,4,driving,27.9,False,2026-02-18 19:02:04.833236,2026-02-18 18:58:55.483796,2026-02-18 19:30:50.436981,-3.2,0.8
u15,morning_struggler,3,h0860,2026-02-18 19:30:00,19,2,sports,False,1,4,walking,7.4,False,2026-02-18 19:22:33.347967,2026-02-18 19:29:54.114595,2026-02-18 19:37:43.812872,7.3,7.7
u23,chronically_late,3,h0860,2026-02-18 19:30:00,19,2,sports,False,1,4,walking,23.7,False,2026-02-18 19:06:17.587212,2026-02-18 19:17:55.147536,2026-02-18 19:41:32.041709,11.6,11.5
u03,improving,3,h0861,2026-02-19 09:00:00,9,3,study,False,0,6,driving,11.4,False,2026-02-19 08:48:34.520135,2026-02-19 08:58:41.354097,2026-02-19 09:09:40.915593,10.1,9.7
u07,unpredictable,3,h0861,2026-02-19 09:00:00,9,3,study,False,0,6,driving,30.7,False,2026-02-19 08:29:20.237333,2026-02-19 08:31:28.790738,2026-02-19 08:59:11.025998,2.1,-0.8
u11,always_early,3,h0861,2026-02-19 09:00:00,9,3,study,False,0,6,driving,30.3,False,2026-02-19 08:29:39.228058,2026-02-19 08:27:18.646422,2026-02-19 08:56:50.934126,-2.3,-3.2
u15,morning_struggler,3,h0861,2026-02-19 09:00:00,9,3,study,False,0,6,walking,22.1,False,2026-02-19 08:37:53.133366,2026-02-19 08:54:41.612560,2026-02-19 09:16:14.560390,16.8,16.2
u19,punctual,3,h0861,2026-02-19 09:00:00,9,3,study,False,0,6,driving,15.6,False,2026-02-19 08:44:21.671782,2026-02-19 08:45:47.096515,2026-02-19 09:02:59.108860,1.4,3.0
u23,chronically_late,3,h0861,2026-02-19 09:00:00,9,3,study,False,0,6,walking,23.6,False,2026-02-19 08:36:22.460191,2026-02-19 08:46:59.234969,2026-02-19 09:12:50.871433,10.6,12.8
u02,improving,2,h0617,2026-02-19 13:00:00,13,3,coffee,False,6,4,walking,12.3,False,2026-02-19 12:47:42.695377,2026-02-19 12:55:48.131288,2026-02-19 13:09:19.597741,8.1,9.3
u06,overbooked,2,h0617,2026-02-19 13:00:00,13,3,coffee,False,6,4,driving,38.0,False,2026-02-19 12:21:58.013889,2026-02-19 12:27:03.281018,2026-02-19 13:05:42.303336,5.1,5.7
u10,punctual,2,h0617,2026-02-19 13:00:00,13,3,coffee,False,6,4,cycling,24.2,False,2026-02-19 12:35:48.640302,2026-02-19 12:36:43.896471,2026-02-19 13:00:09.648581,0.9,0.2
u14,punctual,2,h0617,2026-02-19 13:00:00,13,3,coffee,False,6,4,walking,17.3,False,2026-02-19 12:42:39.860703,2026-02-19 12:44:05.813613,2026-02-19 13:02:03.613327,1.4,2.1
u00,overbooked,0,h0125,2026-02-19 14:30:00,14,3,coffee,True,0,6,cycling,11.2,True,2026-02-19 14:18:48.966987,2026-02-19 14:38:55.294772,2026-02-19 14:51:00.744565,20.1,21.0
u04,morning_struggler,0,h0125,2026-02-19 14:30:00,14,3,coffee,True,0,6,walking,23.0,True,2026-02-19 14:06:58.673624,2026-02-19 14:12:27.604631,2026-02-19 14:39:49.140354,5.5,9.8
u08,chronically_late,0,h0125,2026-02-19 14:30:00,14,3,coffee,True,0,6,driving,22.5,True,2026-02-19 14:07:27.976298,2026-02-19 14:19:53.499841,2026-02-19 14:45:33.425239,12.4,15.6
u12,improving,0,h0125,2026-02-19 14:30:00,14,3,coffee,True,0,6,walking,10.1,False,2026-02-19 14:19:53.776185,2026-02-19 14:30:04.439869,2026-02-19 14:41:19.838187,10.2,11.3
u16,rain_hater,0,h0125,2026-02-19 14:30:00,14,3,coffee,True,0,6,driving,12.1,False,2026-02-19 14:17:52.555383,2026-02-19 14:27:23.473639,2026-02-19 14:40:49.023109,9.5,10.8
u20,unpredictable,0,h0125,2026-02-19 14:30:00,14,3,coffee,True,0,6,driving,28.2,True,2026-02-19 14:01:45.703229,2026-02-19 14:07:12.266637,2026-02-19 14:37:15.706517,5.4,7.3
u02,improving,2,h0616,2026-02-19 15:30:00,15,3,party,False,4,6,walking,5.9,False,2026-02-19 15:24:05.293030,2026-02-19 15:34:22.637472,2026-02-19 15:39:44.892459,10.3,9.7
u06,overbooked,2,h0616,2026-02-19 15:30:00,15,3,party,False,4,6,driving,11.6,False,2026-02-19 15:18:24.910463,2026-02-19 15:22:10.719094,2026-02-19 15:34:45.774151,3.8,4.8
u10,punctual,2,h0616,2026-02-19 15:30:00,15,3,party,False,4,6,cycling,10.1,True,2026-02-19 15:19:51.821697,2026-02-19 15:26:04.613148,2026-02-19 15:36:54.424932,6.2,6.9
u14,punctual,2,h0616,2026-02-19 15:30:00,15,3,party,False,4,6,walking,17.2,True,2026-02-19 15:12:45.314071,2026-02-19 15:19:10.503445,2026-02-19 15:36:59.354960,6.4,7.0
u18,always_early,2,h0616,2026-02-19 15:30:00,15,3,party,False,4,6,cycling,17.4,False,2026-02-19 15:12:34.113960,2026-02-19 15:12:14.399960,2026-02-19 15:30:48.030138,-0.3,0.8
u22,rain_hater,2,h0616,2026-02-19 15:30:00,15,3,party,False,4,6,walking,11.7,False,2026-02-19 15:18:19.601531,2026-02-19 15:22:04.670034,2026-02-19 15:34:41.603714,3.8,4.7
u00,overbooked,0,h0126,2026-02-20 19:00:00,19,4,party,True,6,3,cycling,19.5,False,2026-02-20 18:40:28.642483,2026-02-20 18:48:04.267273,2026-02-20 19:07:24.176843,7.6,7.4
u04,morning_struggler,0,h0126,2026-02-20 19:00:00,19,4,party,True,6,3,walking,12.5,False,2026-02-20 18:47:28.153521,2026-02-20 18:56:09.870110,2026-02-20 19:12:00.132133,8.7,12.0
u20,unpredictable,0,h0126,2026-02-20 19:00:00,19,4,party,True,6,3,driving,10.0,False,2026-02-20 18:49:57.765909,2026-02-20 19:01:05.417305,2026-02-20 19:13:03.368944,11.1,13.1
u00,overbooked,0,h0127,2026-02-21 18:00:00,18,5,study,True,3,3,cycling,7.3,True,2026-02-21 17:52:39.933957,2026-02-21 18:10:49.636303,2026-02-21 18:18:43.071786,18.2,18.7
u04,morning_struggler,0,h0127,2026-02-21 18:00:00,18,5,study,True,3,3,walking,24.6,False,2026-02-21 17:35:21.323163,2026-02-21 17:38:32.757261,2026-02-21 18:07:47.361381,3.2,7.8
u08,chronically_late,0,h0127,2026-02-21 18:00:00,18,5,study,True,3,3,driving,27.2,False,2026-02-21 17:32:46.454613,2026-02-21 17:49:12.227650,2026-02-21 18:17:34.143481,16.4,17.6
u03,improving,3,h0862,2026-02-21 20:30:00,20,5,party,False,5,5,driving,14.7,False,2026-02-21 20:15:15.706419,2026-02-21 20:38:11.160493,2026-02-21 20:54:27.138367,22.9,24.5
u07,unpredictable,3,h0862,2026-02-21 20:30:00,20,5,party,False,5,5,driving,23.2,True,2026-02-21 20:06:50.112261,2026-02-21 20:12:26.957166,2026-02-21 20:34:12.851715,5.6,4.2
u11,always_early,3,h0862,2026-02-21 20:30:00,20,5,party,False,5,5,driving,25.5,True,2026-02-21 20:04:31.218265,2026-02-21 20:08:32.322004,2026-02-21 20:32:30.598113,4.0,2.5
u15,morning_struggler,3,h0862,2026-02-21 20:30:00,20,5,party,False,5,5,walking,5.5,False,2026-02-21 20:24:32.843657,2026-02-21 20:29:27.846483,2026-02-21 20:34:59.023646,4.9,5.0
u23,chronically_late,3,h0862,2026-02-21 20:30:00,20,5,party,False,5,5,walking,15.1,False,2026-02-21 20:14:54.327053,2026-02-21 20:30:25.868466,2026-02-21 20:45:26.447259,15.5,15.4
u06,overbooked,2,h0618,2026-02-22 13:30:00,13,6,sports,True,7,3,driving,14.5,False,2026-02-22 13:15:27.253051,2026-02-22 13:21:47.995988,2026-02-22 13:36:58.011642,6.3,7.0
u14,punctual,2,h0618,2026-02-22 13:30:00,13,6,sports,True,7,3,walking,11.4,True,2026-02-22 13:18:36.519330,2026-02-22 13:25:07.395242,2026-02-22 13:37:49.753454,6.5,7.8
u18,always_early,2,h0618,2026-02-22 13:30:00,13,6,sports,True,7,3,cycling,13.2,False,2026-02-22 13:16:49.503359,2026-02-22 13:17:14.591740,2026-02-22 13:31:06.183324,0.4,1.1
u03,improving,3,h0863,2026-02-22 19:30:00,19,6,sports,False,0,6,driving,38.5,True,2026-02-22 18:51:28.432197,2026-02-22 19:16:42.653205,2026-02-22 20:00:42.740092,25.2,30.7
u07,unpredictable,3,h0863,2026-02-22 19:30:00,19,6,sports,False,0,6,driving,17.9,False,2026-02-22 19:12:06.432427,2026-02-22 19:22:12.063997,2026-02-22 19:41:37.987761,10.1,11.6
u11,always_early,3,h0863,2026-02-22 19:30:00,19,6,sports,False,0,6,driving,10.6,False,2026-02-22 19:19:22.088400,2026-02-22 19:15:55.793984,2026-02-22 19:28:00.690538,-3.4,-2.0
u15,morning_struggler,3,h0863,2026-02-22 19:30:00,19,6,sports,False,0,6,walking,20.5,False,2026-02-22 19:09:28.002419,2026-02-22 19:08:46.789818,2026-02-22 19:29:23.701453,-0.7,-0.6
u19,punctual,3,h0863,2026-02-22 19:30:00,19,6,sports,False,0,6,driving,38.5,False,2026-02-22 18:51:28.720190,2026-02-22 18:52:44.208426,2026-02-22 19:30:32.086546,1.3,0.5
u23,chronically_late,3,h0863,2026-02-22 19:30:00,19,6,sports,False,0,6,walking,6.4,False,2026-02-22 19:23:35.054429,2026-02-22 19:38:22.904705,2026-02-22 19:44:30.885974,14.8,14.5
u02,improving,2,h0619,2026-02-23 14:30:00,14,0,sports,True,2,6,walking,20.3,False,2026-02-23 14:09:43.309871,2026-02-23 14:20:07.907367,2026-02-23 14:44:54.776660,10.4,14.9
u06,overbooked,2,h0619,2026-02-23 14:30:00,14,0,sports,True,2,6,driving,34.3,False,2026-02-23 13:55:42.372634,2026-02-23 14:04:01.298441,2026-02-23 14:44:21.353775,8.3,14.4
u10,punctual,2,h0619,2026-02-23 14:30:00,14,0,sports,True,2,6,cycling,23.4,True,2026-02-23 14:06:33.458086,2026-02-23 14:11:29.223533,2026-02-23 14:38:42.391518,4.9,8.7
u14,punctual,2,h0619,2026-02-23 14:30:00,14,0,sports,True,2,6,walking,13.3,False,2026-02-23 14:16:42.692025,2026-02-23 14:18:03.151846,2026-02-23 14:31:38.350937,1.3,1.6
u18,always_early,2,h0619,2026-02-23 14:30:00,14,0,sports,True,2,6,cycling,17.0,False,2026-02-23 14:13:01.877621,2026-02-23 14:11:00.546768,2026-02-23 14:29:44.836812,-2.0,-0.3
u22,rain_hater,2,h0619,2026-02-23 14:30:00,14,0,sports,True,2,6,walking,22.3,False,2026-02-23 14:07:43.515872,2026-02-23 14:23:18.698634,2026-02-23 14:48:46.889242,15.6,18.8
u00,overbooked,0,h0128,2026-02-24 10:00:00,10,1,sports,False,4,5,cycling,8.7,True,2026-02-24 09:51:16.639323,2026-02-24 10:08:29.290837,2026-02-24 10:16:23.829260,17.2,16.4
u04,morning_struggler,0,h0128,2026-02-24 10:00:00,10,1,sports,False,4,5,walking,6.2,True,2026-02-24 09:53:50.768794,2026-02-24 10:03:57.403897,2026-02-24 10:10:49.472797,10.1,10.8
u08,chronically_late,0,h0128,2026-02-24 10:00:00,10,1,sports,False,4,5,driving,30.7,False,2026-02-24 09:29:15.337853,2026-02-24 09:37:43.020483,2026-02-24 10:05:41.746772,8.5,5.7
u12,improving,0,h0128,2026-02-24 10:00:00,10,1,sports,False,4,5,walking,22.3,False,2026-02-24 09:37:39.593279,2026-02-24 09:46:54.364766,2026-02-24 10:09:50.705840,9.2,9.8
u20,unpredictable,0,h0128,2026-02-24 10:00:00,10,1,sports,False,4,5,driving,38.0,True,2026-02-24 09:22:00.931198,2026-02-24 09:23:49.048764,2026-02-24 09:59:39.223056,1.8,-0.3
u01,overbooked,1,h0380,2026-02-24 21:00:00,21,1,party,False,5,3,driving,33.2,True,2026-02-24 20:26:47.508627,2026-02-24 20:46:34.440413,2026-02-24 21:19:26.331992,19.8,19.4
u05,chronically_late,1,h0380,2026-02-24 21:00:00,21,1,party,False,5,3,cycling,21.9,False,2026-02-24 20:38:08.282769,2026-02-24 20:54:33.548194,2026-02-24 21:16:50.899481,16.4,16.8
u17,unpredictable,1,h0380,2026-02-24 21:00:00,21,1,party,False,5,3,driving,27.1,False,2026-02-24 20:32:55.346591,2026-02-24 20:35:20.612572,2026-02-24 21:01:10.628713,2.4,1.2
u03,improving,3,h0864,2026-02-24 22:30:00,22,1,party,False,1,6,driving,14.2,True,2026-02-24 22:15:49.890946,2026-02-24 22:34:25.937707,2026-02-24 22:48:13.478557,18.6,18.2
u07,unpredictable,3,h0864,2026-02-24 22:30:00,22,1,party,False,1,6,driving,11.7,False,2026-02-24 22:18:15.195058,2026-02-24 22:23:52.132168,2026-02-24 22:36:37.970372,5.6,6.6
u11,always_early,3,h0864,2026-02-24 22:30:00,22,1,party,False,1,6,driving,13.6,False,2026-02-24 22:16:21.988714,2026-02-24 22:14:43.266473,2026-02-24 22:30:12.201405,-1.6,0.2
u15,morning_struggler,3,h0864,2026-02-24 22:30:00,22,1,party,False,1,6,walking,10.1,False,2026-02-24 22:19:53.757360,2026-02-24 22:23:46.608821,2026-02-24 22:34:43.756482,3.9,4.7
u19,punctual,3,h0864,2026-02-24 22:30:00,22,1,party,False,1,6,driving,13.1,False,2026-02-24 22:16:52.401099,2026-02-24 22:19:13.890348,2026-02-24 22:32:07.483910,2.4,2.1
u23,chronically_late,3,h0864,2026-02-24 22:30:00,22,1,party,False,1,6,walking,9.3,True,2026-02-24 22:20:42.387267,2026-02-24 22:34:02.138619,2026-02-24 22:42:34.560892,13.3,12.6
u02,improving,2,h0620,2026-02-25 13:00:00,13,2,food,False,0,4,walking,15.3,True,2026-02-25 12:44:39.258847,2026-02-25 12:54:32.064169,2026-02-25 13:08:22.252519,9.9,8.4
u06,overbooked,2,h0620,2026-02-25 13:00:00,13,2,food,False,0,4,driving,11.1,True,2026-02-25 12:48:53.344300,2026-02-25 13:06:07.610135,2026-02-25 13:18:44.691298,17.2,18.7
u18,always_early,2,h0620,2026-02-25 13:00:00,13,2,food,False,0,4,cycling,15.9,False,2026-02-25 12:44:05.951911,2026-02-25 12:40:52.129489,2026-02-25 12:57:29.994496,-3.2,-2.5
u22,rain_hater,2,h0620,2026-02-25 13:00:00,13,2,food,False,0,4,walking,23.5,True,2026-02-25 12:36:28.310038,2026-02-25 12:46:21.647563,2026-02-25 13:07:36.442169,9.9,7.6
u01,overbooked,1,h0381,2026-02-25 14:30:00,14,2,coffee,False,1,5,driving,24.9,True,2026-02-25 14:05:08.855981,2026-02-25 14:21:40.219962,2026-02-25 14:47:24.117137,16.5,17.4
u09,morning_struggler,1,h0381,2026-02-25 14:30:00,14,2,coffee,False,1,5,cycling,14.9,False,2026-02-25 14:15:07.949168,2026-02-25 14:14:24.319472,2026-02-25 14:28:33.406077,-0.7,-1.4
u13,rain_hater,1,h0381,2026-02-25 14:30:00,14,2,coffee,False,1,5,driving,8.8,True,2026-02-25 14:21:12.842122,2026-02-25 14:26:01.451369,2026-02-25 14:35:43.956906,4.8,5.7
u17,unpredictable,1,h0381,2026-02-25 14:30:00,14,2,coffee,False,1,5,driving,12.2,True,2026-02-25 14:17:47.493261,2026-02-25 14:39:47.495602,2026-02-25 14:52:36.618982,22.0,22.6
u21,always_early,1,h0381,2026-02-25 14:30:00,14,2,coffee,False,1,5,driving,34.2,False,2026-02-25 13:55:48.446611,2026-02-25 13:51:42.289322,2026-02-25 14:25:20.811599,-4.1,-4.7
u02,improving,2,h0621,2026-02-25 16:00:00,16,2,sports,False,2,6,walking,6.0,True,2026-02-25 15:54:00.857036,2026-02-25 16:08:21.399076,2026-02-25 16:14:14.701650,14.3,14.2
u06,overbooked,2,h0621,2026-02-25 16:00:00,16,2,sports,False,2,6,driving,26.1,False,2026-02-25 15:33:54.903788,2026-02-25 15:37:38.438994,2026-02-25 16:06:57.052178,3.7,7.0
u10,punctual,2,h0621,2026-02-25 16:00:00,16,2,sports,False,2,6,cycling,7.9,False,2026-02-25 15:52:07.963523,2026-02-25 15:52:29.833617,2026-02-25 16:00:24.756043,0.4,0.4
u14,punctual,2,h0621,2026-02-25 16:00:00,16,2,sports,False,2,6,walking,12.9,False,2026-02-25 15:47:03.565895,2026-02-25 15:50:08.653903,2026-02-25 16:03:29.762901,3.1,3.5
u18,always_early,2,h0621,2026-02-25 16:00:00,16,2,sports,False,2,6,cycling,17.7,True,2026-02-25 15:42:17.997336,2026-02-25 15:41:28.891297,2026-02-25 15:58:20.340482,-0.8,-1.7
u22,rain_hater,2,h0621,2026-02-25 16:00:00,16,2,sports,False,2,6,walking,13.8,True,2026-02-25 15:46:11.409878,2026-02-25 15:51:25.364824,2026-02-25 16:05:54.881845,5.2,5.9
u01,overbooked,1,h0382,2026-02-25 17:00:00,17,2,food,False,3,4,driving,18.1,True,2026-02-25 16:41:56.748564,2026-02-25 17:01:28.016772,2026-02-25 17:20:57.019212,19.5,21.0
u09,morning_struggler,1,h0382,2026-02-25 17:00:00,17,2,food,False,3,4,cycling,15.5,False,2026-02-25 16:44:32.659817,2026-02-25 16:47:39.317029,2026-02-25 17:04:49.970181,3.1,4.8
u13,rain_hater,1,h0382,2026-02-25 17:00:00,17,2,food,False,3,4,driving,31.4,False,2026-02-25 16:28:37.842685,2026-02-25 16:33:57.346867,2026-02-25 17:05:42.604433,5.3,5.7
u17,unpredictable,1,h0382,2026-02-25 17:00:00,17,2,food,False,3,4,driving,34.0,False,2026-02-25 16:26:02.544593,2026-02-25 16:25:54.113276,2026-02-25 16:59:33.632322,-0.1,-0.4
u00,overbooked,0,h0129,2026-02-25 18:00:00,18,2,coffee,False,6,4,cycling,7.8,True,2026-02-25 17:52:12.726790,2026-02-25 18:12:12.097014,2026-02-25 18:20:41.600945,20.0,20.7
u04,morning_struggler,0,h0129,2026-02-25 18:00:00,18,2,coffee,False,6,4,walking,23.5,False,2026-02-25 17:36:32.713085,2026-02-25 17:40:05.416282,2026-02-25 18:06:38.549031,3.5,6.6
u08,chronically_late,0,h0129,2026-02-25 18:00:00,18,2,coffee,False,6,4,driving,21.3,True,2026-02-25 17:38:39.928122,2026-02-25 17:51:35.559813,2026-02-25 18:11:22.662415,12.9,11.4
u20,unpredictable,0,h0129,2026-02-25 18:00:00,18,2,coffee,False,6,4,driving,11.1,False,2026-02-25 17:48:56.921370,2026-02-25 18:02:42.139998,2026-02-25 18:14:49.976347,13.8,14.8
u00,overbooked,0,h0130,2026-02-26 18:30:00,18,3,coffee,False,1,4,cycling,21.4,False,2026-02-26 18:08:34.468025,2026-02-26 18:16:35.158132,2026-02-26 18:36:36.810777,8.0,6.6
u04,morning_struggler,0,h0130,2026-02-26 18:30:00,18,3,coffee,False,1,4,walking,5.3,True,2026-02-26 18:24:44.407982,2026-02-26 18:28:24.189902,2026-02-26 18:33:29.860144,3.7,3.5
u12,improving,0,h0130,2026-02-26 18:30:00,18,3,coffee,False,1,4,walking,21.2,False,2026-02-26 18:08:50.599308,2026-02-26 18:18:25.323893,2026-02-26 18:40:53.457236,9.6,10.9
u20,unpredictable,0,h0130,2026-02-26 18:30:00,18,3,coffee,False,1,4,driving,23.5,False,2026-02-26 18:06:31.657649,2026-02-26 18:49:30.578920,2026-02-26 19:13:40.574501,43.0,43.7
u02,improving,2,h0622,2026-02-26 19:30:00,19,3,sports,False,5,4,walking,8.0,True,2026-02-26 19:21:57.700615,2026-02-26 19:34:38.288494,2026-02-26 19:42:45.380738,12.7,12.8
u14,punctual,2,h0622,2026-02-26 19:30:00,19,3,sports,False,5,4,walking,17.2,False,2026-02-26 19:12:45.813385,2026-02-26 19:13:24.768971,2026-02-26 19:29:58.160256,0.6,-0.0
u18,always_early,2,h0622,2026-02-26 19:30:00,19,3,sports,False,5,4,cycling,15.0,True,2026-02-26 19:14:58.784752,2026-02-26 19:14:48.727666,2026-02-26 19:29:29.339897,-0.2,-0.5
u22,rain_hater,2,h0622,2026-02-26 19:30:00,19,3,sports,False,5,4,walking,5.1,False,2026-02-26 19:24:56.351956,2026-02-26 19:26:33.431505,2026-02-26 19:31:48.654523,1.6,1.8
u00,overbooked,0,h0131,2026-02-27 10:30:00,10,4,food,True,3,6,cycling,16.7,True,2026-02-27 10:13:15.539136,2026-02-27 10:31:28.756181,2026-02-27 10:51:15.458386,18.2,21.3
u04,morning_struggler,0,h0131,2026-02-27 10:30:00,10,4,food,True,3,6,walking,11.9,False,2026-02-27 10:18:05.355610,2026-02-27 10:22:03.651892,2026-02-27 10:35:24.023391,4.0,5.4
u08,chronically_late,0,h0131,2026-02-27 10:30:00,10,4,food,True,3,6,driving,9.2,False,2026-02-27 10:20:48.364239,2026-02-27 10:30:08.901563,2026-02-27 10:40:01.858061,9.3,10.0
u12,improving,0,h0131,2026-02-27 10:30:00,10,4,food,True,3,6,walking,24.4,False,2026-02-27 10:05:34.369171,2026-02-27 10:17:01.969948,2026-02-27 10:44:30.025306,11.5,14.5
u16,rain_hater,0,h0131,2026-02-27 10:30:00,10,4,food,True,3,6,driving,37.4,True,2026-02-27 09:52:35.212994,2026-02-27 10:05:57.440920,2026-02-27 10:48:43.142844,13.4,18.7
u20,unpredictable,0,h0131,2026-02-27 10:30:00,10,4,food,True,3,6,driving,19.4,False,2026-02-27 10:10:38.007699,2026-02-27 10:18:47.981058,2026-02-27 10:40:58.248001,8.2,11.0
u01,overbooked,1,h0383,2026-02-27 12:00:00,12,4,party,False,6,6,driving,38.2,True,2026-02-27 11:21:47.560087,2026-02-27 11:42:14.733036,2026-02-27 12:17:06.494790,20.5,17.1
u05,chronically_late,1,h0383,2026-02-27 12:00:00,12,4,party,False,6,6,cycling,17.9,False,2026-02-27 11:42:07.213851,2026-02-27 11:55:56.880480,2026-02-27 12:13:59.168548,13.8,14.0
u09,morning_struggler,1,h0383,2026-02-27 12:00:00,12,4,party,False,6,6,cycling,18.3,True,2026-02-27 11:41:39.493302,2026-02-27 11:51:40.114644,2026-02-27 12:10:06.074306,10.0,10.1
u13,rain_hater,1,h0383,2026-02-27 12:00:00,12,4,party,False,6,6,driving,38.7,True,2026-02-27 11:21:19.722597,2026-02-27 11:31:21.145679,2026-02-27 12:08:52.861154,10.0,8.9
u17,unpredictable,1,h0383,2026-02-27 12:00:00,12,4,party,False,6,6,driving,26.8,True,2026-02-27 11:33:12.370217,2026-02-27 11:38:57.993849,2026-02-27 12:06:24.203272,5.8,6.4
u21,always_early,1,h0383,2026-02-27 12:00:00,12,4,party,False,6,6,driving,38.7,False,2026-02-27 11:21:16.760932,2026-02-27 11:21:16.570214,2026-02-27 12:04:26.927437,-0.0,4.4
u03,improving,3,h0865,2026-02-27 20:00:00,20,4,study,True,4,6,driving,8.1,False,2026-02-27 19:51:52.004363,2026-02-27 20:06:01.523665,2026-02-27 20:15:23.724706,14.2,15.4
u07,unpredictable,3,h0865,2026-02-27 20:00:00,20,4,study,True,4,6,driving,14.5,False,2026-02-27 19:45:28.014929,2026-02-27 19:48:41.727625,2026-02-27 20:06:27.603074,3.2,6.5
u11,always_early,3,h0865,2026-02-27 20:00:00,20,4,study,True,4,6,driving,8.9,True,2026-02-27 19:51:06.261215,2026-02-27 19:55:12.777207,2026-02-27 20:06:11.068703,4.1,6.2
u15,morning_struggler,3,h0865,2026-02-27 20:00:00,20,4,study,True,4,6,walking,18.7,False,2026-02-27 19:41:17.971406,2026-02-27 19:44:07.969965,2026-02-27 20:05:00.820065,2.8,5.0
u19,punctual,3,h0865,2026-02-27 20:00:00,20,4,study,True,4,6,driving,22.2,False,2026-02-27 19:37:46.585664,2026-02-27 19:42:09.530612,2026-02-27 20:07:18.863986,4.4,7.3
u23,chronically_late,3,h0865,2026-02-27 20:00:00,20,4,study,True,4,6,walking,10.9,False,2026-02-27 19:49:04.564884,2026-02-27 20:08:24.076565,2026-02-27 20:20:33.634555,19.3,20.6
u03,improving,3,h0866,2026-02-27 20:30:00,20,4,party,False,0,4,driving,18.6,False,2026-02-27 20:11:25.586557,2026-02-27 20:20:10.754527,2026-02-27 20:39:24.043067,8.8,9.4
u07,unpredictable,3,h0866,2026-02-27 20:30:00,20,4,party,False,0,4,driving,23.4,False,2026-02-27 20:06:36.116654,2026-02-27 20:06:34.026840,2026-02-27 20:28:11.381458,-0.0,-1.8
u11,always_early,3,h0866,2026-02-27 20:30:00,20,4,party,False,0,4,driving,24.5,False,2026-02-27 20:05:30.174660,2026-02-27 20:03:47.822551,2026-02-27 20:26:52.018607,-1.7,-3.1
u23,chronically_late,3,h0866,2026-02-27 20:30:00,20,4,party,False,0,4,walking,17.8,True,2026-02-27 20:12:13.970651,2026-02-27 20:42:33.453970,2026-02-27 21:01:29.617264,30.3,31.5
u03,improving,3,h0867,2026-02-27 22:30:00,22,4,sports,True,7,5,driving,17.7,False,2026-02-27 22:12:17.773014,2026-02-27 22:26:35.785856,2026-02-27 22:45:57.214563,14.3,16.0
u11,always_early,3,h0867,2026-02-27 22:30:00,22,4,sports,True,7,5,driving,28.9,False,2026-02-27 22:01:06.345270,2026-02-27 22:00:23.465299,2026-02-27 22:29:36.675485,-0.7,-0.4
u15,morning_struggler,3,h0867,2026-02-27 22:30:00,22,4,sports,True,7,5,walking,14.6,False,2026-02-27 22:15:24.802367,2026-02-27 22:21:48.427477,2026-02-27 22:36:21.396724,6.4,6.4
u19,punctual,3,h0867,2026-02-27 22:30:00,22,4,sports,True,7,5,driving,12.3,False,2026-02-27 22:17:44.388797,2026-02-27 22:22:05.053613,2026-02-27 22:34:35.366130,4.3,4.6
u23,chronically_late,3,h0867,2026-02-27 22:30:00,22,4,sports,True,7,5,walking,19.0,True,2026-02-27 22:11:02.641450,2026-02-27 22:30:25.982948,2026-02-27 22:52:17.292269,19.4,22.3
u03,improving,3,h0868,2026-02-28 09:30:00,9,5,coffee,False,0,4,driving,37.4,False,2026-02-28 08:52:35.052238,2026-02-28 09:04:01.786071,2026-02-28 09:42:50.163128,11.4,12.8
u07,unpredictable,3,h0868,2026-02-28 09:30:00,9,5,coffee,False,0,4,driving,28.4,False,2026-02-28 09:01:36.562084,2026-02-28 09:06:33.430840,2026-02-28 09:38:30.198756,4.9,8.5
u11,always_early,3,h0868,2026-02-28 09:30:00,9,5,coffee,False,0,4,driving,23.9,False,2026-02-28 09:06:04.431322,2026-02-28 09:04:46.932014,2026-02-28 09:27:52.585477,-1.3,-2.1
u23,chronically_late,3,h0868,2026-02-28 09:30:00,9,5,coffee,False,0,4,walking,15.9,False,2026-02-28 09:14:06.456717,2026-02-28 09:28:09.683138,2026-02-28 09:44:45.196241,14.1,14.8
u00,overbooked,0,h0132,2026-02-28 10:00:00,10,5,food,False,3,3,cycling,24.2,True,2026-02-28 09:35:45.963410,2026-02-28 09:53:18.992859,2026-02-28 10:19:25.690522,17.6,19.4
u12,improving,0,h0132,2026-02-28 10:00:00,10,5,food,False,3,3,walking,8.8,False,2026-02-28 09:51:13.465323,2026-02-28 09:58:09.980612,2026-02-28 10:06:22.314196,6.9,6.4
u16,rain_hater,0,h0132,2026-02-28 10:00:00,10,5,food,False,3,3,driving,30.5,False,2026-02-28 09:29:28.091731,2026-02-28 09:34:23.878260,2026-02-28 10:05:56.861704,4.9,5.9
u03,improving,3,h0869,2026-03-01 10:30:00,10,6,sports,False,3,6,driving,38.3,False,2026-03-01 09:51:39.365955,2026-03-01 09:59:44.103163,2026-03-01 10:37:19.847190,8.1,7.3
u07,unpredictable,3,h0869,2026-03-01 10:30:00,10,6,sports,False,3,6,driving,16.9,False,2026-03-01 10:13:06.242018,2026-03-01 10:10:35.233446,2026-03-01 10:27:53.821077,-2.5,-2.1
u11,always_early,3,h0869,2026-03-01 10:30:00,10,6,sports,False,3,6,driving,38.0,False,2026-03-01 09:52:02.416229,2026-03-01 09:53:02.364306,2026-03-01 10:30:30.773632,1.0,0.5
u15,morning_struggler,3,h0869,2026-03-01 10:30:00,10,6,sports,False,3,6,walking,5.5,True,2026-03-01 10:24:27.893688,2026-03-01 10:27:29.552901,2026-03-01 10:33:30.405945,3.0,3.5
u19,punctual,3,h0869,2026-03-01 10:30:00,10,6,sports,False,3,6,driving,27.6,False,2026-03-01 10:02:25.559419,2026-03-01 10:02:17.363316,2026-03-01 10:30:47.889444,-0.1,0.8
u23,chronically_late,3,h0869,2026-03-01 10:30:00,10,6,sports,False,3,6,walking,23.2,True,2026-03-01 10:06:49.277944,2026-03-01 10:17:55.825319,2026-03-01 10:39:48.338582,11.1,9.8
u09,morning_struggler,1,h0384,2026-03-01 19:30:00,19,6,party,False,1,3,cycling,8.0,True,2026-03-01 19:21:57.400637,2026-03-01 19:28:35.539029,2026-03-01 19:36:29.134146,6.6,6.5
u13,rain_hater,1,h0384,2026-03-01 19:30:00,19,6,party,False,1,3,driving,39.1,False,2026-03-01 18:50:53.085057,2026-03-01 18:53:57.831944,2026-03-01 19:33:40.864534,3.1,3.7
u17,unpredictable,1,h0384,2026-03-01 19:30:00,19,6,party,False,1,3,driving,11.6,False,2026-03-01 19:18:23.346541,2026-03-01 19:16:53.512010,2026-03-01 19:28:51.431798,-1.5,-1.1
u03,improving,3,h0870,2026-03-02 10:00:00,10,0,sports,False,1,3,driving,10.0,False,2026-03-02 09:49:57.611131,2026-03-02 09:58:41.875312,2026-03-02 10:09:03.772774,8.7,9.1
u15,morning_struggler,3,h0870,2026-03-02 10:00:00,10,0,sports,False,1,3,walking,25.0,False,2026-03-02 09:35:00.864330,2026-03-02 09:35:32.166577,2026-03-02 10:02:56.299620,0.5,2.9
u23,chronically_late,3,h0870,2026-03-02 10:00:00,10,0,sports,False,1,3,walking,5.5,True,2026-03-02 09:54:32.415629,2026-03-02 10:02:51.621724,2026-03-02 10:09:03.530080,8.3,9.1
u08,chronically_late,0,h0133,2026-03-02 14:30:00,14,0,food,False,3,3,driving,11.0,True,2026-03-02 14:18:59.078660,2026-03-02 14:33:02.090109,2026-03-02 14:44:40.762719,14.1,14.7
u16,rain_hater,0,h0133,2026-03-02 14:30:00,14,0,food,False,3,3,driving,21.5,True,2026-03-02 14:08:31.574567,2026-03-02 14:15:56.913918,2026-03-02 14:37:10.118174,7.4,7.2
u20,unpredictable,0,h0133,2026-03-02 14:30:00,14,0,food,False,3,3,driving,31.1,False,2026-03-02 13:58:56.718427,2026-03-02 14:31:03.189311,2026-03-02 15:02:46.988912,32.1,32.8
u01,overbooked,1,h0386,2026-03-02 16:00:00,16,0,coffee,False,7,3,driving,23.6,True,2026-03-02 15:36:25.581415,2026-03-02 15:56:15.860711,2026-03-02 16:18:55.570890,19.8,18.9
u09,morning_struggler,1,h0386,2026-03-02 16:00:00,16,0,coffee,False,7,3,cycling,20.2,False,2026-03-02 15:39:49.504567,2026-03-02 15:43:02.015972,2026-03-02 16:04:30.918727,3.2,4.5
u17,unpredictable,1,h0386,2026-03-02 16:00:00,16,0,coffee,False,7,3,driving,22.9,True,2026-03-02 15:37:08.993223,2026-03-02 15:48:26.277210,2026-03-02 16:10:28.782386,11.3,10.5
u03,improving,3,h0871,2026-03-02 18:30:00,18,0,party,False,7,6,driving,39.7,False,2026-03-02 17:50:17.110405,2026-03-02 18:01:26.807951,2026-03-02 18:40:58.139316,11.2,11.0
u07,unpredictable,3,h0871,2026-03-02 18:30:00,18,0,party,False,7,6,driving,30.3,True,2026-03-02 17:59:39.344659,2026-03-02 18:25:26.167243,2026-03-02 18:52:49.692429,25.8,22.8
u11,always_early,3,h0871,2026-03-02 18:30:00,18,0,party,False,7,6,driving,11.0,False,2026-03-02 18:18:58.512377,2026-03-02 18:19:34.582946,2026-03-02 18:30:23.765715,0.6,0.4
u15,morning_struggler,3,h0871,2026-03-02 18:30:00,18,0,party,False,7,6,walking,15.6,False,2026-03-02 18:14:22.216890,2026-03-02 18:20:46.298408,2026-03-02 18:37:21.318248,6.4,7.4
u19,punctual,3,h0871,2026-03-02 18:30:00,18,0,party,False,7,6,driving,27.1,False,2026-03-02 18:02:53.819905,2026-03-02 18:06:57.077878,2026-03-02 18:36:25.427383,4.1,6.4
u23,chronically_late,3,h0871,2026-03-02 18:30:00,18,0,party,False,7,6,walking,14.1,True,2026-03-02 18:15:54.341717,2026-03-02 18:36:19.878827,2026-03-02 18:52:00.033170,20.4,22.0
u01,overbooked,1,h0385,2026-03-02 20:00:00,20,0,coffee,False,3,4,driving,36.9,False,2026-03-02 19:23:06.992430,2026-03-02 19:32:18.954504,2026-03-02 20:10:04.725748,9.2,10.1
u05,chronically_late,1,h0385,2026-03-02 20:00:00,20,0,coffee,False,3,4,cycling,9.3,False,2026-03-02 19:50:44.849537,2026-03-02 20:00:56.579190,2026-03-02 20:09:38.445259,10.2,9.6
u13,rain_hater,1,h0385,2026-03-02 20:00:00,20,0,coffee,False,3,4,driving,32.7,True,2026-03-02 19:27:15.074377,2026-03-02 19:32:52.404107,2026-03-02 20:03:09.875759,5.6,3.2
u17,unpredictable,1,h0385,2026-03-02 20:00:00,20,0,coffee,False,3,4,driving,27.6,True,2026-03-02 19:32:24.590516,2026-03-02 19:36:15.825827,2026-03-02 20:03:11.139785,3.9,3.2
u00,overbooked,0,h0134,2026-03-02 22:00:00,22,0,study,False,6,6,cycling,6.5,True,2026-03-02 21:53:30.928217,2026-03-02 22:09:53.351135,2026-03-02 22:17:14.304508,16.4,17.2
u04,morning_struggler,0,h0134,2026-03-02 22:00:00,22,0,study,False,6,6,walking,5.5,False,2026-03-02 21:54:28.225078,2026-03-02 21:55:00.206379,2026-03-02 22:00:20.032351,0.5,0.3
u08,chronically_late,0,h0134,2026-03-02 22:00:00,22,0,study,False,6,6,driving,38.0,False,2026-03-02 21:22:01.139443,2026-03-02 21:38:24.548703,2026-03-02 22:15:21.819864,16.4,15.4
u12,improving,0,h0134,2026-03-02 22:00:00,22,0,study,False,6,6,walking,6.3,False,2026-03-02 21:53:43.232949,2026-03-02 22:06:18.652242,2026-03-02 22:12:05.801413,12.6,12.1
u16,rain_hater,0,h0134,2026-03-02 22:00:00,22,0,study,False,6,6,driving,18.0,True,2026-03-02 21:42:02.451630,2026-03-02 21:47:51.266963,2026-03-02 22:07:11.700598,5.8,7.2
u20,unpredictable,0,h0134,2026-03-02 22:00:00,22,0,study,False,6,6,driving,40.0,False,2026-03-02 21:20:01.134863,2026-03-02 21:28:17.212217,2026-03-02 22:04:53.304568,8.3,4.9
u01,overbooked,1,h0387,2026-03-03 14:30:00,14,1,party,True,4,6,driving,31.8,False,2026-03-03 13:58:11.605554,2026-03-03 14:18:48.477487,2026-03-03 14:57:09.341352,20.6,27.2
u05,chronically_late,1,h0387,2026-03-03 14:30:00,14,1,party,True,4,6,cycling,13.9,True,2026-03-03 14:16:05.298123,2026-03-03 14:31:34.975118,2026-03-03 14:48:58.357061,15.5,19.0
u09,morning_struggler,1,h0387,2026-03-03 14:30:00,14,1,party,True,4,6,cycling,13.2,True,2026-03-03 14:16:45.876936,2026-03-03 14:25:29.902385,2026-03-03 14:38:37.473571,8.7,8.6
u13,rain_hater,1,h0387,2026-03-03 14:30:00,14,1,party,True,4,6,driving,13.2,False,2026-03-03 14:16:48.607146,2026-03-03 14:30:06.122097,2026-03-03 14:44:22.207671,13.3,14.4
u17,unpredictable,1,h0387,2026-03-03 14:30:00,14,1,party,True,4,6,driving,30.0,True,2026-03-03 14:00:00.313050,2026-03-03 14:17:01.337946,2026-03-03 14:54:56.604322,17.0,24.9
u21,always_early,1,h0387,2026-03-03 14:30:00,14,1,party,True,4,6,driving,19.3,True,2026-03-03 14:10:43.623879,2026-03-03 14:17:57.348602,2026-03-03 14:40:21.178295,7.2,10.4
u03,improving,3,h0872,2026-03-03 17:00:00,17,1,sports,True,6,6,driving,25.5,False,2026-03-03 16:34:29.744628,2026-03-03 16:47:28.923511,2026-03-03 17:18:37.015619,13.0,18.6
u07,unpredictable,3,h0872,2026-03-03 17:00:00,17,1,sports,True,6,6,driving,29.3,False,2026-03-03 16:30:40.891114,2026-03-03 16:39:10.084336,2026-03-03 17:11:30.578007,8.5,11.5
u11,always_early,3,h0872,2026-03-03 17:00:00,17,1,sports,True,6,6,driving,38.0,True,2026-03-03 16:22:01.681894,2026-03-03 16:25:32.404645,2026-03-03 17:12:08.251272,3.5,12.1
u15,morning_struggler,3,h0872,2026-03-03 17:00:00,17,1,sports,True,6,6,walking,18.2,True,2026-03-03 16:41:49.113945,2026-03-03 16:48:33.994978,2026-03-03 17:09:52.248293,6.7,9.9
u19,punctual,3,h0872,2026-03-03 17:00:00,17,1,sports,True,6,6,driving,37.9,False,2026-03-03 16:22:04.948449,2026-03-03 16:25:20.566648,2026-03-03 17:13:01.105400,3.3,13.0
u23,chronically_late,3,h0872,2026-03-03 17:00:00,17,1,sports,True,6,6,walking,24.2,False,2026-03-03 16:35:48.223279,2026-03-03 16:46:24.483967,2026-03-03 17:13:49.300983,10.6,13.8
u02,improving,2,h0624,2026-03-04 12:30:00,12,2,study,False,6,4,walking,6.2,True,2026-03-04 12:23:46.600387,2026-03-04 12:37:06.046281,2026-03-04 12:43:38.303598,13.3,13.6
u14,punctual,2,h0624,2026-03-04 12:30:00,12,2,study,False,6,4,walking,12.0,False,2026-03-04 12:18:02.344641,2026-03-04 12:19:01.818425,2026-03-04 12:30:06.192129,1.0,0.1
u18,always_early,2,h0624,2026-03-04 12:30:00,12,2,study,False,6,4,cycling,21.8,False,2026-03-04 12:08:11.674834,2026-03-04 12:05:29.674739,2026-03-04 12:27:09.322055,-2.7,-2.8
u22,rain_hater,2,h0624,2026-03-04 12:30:00,12,2,study,False,6,4,walking,13.4,False,2026-03-04 12:16:35.787867,2026-03-04 12:18:34.949491,2026-03-04 12:32:00.585137,2.0,2.0
u00,overbooked,0,h0136,2026-03-04 17:30:00,17,2,party,False,5,3,cycling,6.7,True,2026-03-04 17:23:15.856235,2026-03-04 17:42:36.610034,2026-03-04 17:49:16.340295,19.3,19.3
u04,morning_struggler,0,h0136,2026-03-04 17:30:00,17,2,party,False,5,3,walking,16.2,False,2026-03-04 17:13:47.280630,2026-03-04 17:21:02.745539,2026-03-04 17:38:20.384726,7.3,8.3
u20,unpredictable,0,h0136,2026-03-04 17:30:00,17,2,party,False,5,3,driving,32.8,False,2026-03-04 16:57:14.208458,2026-03-04 17:02:42.688227,2026-03-04 17:33:08.957374,5.5,3.1
u01,overbooked,1,h0388,2026-03-04 20:00:00,20,2,coffee,False,6,6,driving,16.1,True,2026-03-04 19:43:54.263274,2026-03-04 20:06:46.268047,2026-03-04 20:23:09.109297,22.9,23.2
u05,chronically_late,1,h0388,2026-03-04 20:00:00,20,2,coffee,False,6,6,cycling,21.1,False,2026-03-04 19:38:56.359125,2026-03-04 19:51:26.691658,2026-03-04 20:11:00.602311,12.5,11.0
u09,morning_struggler,1,h0388,2026-03-04 20:00:00,20,2,coffee,False,6,6,cycling,11.8,False,2026-03-04 19:48:12.159708,2026-03-04 19:49:34.809695,2026-03-04 20:02:31.265399,1.4,2.5
u13,rain_hater,1,h0388,2026-03-04 20:00:00,20,2,coffee,False,6,6,driving,38.8,True,2026-03-04 19:21:14.840816,2026-03-04 19:28:34.912509,2026-03-04 20:03:44.390468,7.3,3.7
u17,unpredictable,1,h0388,2026-03-04 20:00:00,20,2,coffee,False,6,6,driving,19.7,False,2026-03-04 19:40:20.207885,2026-03-04 19:39:21.551841,2026-03-04 19:58:14.648118,-1.0,-1.8
u21,always_early,1,h0388,2026-03-04 20:00:00,20,2,coffee,False,6,6,driving,19.0,False,2026-03-04 19:41:01.678312,2026-03-04 19:39:25.724087,2026-03-04 20:00:25.105396,-1.6,0.4
u00,overbooked,0,h0135,2026-03-04 20:30:00,20,2,coffee,False,7,4,cycling,12.5,False,2026-03-04 20:17:32.241593,2026-03-04 20:22:26.400545,2026-03-04 20:33:58.733280,4.9,4.0
u07,unpredictable,3,h0873,2026-03-04 20:30:00,20,2,party,False,4,5,driving,8.9,False,2026-03-04 20:21:08.309379,2026-03-04 20:32:47.786755,2026-03-04 20:41:41.612388,11.7,11.7
u11,always_early,3,h0873,2026-03-04 20:30:00,20,2,party,False,4,5,driving,19.8,False,2026-03-04 20:10:09.834087,2026-03-04 20:09:34.534078,2026-03-04 20:31:23.142165,-0.6,1.4
u12,improving,0,h0135,2026-03-04 20:30:00,20,2,coffee,False,7,4,walking,15.1,True,2026-03-04 20:14:52.232027,2026-03-04 20:31:03.484275,2026-03-04 20:45:42.877889,16.2,15.7
u15,morning_struggler,3,h0873,2026-03-04 20:30:00,20,2,party,False,4,5,walking,5.2,True,2026-03-04 20:24:46.029059,2026-03-04 20:31:04.471279,2026-03-04 20:36:04.544430,6.3,6.1
u16,rain_hater,0,h0135,2026-03-04 20:30:00,20,2,coffee,False,7,4,driving,24.8,False,2026-03-04 20:05:12.638382,2026-03-04 20:06:52.109029,2026-03-04 20:32:24.378039,1.7,2.4
u19,punctual,3,h0873,2026-03-04 20:30:00,20,2,party,False,4,5,driving,17.2,False,2026-03-04 20:12:48.625589,2026-03-04 20:16:06.329991,2026-03-04 20:32:43.592240,3.3,2.7
u20,unpredictable,0,h0135,2026-03-04 20:30:00,20,2,coffee,False,7,4,driving,8.8,True,2026-03-04 20:21:09.693150,2026-03-04 20:46:04.922504,2026-03-04 20:54:48.779455,24.9,24.8
u23,chronically_late,3,h0873,2026-03-04 20:30:00,20,2,party,False,4,5,walking,6.6,False,2026-03-04 20:23:25.849548,2026-03-04 20:38:26.400388,2026-03-04 20:45:58.908355,15.0,16.0
u02,improving,2,h0623,2026-03-04 21:00:00,21,2,sports,False,1,4,walking,20.6,False,2026-03-04 20:39:21.951756,2026-03-04 20:49:18.542759,2026-03-04 21:12:06.767193,9.9,12.1
u06,overbooked,2,h0623,2026-03-04 21:00:00,21,2,sports,False,1,4,driving,37.5,True,2026-03-04 20:22:27.572481,2026-03-04 20:38:22.730016,2026-03-04 21:19:21.304319,15.9,19.4
u18,always_early,2,h0623,2026-03-04 21:00:00,21,2,sports,False,1,4,cycling,6.2,False,2026-03-04 20:53:48.053765,2026-03-04 20:49:44.420320,2026-03-04 20:55:29.085840,-4.1,-4.5
u22,rain_hater,2,h0623,2026-03-04 21:00:00,21,2,sports,False,1,4,walking,22.0,False,2026-03-04 20:37:58.357787,2026-03-04 20:48:22.567785,2026-03-04 21:10:10.193962,10.4,10.2
u03,improving,3,h0874,2026-03-05 19:30:00,19,3,study,False,5,4,driving,39.4,True,2026-03-05 18:50:33.275291,2026-03-05 19:11:11.664102,2026-03-05 19:52:40.552821,20.6,22.7
u07,unpredictable,3,h0874,2026-03-05 19:30:00,19,3,study,False,5,4,driving,17.8,False,2026-03-05 19:12:10.780299,2026-03-05 19:34:50.664970,2026-03-05 19:51:40.723588,22.7,21.7
u15,morning_struggler,3,h0874,2026-03-05 19:30:00,19,3,study,False,5,4,walking,8.8,False,2026-03-05 19:21:11.712916,2026-03-05 19:22:30.267809,2026-03-05 19:31:35.336105,1.3,1.6
u23,chronically_late,3,h0874,2026-03-05 19:30:00,19,3,study,False,5,4,walking,8.0,True,2026-03-05 19:22:02.660734,2026-03-05 19:32:02.672239,2026-03-05 19:39:31.360800,10.0,9.5
u03,improving,3,h0875,2026-03-06 14:30:00,14,4,sports,False,3,3,driving,11.8,False,2026-03-06 14:18:09.373615,2026-03-06 14:30:20.505096,2026-03-06 14:41:20.717645,12.2,11.3
u15,morning_struggler,3,h0875,2026-03-06 14:30:00,14,4,sports,False,3,3,walking,6.7,False,2026-03-06 14:23:16.732197,2026-03-06 14:23:53.017813,2026-03-06 14:30:22.391124,0.6,0.4
u23,chronically_late,3,h0875,2026-03-06 14:30:00,14,4,sports,False,3,3,walking,7.1,False,2026-03-06 14:22:51.457328,2026-03-06 14:33:44.667810,2026-03-06 14:41:47.528834,10.9,11.8
u06,overbooked,2,h0626,2026-03-06 16:30:00,16,4,party,True,2,5,driving,11.0,False,2026-03-06 16:18:57.194168,2026-03-06 16:25:39.201801,2026-03-06 16:38:10.571346,6.7,8.2
u10,punctual,2,h0626,2026-03-06 16:30:00,16,4,party,True,2,5,cycling,23.4,False,2026-03-06 16:06:35.251443,2026-03-06 16:11:22.704376,2026-03-06 16:39:41.166733,4.8,9.7
u14,punctual,2,h0626,2026-03-06 16:30:00,16,4,party,True,2,5,walking,13.6,False,2026-03-06 16:16:24.050843,2026-03-06 16:20:53.061895,2026-03-06 16:36:03.376296,4.5,6.1
u18,always_early,2,h0626,2026-03-06 16:30:00,16,4,party,True,2,5,cycling,7.1,False,2026-03-06 16:22:53.505439,2026-03-06 16:25:12.272943,2026-03-06 16:33:20.877356,2.3,3.3
u22,rain_hater,2,h0626,2026-03-06 16:30:00,16,4,party,True,2,5,walking,13.8,True,2026-03-06 16:16:10.224472,2026-03-06 16:39:34.588274,2026-03-06 16:56:21.465520,23.4,26.4
u06,overbooked,2,h0625,2026-03-06 18:00:00,18,4,party,True,7,3,driving,16.0,False,2026-03-06 17:44:02.872169,2026-03-06 17:51:34.072418,2026-03-06 18:09:26.106616,7.5,9.4
u10,punctual,2,h0625,2026-03-06 18:00:00,18,4,party,True,7,3,cycling,18.8,False,2026-03-06 17:41:14.022741,2026-03-06 17:49:44.090420,2026-03-06 18:10:40.524018,8.5,10.7
u18,always_early,2,h0625,2026-03-06 18:00:00,18,4,party,True,7,3,cycling,20.6,False,2026-03-06 17:39:21.611515,2026-03-06 17:44:00.362853,2026-03-06 18:05:02.136947,4.6,5.0
u04,morning_struggler,0,h0137,2026-03-07 14:00:00,14,5,study,False,6,5,walking,8.3,False,2026-03-07 13:51:44.186212,2026-03-07 13:52:50.306846,2026-03-07 14:00:17.794822,1.1,0.3
u08,chronically_late,0,h0137,2026-03-07 14:00:00,14,5,study,False,6,5,driving,37.3,False,2026-03-07 13:22:42.437881,2026-03-07 13:38:02.985993,2026-03-07 14:14:17.193723,15.3,14.3
u12,improving,0,h0137,2026-03-07 14:00:00,14,5,study,False,6,5,walking,11.6,False,2026-03-07 13:48:23.618537,2026-03-07 13:56:31.460008,2026-03-07 14:07:21.715044,8.1,7.4
u16,rain_hater,0,h0137,2026-03-07 14:00:00,14,5,study,False,6,5,driving,22.1,False,2026-03-07 13:37:53.199591,2026-03-07 13:38:48.069284,2026-03-07 14:03:25.847621,0.9,3.4
u20,unpredictable,0,h0137,2026-03-07 14:00:00,14,5,study,False,6,5,driving,35.7,False,2026-03-07 13:24:16.750515,2026-03-07 13:31:27.237600,2026-03-07 14:05:24.759403,7.2,5.4
u02,improving,2,h0627,2026-03-07 14:30:00,14,5,coffee,False,6,3,walking,22.5,True,2026-03-07 14:07:27.792968,2026-03-07 14:23:29.441941,2026-03-07 14:44:31.531159,16.0,14.5
u18,always_early,2,h0627,2026-03-07 14:30:00,14,5,coffee,False,6,3,cycling,7.0,False,2026-03-07 14:22:57.097257,2026-03-07 14:20:59.382796,2026-03-07 14:28:37.137425,-2.0,-1.4
u22,rain_hater,2,h0627,2026-03-07 14:30:00,14,5,coffee,False,6,3,walking,20.5,False,2026-03-07 14:09:32.431864,2026-03-07 14:11:52.683009,2026-03-07 14:35:12.566187,2.3,5.2
u02,improving,2,h0628,2026-03-08 19:00:00,19,6,party,False,5,6,walking,23.2,True,2026-03-08 18:36:47.521710,2026-03-08 18:53:16.068209,2026-03-08 19:16:10.036842,16.5,16.2
u06,overbooked,2,h0628,2026-03-08 19:00:00,19,6,party,False,5,6,driving,35.6,True,2026-03-08 18:24:26.318817,2026-03-08 18:44:05.856994,2026-03-08 19:23:38.528342,19.7,23.6
u10,punctual,2,h0628,2026-03-08 19:00:00,19,6,party,False,5,6,cycling,23.7,False,2026-03-08 18:36:20.912063,2026-03-08 18:42:27.432275,2026-03-08 19:08:37.403231,6.1,8.6
u14,punctual,2,h0628,2026-03-08 19:00:00,19,6,party,False,5,6,walking,20.4,False,2026-03-08 18:39:35.642606,2026-03-08 18:44:57.757116,2026-03-08 19:03:54.348952,5.4,3.9
u18,always_early,2,h0628,2026-03-08 19:00:00,19,6,party,False,5,6,cycling,23.0,False,2026-03-08 18:37:02.021302,2026-03-08 18:37:17.300179,2026-03-08 19:02:06.414528,0.3,2.1
u22,rain_hater,2,h0628,2026-03-08 19:00:00,19,6,party,False,5,6,walking,6.8,False,2026-03-08 18:53:13.395150,2026-03-08 18:57:19.053440,2026-03-08 19:04:22.529740,4.1,4.4
u02,improving,2,h0631,2026-03-09 08:30:00,8,0,sports,True,5,4,walking,13.2,False,2026-03-09 08:16:50.861548,2026-03-09 08:33:48.238822,2026-03-09 08:48:40.497241,17.0,18.7
u06,overbooked,2,h0631,2026-03-09 08:30:00,8,0,sports,True,5,4,driving,24.5,True,2026-03-09 08:05:27.009544,2026-03-09 08:34:13.808754,2026-03-09 09:04:24.330608,28.8,34.4
u10,punctual,2,h0631,2026-03-09 08:30:00,8,0,sports,True,5,4,cycling,17.1,False,2026-03-09 08:12:55.979619,2026-03-09 08:18:52.052395,2026-03-09 08:37:21.184422,5.9,7.4
u18,always_early,2,h0631,2026-03-09 08:30:00,8,0,sports,True,5,4,cycling,18.5,False,2026-03-09 08:11:28.343172,2026-03-09 08:14:58.649205,2026-03-09 08:37:37.967769,3.5,7.6
u14,punctual,2,h0629,2026-03-09 14:30:00,14,0,sports,False,6,3,walking,24.1,False,2026-03-09 14:05:55.702464,2026-03-09 14:08:53.521621,2026-03-09 14:31:28.658915,3.0,1.5
u18,always_early,2,h0629,2026-03-09 14:30:00,14,0,sports,False,6,3,cycling,21.3,False,2026-03-09 14:08:40.354758,2026-03-09 14:05:47.212835,2026-03-09 14:26:38.908184,-2.9,-3.4
u22,rain_hater,2,h0629,2026-03-09 14:30:00,14,0,sports,False,6,3,walking,11.1,False,2026-03-09 14:18:54.534834,2026-03-09 14:21:24.683219,2026-03-09 14:32:36.054188,2.5,2.6
u00,overbooked,0,h0138,2026-03-09 19:00:00,19,0,sports,False,4,5,cycling,6.5,False,2026-03-09 18:53:27.688102,2026-03-09 18:59:35.400200,2026-03-09 19:05:35.815330,6.1,5.6
u04,morning_struggler,0,h0138,2026-03-09 19:00:00,19,0,sports,False,4,5,walking,21.7,False,2026-03-09 18:38:18.692697,2026-03-09 18:41:46.418393,2026-03-09 19:06:03.228952,3.5,6.1
u08,chronically_late,0,h0138,2026-03-09 19:00:00,19,0,sports,False,4,5,driving,16.6,True,2026-03-09 18:43:24.453797,2026-03-09 19:03:07.755816,2026-03-09 19:22:06.190182,19.7,22.1
u16,rain_hater,0,h0138,2026-03-09 19:00:00,19,0,sports,False,4,5,driving,11.5,False,2026-03-09 18:48:28.473513,2026-03-09 18:50:59.266920,2026-03-09 19:01:33.539753,2.5,1.6
u20,unpredictable,0,h0138,2026-03-09 19:00:00,19,0,sports,False,4,5,driving,34.0,False,2026-03-09 18:25:59.985083,2026-03-09 18:30:18.861010,2026-03-09 19:05:12.923829,4.3,5.2
u03,improving,3,h0876,2026-03-09 20:00:00,20,0,party,False,7,3,driving,25.9,False,2026-03-09 19:34:05.014439,2026-03-09 19:45:06.763965,2026-03-09 20:13:31.500105,11.0,13.5
u15,morning_struggler,3,h0876,2026-03-09 20:00:00,20,0,party,False,7,3,walking,17.4,False,2026-03-09 19:42:36.903315,2026-03-09 19:49:03.477830,2026-03-09 20:06:08.415631,6.4,6.1
u19,punctual,3,h0876,2026-03-09 20:00:00,20,0,party,False,7,3,driving,29.8,False,2026-03-09 19:30:14.897458,2026-03-09 19:34:13.009615,2026-03-09 20:04:29.253059,4.0,4.5
u02,improving,2,h0630,2026-03-09 21:00:00,21,0,coffee,False,3,4,walking,18.4,False,2026-03-09 20:41:36.161020,2026-03-09 20:59:04.752191,2026-03-09 21:16:48.362023,17.5,16.8
u10,punctual,2,h0630,2026-03-09 21:00:00,21,0,coffee,False,3,4,cycling,15.0,True,2026-03-09 20:44:59.817110,2026-03-09 20:48:03.023997,2026-03-09 21:04:43.590008,3.1,4.7
u14,punctual,2,h0630,2026-03-09 21:00:00,21,0,coffee,False,3,4,walking,14.3,False,2026-03-09 20:45:40.515719,2026-03-09 20:48:41.962310,2026-03-09 21:04:45.680033,3.0,4.8
u18,always_early,2,h0630,2026-03-09 21:00:00,21,0,coffee,False,3,4,cycling,12.6,False,2026-03-09 20:47:24.157469,2026-03-09 20:44:46.001891,2026-03-09 20:58:29.194534,-2.6,-1.5
u00,overbooked,0,h0139,2026-03-10 10:30:00,10,1,coffee,True,4,5,cycling,11.7,True,2026-03-10 10:18:18.555761,2026-03-10 10:36:38.326568,2026-03-10 10:50:44.525291,18.3,20.7
u04,morning_struggler,0,h0139,2026-03-10 10:30:00,10,1,coffee,True,4,5,walking,6.1,False,2026-03-10 10:23:51.236455,2026-03-10 10:29:51.027246,2026-03-10 10:36:30.812654,6.0,6.5
u12,improving,0,h0139,2026-03-10 10:30:00,10,1,coffee,True,4,5,walking,16.3,False,2026-03-10 10:13:44.966255,2026-03-10 10:21:29.469144,2026-03-10 10:38:41.223493,7.7,8.7
u16,rain_hater,0,h0139,2026-03-10 10:30:00,10,1,coffee,True,4,5,driving,29.1,False,2026-03-10 10:00:54.712193,2026-03-10 10:13:26.951167,2026-03-10 10:46:28.519816,12.5,16.5
u20,unpredictable,0,h0139,2026-03-10 10:30:00,10,1,coffee,True,4,5,driving,10.8,False,2026-03-10 10:19:14.189425,2026-03-10 10:28:18.296588,2026-03-10 10:41:23.565832,9.1,11.4
u01,overbooked,1,h0389,2026-03-11 12:00:00,12,2,party,False,2,4,driving,12.8,False,2026-03-11 11:47:10.476448,2026-03-11 11:53:44.766045,2026-03-11 12:08:01.417147,6.6,8.0
u09,morning_struggler,1,h0389,2026-03-11 12:00:00,12,2,party,False,2,4,cycling,24.7,True,2026-03-11 11:35:17.301844,2026-03-11 11:41:49.098882,2026-03-11 12:09:18.668832,6.5,9.3
u17,unpredictable,1,h0389,2026-03-11 12:00:00,12,2,party,False,2,4,driving,37.0,False,2026-03-11 11:22:57.691552,2026-03-11 11:25:59.623581,2026-03-11 12:06:20.192653,3.0,6.3
u21,always_early,1,h0389,2026-03-11 12:00:00,12,2,party,False,2,4,driving,37.5,False,2026-03-11 11:22:30.667056,2026-03-11 11:23:50.375775,2026-03-11 11:58:00.083450,1.3,-2.0
u02,improving,2,h0633,2026-03-11 14:00:00,14,2,sports,True,3,6,walking,18.0,False,2026-03-11 13:41:57.957718,2026-03-11 14:00:19.599799,2026-03-11 14:20:28.994177,18.4,20.5
u06,overbooked,2,h0633,2026-03-11 14:00:00,14,2,sports,True,3,6,driving,20.5,False,2026-03-11 13:39:30.424609,2026-03-11 13:45:03.350078,2026-03-11 14:07:45.253389,5.5,7.8
u10,punctual,2,h0633,2026-03-11 14:00:00,14,2,sports,True,3,6,cycling,22.1,True,2026-03-11 13:37:51.291241,2026-03-11 13:46:49.282604,2026-03-11 14:14:46.567833,9.0,14.8
u14,punctual,2,h0633,2026-03-11 14:00:00,14,2,sports,True,3,6,walking,17.1,False,2026-03-11 13:42:51.125353,2026-03-11 13:51:12.233830,2026-03-11 14:11:09.848217,8.4,11.2
u18,always_early,2,h0633,2026-03-11 14:00:00,14,2,sports,True,3,6,cycling,16.0,False,2026-03-11 13:43:58.062580,2026-03-11 13:42:46.673875,2026-03-11 13:59:35.268735,-1.2,-0.4
u22,rain_hater,2,h0633,2026-03-11 14:00:00,14,2,sports,True,3,6,walking,20.9,False,2026-03-11 13:39:05.508320,2026-03-11 14:00:41.566216,2026-03-11 14:25:29.063217,21.6,25.5
u02,improving,2,h0632,2026-03-11 20:30:00,20,2,study,False,6,6,walking,15.1,False,2026-03-11 20:14:56.333240,2026-03-11 20:21:01.003312,2026-03-11 20:37:37.787673,6.1,7.6
u06,overbooked,2,h0632,2026-03-11 20:30:00,20,2,study,False,6,6,driving,26.0,False,2026-03-11 20:03:58.240084,2026-03-11 20:06:47.966514,2026-03-11 20:30:48.807265,2.8,0.8
u10,punctual,2,h0632,2026-03-11 20:30:00,20,2,study,False,6,6,cycling,6.9,False,2026-03-11 20:23:03.864698,2026-03-11 20:23:30.555105,2026-03-11 20:31:17.475156,0.4,1.3
u14,punctual,2,h0632,2026-03-11 20:30:00,20,2,study,False,6,6,walking,12.3,False,2026-03-11 20:17:39.878459,2026-03-11 20:19:15.606971,2026-03-11 20:32:42.400675,1.6,2.7
u18,always_early,2,h0632,2026-03-11 20:30:00,20,2,study,False,6,6,cycling,11.6,False,2026-03-11 20:18:26.391110,2026-03-11 20:15:49.576285,2026-03-11 20:26:44.423511,-2.6,-3.3
u22,rain_hater,2,h0632,2026-03-11 20:30:00,20,2,study,False,6,6,walking,8.5,False,2026-03-11 20:21:31.312709,2026-03-11 20:25:19.444926,2026-03-11 20:34:16.813206,3.8,4.3
u01,overbooked,1,h0391,2026-03-12 08:30:00,8,3,party,False,4,6,driving,28.6,True,2026-03-12 08:01:26.521751,2026-03-12 08:23:56.187331,2026-03-12 08:51:27.135501,22.5,21.5
u05,chronically_late,1,h0391,2026-03-12 08:30:00,8,3,party,False,4,6,cycling,16.1,False,2026-03-12 08:13:55.640854,2026-03-12 08:34:37.881702,2026-03-12 08:49:18.192187,20.7,19.3
u09,morning_struggler,1,h0391,2026-03-12 08:30:00,8,3,party,False,4,6,cycling,16.9,True,2026-03-12 08:13:08.653580,2026-03-12 08:37:14.733783,2026-03-12 08:56:09.190764,24.1,26.2
u13,rain_hater,1,h0391,2026-03-12 08:30:00,8,3,party,False,4,6,driving,17.0,True,2026-03-12 08:12:57.678471,2026-03-12 08:24:19.254424,2026-03-12 08:41:39.417206,11.4,11.7
u17,unpredictable,1,h0391,2026-03-12 08:30:00,8,3,party,False,4,6,driving,18.8,False,2026-03-12 08:11:13.116961,2026-03-12 08:24:02.521192,2026-03-12 08:44:25.290965,12.8,14.4
u21,always_early,1,h0391,2026-03-12 08:30:00,8,3,party,False,4,6,driving,27.2,False,2026-03-12 08:02:45.758392,2026-03-12 08:05:23.112860,2026-03-12 08:32:28.545632,2.6,2.5
u11,always_early,3,h0878,2026-03-12 14:30:00,14,3,food,False,4,4,driving,12.0,False,2026-03-12 14:18:01.615421,2026-03-12 14:14:43.265635,2026-03-12 14:26:56.978757,-3.3,-3.1
u15,morning_struggler,3,h0878,2026-03-12 14:30:00,14,3,food,False,4,4,walking,23.6,False,2026-03-12 14:06:26.680128,2026-03-12 14:14:34.744084,2026-03-12 14:36:45.571431,8.1,6.8
u19,punctual,3,h0878,2026-03-12 14:30:00,14,3,food,False,4,4,driving,37.6,False,2026-03-12 13:52:26.759464,2026-03-12 13:53:36.367525,2026-03-12 14:32:09.907612,1.2,2.2
u23,chronically_late,3,h0878,2026-03-12 14:30:00,14,3,food,False,4,4,walking,10.5,False,2026-03-12 14:19:30.010901,2026-03-12 14:26:53.566593,2026-03-12 14:37:17.915026,7.4,7.3
u01,overbooked,1,h0390,2026-03-12 20:00:00,20,3,food,False,0,6,driving,38.4,False,2026-03-12 19:21:36.489326,2026-03-12 19:22:20.932902,2026-03-12 19:58:36.270222,0.7,-1.4
u05,chronically_late,1,h0390,2026-03-12 20:00:00,20,3,food,False,0,6,cycling,19.4,True,2026-03-12 19:40:38.117237,2026-03-12 19:52:44.091552,2026-03-12 20:12:03.740157,12.1,12.1
u09,morning_struggler,1,h0390,2026-03-12 20:00:00,20,3,food,False,0,6,cycling,15.3,True,2026-03-12 19:44:43.743285,2026-03-12 19:51:23.707209,2026-03-12 20:07:16.737253,6.7,7.3
u13,rain_hater,1,h0390,2026-03-12 20:00:00,20,3,food,False,0,6,driving,20.9,True,2026-03-12 19:39:03.348674,2026-03-12 19:42:14.983100,2026-03-12 20:05:38.094502,3.2,5.6
u17,unpredictable,1,h0390,2026-03-12 20:00:00,20,3,food,False,0,6,driving,33.2,False,2026-03-12 19:26:46.929672,2026-03-12 19:23:40.646421,2026-03-12 19:58:18.414735,-3.1,-1.7
u21,always_early,1,h0390,2026-03-12 20:00:00,20,3,food,False,0,6,driving,11.2,False,2026-03-12 19:48:45.359841,2026-03-12 19:45:06.001845,2026-03-12 19:55:29.170839,-3.7,-4.5
u07,unpredictable,3,h0877,2026-03-12 22:30:00,22,3,study,False,0,5,driving,13.2,False,2026-03-12 22:16:50.194929,2026-03-12 22:17:26.198341,2026-03-12 22:29:29.808710,0.6,-0.5
u11,always_early,3,h0877,2026-03-12 22:30:00,22,3,study,False,0,5,driving,13.6,False,2026-03-12 22:16:26.936223,2026-03-12 22:10:58.649552,2026-03-12 22:23:46.137489,-5.5,-6.2
u15,morning_struggler,3,h0877,2026-03-12 22:30:00,22,3,study,False,0,5,walking,24.8,False,2026-03-12 22:05:13.768568,2026-03-12 22:03:31.255006,2026-03-12 22:26:04.683823,-1.7,-3.9
u19,punctual,3,h0877,2026-03-12 22:30:00,22,3,study,False,0,5,driving,32.2,True,2026-03-12 21:57:45.235050,2026-03-12 22:03:22.976401,2026-03-12 22:38:08.611198,5.6,8.1
u23,chronically_late,3,h0877,2026-03-12 22:30:00,22,3,study,False,0,5,walking,24.9,False,2026-03-12 22:05:03.424695,2026-03-12 22:11:25.870683,2026-03-12 22:35:08.001033,6.4,5.1
u00,overbooked,0,h0140,2026-03-13 10:00:00,10,4,food,False,4,4,cycling,18.9,False,2026-03-13 09:41:05.855400,2026-03-13 09:43:52.303535,2026-03-13 10:04:45.998525,2.8,4.8
u04,morning_struggler,0,h0140,2026-03-13 10:00:00,10,4,food,False,4,4,walking,18.8,False,2026-03-13 09:41:09.744408,2026-03-13 09:43:20.852398,2026-03-13 10:00:27.997814,2.2,0.5
u16,rain_hater,0,h0140,2026-03-13 10:00:00,10,4,food,False,4,4,driving,8.2,False,2026-03-13 09:51:46.396120,2026-03-13 09:54:23.242766,2026-03-13 10:02:10.668185,2.6,2.2
u20,unpredictable,0,h0140,2026-03-13 10:00:00,10,4,food,False,4,4,driving,9.3,False,2026-03-13 09:50:42.370692,2026-03-13 09:55:05.270874,2026-03-13 10:04:14.071629,4.4,4.2
u02,improving,2,h0635,2026-03-14 16:00:00,16,5,coffee,True,3,6,walking,17.0,False,2026-03-14 15:43:00.543415,2026-03-14 15:54:50.277978,2026-03-14 16:13:18.714510,11.8,13.3
u06,overbooked,2,h0635,2026-03-14 16:00:00,16,5,coffee,True,3,6,driving,38.4,False,2026-03-14 15:21:34.474850,2026-03-14 15:25:23.345548,2026-03-14 16:13:26.052159,3.8,13.4
u10,punctual,2,h0635,2026-03-14 16:00:00,16,5,coffee,True,3,6,cycling,16.7,False,2026-03-14 15:43:19.589667,2026-03-14 15:45:16.746034,2026-03-14 16:02:55.867418,2.0,2.9
u14,punctual,2,h0635,2026-03-14 16:00:00,16,5,coffee,True,3,6,walking,5.7,False,2026-03-14 15:54:17.791672,2026-03-14 15:56:27.679708,2026-03-14 16:02:26.635989,2.2,2.4
u18,always_early,2,h0635,2026-03-14 16:00:00,16,5,coffee,True,3,6,cycling,20.4,False,2026-03-14 15:39:38.960905,2026-03-14 15:39:57.093201,2026-03-14 16:05:23.195325,0.3,5.4
u22,rain_hater,2,h0635,2026-03-14 16:00:00,16,5,coffee,True,3,6,walking,5.9,False,2026-03-14 15:54:04.473878,2026-03-14 16:05:03.136258,2026-03-14 16:11:05.514645,11.0,11.1
u03,improving,3,h0879,2026-03-14 17:30:00,17,5,food,False,5,6,driving,29.3,False,2026-03-14 17:00:39.868443,2026-03-14 17:11:14.623046,2026-03-14 17:39:44.553582,10.6,9.7
u07,unpredictable,3,h0879,2026-03-14 17:30:00,17,5,food,False,5,6,driving,15.4,False,2026-03-14 17:14:35.972909,2026-03-14 17:17:13.768688,2026-03-14 17:33:43.634879,2.6,3.7
u11,always_early,3,h0879,2026-03-14 17:30:00,17,5,food,False,5,6,driving,20.1,False,2026-03-14 17:09:54.505677,2026-03-14 17:07:55.119438,2026-03-14 17:29:14.430478,-2.0,-0.8
u15,morning_struggler,3,h0879,2026-03-14 17:30:00,17,5,food,False,5,6,walking,18.4,False,2026-03-14 17:11:33.435186,2026-03-14 17:15:00.815902,2026-03-14 17:32:32.362503,3.5,2.5
u19,punctual,3,h0879,2026-03-14 17:30:00,17,5,food,False,5,6,driving,36.6,False,2026-03-14 16:53:24.770970,2026-03-14 16:55:20.995933,2026-03-14 17:29:05.615697,1.9,-0.9
u23,chronically_late,3,h0879,2026-03-14 17:30:00,17,5,food,False,5,6,walking,7.8,True,2026-03-14 17:22:11.637413,2026-03-14 17:42:20.494898,2026-03-14 17:50:54.257064,20.1,20.9
u02,improving,2,h0634,2026-03-14 21:00:00,21,5,party,False,0,3,walking,16.3,False,2026-03-14 20:43:40.244530,2026-03-14 20:55:12.197687,2026-03-14 21:10:36.886753,11.5,10.6
u10,punctual,2,h0634,2026-03-14 21:00:00,21,5,party,False,0,3,cycling,16.8,True,2026-03-14 20:43:11.546362,2026-03-14 20:51:13.178351,2026-03-14 21:08:24.627340,8.0,8.4
u14,punctual,2,h0634,2026-03-14 21:00:00,21,5,party,False,0,3,walking,23.5,False,2026-03-14 20:36:31.314092,2026-03-14 20:39:03.336826,2026-03-14 21:01:47.277951,2.5,1.8
u03,improving,3,h0880,2026-03-15 11:30:00,11,6,sports,True,0,5,driving,25.9,False,2026-03-15 11:04:05.481213,2026-03-15 11:14:51.321649,2026-03-15 11:47:06.973927,10.8,17.1
u07,unpredictable,3,h0880,2026-03-15 11:30:00,11,6,sports,True,0,5,driving,14.5,True,2026-03-15 11:15:31.762295,2026-03-15 11:21:30.399851,2026-03-15 11:39:47.835794,6.0,9.8
u15,morning_struggler,3,h0880,2026-03-15 11:30:00,11,6,sports,True,0,5,walking,11.7,True,2026-03-15 11:18:16.216269,2026-03-15 11:22:40.948111,2026-03-15 11:35:02.086098,4.4,5.0
u19,punctual,3,h0880,2026-03-15 11:30:00,11,6,sports,True,0,5,driving,30.8,True,2026-03-15 10:59:10.922385,2026-03-15 11:06:27.858887,2026-03-15 11:39:33.752290,7.3,9.6
u23,chronically_late,3,h0880,2026-03-15 11:30:00,11,6,sports,True,0,5,walking,21.0,True,2026-03-15 11:09:02.067037,2026-03-15 11:23:03.928181,2026-03-15 11:45:41.096176,14.0,15.7
u05,chronically_late,1,h0392,2026-03-15 18:00:00,18,6,study,False,5,4,cycling,6.4,False,2026-03-15 17:53:34.074732,2026-03-15 18:03:42.426796,2026-03-15 18:10:03.240416,10.1,10.1
u13,rain_hater,1,h0392,2026-03-15 18:00:00,18,6,study,False,5,4,driving,26.5,False,2026-03-15 17:33:32.068841,2026-03-15 17:36:25.852704,2026-03-15 18:04:52.244161,2.9,4.9
u17,unpredictable,1,h0392,2026-03-15 18:00:00,18,6,study,False,5,4,driving,25.5,False,2026-03-15 17:34:27.345060,2026-03-15 17:40:44.342685,2026-03-15 18:04:04.356073,6.3,4.1
u21,always_early,1,h0392,2026-03-15 18:00:00,18,6,study,False,5,4,driving,8.1,False,2026-03-15 17:51:51.886222,2026-03-15 17:49:31.297559,2026-03-15 17:58:07.508956,-2.3,-1.9
u02,improving,2,h0636,2026-03-15 18:30:00,18,6,food,True,1,6,walking,13.0,False,2026-03-15 18:16:59.157777,2026-03-15 18:26:43.175122,2026-03-15 18:42:37.883071,9.7,12.6
u06,overbooked,2,h0636,2026-03-15 18:30:00,18,6,food,True,1,6,driving,26.0,True,2026-03-15 18:04:00.183510,2026-03-15 18:25:37.872263,2026-03-15 18:57:06.242894,21.6,27.1
u10,punctual,2,h0636,2026-03-15 18:30:00,18,6,food,True,1,6,cycling,9.7,False,2026-03-15 18:20:18.719539,2026-03-15 18:21:26.954157,2026-03-15 18:32:49.177574,1.1,2.8
u14,punctual,2,h0636,2026-03-15 18:30:00,18,6,food,True,1,6,walking,6.1,False,2026-03-15 18:23:53.332597,2026-03-15 18:26:31.747512,2026-03-15 18:32:39.037922,2.6,2.7
u18,always_early,2,h0636,2026-03-15 18:30:00,18,6,food,True,1,6,cycling,20.1,False,2026-03-15 18:09:54.963890,2026-03-15 18:08:16.850957,2026-03-15 18:29:14.606075,-1.6,-0.8
u22,rain_hater,2,h0636,2026-03-15 18:30:00,18,6,food,True,1,6,walking,20.8,False,2026-03-15 18:09:10.143887,2026-03-15 18:23:51.031273,2026-03-15 18:47:07.784914,14.7,17.1
u01,overbooked,1,h0393,2026-03-15 19:00:00,19,6,coffee,False,6,6,driving,30.5,False,2026-03-15 18:29:31.858569,2026-03-15 18:34:18.621120,2026-03-15 19:07:36.252552,4.8,7.6
u05,chronically_late,1,h0393,2026-03-15 19:00:00,19,6,coffee,False,6,6,cycling,22.9,True,2026-03-15 18:37:07.101955,2026-03-15 18:50:02.618335,2026-03-15 19:16:10.700678,12.9,16.2
u09,morning_struggler,1,h0393,2026-03-15 19:00:00,19,6,coffee,False,6,6,cycling,18.0,False,2026-03-15 18:42:01.086697,2026-03-15 18:44:59.737092,2026-03-15 19:02:21.581014,3.0,2.4
u13,rain_hater,1,h0393,2026-03-15 19:00:00,19,6,coffee,False,6,6,driving,26.4,True,2026-03-15 18:33:38.590752,2026-03-15 18:42:43.866890,2026-03-15 19:07:36.194285,9.1,7.6
u17,unpredictable,1,h0393,2026-03-15 19:00:00,19,6,coffee,False,6,6,driving,27.4,True,2026-03-15 18:32:36.902952,2026-03-15 18:38:12.182437,2026-03-15 19:05:54.575196,5.6,5.9
u21,always_early,1,h0393,2026-03-15 19:00:00,19,6,coffee,False,6,6,driving,18.7,True,2026-03-15 18:41:15.729221,2026-03-15 18:41:26.896662,2026-03-15 19:00:16.472877,0.2,0.3
u02,improving,2,h0637,2026-03-16 09:30:00,9,0,sports,False,7,3,walking,11.6,False,2026-03-16 09:18:26.520068,2026-03-16 09:28:50.012969,2026-03-16 09:40:56.986758,10.4,10.9
u06,overbooked,2,h0637,2026-03-16 09:30:00,9,0,sports,False,7,3,driving,26.9,True,2026-03-16 09:03:07.502380,2026-03-16 09:29:00.758037,2026-03-16 09:57:23.778142,25.9,27.4
u14,punctual,2,h0637,2026-03-16 09:30:00,9,0,sports,False,7,3,walking,20.0,False,2026-03-16 09:09:58.149397,2026-03-16 09:15:54.155931,2026-03-16 09:34:41.005598,5.9,4.7
u07,unpredictable,3,h0881,2026-03-16 17:00:00,17,0,study,False,2,5,driving,31.9,True,2026-03-16 16:28:07.906827,2026-03-16 16:35:49.358625,2026-03-16 17:10:54.171179,7.7,10.9
u11,always_early,3,h0881,2026-03-16 17:00:00,17,0,study,False,2,5,driving,15.8,True,2026-03-16 16:44:11.348648,2026-03-16 16:44:45.294610,2026-03-16 17:00:55.837676,0.6,0.9
u15,morning_struggler,3,h0881,2026-03-16 17:00:00,17,0,study,False,2,5,walking,22.3,True,2026-03-16 16:37:41.841898,2026-03-16 16:42:18.722906,2026-03-16 17:02:24.721394,4.6,2.4
u19,punctual,3,h0881,2026-03-16 17:00:00,17,0,study,False,2,5,driving,27.8,False,2026-03-16 16:32:12.037969,2026-03-16 16:30:43.637013,2026-03-16 17:00:06.244410,-1.5,0.1
u23,chronically_late,3,h0881,2026-03-16 17:00:00,17,0,study,False,2,5,walking,5.3,False,2026-03-16 16:54:41.951356,2026-03-16 17:04:09.813850,2026-03-16 17:09:03.676287,9.5,9.1
u01,overbooked,1,h0394,2026-03-16 17:30:00,17,0,party,False,7,5,driving,24.8,True,2026-03-16 17:05:11.683690,2026-03-16 17:26:27.548702,2026-03-16 17:52:34.185605,21.3,22.6
u01,overbooked,1,h0395,2026-03-16 17:30:00,17,0,food,False,7,5,driving,9.1,True,2026-03-16 17:20:54.171391,2026-03-16 17:42:58.220616,2026-03-16 17:52:31.927990,22.1,22.5
u05,chronically_late,1,h0395,2026-03-16 17:30:00,17,0,food,False,7,5,cycling,20.8,True,2026-03-16 17:09:09.177747,2026-03-16 17:22:17.303597,2026-03-16 17:44:38.393652,13.1,14.6
u09,morning_struggler,1,h0394,2026-03-16 17:30:00,17,0,party,False,7,5,cycling,20.1,False,2026-03-16 17:09:54.855197,2026-03-16 17:18:38.636651,2026-03-16 17:41:03.378250,8.7,11.1
u09,morning_struggler,1,h0395,2026-03-16 17:30:00,17,0,food,False,7,5,cycling,21.8,False,2026-03-16 17:08:09.395529,2026-03-16 17:18:47.496309,2026-03-16 17:41:38.978113,10.6,11.6
u13,rain_hater,1,h0394,2026-03-16 17:30:00,17,0,party,False,7,5,driving,28.1,False,2026-03-16 17:01:51.360783,2026-03-16 17:07:21.940167,2026-03-16 17:34:10.865870,5.5,4.2
u17,unpredictable,1,h0394,2026-03-16 17:30:00,17,0,party,False,7,5,driving,33.1,False,2026-03-16 16:56:54.254682,2026-03-16 17:09:03.617718,2026-03-16 17:44:19.529949,12.2,14.3
u17,unpredictable,1,h0395,2026-03-16 17:30:00,17,0,food,False,7,5,driving,19.4,True,2026-03-16 17:10:35.859521,2026-03-16 17:13:59.846805,2026-03-16 17:33:24.468408,3.4,3.4
u21,always_early,1,h0394,2026-03-16 17:30:00,17,0,party,False,7,5,driving,36.4,False,2026-03-16 16:53:37.570357,2026-03-16 16:59:23.935542,2026-03-16 17:32:15.174718,5.8,2.3
u21,always_early,1,h0395,2026-03-16 17:30:00,17,0,food,False,7,5,driving,31.6,False,2026-03-16 16:58:25.295494,2026-03-16 16:59:26.868895,2026-03-16 17:28:18.213217,1.0,-1.7
u03,improving,3,h0882,2026-03-16 19:30:00,19,0,food,False,3,6,driving,20.1,False,2026-03-16 19:09:53.294324,2026-03-16 19:17:36.101382,2026-03-16 19:37:55.137180,7.7,7.9
u07,unpredictable,3,h0882,2026-03-16 19:30:00,19,0,food,False,3,6,driving,19.2,False,2026-03-16 19:10:45.934603,2026-03-16 19:13:19.911591,2026-03-16 19:31:32.570607,2.6,1.5
u11,always_early,3,h0882,2026-03-16 19:30:00,19,0,food,False,3,6,driving,28.9,True,2026-03-16 19:01:07.542229,2026-03-16 19:06:17.668482,2026-03-16 19:36:28.326819,5.2,6.5
u15,morning_struggler,3,h0882,2026-03-16 19:30:00,19,0,food,False,3,6,walking,22.7,False,2026-03-16 19:07:17.765135,2026-03-16 19:09:52.436485,2026-03-16 19:32:57.839054,2.6,3.0
u19,punctual,3,h0882,2026-03-16 19:30:00,19,0,food,False,3,6,driving,25.7,False,2026-03-16 19:04:15.209005,2026-03-16 19:07:12.979514,2026-03-16 19:35:29.589860,3.0,5.5
u23,chronically_late,3,h0882,2026-03-16 19:30:00,19,0,food,False,3,6,walking,13.2,False,2026-03-16 19:16:45.445357,2026-03-16 19:27:27.106771,2026-03-16 19:41:16.452517,10.7,11.3
u03,improving,3,h0883,2026-03-17 13:30:00,13,1,sports,False,3,6,driving,11.4,True,2026-03-17 13:18:38.373167,2026-03-17 13:27:43.913631,2026-03-17 13:40:33.520685,9.1,10.6
u07,unpredictable,3,h0883,2026-03-17 13:30:00,13,1,sports,False,3,6,driving,31.4,False,2026-03-17 12:58:36.090753,2026-03-17 12:57:22.330303,2026-03-17 13:29:04.063381,-1.2,-0.9
u11,always_early,3,h0883,2026-03-17 13:30:00,13,1,sports,False,3,6,driving,10.9,False,2026-03-17 13:19:08.199212,2026-03-17 13:17:55.002281,2026-03-17 13:30:04.994799,-1.2,0.1
u15,morning_struggler,3,h0883,2026-03-17 13:30:00,13,1,sports,False,3,6,walking,15.4,True,2026-03-17 13:14:38.308641,2026-03-17 13:20:54.503898,2026-03-17 13:35:09.936295,6.3,5.2
u19,punctual,3,h0883,2026-03-17 13:30:00,13,1,sports,False,3,6,driving,38.6,True,2026-03-17 12:51:25.130993,2026-03-17 12:55:44.285425,2026-03-17 13:39:09.405660,4.3,9.2
u23,chronically_late,3,h0883,2026-03-17 13:30:00,13,1,sports,False,3,6,walking,22.5,False,2026-03-17 13:07:27.282212,2026-03-17 13:17:36.010089,2026-03-17 13:42:09.568345,10.1,12.2
u07,unpredictable,3,h0884,2026-03-17 14:30:00,14,1,study,False,0,3,driving,39.9,False,2026-03-17 13:50:05.153257,2026-03-17 13:45:28.376275,2026-03-17 14:26:24.672093,-4.6,-3.6
u11,always_early,3,h0884,2026-03-17 14:30:00,14,1,study,False,0,3,driving,11.1,False,2026-03-17 14:18:56.140368,2026-03-17 14:15:20.133712,2026-03-17 14:27:29.275978,-3.6,-2.5
u15,morning_struggler,3,h0884,2026-03-17 14:30:00,14,1,study,False,0,3,walking,14.9,False,2026-03-17 14:15:04.893955,2026-03-17 14:24:54.046970,2026-03-17 14:41:17.807005,9.8,11.3
u06,overbooked,2,h0638,2026-03-17 20:00:00,20,1,study,False,1,4,driving,24.0,True,2026-03-17 19:35:58.028906,2026-03-17 19:52:42.320116,2026-03-17 20:18:25.362159,16.7,18.4
u10,punctual,2,h0638,2026-03-17 20:00:00,20,1,study,False,1,4,cycling,22.3,False,2026-03-17 19:37:40.037616,2026-03-17 19:36:57.993996,2026-03-17 20:01:15.873024,-0.7,1.3
u14,punctual,2,h0638,2026-03-17 20:00:00,20,1,study,False,1,4,walking,9.8,False,2026-03-17 19:50:12.966550,2026-03-17 19:49:13.663419,2026-03-17 19:58:42.268189,-1.0,-1.3
u22,rain_hater,2,h0638,2026-03-17 20:00:00,20,1,study,False,1,4,walking,14.0,False,2026-03-17 19:45:57.840006,2026-03-17 19:45:41.057123,2026-03-17 19:58:19.146655,-0.3,-1.7
u01,overbooked,1,h0396,2026-03-18 17:00:00,17,2,sports,False,6,6,driving,19.1,False,2026-03-18 16:40:52.068096,2026-03-18 16:44:40.762819,2026-03-18 17:05:43.782657,3.8,5.7
u05,chronically_late,1,h0396,2026-03-18 17:00:00,17,2,sports,False,6,6,cycling,11.4,False,2026-03-18 16:48:37.828805,2026-03-18 17:00:52.869655,2026-03-18 17:11:49.014463,12.3,11.8
u09,morning_struggler,1,h0396,2026-03-18 17:00:00,17,2,sports,False,6,6,cycling,18.7,False,2026-03-18 16:41:19.197539,2026-03-18 16:44:26.843903,2026-03-18 17:02:12.886969,3.1,2.2
u13,rain_hater,1,h0396,2026-03-18 17:00:00,17,2,sports,False,6,6,driving,38.3,False,2026-03-18 16:21:39.225485,2026-03-18 16:23:17.455566,2026-03-18 17:04:37.042351,1.6,4.6
u17,unpredictable,1,h0396,2026-03-18 17:00:00,17,2,sports,False,6,6,driving,32.1,False,2026-03-18 16:27:51.565594,2026-03-18 16:28:25.011839,2026-03-18 17:01:52.064815,0.6,1.9
u21,always_early,1,h0396,2026-03-18 17:00:00,17,2,sports,False,6,6,driving,13.7,False,2026-03-18 16:46:16.362963,2026-03-18 16:44:57.801343,2026-03-18 17:00:19.706363,-1.3,0.3
u03,improving,3,h0885,2026-03-19 15:00:00,15,3,coffee,False,6,3,driving,11.6,True,2026-03-19 14:48:21.521305,2026-03-19 15:00:24.807552,2026-03-19 15:11:18.711429,12.1,11.3
u07,unpredictable,3,h0885,2026-03-19 15:00:00,15,3,coffee,False,6,3,driving,33.0,False,2026-03-19 14:27:00.674534,2026-03-19 14:31:33.225416,2026-03-19 15:04:13.586274,4.5,4.2
u15,morning_struggler,3,h0885,2026-03-19 15:00:00,15,3,coffee,False,6,3,walking,21.2,False,2026-03-19 14:38:46.382098,2026-03-19 14:42:07.365874,2026-03-19 15:06:03.473977,3.3,6.1
u06,overbooked,2,h0639,2026-03-19 17:00:00,17,3,party,False,5,4,driving,27.3,False,2026-03-19 16:32:40.588284,2026-03-19 16:37:25.702331,2026-03-19 17:08:34.146786,4.8,8.6
u10,punctual,2,h0639,2026-03-19 17:00:00,17,3,party,False,5,4,cycling,18.8,False,2026-03-19 16:41:10.053735,2026-03-19 16:45:03.592762,2026-03-19 17:03:20.863483,3.9,3.3
u18,always_early,2,h0639,2026-03-19 17:00:00,17,3,party,False,5,4,cycling,8.5,False,2026-03-19 16:51:29.826241,2026-03-19 16:51:50.230214,2026-03-19 17:01:22.195541,0.3,1.4
u22,rain_hater,2,h0639,2026-03-19 17:00:00,17,3,party,False,5,4,walking,10.2,False,2026-03-19 16:49:47.826369,2026-03-19 16:54:26.547959,2026-03-19 17:05:57.157342,4.6,6.0
u03,improving,3,h0888,2026-03-20 09:30:00,9,4,party,False,2,6,driving,10.5,True,2026-03-20 09:19:32.878729,2026-03-20 09:32:53.981628,2026-03-20 09:42:36.368711,13.4,12.6
u07,unpredictable,3,h0888,2026-03-20 09:30:00,9,4,party,False,2,6,driving,31.0,True,2026-03-20 08:58:58.141654,2026-03-20 09:08:29.538146,2026-03-20 09:39:54.365160,9.5,9.9
u11,always_early,3,h0888,2026-03-20 09:30:00,9,4,party,False,2,6,driving,36.5,True,2026-03-20 08:53:30.046436,2026-03-20 08:57:09.127220,2026-03-20 09:37:28.759608,3.7,7.5
u15,morning_struggler,3,h0888,2026-03-20 09:30:00,9,4,party,False,2,6,walking,14.8,False,2026-03-20 09:15:10.121237,2026-03-20 09:34:57.631166,2026-03-20 09:50:59.876049,19.8,21.0
u19,punctual,3,h0888,2026-03-20 09:30:00,9,4,party,False,2,6,driving,8.5,True,2026-03-20 09:21:31.999554,2026-03-20 09:30:55.883592,2026-03-20 09:39:53.772268,9.4,9.9
u23,chronically_late,3,h0888,2026-03-20 09:30:00,9,4,party,False,2,6,walking,20.2,False,2026-03-20 09:09:50.056638,2026-03-20 09:27:03.422018,2026-03-20 09:48:51.657436,17.2,18.9
u03,improving,3,h0887,2026-03-20 16:30:00,16,4,coffee,False,1,6,driving,22.3,False,2026-03-20 16:07:39.782475,2026-03-20 16:15:36.393493,2026-03-20 16:36:47.977665,7.9,6.8
u07,unpredictable,3,h0887,2026-03-20 16:30:00,16,4,coffee,False,1,6,driving,28.8,True,2026-03-20 16:01:12.569817,2026-03-20 16:01:37.426328,2026-03-20 16:32:56.353693,0.4,2.9
u11,always_early,3,h0887,2026-03-20 16:30:00,16,4,coffee,False,1,6,driving,36.0,True,2026-03-20 15:53:58.070778,2026-03-20 15:53:21.332546,2026-03-20 16:32:47.613367,-0.6,2.8
u15,morning_struggler,3,h0887,2026-03-20 16:30:00,16,4,coffee,False,1,6,walking,8.9,False,2026-03-20 16:21:03.366584,2026-03-20 16:22:01.700271,2026-03-20 16:31:00.098234,1.0,1.0
u19,punctual,3,h0887,2026-03-20 16:30:00,16,4,coffee,False,1,6,driving,25.0,True,2026-03-20 16:04:59.203561,2026-03-20 16:07:37.959855,2026-03-20 16:33:59.881127,2.6,4.0
u23,chronically_late,3,h0887,2026-03-20 16:30:00,16,4,coffee,False,1,6,walking,24.7,False,2026-03-20 16:05:17.857219,2026-03-20 16:13:25.576574,2026-03-20 16:40:28.367033,8.1,10.5
u07,unpredictable,3,h0886,2026-03-20 19:30:00,19,4,sports,False,6,5,driving,32.1,False,2026-03-20 18:57:51.455230,2026-03-20 18:59:19.127371,2026-03-20 19:35:13.688822,1.5,5.2
u11,always_early,3,h0886,2026-03-20 19:30:00,19,4,sports,False,6,5,driving,35.2,False,2026-03-20 18:54:45.631530,2026-03-20 18:51:50.625556,2026-03-20 19:29:27.003919,-2.9,-0.5
u15,morning_struggler,3,h0886,2026-03-20 19:30:00,19,4,sports,False,6,5,walking,10.2,False,2026-03-20 19:19:46.350250,2026-03-20 19:23:59.819791,2026-03-20 19:34:19.756452,4.2,4.3
u19,punctual,3,h0886,2026-03-20 19:30:00,19,4,sports,False,6,5,driving,15.4,True,2026-03-20 19:14:35.284586,2026-03-20 19:20:33.682007,2026-03-20 19:36:33.966687,6.0,6.6
u23,chronically_late,3,h0886,2026-03-20 19:30:00,19,4,sports,False,6,5,walking,25.0,True,2026-03-20 19:05:00.388365,2026-03-20 19:24:53.431325,2026-03-20 19:50:40.638904,19.9,20.7
u01,overbooked,1,h0397,2026-03-21 08:00:00,8,5,study,True,3,6,driving,19.7,False,2026-03-21 07:40:19.453006,2026-03-21 07:47:27.253341,2026-03-21 08:11:01.017014,7.1,11.0
u05,chronically_late,1,h0397,2026-03-21 08:00:00,8,5,study,True,3,6,cycling,9.8,False,2026-03-21 07:50:10.502969,2026-03-21 08:06:49.804859,2026-03-21 08:17:10.020084,16.7,17.2
u09,morning_struggler,1,h0397,2026-03-21 08:00:00,8,5,study,True,3,6,cycling,18.2,False,2026-03-21 07:41:46.876523,2026-03-21 08:00:29.459021,2026-03-21 08:23:03.604685,18.7,23.1
u13,rain_hater,1,h0397,2026-03-21 08:00:00,8,5,study,True,3,6,driving,18.3,False,2026-03-21 07:41:42.728156,2026-03-21 08:03:54.958438,2026-03-21 08:23:49.211826,22.2,23.8
u17,unpredictable,1,h0397,2026-03-21 08:00:00,8,5,study,True,3,6,driving,29.5,True,2026-03-21 07:30:32.899460,2026-03-21 07:40:04.545387,2026-03-21 08:09:54.024607,9.5,9.9
u21,always_early,1,h0397,2026-03-21 08:00:00,8,5,study,True,3,6,driving,40.0,False,2026-03-21 07:20:01.805885,2026-03-21 07:19:11.370631,2026-03-21 08:01:31.887951,-0.8,1.5
u00,overbooked,0,h0144,2026-03-22 11:30:00,11,6,sports,False,1,6,cycling,8.9,True,2026-03-22 11:21:03.933106,2026-03-22 11:37:58.941226,2026-03-22 11:47:14.319674,16.9,17.2
u04,morning_struggler,0,h0144,2026-03-22 11:30:00,11,6,sports,False,1,6,walking,22.3,False,2026-03-22 11:07:43.581553,2026-03-22 11:07:12.801781,2026-03-22 11:30:09.054220,-0.5,0.2
u08,chronically_late,0,h0144,2026-03-22 11:30:00,11,6,sports,False,1,6,driving,36.3,True,2026-03-22 10:53:39.093705,2026-03-22 11:03:40.638441,2026-03-22 11:40:40.229727,10.0,10.7
u12,improving,0,h0144,2026-03-22 11:30:00,11,6,sports,False,1,6,walking,19.1,False,2026-03-22 11:10:53.848865,2026-03-22 11:24:09.034822,2026-03-22 11:44:10.251913,13.3,14.2
u16,rain_hater,0,h0144,2026-03-22 11:30:00,11,6,sports,False,1,6,driving,9.6,True,2026-03-22 11:20:26.452941,2026-03-22 11:22:54.150855,2026-03-22 11:31:53.912942,2.5,1.9
u20,unpredictable,0,h0144,2026-03-22 11:30:00,11,6,sports,False,1,6,driving,23.4,False,2026-03-22 11:06:38.246256,2026-03-22 11:22:35.110618,2026-03-22 11:48:35.250283,15.9,18.6
u00,overbooked,0,h0143,2026-03-22 18:00:00,18,6,food,False,7,5,cycling,24.2,False,2026-03-22 17:35:46.656395,2026-03-22 17:38:01.368354,2026-03-22 18:05:42.271705,2.2,5.7
u04,morning_struggler,0,h0143,2026-03-22 18:00:00,18,6,food,False,7,5,walking,7.2,False,2026-03-22 17:52:48.412921,2026-03-22 17:56:01.456845,2026-03-22 18:03:16.531719,3.2,3.3
u08,chronically_late,0,h0143,2026-03-22 18:00:00,18,6,food,False,7,5,driving,25.4,False,2026-03-22 17:34:36.765279,2026-03-22 17:45:46.345115,2026-03-22 18:14:07.889361,11.2,14.1
u12,improving,0,h0142,2026-03-22 18:00:00,18,6,party,False,5,3,walking,17.2,True,2026-03-22 17:42:47.970590,2026-03-22 17:56:52.665950,2026-03-22 18:15:26.498389,14.1,15.4
u16,rain_hater,0,h0142,2026-03-22 18:00:00,18,6,party,False,5,3,driving,32.3,False,2026-03-22 17:27:44.064877,2026-03-22 17:35:31.288313,2026-03-22 18:07:54.012559,7.8,7.9
u16,rain_hater,0,h0143,2026-03-22 18:00:00,18,6,food,False,7,5,driving,23.9,False,2026-03-22 17:36:06.607071,2026-03-22 17:39:58.814952,2026-03-22 18:03:08.515928,3.9,3.1
u20,unpredictable,0,h0142,2026-03-22 18:00:00,18,6,party,False,5,3,driving,31.9,True,2026-03-22 17:28:07.423573,2026-03-22 17:38:23.074675,2026-03-22 18:13:53.666888,10.3,13.9
u20,unpredictable,0,h0143,2026-03-22 18:00:00,18,6,food,False,7,5,driving,37.4,False,2026-03-22 17:22:35.693332,2026-03-22 17:22:20.181973,2026-03-22 17:57:36.658916,-0.3,-2.4
u00,overbooked,0,h0141,2026-03-22 22:30:00,22,6,coffee,False,1,6,cycling,16.7,True,2026-03-22 22:13:16.702325,2026-03-22 22:33:13.048571,2026-03-22 22:51:46.288506,19.9,21.8
u04,morning_struggler,0,h0141,2026-03-22 22:30:00,22,6,coffee,False,1,6,walking,10.8,False,2026-03-22 22:19:14.160839,2026-03-22 22:19:45.458671,2026-03-22 22:31:06.772906,0.5,1.1
u08,chronically_late,0,h0141,2026-03-22 22:30:00,22,6,coffee,False,1,6,driving,33.3,False,2026-03-22 21:56:39.653204,2026-03-22 22:04:58.643924,2026-03-22 22:35:02.314515,8.3,5.0
u12,improving,0,h0141,2026-03-22 22:30:00,22,6,coffee,False,1,6,walking,13.9,False,2026-03-22 22:16:03.449340,2026-03-22 22:25:27.096659,2026-03-22 22:39:55.576694,9.4,9.9
u16,rain_hater,0,h0141,2026-03-22 22:30:00,22,6,coffee,False,1,6,driving,17.6,False,2026-03-22 22:12:21.588116,2026-03-22 22:11:43.467255,2026-03-22 22:29:32.254798,-0.6,-0.5
u20,unpredictable,0,h0141,2026-03-22 22:30:00,22,6,coffee,False,1,6,driving,21.8,False,2026-03-22 22:08:09.915988,2026-03-22 22:08:53.918991,2026-03-22 22:33:38.280289,0.7,3.6
u00,overbooked,0,h0145,2026-03-23 14:00:00,14,0,coffee,False,4,6,cycling,8.7,True,2026-03-23 13:51:19.886819,2026-03-23 14:08:13.357505,2026-03-23 14:16:43.370051,16.9,16.7
u04,morning_struggler,0,h0145,2026-03-23 14:00:00,14,0,coffee,False,4,6,walking,8.7,False,2026-03-23 13:51:18.664847,2026-03-23 13:57:05.702335,2026-03-23 14:06:47.086612,5.8,6.8
u08,chronically_late,0,h0145,2026-03-23 14:00:00,14,0,coffee,False,4,6,driving,24.5,False,2026-03-23 13:35:32.506880,2026-03-23 13:46:48.502036,2026-03-23 14:14:21.085055,11.3,14.4
u12,improving,0,h0145,2026-03-23 14:00:00,14,0,coffee,False,4,6,walking,6.5,False,2026-03-23 13:53:31.545517,2026-03-23 14:03:45.387233,2026-03-23 14:10:14.006690,10.2,10.2
u16,rain_hater,0,h0145,2026-03-23 14:00:00,14,0,coffee,False,4,6,driving,20.4,False,2026-03-23 13:39:36.927138,2026-03-23 13:41:44.469170,2026-03-23 14:03:53.118040,2.1,3.9
u20,unpredictable,0,h0145,2026-03-23 14:00:00,14,0,coffee,False,4,6,driving,23.5,False,2026-03-23 13:36:32.816962,2026-03-23 13:42:28.442877,2026-03-23 14:08:02.957750,5.9,8.0
u05,chronically_late,1,h0398,2026-03-23 16:00:00,16,0,party,False,7,4,cycling,7.6,True,2026-03-23 15:52:26.385584,2026-03-23 16:07:20.489324,2026-03-23 16:14:20.989107,14.9,14.3
u09,morning_struggler,1,h0398,2026-03-23 16:00:00,16,0,party,False,7,4,cycling,16.8,True,2026-03-23 15:43:09.737939,2026-03-23 15:50:21.318910,2026-03-23 16:05:49.053462,7.2,5.8
u13,rain_hater,1,h0398,2026-03-23 16:00:00,16,0,party,False,7,4,driving,28.2,True,2026-03-23 15:31:48.201859,2026-03-23 15:42:38.942925,2026-03-23 16:12:26.132406,10.8,12.4
u21,always_early,1,h0398,2026-03-23 16:00:00,16,0,party,False,7,4,driving,39.3,True,2026-03-23 15:20:44.251441,2026-03-23 15:26:50.255256,2026-03-23 16:08:25.304090,6.1,8.4
u00,overbooked,0,h0146,2026-03-24 19:30:00,19,1,study,False,7,6,cycling,12.2,False,2026-03-24 19:17:45.998897,2026-03-24 19:19:09.994758,2026-03-24 19:30:18.742666,1.4,0.3
u04,morning_struggler,0,h0146,2026-03-24 19:30:00,19,1,study,False,7,6,walking,9.4,False,2026-03-24 19:20:35.942015,2026-03-24 19:22:46.351490,2026-03-24 19:31:34.196492,2.2,1.6
u08,chronically_late,0,h0146,2026-03-24 19:30:00,19,1,study,False,7,6,driving,22.0,True,2026-03-24 19:07:58.432686,2026-03-24 19:21:51.683971,2026-03-24 19:44:26.689956,13.9,14.4
u12,improving,0,h0146,2026-03-24 19:30:00,19,1,study,False,7,6,walking,14.7,False,2026-03-24 19:15:18.943783,2026-03-24 19:24:56.275366,2026-03-24 19:41:06.292433,9.6,11.1
u16,rain_hater,0,h0146,2026-03-24 19:30:00,19,1,study,False,7,6,driving,39.9,False,2026-03-24 18:50:04.463141,2026-03-24 18:51:57.120970,2026-03-24 19:37:22.810687,1.9,7.4
u20,unpredictable,0,h0146,2026-03-24 19:30:00,19,1,study,False,7,6,driving,15.9,True,2026-03-24 19:14:06.766362,2026-03-24 19:36:50.174920,2026-03-24 19:53:44.426855,22.7,23.7
u01,overbooked,1,h0399,2026-03-25 18:00:00,18,2,party,False,0,6,driving,28.4,False,2026-03-25 17:31:33.045357,2026-03-25 17:35:40.804809,2026-03-25 18:07:48.518092,4.1,7.8
u05,chronically_late,1,h0399,2026-03-25 18:00:00,18,2,party,False,0,6,cycling,23.7,False,2026-03-25 17:36:16.400794,2026-03-25 17:46:40.841281,2026-03-25 18:09:50.684434,10.4,9.8
u09,morning_struggler,1,h0399,2026-03-25 18:00:00,18,2,party,False,0,6,cycling,7.6,False,2026-03-25 17:52:25.555508,2026-03-25 17:56:01.349870,2026-03-25 18:03:51.868559,3.6,3.9
u13,rain_hater,1,h0399,2026-03-25 18:00:00,18,2,party,False,0,6,driving,19.4,False,2026-03-25 17:40:38.673905,2026-03-25 17:42:37.145869,2026-03-25 18:03:27.743032,2.0,3.5
u17,unpredictable,1,h0399,2026-03-25 18:00:00,18,2,party,False,0,6,driving,12.4,False,2026-03-25 17:47:36.025568,2026-03-25 17:53:51.337353,2026-03-25 18:05:06.825885,6.3,5.1
u21,always_early,1,h0399,2026-03-25 18:00:00,18,2,party,False,0,6,driving,24.4,True,2026-03-25 17:35:38.881124,2026-03-25 17:36:50.015351,2026-03-25 18:01:50.935733,1.2,1.8
u00,overbooked,0,h0147,2026-03-26 14:30:00,14,3,coffee,False,7,5,cycling,18.2,True,2026-03-26 14:11:47.288107,2026-03-26 14:35:44.942680,2026-03-26 14:56:32.038951,24.0,26.5
u04,morning_struggler,0,h0147,2026-03-26 14:30:00,14,3,coffee,False,7,5,walking,12.3,True,2026-03-26 14:17:41.396042,2026-03-26 14:24:46.215324,2026-03-26 14:38:49.014631,7.1,8.8
u12,improving,0,h0147,2026-03-26 14:30:00,14,3,coffee,False,7,5,walking,18.4,False,2026-03-26 14:11:37.867715,2026-03-26 14:20:35.711036,2026-03-26 14:40:12.909433,9.0,10.2
u16,rain_hater,0,h0147,2026-03-26 14:30:00,14,3,coffee,False,7,5,driving,27.9,True,2026-03-26 14:02:06.122142,2026-03-26 14:10:14.238527,2026-03-26 14:41:10.365293,8.1,11.2
u20,unpredictable,0,h0147,2026-03-26 14:30:00,14,3,coffee,False,7,5,driving,27.2,False,2026-03-26 14:02:50.191929,2026-03-26 14:04:20.453057,2026-03-26 14:29:12.465729,1.5,-0.8
u05,chronically_late,1,h0400,2026-03-27 10:00:00,10,4,food,False,7,4,cycling,8.2,False,2026-03-27 09:51:48.848606,2026-03-27 10:01:27.285653,2026-03-27 10:09:07.261299,9.6,9.1
u09,morning_struggler,1,h0400,2026-03-27 10:00:00,10,4,food,False,7,4,cycling,19.3,False,2026-03-27 09:40:43.639381,2026-03-27 09:43:05.318251,2026-03-27 10:04:51.770415,2.4,4.9
u13,rain_hater,1,h0400,2026-03-27 10:00:00,10,4,food,False,7,4,driving,8.7,False,2026-03-27 09:51:20.566437,2026-03-27 09:54:45.206833,2026-03-27 10:03:40.423933,3.4,3.7
u17,unpredictable,1,h0400,2026-03-27 10:00:00,10,4,food,False,7,4,driving,24.8,False,2026-03-27 09:35:14.044381,2026-03-27 09:41:19.216415,2026-03-27 10:07:47.135126,6.1,7.8
u00,overbooked,0,h0148,2026-03-27 20:30:00,20,4,food,False,1,5,cycling,11.3,True,2026-03-27 20:18:44.707904,2026-03-27 20:37:17.813137,2026-03-27 20:47:55.366558,18.6,17.9
u04,morning_struggler,0,h0148,2026-03-27 20:30:00,20,4,food,False,1,5,walking,11.2,True,2026-03-27 20:18:48.900328,2026-03-27 20:24:45.111835,2026-03-27 20:35:03.016157,5.9,5.1
u08,chronically_late,0,h0148,2026-03-27 20:30:00,20,4,food,False,1,5,driving,9.7,False,2026-03-27 20:20:20.534178,2026-03-27 20:27:27.969480,2026-03-27 20:37:05.890157,7.1,7.1
u16,rain_hater,0,h0148,2026-03-27 20:30:00,20,4,food,False,1,5,driving,15.9,False,2026-03-27 20:14:05.630232,2026-03-27 20:17:00.449803,2026-03-27 20:32:09.532952,2.9,2.2
u20,unpredictable,0,h0148,2026-03-27 20:30:00,20,4,food,False,1,5,driving,13.1,False,2026-03-27 20:16:55.622344,2026-03-27 20:19:57.636061,2026-03-27 20:31:54.810347,3.0,1.9
u00,overbooked,0,h0150,2026-03-28 10:00:00,10,5,party,False,2,5,cycling,6.9,True,2026-03-28 09:53:05.981973,2026-03-28 10:11:41.205574,2026-03-28 10:18:53.239130,18.6,18.9
u04,morning_struggler,0,h0150,2026-03-28 10:00:00,10,5,party,False,2,5,walking,12.6,True,2026-03-28 09:47:22.307726,2026-03-28 09:53:05.280794,2026-03-28 10:04:44.679566,5.7,4.7
u08,chronically_late,0,h0150,2026-03-28 10:00:00,10,5,party,False,2,5,driving,29.4,False,2026-03-28 09:30:33.421106,2026-03-28 09:41:41.307221,2026-03-28 10:14:34.398245,11.1,14.6
u12,improving,0,h0150,2026-03-28 10:00:00,10,5,party,False,2,5,walking,15.9,False,2026-03-28 09:44:08.947115,2026-03-28 09:56:46.740371,2026-03-28 10:12:13.877009,12.6,12.2
u16,rain_hater,0,h0150,2026-03-28 10:00:00,10,5,party,False,2,5,driving,29.9,True,2026-03-28 09:30:06.132826,2026-03-28 09:38:23.955581,2026-03-28 10:07:47.002679,8.3,7.8
u01,overbooked,1,h0402,2026-03-28 11:30:00,11,5,food,True,5,5,driving,32.7,True,2026-03-28 10:57:15.173083,2026-03-28 11:19:49.904365,2026-03-28 11:53:07.757559,22.6,23.1
u09,morning_struggler,1,h0402,2026-03-28 11:30:00,11,5,food,True,5,5,cycling,9.4,False,2026-03-28 11:20:33.247265,2026-03-28 11:26:12.106606,2026-03-28 11:36:57.501664,5.6,7.0
u13,rain_hater,1,h0402,2026-03-28 11:30:00,11,5,food,True,5,5,driving,33.9,False,2026-03-28 10:56:05.398449,2026-03-28 11:10:16.273764,2026-03-28 11:48:45.980318,14.2,18.8
u17,unpredictable,1,h0402,2026-03-28 11:30:00,11,5,food,True,5,5,driving,30.8,True,2026-03-28 10:59:10.804227,2026-03-28 11:14:27.058413,2026-03-28 11:51:57.163859,15.3,22.0
u21,always_early,1,h0402,2026-03-28 11:30:00,11,5,food,True,5,5,driving,37.2,False,2026-03-28 10:52:46.558831,2026-03-28 10:55:42.028959,2026-03-28 11:37:30.854641,2.9,7.5
u00,overbooked,0,h0149,2026-03-28 12:30:00,12,5,sports,False,1,5,cycling,9.2,True,2026-03-28 12:20:45.056029,2026-03-28 12:36:05.109163,2026-03-28 12:44:50.151585,15.3,14.8
u04,morning_struggler,0,h0149,2026-03-28 12:30:00,12,5,sports,False,1,5,walking,11.9,False,2026-03-28 12:18:04.979367,2026-03-28 12:19:17.702507,2026-03-28 12:30:58.786330,1.2,1.0
u08,chronically_late,0,h0149,2026-03-28 12:30:00,12,5,sports,False,1,5,driving,26.4,False,2026-03-28 12:03:34.422518,2026-03-28 12:11:07.211217,2026-03-28 12:36:51.664660,7.5,6.9
u12,improving,0,h0149,2026-03-28 12:30:00,12,5,sports,False,1,5,walking,16.4,True,2026-03-28 12:13:34.181038,2026-03-28 12:23:12.354138,2026-03-28 12:41:01.439604,9.6,11.0
u20,unpredictable,0,h0149,2026-03-28 12:30:00,12,5,sports,False,1,5,driving,21.4,True,2026-03-28 12:08:33.963723,2026-03-28 12:15:20.881000,2026-03-28 12:36:40.486580,6.8,6.7
u05,chronically_late,1,h0403,2026-03-28 17:30:00,17,5,food,False,7,4,cycling,7.3,False,2026-03-28 17:22:39.057138,2026-03-28 17:38:56.938152,2026-03-28 17:45:52.300633,16.3,15.9
u09,morning_struggler,1,h0403,2026-03-28 17:30:00,17,5,food,False,7,4,cycling,10.5,True,2026-03-28 17:19:32.763136,2026-03-28 17:24:35.349609,2026-03-28 17:34:01.457687,5.0,4.0
u13,rain_hater,1,h0403,2026-03-28 17:30:00,17,5,food,False,7,4,driving,19.7,False,2026-03-28 17:10:16.500217,2026-03-28 17:12:09.770782,2026-03-28 17:33:02.237723,1.9,3.0
u21,always_early,1,h0403,2026-03-28 17:30:00,17,5,food,False,7,4,driving,38.2,False,2026-03-28 16:51:47.933277,2026-03-28 16:49:38.736137,2026-03-28 17:33:23.938662,-2.2,3.4
u09,morning_struggler,1,h0401,2026-03-28 19:30:00,19,5,coffee,True,4,3,cycling,13.9,False,2026-03-28 19:16:03.792602,2026-03-28 19:21:02.887794,2026-03-28 19:36:58.378356,5.0,7.0
u13,rain_hater,1,h0401,2026-03-28 19:30:00,19,5,coffee,True,4,3,driving,10.4,False,2026-03-28 19:19:34.682850,2026-03-28 19:30:23.891993,2026-03-28 19:42:35.496251,10.8,12.6
u21,always_early,1,h0401,2026-03-28 19:30:00,19,5,coffee,True,4,3,driving,28.9,False,2026-03-28 19:01:05.809334,2026-03-28 19:02:41.433807,2026-03-28 19:37:44.938470,1.6,7.7
u01,overbooked,1,h0404,2026-03-29 19:00:00,19,6,study,False,7,5,driving,18.3,False,2026-03-29 18:41:42.361599,2026-03-29 18:44:27.129174,2026-03-29 19:03:31.751734,2.7,3.5
u05,chronically_late,1,h0404,2026-03-29 19:00:00,19,6,study,False,7,5,cycling,8.8,False,2026-03-29 18:51:13.523948,2026-03-29 19:05:43.763969,2026-03-29 19:15:31.244267,14.5,15.5
u09,morning_struggler,1,h0404,2026-03-29 19:00:00,19,6,study,False,7,5,cycling,21.4,False,2026-03-29 18:38:38.095247,2026-03-29 18:41:41.642919,2026-03-29 19:04:47.415313,3.1,4.8
u17,unpredictable,1,h0404,2026-03-29 19:00:00,19,6,study,False,7,5,driving,29.2,False,2026-03-29 18:30:50.475688,2026-03-29 18:28:57.740919,2026-03-29 18:56:53.538929,-1.9,-3.1
u21,always_early,1,h0404,2026-03-29 19:00:00,19,6,study,False,7,5,driving,30.4,True,2026-03-29 18:29:34.631846,2026-03-29 18:28:46.574603,2026-03-29 19:03:22.596363,-0.8,3.4
u02,improving,2,h0640,2026-03-30 21:30:00,21,0,food,False,7,6,walking,22.3,True,2026-03-30 21:07:39.811278,2026-03-30 21:22:22.242915,2026-03-30 21:42:52.169072,14.7,12.9
u06,overbooked,2,h0640,2026-03-30 21:30:00,21,0,food,False,7,6,driving,17.8,False,2026-03-30 21:12:12.873365,2026-03-30 21:27:10.818274,2026-03-30 21:44:20.829695,15.0,14.3
u10,punctual,2,h0640,2026-03-30 21:30:00,21,0,food,False,7,6,cycling,19.5,True,2026-03-30 21:10:29.043754,2026-03-30 21:14:58.226355,2026-03-30 21:33:21.763801,4.5,3.4
u14,punctual,2,h0640,2026-03-30 21:30:00,21,0,food,False,7,6,walking,16.6,True,2026-03-30 21:13:22.133439,2026-03-30 21:18:24.296956,2026-03-30 21:34:00.704832,5.0,4.0
u18,always_early,2,h0640,2026-03-30 21:30:00,21,0,food,False,7,6,cycling,6.5,True,2026-03-30 21:23:29.206325,2026-03-30 21:23:54.118126,2026-03-30 21:30:59.190630,0.4,1.0
u22,rain_hater,2,h0640,2026-03-30 21:30:00,21,0,food,False,7,6,walking,8.4,True,2026-03-30 21:21:35.531088,2026-03-30 21:25:56.086220,2026-03-30 21:33:43.988889,4.3,3.7
u03,improving,3,h0891,2026-03-31 09:00:00,9,1,sports,False,4,4,driving,10.6,False,2026-03-31 08:49:21.150203,2026-03-31 09:02:41.638522,2026-03-31 09:12:18.092030,13.3,12.3
u07,unpredictable,3,h0891,2026-03-31 09:00:00,9,1,sports,False,4,4,driving,32.1,False,2026-03-31 08:27:52.055388,2026-03-31 08:31:06.245926,2026-03-31 09:07:25.616914,3.2,7.4
u11,always_early,3,h0891,2026-03-31 09:00:00,9,1,sports,False,4,4,driving,37.3,False,2026-03-31 08:22:43.872461,2026-03-31 08:22:29.656604,2026-03-31 08:56:52.357096,-0.2,-3.1
u23,chronically_late,3,h0891,2026-03-31 09:00:00,9,1,sports,False,4,4,walking,7.3,False,2026-03-31 08:52:44.580612,2026-03-31 09:11:14.420216,2026-03-31 09:19:29.342188,18.5,19.5
u02,improving,2,h0641,2026-03-31 10:00:00,10,1,coffee,False,6,6,walking,7.5,False,2026-03-31 09:52:31.478159,2026-03-31 09:59:51.324588,2026-03-31 10:06:58.802366,7.3,7.0
u06,overbooked,2,h0641,2026-03-31 10:00:00,10,1,coffee,False,6,6,driving,21.0,False,2026-03-31 09:39:01.902232,2026-03-31 09:46:29.168199,2026-03-31 10:09:09.504744,7.5,9.2
u10,punctual,2,h0641,2026-03-31 10:00:00,10,1,coffee,False,6,6,cycling,9.7,True,2026-03-31 09:50:16.308860,2026-03-31 09:54:43.610246,2026-03-31 10:03:46.859853,4.5,3.8
u14,punctual,2,h0641,2026-03-31 10:00:00,10,1,coffee,False,6,6,walking,8.3,False,2026-03-31 09:51:41.763119,2026-03-31 09:52:52.863874,2026-03-31 10:01:58.072458,1.2,2.0
u18,always_early,2,h0641,2026-03-31 10:00:00,10,1,coffee,False,6,6,cycling,21.1,False,2026-03-31 09:38:54.534816,2026-03-31 09:35:51.664512,2026-03-31 09:59:06.380944,-3.0,-0.9
u22,rain_hater,2,h0641,2026-03-31 10:00:00,10,1,coffee,False,6,6,walking,15.2,False,2026-03-31 09:44:45.706347,2026-03-31 09:50:40.367479,2026-03-31 10:04:48.227659,5.9,4.8
u02,improving,2,h0642,2026-03-31 12:00:00,12,1,party,False,6,3,walking,18.4,False,2026-03-31 11:41:33.228264,2026-03-31 11:51:56.531332,2026-03-31 12:11:29.230513,10.4,11.5
u10,punctual,2,h0642,2026-03-31 12:00:00,12,1,party,False,6,3,cycling,11.5,False,2026-03-31 11:48:31.435223,2026-03-31 11:52:29.850690,2026-03-31 12:03:52.301522,4.0,3.9
u18,always_early,2,h0642,2026-03-31 12:00:00,12,1,party,False,6,3,cycling,20.0,False,2026-03-31 11:40:00.423377,2026-03-31 11:40:19.150760,2026-03-31 12:01:58.802071,0.3,2.0
u03,improving,3,h0890,2026-03-31 12:30:00,12,1,sports,True,5,5,driving,35.0,False,2026-03-31 11:55:00.177636,2026-03-31 12:05:15.468954,2026-03-31 12:44:01.965780,10.3,14.0
u07,unpredictable,3,h0890,2026-03-31 12:30:00,12,1,sports,True,5,5,driving,26.8,False,2026-03-31 12:03:10.574058,2026-03-31 12:16:34.900215,2026-03-31 12:46:32.556293,13.4,16.5
u11,always_early,3,h0890,2026-03-31 12:30:00,12,1,sports,True,5,5,driving,16.6,False,2026-03-31 12:13:23.744911,2026-03-31 12:12:32.682122,2026-03-31 12:33:16.551895,-0.9,3.3
u15,morning_struggler,3,h0890,2026-03-31 12:30:00,12,1,sports,True,5,5,walking,14.0,False,2026-03-31 12:16:00.091949,2026-03-31 12:19:24.697169,2026-03-31 12:33:35.981288,3.4,3.6
u23,chronically_late,3,h0890,2026-03-31 12:30:00,12,1,sports,True,5,5,walking,11.2,True,2026-03-31 12:18:50.324389,2026-03-31 12:34:37.648535,2026-03-31 12:45:42.820118,15.8,15.7
u03,improving,3,h0889,2026-03-31 14:00:00,14,1,sports,False,0,4,driving,16.3,False,2026-03-31 13:43:41.858926,2026-03-31 13:50:25.456098,2026-03-31 14:08:45.075973,6.7,8.8
u07,unpredictable,3,h0889,2026-03-31 14:00:00,14,1,sports,False,0,4,driving,10.9,False,2026-03-31 13:49:04.190145,2026-03-31 13:46:59.745956,2026-03-31 13:59:16.558677,-2.1,-0.7
u11,always_early,3,h0889,2026-03-31 14:00:00,14,1,sports,False,0,4,driving,39.3,False,2026-03-31 13:20:42.200722,2026-03-31 13:18:57.695745,2026-03-31 13:59:57.025860,-1.7,-0.0
u15,morning_struggler,3,h0889,2026-03-31 14:00:00,14,1,sports,False,0,4,walking,18.1,True,2026-03-31 13:41:53.273585,2026-03-31 13:44:51.713517,2026-03-31 14:02:02.975631,3.0,2.0
u01,overbooked,1,h0405,2026-03-31 17:30:00,17,1,party,False,1,3,driving,35.2,False,2026-03-31 16:54:48.537953,2026-03-31 16:59:26.924917,2026-03-31 17:37:02.716468,4.6,7.0
u17,unpredictable,1,h0405,2026-03-31 17:30:00,17,1,party,False,1,3,driving,37.8,False,2026-03-31 16:52:12.154708,2026-03-31 17:06:38.738637,2026-03-31 17:47:50.414998,14.4,17.8
u21,always_early,1,h0405,2026-03-31 17:30:00,17,1,party,False,1,3,driving,35.4,False,2026-03-31 16:54:34.872451,2026-03-31 16:54:39.483950,2026-03-31 17:26:57.649599,0.1,-3.0
u00,overbooked,0,h0151,2026-03-31 19:30:00,19,1,sports,False,7,6,cycling,18.1,True,2026-03-31 19:11:52.352793,2026-03-31 19:29:21.325268,2026-03-31 19:47:37.499521,17.5,17.6
u04,morning_struggler,0,h0151,2026-03-31 19:30:00,19,1,sports,False,7,6,walking,10.1,False,2026-03-31 19:19:53.979045,2026-03-31 19:23:29.950911,2026-03-31 19:33:42.216231,3.6,3.7
u08,chronically_late,0,h0151,2026-03-31 19:30:00,19,1,sports,False,7,6,driving,34.2,False,2026-03-31 18:55:46.124599,2026-03-31 19:04:32.652415,2026-03-31 19:37:28.953301,8.8,7.5
u12,improving,0,h0151,2026-03-31 19:30:00,19,1,sports,False,7,6,walking,19.2,False,2026-03-31 19:10:48.456588,2026-03-31 19:18:40.164840,2026-03-31 19:40:17.638287,7.9,10.3
u16,rain_hater,0,h0151,2026-03-31 19:30:00,19,1,sports,False,7,6,driving,26.4,False,2026-03-31 19:03:38.830346,2026-03-31 19:06:07.014786,2026-03-31 19:36:15.462835,2.5,6.3
u20,unpredictable,0,h0151,2026-03-31 19:30:00,19,1,sports,False,7,6,driving,31.4,False,2026-03-31 18:58:37.889736,2026-03-31 19:14:09.617528,2026-03-31 19:46:07.114936,15.5,16.1
u00,overbooked,0,h0152,2026-04-01 12:30:00,12,2,party,False,1,6,cycling,24.8,True,2026-04-01 12:05:13.478876,2026-04-01 12:32:19.680456,2026-04-01 12:56:09.970344,27.1,26.2
u04,morning_struggler,0,h0152,2026-04-01 12:30:00,12,2,party,False,1,6,walking,11.2,True,2026-04-01 12:18:48.513857,2026-04-01 12:26:43.928132,2026-04-01 12:38:14.137178,7.9,8.2
u08,chronically_late,0,h0152,2026-04-01 12:30:00,12,2,party,False,1,6,driving,22.4,False,2026-04-01 12:07:34.583831,2026-04-01 12:17:58.587208,2026-04-01 12:40:05.105651,10.4,10.1
u12,improving,0,h0152,2026-04-01 12:30:00,12,2,party,False,1,6,walking,10.2,True,2026-04-01 12:19:46.014101,2026-04-01 12:34:34.847539,2026-04-01 12:44:12.773831,14.8,14.2
u16,rain_hater,0,h0152,2026-04-01 12:30:00,12,2,party,False,1,6,driving,9.9,False,2026-04-01 12:20:07.844391,2026-04-01 12:24:34.658031,2026-04-01 12:34:17.485208,4.4,4.3
u20,unpredictable,0,h0152,2026-04-01 12:30:00,12,2,party,False,1,6,driving,10.9,False,2026-04-01 12:19:06.936994,2026-04-01 12:25:26.489751,2026-04-01 12:37:37.331703,6.3,7.6
u03,improving,3,h0892,2026-04-01 17:30:00,17,2,food,False,7,3,driving,24.9,True,2026-04-01 17:05:06.107977,2026-04-01 17:16:50.096835,2026-04-01 17:44:59.315553,11.7,15.0
u19,punctual,3,h0892,2026-04-01 17:30:00,17,2,food,False,7,3,driving,39.9,True,2026-04-01 16:50:04.265981,2026-04-01 16:54:29.979940,2026-04-01 17:34:16.046767,4.4,4.3
u23,chronically_late,3,h0892,2026-04-01 17:30:00,17,2,food,False,7,3,walking,13.9,True,2026-04-01 17:16:04.972293,2026-04-01 17:30:14.141628,2026-04-01 17:44:14.352199,14.2,14.2
u00,overbooked,0,h0153,2026-04-01 19:00:00,19,2,coffee,False,2,6,cycling,8.9,True,2026-04-01 18:51:04.985284,2026-04-01 19:08:26.280504,2026-04-01 19:17:54.588093,17.4,17.9
u04,morning_struggler,0,h0153,2026-04-01 19:00:00,19,2,coffee,False,2,6,walking,6.6,False,2026-04-01 18:53:26.089191,2026-04-01 18:52:58.333523,2026-04-01 18:59:01.221370,-0.5,-1.0
u08,chronically_late,0,h0153,2026-04-01 19:00:00,19,2,coffee,False,2,6,driving,34.2,False,2026-04-01 18:25:49.793420,2026-04-01 18:59:26.410507,2026-04-01 19:36:12.667684,33.6,36.2
u12,improving,0,h0153,2026-04-01 19:00:00,19,2,coffee,False,2,6,walking,19.0,True,2026-04-01 18:41:02.226431,2026-04-01 18:53:08.164244,2026-04-01 19:10:18.785445,12.1,10.3
u16,rain_hater,0,h0153,2026-04-01 19:00:00,19,2,coffee,False,2,6,driving,34.8,False,2026-04-01 18:25:14.657694,2026-04-01 18:25:48.979205,2026-04-01 19:01:39.390024,0.6,1.7
u20,unpredictable,0,h0153,2026-04-01 19:00:00,19,2,coffee,False,2,6,driving,37.7,False,2026-04-01 18:22:18.512207,2026-04-01 18:25:36.613928,2026-04-01 19:02:49.270141,3.3,2.8
u06,overbooked,2,h0643,2026-04-02 09:30:00,9,3,party,True,7,5,driving,36.8,True,2026-04-02 08:53:12.699245,2026-04-02 09:17:33.694151,2026-04-02 10:03:53.259801,24.3,33.9
u10,punctual,2,h0643,2026-04-02 09:30:00,9,3,party,True,7,5,cycling,22.0,False,2026-04-02 09:07:59.147486,2026-04-02 09:17:01.645215,2026-04-02 09:42:14.761705,9.0,12.2
u14,punctual,2,h0643,2026-04-02 09:30:00,9,3,party,True,7,5,walking,9.6,True,2026-04-02 09:20:21.798388,2026-04-02 09:36:07.221823,2026-04-02 09:46:12.223918,15.8,16.2
u18,always_early,2,h0643,2026-04-02 09:30:00,9,3,party,True,7,5,cycling,12.2,True,2026-04-02 09:17:47.300187,2026-04-02 09:26:39.380298,2026-04-02 09:39:48.223984,8.9,9.8
u22,rain_hater,2,h0643,2026-04-02 09:30:00,9,3,party,True,7,5,walking,10.5,True,2026-04-02 09:19:29.547867,2026-04-02 09:42:27.996149,2026-04-02 09:53:38.201252,23.0,23.6
u00,overbooked,0,h0154,2026-04-02 20:30:00,20,3,coffee,False,3,3,cycling,9.0,False,2026-04-02 20:21:00.509726,2026-04-02 20:23:59.569489,2026-04-02 20:34:11.308791,3.0,4.2
u04,morning_struggler,0,h0154,2026-04-02 20:30:00,20,3,coffee,False,3,3,walking,9.1,False,2026-04-02 20:20:52.044209,2026-04-02 20:24:31.602264,2026-04-02 20:32:47.522046,3.7,2.8
u16,rain_hater,0,h0154,2026-04-02 20:30:00,20,3,coffee,False,3,3,driving,33.5,False,2026-04-02 19:56:27.516881,2026-04-02 19:58:10.955393,2026-04-02 20:33:05.986454,1.7,3.1
u00,overbooked,0,h0155,2026-04-03 10:30:00,10,4,party,False,7,4,cycling,11.1,True,2026-04-03 10:18:51.355202,2026-04-03 10:39:51.605292,2026-04-03 10:51:37.754752,21.0,21.6
u04,morning_struggler,0,h0155,2026-04-03 10:30:00,10,4,party,False,7,4,walking,15.8,True,2026-04-03 10:14:13.986241,2026-04-03 10:27:54.681092,2026-04-03 10:44:14.983815,13.7,14.2
u08,chronically_late,0,h0155,2026-04-03 10:30:00,10,4,party,False,7,4,driving,29.9,False,2026-04-03 10:00:03.205541,2026-04-03 10:13:56.706727,2026-04-03 10:45:35.807112,13.9,15.6
u12,improving,0,h0155,2026-04-03 10:30:00,10,4,party,False,7,4,walking,14.5,False,2026-04-03 10:15:28.905078,2026-04-03 10:26:44.404096,2026-04-03 10:41:30.782873,11.3,11.5
u00,overbooked,0,h0156,2026-04-04 14:00:00,14,5,food,False,3,6,cycling,11.3,True,2026-04-04 13:48:43.424359,2026-04-04 14:06:30.534743,2026-04-04 14:18:21.592833,17.8,18.4
u04,morning_struggler,0,h0156,2026-04-04 14:00:00,14,5,food,False,3,6,walking,18.1,False,2026-04-04 13:41:56.846341,2026-04-04 13:43:35.866246,2026-04-04 14:03:09.008071,1.7,3.2
u08,chronically_late,0,h0156,2026-04-04 14:00:00,14,5,food,False,3,6,driving,30.6,True,2026-04-04 13:29:25.537284,2026-04-04 13:41:55.324927,2026-04-04 14:12:40.802261,12.5,12.7
u12,improving,0,h0156,2026-04-04 14:00:00,14,5,food,False,3,6,walking,9.4,False,2026-04-04 13:50:36.131949,2026-04-04 14:01:23.377701,2026-04-04 14:11:30.416070,10.8,11.5
u16,rain_hater,0,h0156,2026-04-04 14:00:00,14,5,food,False,3,6,driving,10.6,False,2026-04-04 13:49:23.630436,2026-04-04 13:52:09.268046,2026-04-04 14:03:29.532790,2.8,3.5
u20,unpredictable,0,h0156,2026-04-04 14:00:00,14,5,food,False,3,6,driving,33.4,True,2026-04-04 13:26:33.547378,2026-04-04 13:39:12.935649,2026-04-04 14:14:41.142482,12.7,14.7
u00,overbooked,0,h0157,2026-04-04 15:00:00,15,5,sports,False,2,5,cycling,17.8,True,2026-04-04 14:42:13.071603,2026-04-04 14:57:48.306041,2026-04-04 15:14:42.872086,15.6,14.7
u04,morning_struggler,0,h0157,2026-04-04 15:00:00,15,5,sports,False,2,5,walking,5.0,False,2026-04-04 14:54:57.684351,2026-04-04 14:55:47.603397,2026-04-04 15:00:51.323766,0.8,0.9
u08,chronically_late,0,h0157,2026-04-04 15:00:00,15,5,sports,False,2,5,driving,39.2,True,2026-04-04 14:20:49.071285,2026-04-04 14:30:38.070859,2026-04-04 15:14:13.121450,9.8,14.2
u12,improving,0,h0157,2026-04-04 15:00:00,15,5,sports,False,2,5,walking,19.3,False,2026-04-04 14:40:39.026897,2026-04-04 14:50:19.572457,2026-04-04 15:09:59.012508,9.7,10.0
u20,unpredictable,0,h0157,2026-04-04 15:00:00,15,5,sports,False,2,5,driving,11.6,True,2026-04-04 14:48:25.879020,2026-04-04 14:49:51.199741,2026-04-04 15:01:27.457005,1.4,1.5
u02,improving,2,h0644,2026-04-04 18:30:00,18,5,coffee,False,1,5,walking,6.9,False,2026-04-04 18:23:04.575111,2026-04-04 18:30:24.746318,2026-04-04 18:37:10.610243,7.3,7.2
u06,overbooked,2,h0644,2026-04-04 18:30:00,18,5,coffee,False,1,5,driving,29.4,False,2026-04-04 18:00:35.197127,2026-04-04 18:05:30.163242,2026-04-04 18:38:34.386793,4.9,8.6
u10,punctual,2,h0644,2026-04-04 18:30:00,18,5,coffee,False,1,5,cycling,18.7,True,2026-04-04 18:11:16.910684,2026-04-04 18:17:08.333210,2026-04-04 18:36:13.149871,5.9,6.2
u14,punctual,2,h0644,2026-04-04 18:30:00,18,5,coffee,False,1,5,walking,13.5,False,2026-04-04 18:16:30.947723,2026-04-04 18:15:42.067255,2026-04-04 18:28:46.868908,-0.8,-1.2
u22,rain_hater,2,h0644,2026-04-04 18:30:00,18,5,coffee,False,1,5,walking,8.2,False,2026-04-04 18:21:45.859664,2026-04-04 18:23:44.795315,2026-04-04 18:32:40.410052,2.0,2.7
u07,unpredictable,3,h0893,2026-04-05 13:00:00,13,6,sports,False,1,5,driving,35.3,False,2026-04-05 12:24:41.814582,2026-04-05 12:27:27.601499,2026-04-05 13:07:19.363766,2.8,7.3
u11,always_early,3,h0893,2026-04-05 13:00:00,13,6,sports,False,1,5,driving,34.1,False,2026-04-05 12:25:55.049913,2026-04-05 12:22:25.091022,2026-04-05 12:59:41.351179,-3.5,-0.3
u15,morning_struggler,3,h0893,2026-04-05 13:00:00,13,6,sports,False,1,5,walking,21.6,True,2026-04-05 12:38:22.814636,2026-04-05 12:42:35.031931,2026-04-05 13:02:18.414374,4.2,2.3
u19,punctual,3,h0893,2026-04-05 13:00:00,13,6,sports,False,1,5,driving,37.5,True,2026-04-05 12:22:27.082633,2026-04-05 12:24:54.461635,2026-04-05 12:58:52.250783,2.5,-1.1
u23,chronically_late,3,h0893,2026-04-05 13:00:00,13,6,sports,False,1,5,walking,7.0,False,2026-04-05 12:52:58.131239,2026-04-05 12:59:36.334639,2026-04-05 13:07:16.083868,6.6,7.3
u02,improving,2,h0645,2026-04-05 20:30:00,20,6,party,False,4,4,walking,22.3,True,2026-04-05 20:07:39.046744,2026-04-05 20:22:28.104114,2026-04-05 20:47:36.258088,14.8,17.6
u10,punctual,2,h0645,2026-04-05 20:30:00,20,6,party,False,4,4,cycling,12.3,False,2026-04-05 20:17:43.766082,2026-04-05 20:22:32.031845,2026-04-05 20:34:39.673706,4.8,4.7
u14,punctual,2,h0645,2026-04-05 20:30:00,20,6,party,False,4,4,walking,6.1,False,2026-04-05 20:23:55.338924,2026-04-05 20:27:28.468014,2026-04-05 20:34:04.022361,3.6,4.1
u18,always_early,2,h0645,2026-04-05 20:30:00,20,6,party,False,4,4,cycling,21.8,True,2026-04-05 20:08:13.136231,2026-04-05 20:10:51.153576,2026-04-05 20:31:40.317737,2.6,1.7
u00,overbooked,0,h0158,2026-04-05 21:00:00,21,6,party,True,2,6,cycling,16.4,False,2026-04-05 20:43:36.401500,2026-04-05 20:50:42.722333,2026-04-05 21:09:04.840296,7.1,9.1
u04,morning_struggler,0,h0158,2026-04-05 21:00:00,21,6,party,True,2,6,walking,12.5,False,2026-04-05 20:47:30.758600,2026-04-05 20:53:02.777382,2026-04-05 21:08:26.096881,5.5,8.4
u08,chronically_late,0,h0158,2026-04-05 21:00:00,21,6,party,True,2,6,driving,18.0,False,2026-04-05 20:42:02.757437,2026-04-05 20:57:18.024014,2026-04-05 21:16:01.465591,15.3,16.0
u12,improving,0,h0158,2026-04-05 21:00:00,21,6,party,True,2,6,walking,15.3,False,2026-04-05 20:44:40.968674,2026-04-05 21:00:21.825310,2026-04-05 21:18:08.381611,15.7,18.1
u16,rain_hater,0,h0158,2026-04-05 21:00:00,21,6,party,True,2,6,driving,35.7,False,2026-04-05 20:24:18.370837,2026-04-05 20:38:32.993067,2026-04-05 21:16:52.782871,14.2,16.9
u20,unpredictable,0,h0158,2026-04-05 21:00:00,21,6,party,True,2,6,driving,12.6,False,2026-04-05 20:47:24.767865,2026-04-05 20:53:18.154581,2026-04-05 21:07:35.981134,5.9,7.6
u02,improving,2,h0646,2026-04-06 12:30:00,12,0,party,True,4,5,walking,8.4,False,2026-04-06 12:21:35.722936,2026-04-06 12:33:24.314187,2026-04-06 12:43:54.757102,11.8,13.9
u06,overbooked,2,h0646,2026-04-06 12:30:00,12,0,party,True,4,5,driving,30.0,True,2026-04-06 12:00:00.929014,2026-04-06 12:23:36.435900,2026-04-06 12:55:16.687875,23.6,25.3
u10,punctual,2,h0646,2026-04-06 12:30:00,12,0,party,True,4,5,cycling,23.6,False,2026-04-06 12:06:23.829156,2026-04-06 12:12:28.456757,2026-04-06 12:42:04.744268,6.1,12.1
u14,punctual,2,h0646,2026-04-06 12:30:00,12,0,party,True,4,5,walking,10.1,False,2026-04-06 12:19:53.013919,2026-04-06 12:26:47.626739,2026-04-06 12:37:24.449178,6.9,7.4
u18,always_early,2,h0646,2026-04-06 12:30:00,12,0,party,True,4,5,cycling,11.1,True,2026-04-06 12:18:54.777634,2026-04-06 12:24:03.298987,2026-04-06 12:35:32.017962,5.1,5.5
u04,morning_struggler,0,h0159,2026-04-06 17:30:00,17,0,party,False,6,4,walking,16.2,False,2026-04-06 17:13:47.931029,2026-04-06 17:20:50.570779,2026-04-06 17:35:59.176135,7.0,6.0
u08,chronically_late,0,h0159,2026-04-06 17:30:00,17,0,party,False,6,4,driving,37.1,False,2026-04-06 16:52:52.920628,2026-04-06 17:04:17.954437,2026-04-06 17:42:26.371079,11.4,12.4
u12,improving,0,h0159,2026-04-06 17:30:00,17,0,party,False,6,4,walking,5.7,False,2026-04-06 17:24:16.770112,2026-04-06 17:36:08.328406,2026-04-06 17:41:46.640512,11.9,11.8
u20,unpredictable,0,h0159,2026-04-06 17:30:00,17,0,party,False,6,4,driving,35.7,False,2026-04-06 16:54:15.663240,2026-04-06 17:01:02.942864,2026-04-06 17:35:04.004791,6.8,5.1
u00,overbooked,0,h0160,2026-04-07 18:00:00,18,1,party,True,3,4,cycling,19.6,True,2026-04-07 17:40:24.994746,2026-04-07 18:01:23.291033,2026-04-07 18:26:06.143471,21.0,26.1
u04,morning_struggler,0,h0160,2026-04-07 18:00:00,18,1,party,True,3,4,walking,8.7,True,2026-04-07 17:51:17.210765,2026-04-07 17:59:31.102495,2026-04-07 18:08:34.227696,8.2,8.6
u08,chronically_late,0,h0160,2026-04-07 18:00:00,18,1,party,True,3,4,driving,36.2,True,2026-04-07 17:23:47.098707,2026-04-07 17:39:41.757198,2026-04-07 18:24:16.229632,15.9,24.3
u12,improving,0,h0160,2026-04-07 18:00:00,18,1,party,True,3,4,walking,10.9,False,2026-04-07 17:49:05.606909,2026-04-07 17:59:43.848214,2026-04-07 18:13:21.644265,10.6,13.4
u03,improving,3,h0894,2026-04-07 19:00:00,19,1,study,False,2,3,driving,25.4,False,2026-04-07 18:34:38.771682,2026-04-07 18:41:33.099286,2026-04-07 19:05:43.848535,6.9,5.7
u07,unpredictable,3,h0894,2026-04-07 19:00:00,19,1,study,False,2,3,driving,22.7,True,2026-04-07 18:37:19.855988,2026-04-07 18:36:35.668127,2026-04-07 19:00:27.191622,-0.7,0.5
u14,punctual,2,h0647,2026-04-07 19:00:00,19,1,coffee,False,3,3,walking,18.2,True,2026-04-07 18:41:47.927157,2026-04-07 18:45:07.232275,2026-04-07 19:01:34.160358,3.3,1.6
u18,always_early,2,h0647,2026-04-07 19:00:00,19,1,coffee,False,3,3,cycling,14.2,False,2026-04-07 18:45:50.445715,2026-04-07 18:41:49.460167,2026-04-07 18:54:36.090083,-4.0,-5.4
u22,rain_hater,2,h0647,2026-04-07 19:00:00,19,1,coffee,False,3,3,walking,15.2,False,2026-04-07 18:44:49.380173,2026-04-07 18:46:35.720631,2026-04-07 19:02:59.602964,1.8,3.0
u23,chronically_late,3,h0894,2026-04-07 19:00:00,19,1,study,False,2,3,walking,17.7,True,2026-04-07 18:42:20.104817,2026-04-07 18:54:49.403924,2026-04-07 19:14:12.423367,12.5,14.2
u01,overbooked,1,h0406,2026-04-08 13:00:00,13,2,party,True,6,6,driving,35.4,False,2026-04-08 12:24:34.768241,2026-04-08 12:39:25.128002,2026-04-08 13:15:58.083158,14.8,16.0
u05,chronically_late,1,h0406,2026-04-08 13:00:00,13,2,party,True,6,6,cycling,11.3,False,2026-04-08 12:48:42.076544,2026-04-08 13:03:01.653185,2026-04-08 13:15:52.419912,14.3,15.9
u09,morning_struggler,1,h0406,2026-04-08 13:00:00,13,2,party,True,6,6,cycling,13.7,False,2026-04-08 12:46:19.443895,2026-04-08 12:55:25.101446,2026-04-08 13:09:03.721552,9.1,9.1
u13,rain_hater,1,h0406,2026-04-08 13:00:00,13,2,party,True,6,6,driving,38.9,False,2026-04-08 12:21:05.684178,2026-04-08 12:37:21.670374,2026-04-08 13:25:11.617514,16.3,25.2
u17,unpredictable,1,h0406,2026-04-08 13:00:00,13,2,party,True,6,6,driving,38.7,True,2026-04-08 12:21:20.897479,2026-04-08 12:35:51.187090,2026-04-08 13:14:10.598828,14.5,14.2
u21,always_early,1,h0406,2026-04-08 13:00:00,13,2,party,True,6,6,driving,20.9,True,2026-04-08 12:39:08.010904,2026-04-08 12:46:36.582044,2026-04-08 13:11:17.247119,7.5,11.3
u05,chronically_late,1,h0407,2026-04-08 17:00:00,17,2,food,False,5,3,cycling,10.2,True,2026-04-08 16:49:48.879107,2026-04-08 17:26:25.560503,2026-04-08 17:38:04.972296,36.6,38.1
u13,rain_hater,1,h0407,2026-04-08 17:00:00,17,2,food,False,5,3,driving,20.2,False,2026-04-08 16:39:45.040195,2026-04-08 16:41:15.311094,2026-04-08 17:00:15.295481,1.5,0.3
u17,unpredictable,1,h0407,2026-04-08 17:00:00,17,2,food,False,5,3,driving,17.0,False,2026-04-08 16:43:02.809322,2026-04-08 16:47:17.655938,2026-04-08 17:05:45.164046,4.2,5.8
u07,unpredictable,3,h0895,2026-04-08 19:00:00,19,2,coffee,True,6,5,driving,15.4,False,2026-04-08 18:44:37.456007,2026-04-08 18:53:14.604999,2026-04-08 19:10:11.881075,8.6,10.2
u11,always_early,3,h0895,2026-04-08 19:00:00,19,2,coffee,True,6,5,driving,9.0,False,2026-04-08 18:50:58.333485,2026-04-08 18:50:44.826276,2026-04-08 19:00:14.253907,-0.2,0.2
u15,morning_struggler,3,h0895,2026-04-08 19:00:00,19,2,coffee,True,6,5,walking,6.4,True,2026-04-08 18:53:38.129805,2026-04-08 19:00:54.054826,2026-04-08 19:08:52.795948,7.3,8.9
u19,punctual,3,h0895,2026-04-08 19:00:00,19,2,coffee,True,6,5,driving,16.1,True,2026-04-08 18:43:51.320418,2026-04-08 18:50:37.714712,2026-04-08 19:09:51.630612,6.8,9.9
u23,chronically_late,3,h0895,2026-04-08 19:00:00,19,2,coffee,True,6,5,walking,21.4,True,2026-04-08 18:38:38.706883,2026-04-08 18:55:16.083153,2026-04-08 19:17:58.602234,16.6,18.0
u02,improving,2,h0648,2026-04-09 09:00:00,9,3,food,False,6,6,walking,12.0,False,2026-04-09 08:48:00.092133,2026-04-09 08:56:52.099462,2026-04-09 09:09:30.810069,8.9,9.5
u06,overbooked,2,h0648,2026-04-09 09:00:00,9,3,food,False,6,6,driving,37.6,True,2026-04-09 08:22:26.628723,2026-04-09 08:47:38.939082,2026-04-09 09:27:38.869730,25.2,27.6
u10,punctual,2,h0648,2026-04-09 09:00:00,9,3,food,False,6,6,cycling,23.2,False,2026-04-09 08:36:46.575444,2026-04-09 08:40:23.256766,2026-04-09 09:04:04.279087,3.6,4.1
u14,punctual,2,h0648,2026-04-09 09:00:00,9,3,food,False,6,6,walking,22.7,True,2026-04-09 08:37:16.061157,2026-04-09 08:47:03.875740,2026-04-09 09:12:54.685963,9.8,12.9
u18,always_early,2,h0648,2026-04-09 09:00:00,9,3,food,False,6,6,cycling,11.9,False,2026-04-09 08:48:03.249472,2026-04-09 08:49:10.409119,2026-04-09 09:00:43.162933,1.1,0.7
u22,rain_hater,2,h0648,2026-04-09 09:00:00,9,3,food,False,6,6,walking,23.6,False,2026-04-09 08:36:24.843917,2026-04-09 08:39:49.146088,2026-04-09 09:03:17.773308,3.4,3.3
u03,improving,3,h0896,2026-04-09 14:00:00,14,3,food,False,3,6,driving,19.8,False,2026-04-09 13:40:09.598532,2026-04-09 13:48:17.511233,2026-04-09 14:10:55.889948,8.1,10.9
u07,unpredictable,3,h0896,2026-04-09 14:00:00,14,3,food,False,3,6,driving,35.1,False,2026-04-09 13:24:54.314309,2026-04-09 13:42:27.525109,2026-04-09 14:15:05.575922,17.6,15.1
u11,always_early,3,h0896,2026-04-09 14:00:00,14,3,food,False,3,6,driving,16.2,False,2026-04-09 13:43:46.600097,2026-04-09 13:42:21.103658,2026-04-09 13:59:00.746586,-1.4,-1.0
u15,morning_struggler,3,h0896,2026-04-09 14:00:00,14,3,food,False,3,6,walking,6.1,False,2026-04-09 13:53:52.838672,2026-04-09 13:54:49.749266,2026-04-09 14:00:50.994619,0.9,0.8
u19,punctual,3,h0896,2026-04-09 14:00:00,14,3,food,False,3,6,driving,25.5,False,2026-04-09 13:34:30.785645,2026-04-09 13:35:55.609731,2026-04-09 14:02:00.615984,1.4,2.0
u23,chronically_late,3,h0896,2026-04-09 14:00:00,14,3,food,False,3,6,walking,6.4,False,2026-04-09 13:53:38.830955,2026-04-09 14:08:05.309933,2026-04-09 14:14:24.138395,14.4,14.4
u04,morning_struggler,0,h0161,2026-04-09 21:30:00,21,3,food,False,2,4,walking,18.9,True,2026-04-09 21:11:06.242027,2026-04-09 21:14:09.233580,2026-04-09 21:31:35.227030,3.0,1.6
u08,chronically_late,0,h0161,2026-04-09 21:30:00,21,3,food,False,2,4,driving,10.4,True,2026-04-09 21:19:33.385337,2026-04-09 21:30:58.155078,2026-04-09 21:40:43.945385,11.4,10.7
u12,improving,0,h0161,2026-04-09 21:30:00,21,3,food,False,2,4,walking,24.1,True,2026-04-09 21:05:55.380132,2026-04-09 21:15:16.150779,2026-04-09 21:38:07.448902,9.3,8.1
u20,unpredictable,0,h0161,2026-04-09 21:30:00,21,3,food,False,2,4,driving,23.9,True,2026-04-09 21:06:03.902287,2026-04-09 21:07:45.730291,2026-04-09 21:30:09.681592,1.7,0.2
u00,overbooked,0,h0162,2026-04-10 17:00:00,17,4,sports,True,5,5,cycling,10.5,True,2026-04-10 16:49:29.005612,2026-04-10 17:08:07.176696,2026-04-10 17:19:50.500571,18.6,19.8
u04,morning_struggler,0,h0162,2026-04-10 17:00:00,17,4,sports,True,5,5,walking,16.6,True,2026-04-10 16:43:22.503573,2026-04-10 16:48:36.720513,2026-04-10 17:05:23.947108,5.2,5.4
u08,chronically_late,0,h0162,2026-04-10 17:00:00,17,4,sports,True,5,5,driving,18.9,True,2026-04-10 16:41:07.848069,2026-04-10 16:54:50.665448,2026-04-10 17:15:22.680865,13.7,15.4
u16,rain_hater,0,h0162,2026-04-10 17:00:00,17,4,sports,True,5,5,driving,39.3,False,2026-04-10 16:20:39.126372,2026-04-10 16:34:33.760213,2026-04-10 17:17:01.102003,13.9,17.0
u20,unpredictable,0,h0162,2026-04-10 17:00:00,17,4,sports,True,5,5,driving,15.0,False,2026-04-10 16:44:57.348326,2026-04-10 16:45:51.376534,2026-04-10 17:04:52.303781,0.9,4.9
u02,improving,2,h0649,2026-04-10 20:00:00,20,4,study,False,7,4,walking,8.6,True,2026-04-10 19:51:23.778754,2026-04-10 20:02:44.222809,2026-04-10 20:11:53.415365,11.3,11.9
u10,punctual,2,h0649,2026-04-10 20:00:00,20,4,study,False,7,4,cycling,7.1,False,2026-04-10 19:52:53.821459,2026-04-10 19:55:28.124230,2026-04-10 20:02:05.304777,2.6,2.1
u18,always_early,2,h0649,2026-04-10 20:00:00,20,4,study,False,7,4,cycling,16.7,False,2026-04-10 19:43:20.413141,2026-04-10 19:41:05.966800,2026-04-10 19:59:30.270564,-2.2,-0.5
u22,rain_hater,2,h0649,2026-04-10 20:00:00,20,4,study,False,7,4,walking,22.9,False,2026-04-10 19:37:08.875942,2026-04-10 19:38:32.744157,2026-04-10 20:00:56.207535,1.4,0.9
u01,overbooked,1,h0408,2026-04-10 21:30:00,21,4,coffee,False,6,5,driving,23.6,True,2026-04-10 21:06:23.435261,2026-04-10 21:23:16.923389,2026-04-10 21:49:31.504523,16.9,19.5
u05,chronically_late,1,h0408,2026-04-10 21:30:00,21,4,coffee,False,6,5,cycling,10.8,False,2026-04-10 21:19:14.200371,2026-04-10 21:30:05.610510,2026-04-10 21:40:35.013283,10.9,10.6
u09,morning_struggler,1,h0408,2026-04-10 21:30:00,21,4,coffee,False,6,5,cycling,13.1,False,2026-04-10 21:16:56.785796,2026-04-10 21:18:11.290750,2026-04-10 21:30:43.225727,1.2,0.7
u17,unpredictable,1,h0408,2026-04-10 21:30:00,21,4,coffee,False,6,5,driving,8.3,False,2026-04-10 21:21:44.736606,2026-04-10 21:35:33.801659,2026-04-10 21:43:59.220400,13.8,14.0
u21,always_early,1,h0408,2026-04-10 21:30:00,21,4,coffee,False,6,5,driving,20.9,False,2026-04-10 21:09:03.877953,2026-04-10 21:07:41.260184,2026-04-10 21:26:32.311617,-1.4,-3.5
u02,improving,2,h0651,2026-04-11 14:00:00,14,5,study,True,7,5,walking,23.6,False,2026-04-11 13:36:26.270096,2026-04-11 13:49:47.292293,2026-04-11 14:15:13.836249,13.4,15.2
u06,overbooked,2,h0651,2026-04-11 14:00:00,14,5,study,True,7,5,driving,15.4,False,2026-04-11 13:44:38.744001,2026-04-11 13:51:44.110318,2026-04-11 14:09:33.998147,7.1,9.6
u10,punctual,2,h0651,2026-04-11 14:00:00,14,5,study,True,7,5,cycling,7.6,False,2026-04-11 13:52:22.340973,2026-04-11 13:58:17.545781,2026-04-11 14:06:37.793421,5.9,6.6
u14,punctual,2,h0651,2026-04-11 14:00:00,14,5,study,True,7,5,walking,8.3,True,2026-04-11 13:51:44.465949,2026-04-11 13:57:06.896787,2026-04-11 14:06:35.008981,5.4,6.6
u22,rain_hater,2,h0651,2026-04-11 14:00:00,14,5,study,True,7,5,walking,13.3,False,2026-04-11 13:46:40.050645,2026-04-11 13:58:03.137361,2026-04-11 14:14:10.218016,11.4,14.2
u01,overbooked,1,h0409,2026-04-11 15:30:00,15,5,sports,True,0,3,driving,8.8,True,2026-04-11 15:21:13.407382,2026-04-11 15:37:46.366029,2026-04-11 15:48:03.198670,16.5,18.1
u05,chronically_late,1,h0409,2026-04-11 15:30:00,15,5,sports,True,0,3,cycling,21.3,False,2026-04-11 15:08:44.030467,2026-04-11 15:23:32.283129,2026-04-11 15:49:49.271688,14.8,19.8
u17,unpredictable,1,h0409,2026-04-11 15:30:00,15,5,sports,True,0,3,driving,24.3,False,2026-04-11 15:05:39.983521,2026-04-11 15:08:31.161008,2026-04-11 15:36:54.899618,2.9,6.9
u07,unpredictable,3,h0897,2026-04-11 17:00:00,17,5,study,True,2,3,driving,17.0,False,2026-04-11 16:42:57.004114,2026-04-11 16:51:03.905565,2026-04-11 17:11:53.119527,8.1,11.9
u11,always_early,3,h0897,2026-04-11 17:00:00,17,5,study,True,2,3,driving,22.0,False,2026-04-11 16:37:57.500974,2026-04-11 16:36:32.946582,2026-04-11 17:04:04.201221,-1.4,4.1
u15,morning_struggler,3,h0897,2026-04-11 17:00:00,17,5,study,True,2,3,walking,11.3,False,2026-04-11 16:48:39.638441,2026-04-11 16:50:05.693270,2026-04-11 17:01:35.358497,1.4,1.6
u10,punctual,2,h0650,2026-04-11 20:30:00,20,5,party,False,0,4,cycling,10.1,False,2026-04-11 20:19:55.833867,2026-04-11 20:22:54.799373,2026-04-11 20:32:13.746359,3.0,2.2
u14,punctual,2,h0650,2026-04-11 20:30:00,20,5,party,False,0,4,walking,13.3,True,2026-04-11 20:16:43.321327,2026-04-11 20:23:18.667650,2026-04-11 20:37:38.677084,6.6,7.6
u18,always_early,2,h0650,2026-04-11 20:30:00,20,5,party,False,0,4,cycling,21.7,True,2026-04-11 20:08:18.461675,2026-04-11 20:09:08.107846,2026-04-11 20:30:34.031350,0.8,0.6
u22,rain_hater,2,h0650,2026-04-11 20:30:00,20,5,party,False,0,4,walking,22.9,False,2026-04-11 20:07:04.359454,2026-04-11 20:12:42.207442,2026-04-11 20:38:28.244494,5.6,8.5
u06,overbooked,2,h0652,2026-04-12 16:30:00,16,6,food,False,1,5,driving,38.5,False,2026-04-12 15:51:29.085546,2026-04-12 15:52:35.923801,2026-04-12 16:36:22.325037,1.1,6.4
u10,punctual,2,h0652,2026-04-12 16:30:00,16,6,food,False,1,5,cycling,14.4,False,2026-04-12 16:15:38.376863,2026-04-12 16:16:07.035180,2026-04-12 16:30:04.049165,0.5,0.1
u14,punctual,2,h0652,2026-04-12 16:30:00,16,6,food,False,1,5,walking,20.5,True,2026-04-12 16:09:29.421143,2026-04-12 16:13:05.528255,2026-04-12 16:31:43.801812,3.6,1.7
u18,always_early,2,h0652,2026-04-12 16:30:00,16,6,food,False,1,5,cycling,10.3,False,2026-04-12 16:19:40.581228,2026-04-12 16:15:17.933757,2026-04-12 16:25:08.744405,-4.4,-4.9
u22,rain_hater,2,h0652,2026-04-12 16:30:00,16,6,food,False,1,5,walking,16.8,False,2026-04-12 16:13:13.371515,2026-04-12 16:18:09.967152,2026-04-12 16:35:23.931935,4.9,5.4
u01,overbooked,1,h0410,2026-04-12 20:30:00,20,6,coffee,False,1,6,driving,31.1,True,2026-04-12 19:58:54.455885,2026-04-12 20:17:30.314187,2026-04-12 20:46:19.507965,18.6,16.3
u05,chronically_late,1,h0410,2026-04-12 20:30:00,20,6,coffee,False,1,6,cycling,14.6,False,2026-04-12 20:15:23.990625,2026-04-12 20:25:42.132826,2026-04-12 20:41:13.322129,10.3,11.2
u09,morning_struggler,1,h0410,2026-04-12 20:30:00,20,6,coffee,False,1,6,cycling,19.2,True,2026-04-12 20:10:49.475871,2026-04-12 20:17:40.645121,2026-04-12 20:38:30.222848,6.9,8.5
u13,rain_hater,1,h0410,2026-04-12 20:30:00,20,6,coffee,False,1,6,driving,18.3,True,2026-04-12 20:11:43.819815,2026-04-12 20:14:13.173400,2026-04-12 20:32:39.881731,2.5,2.7
u17,unpredictable,1,h0410,2026-04-12 20:30:00,20,6,coffee,False,1,6,driving,36.2,True,2026-04-12 19:53:45.554388,2026-04-12 20:31:04.541943,2026-04-12 21:06:20.246814,37.3,36.3
u21,always_early,1,h0410,2026-04-12 20:30:00,20,6,coffee,False,1,6,driving,32.0,False,2026-04-12 19:58:00.832008,2026-04-12 19:54:09.855529,2026-04-12 20:24:54.505788,-3.8,-5.1
u01,overbooked,1,h0411,2026-04-13 11:00:00,11,0,coffee,False,2,6,driving,27.4,False,2026-04-13 10:32:33.519789,2026-04-13 10:38:50.537403,2026-04-13 11:05:04.713835,6.3,5.1
u05,chronically_late,1,h0411,2026-04-13 11:00:00,11,0,coffee,False,2,6,cycling,11.4,True,2026-04-13 10:48:33.111926,2026-04-13 11:05:08.136786,2026-04-13 11:15:34.677748,16.6,15.6
u09,morning_struggler,1,h0411,2026-04-13 11:00:00,11,0,coffee,False,2,6,cycling,15.8,False,2026-04-13 10:44:10.880308,2026-04-13 10:43:24.216550,2026-04-13 10:59:41.080877,-0.8,-0.3
u13,rain_hater,1,h0411,2026-04-13 11:00:00,11,0,coffee,False,2,6,driving,28.4,True,2026-04-13 10:31:34.185553,2026-04-13 10:36:10.779495,2026-04-13 11:03:18.270964,4.6,3.3
u17,unpredictable,1,h0411,2026-04-13 11:00:00,11,0,coffee,False,2,6,driving,36.9,True,2026-04-13 10:23:06.349623,2026-04-13 10:24:32.494088,2026-04-13 10:58:04.234819,1.4,-1.9
u21,always_early,1,h0411,2026-04-13 11:00:00,11,0,coffee,False,2,6,driving,9.4,True,2026-04-13 10:50:33.689333,2026-04-13 10:49:07.340677,2026-04-13 10:57:39.519105,-1.4,-2.3
u02,improving,2,h0655,2026-04-14 09:30:00,9,1,food,False,0,5,walking,24.1,True,2026-04-14 09:05:52.711725,2026-04-14 09:21:59.930233,2026-04-14 09:45:32.784200,16.1,15.5
u06,overbooked,2,h0655,2026-04-14 09:30:00,9,1,food,False,0,5,driving,14.9,True,2026-04-14 09:15:03.038099,2026-04-14 09:33:34.709054,2026-04-14 09:48:32.947536,18.5,18.5
u10,punctual,2,h0655,2026-04-14 09:30:00,9,1,food,False,0,5,cycling,15.7,True,2026-04-14 09:14:18.113978,2026-04-14 09:22:57.049035,2026-04-14 09:40:01.424327,8.6,10.0
u18,always_early,2,h0655,2026-04-14 09:30:00,9,1,food,False,0,5,cycling,11.3,True,2026-04-14 09:18:42.779520,2026-04-14 09:19:07.836237,2026-04-14 09:29:21.924994,0.4,-0.6
u22,rain_hater,2,h0655,2026-04-14 09:30:00,9,1,food,False,0,5,walking,16.1,False,2026-04-14 09:13:51.860002,2026-04-14 09:22:19.843411,2026-04-14 09:38:57.099757,8.5,9.0
u02,improving,2,h0653,2026-04-14 18:30:00,18,1,study,False,5,5,walking,12.6,False,2026-04-14 18:17:26.636240,2026-04-14 18:24:18.124100,2026-04-14 18:37:44.376628,6.9,7.7
u06,overbooked,2,h0653,2026-04-14 18:30:00,18,1,study,False,5,5,driving,37.4,True,2026-04-14 17:52:36.018460,2026-04-14 18:15:02.671761,2026-04-14 18:55:26.895656,22.4,25.4
u10,punctual,2,h0653,2026-04-14 18:30:00,18,1,study,False,5,5,cycling,16.0,False,2026-04-14 18:14:01.372168,2026-04-14 18:14:28.482065,2026-04-14 18:29:51.378309,0.5,-0.1
u18,always_early,2,h0653,2026-04-14 18:30:00,18,1,study,False,5,5,cycling,24.3,True,2026-04-14 18:05:42.746063,2026-04-14 18:05:39.998745,2026-04-14 18:31:14.590947,-0.0,1.2
u22,rain_hater,2,h0653,2026-04-14 18:30:00,18,1,study,False,5,5,walking,16.5,False,2026-04-14 18:13:29.692375,2026-04-14 18:13:30.329713,2026-04-14 18:28:35.423048,0.0,-1.4
u06,overbooked,2,h0654,2026-04-14 21:30:00,21,1,sports,False,2,5,driving,17.9,False,2026-04-14 21:12:07.652381,2026-04-14 21:13:40.192361,2026-04-14 21:32:21.352467,1.5,2.4
u10,punctual,2,h0654,2026-04-14 21:30:00,21,1,sports,False,2,5,cycling,8.1,False,2026-04-14 21:21:56.505362,2026-04-14 21:22:32.529981,2026-04-14 21:29:59.866182,0.6,-0.0
u14,punctual,2,h0654,2026-04-14 21:30:00,21,1,sports,False,2,5,walking,14.2,True,2026-04-14 21:15:46.178141,2026-04-14 21:22:42.760822,2026-04-14 21:37:59.390238,6.9,8.0
u18,always_early,2,h0654,2026-04-14 21:30:00,21,1,sports,False,2,5,cycling,11.4,True,2026-04-14 21:18:33.031323,2026-04-14 21:17:58.089239,2026-04-14 21:29:47.892690,-0.6,-0.2
u22,rain_hater,2,h0654,2026-04-14 21:30:00,21,1,sports,False,2,5,walking,5.1,False,2026-04-14 21:24:56.604076,2026-04-14 21:36:28.234735,2026-04-14 21:41:50.067757,11.5,11.8
u03,improving,3,h0898,2026-04-15 14:00:00,14,2,study,False,4,5,driving,23.7,False,2026-04-15 13:36:19.624613,2026-04-15 13:46:39.973568,2026-04-15 14:12:35.308026,10.3,12.6
u11,always_early,3,h0898,2026-04-15 14:00:00,14,2,study,False,4,5,driving,9.8,False,2026-04-15 13:50:11.317233,2026-04-15 13:47:32.619526,2026-04-15 13:57:21.563505,-2.6,-2.6
u15,morning_struggler,3,h0898,2026-04-15 14:00:00,14,2,study,False,4,5,walking,15.9,False,2026-04-15 13:44:07.995495,2026-04-15 13:43:29.655574,2026-04-15 13:57:48.025334,-0.6,-2.2
u19,punctual,3,h0898,2026-04-15 14:00:00,14,2,study,False,4,5,driving,15.8,False,2026-04-15 13:44:13.861657,2026-04-15 13:43:59.932185,2026-04-15 13:58:28.962994,-0.2,-1.5
u23,chronically_late,3,h0898,2026-04-15 14:00:00,14,2,study,False,4,5,walking,7.5,False,2026-04-15 13:52:27.558171,2026-04-15 14:04:59.023023,2026-04-15 14:12:16.154923,12.5,12.3
u01,overbooked,1,h0412,2026-04-15 20:00:00,20,2,party,True,5,3,driving,32.6,True,2026-04-15 19:27:25.907533,2026-04-15 19:50:49.600724,2026-04-15 20:28:42.485893,23.4,28.7
u05,chronically_late,1,h0412,2026-04-15 20:00:00,20,2,party,True,5,3,cycling,7.1,False,2026-04-15 19:52:56.751797,2026-04-15 20:07:22.409478,2026-04-15 20:14:24.529640,14.4,14.4
u17,unpredictable,1,h0412,2026-04-15 20:00:00,20,2,party,True,5,3,driving,8.2,False,2026-04-15 19:51:49.779874,2026-04-15 20:00:50.705641,2026-04-15 20:10:46.536129,9.0,10.8
u02,improving,2,h0656,2026-04-15 21:30:00,21,2,study,False,3,5,walking,19.6,False,2026-04-15 21:10:22.680392,2026-04-15 21:17:25.010796,2026-04-15 21:37:38.924059,7.0,7.6
u10,punctual,2,h0656,2026-04-15 21:30:00,21,2,study,False,3,5,cycling,8.5,False,2026-04-15 21:21:27.276696,2026-04-15 21:21:23.980500,2026-04-15 21:31:03.569862,-0.1,1.1
u14,punctual,2,h0656,2026-04-15 21:30:00,21,2,study,False,3,5,walking,19.4,True,2026-04-15 21:10:35.514490,2026-04-15 21:12:45.739703,2026-04-15 21:32:06.402331,2.2,2.1
u18,always_early,2,h0656,2026-04-15 21:30:00,21,2,study,False,3,5,cycling,6.7,False,2026-04-15 21:23:19.162997,2026-04-15 21:18:17.293477,2026-04-15 21:24:18.439980,-5.0,-5.7
u22,rain_hater,2,h0656,2026-04-15 21:30:00,21,2,study,False,3,5,walking,5.8,False,2026-04-15 21:24:14.411787,2026-04-15 21:29:15.764283,2026-04-15 21:35:20.779583,5.0,5.3
u03,improving,3,h0899,2026-04-16 16:00:00,16,3,party,False,4,5,driving,34.6,True,2026-04-16 15:25:22.188317,2026-04-16 15:37:21.403436,2026-04-16 16:11:20.418358,12.0,11.3
u07,unpredictable,3,h0899,2026-04-16 16:00:00,16,3,party,False,4,5,driving,35.2,False,2026-04-16 15:24:48.249661,2026-04-16 15:46:08.490455,2026-04-16 16:22:07.807140,21.3,22.1
u15,morning_struggler,3,h0899,2026-04-16 16:00:00,16,3,party,False,4,5,walking,17.9,True,2026-04-16 15:42:05.495152,2026-04-16 15:49:18.562725,2026-04-16 16:08:58.181368,7.2,9.0
u19,punctual,3,h0899,2026-04-16 16:00:00,16,3,party,False,4,5,driving,37.1,False,2026-04-16 15:22:53.725526,2026-04-16 15:26:28.091227,2026-04-16 16:00:13.658865,3.6,0.2
u23,chronically_late,3,h0899,2026-04-16 16:00:00,16,3,party,False,4,5,walking,17.8,False,2026-04-16 15:42:12.101952,2026-04-16 15:58:43.003186,2026-04-16 16:16:38.510206,16.5,16.6
u01,overbooked,1,h0413,2026-04-16 21:30:00,21,3,party,False,1,4,driving,37.1,True,2026-04-16 20:52:53.719188,2026-04-16 21:17:46.387557,2026-04-16 21:55:56.767161,24.9,25.9
u05,chronically_late,1,h0413,2026-04-16 21:30:00,21,3,party,False,1,4,cycling,22.1,True,2026-04-16 21:07:51.509828,2026-04-16 21:20:51.878452,2026-04-16 21:43:23.964885,13.0,13.4
u09,morning_struggler,1,h0413,2026-04-16 21:30:00,21,3,party,False,1,4,cycling,21.1,True,2026-04-16 21:08:54.663849,2026-04-16 21:19:03.643058,2026-04-16 21:41:47.286256,10.1,11.8
u17,unpredictable,1,h0413,2026-04-16 21:30:00,21,3,party,False,1,4,driving,35.2,False,2026-04-16 20:54:46.962456,2026-04-16 21:12:39.234734,2026-04-16 21:46:13.030287,17.9,16.2
u01,overbooked,1,h0415,2026-04-17 08:00:00,8,4,coffee,True,0,6,driving,34.5,False,2026-04-17 07:25:29.466464,2026-04-17 07:32:39.463472,2026-04-17 08:10:10.543828,7.2,10.2
u05,chronically_late,1,h0415,2026-04-17 08:00:00,8,4,coffee,True,0,6,cycling,10.5,True,2026-04-17 07:49:29.259822,2026-04-17 08:07:26.843842,2026-04-17 08:18:51.269174,18.0,18.9
u09,morning_struggler,1,h0415,2026-04-17 08:00:00,8,4,coffee,True,0,6,cycling,6.7,False,2026-04-17 07:53:15.316684,2026-04-17 08:16:34.046792,2026-04-17 08:24:10.750437,23.3,24.2
u13,rain_hater,1,h0415,2026-04-17 08:00:00,8,4,coffee,True,0,6,driving,8.3,False,2026-04-17 07:51:39.676136,2026-04-17 08:03:51.234459,2026-04-17 08:14:00.087176,12.2,14.0
u17,unpredictable,1,h0415,2026-04-17 08:00:00,8,4,coffee,True,0,6,driving,15.2,False,2026-04-17 07:44:47.262634,2026-04-17 07:44:15.126534,2026-04-17 08:02:32.952722,-0.5,2.5
u21,always_early,1,h0415,2026-04-17 08:00:00,8,4,coffee,True,0,6,driving,34.3,False,2026-04-17 07:25:44.088318,2026-04-17 07:24:59.761042,2026-04-17 08:02:17.336024,-0.7,2.3
u05,chronically_late,1,h0414,2026-04-17 12:00:00,12,4,sports,False,5,5,cycling,10.8,False,2026-04-17 11:49:10.343581,2026-04-17 11:55:50.604199,2026-04-17 12:06:01.004953,6.7,6.0
u09,morning_struggler,1,h0414,2026-04-17 12:00:00,12,4,sports,False,5,5,cycling,7.1,False,2026-04-17 11:52:51.670935,2026-04-17 11:53:54.028268,2026-04-17 12:01:04.877000,1.0,1.1
u13,rain_hater,1,h0414,2026-04-17 12:00:00,12,4,sports,False,5,5,driving,34.7,False,2026-04-17 11:25:17.161096,2026-04-17 11:27:53.145861,2026-04-17 11:59:26.519499,2.6,-0.6
u17,unpredictable,1,h0414,2026-04-17 12:00:00,12,4,sports,False,5,5,driving,11.4,True,2026-04-17 11:48:36.925951,2026-04-17 12:01:37.783687,2026-04-17 12:13:37.166789,13.0,13.6
u21,always_early,1,h0414,2026-04-17 12:00:00,12,4,sports,False,5,5,driving,24.6,False,2026-04-17 11:35:24.439669,2026-04-17 11:33:28.090171,2026-04-17 11:58:40.762403,-1.9,-1.3
u00,overbooked,0,h0163,2026-04-17 20:00:00,20,4,study,False,4,3,cycling,9.3,False,2026-04-17 19:50:43.501362,2026-04-17 19:52:24.402403,2026-04-17 20:02:03.877216,1.7,2.1
u02,improving,2,h0657,2026-04-17 20:00:00,20,4,food,False,2,6,walking,20.6,False,2026-04-17 19:39:22.925911,2026-04-17 19:45:52.969348,2026-04-17 20:09:25.562972,6.5,9.4
u04,morning_struggler,0,h0163,2026-04-17 20:00:00,20,4,study,False,4,3,walking,16.0,True,2026-04-17 19:44:02.083390,2026-04-17 19:50:20.814459,2026-04-17 20:05:03.950778,6.3,5.1
u06,overbooked,2,h0657,2026-04-17 20:00:00,20,4,food,False,2,6,driving,18.7,False,2026-04-17 19:41:20.399009,2026-04-17 19:43:18.995297,2026-04-17 20:03:03.868960,2.0,3.1
u10,punctual,2,h0657,2026-04-17 20:00:00,20,4,food,False,2,6,cycling,12.1,True,2026-04-17 19:47:56.734714,2026-04-17 19:53:33.119203,2026-04-17 20:05:04.880592,5.6,5.1
u14,punctual,2,h0657,2026-04-17 20:00:00,20,4,food,False,2,6,walking,8.4,False,2026-04-17 19:51:36.778530,2026-04-17 19:52:06.440362,2026-04-17 20:01:26.873650,0.5,1.4
u16,rain_hater,0,h0163,2026-04-17 20:00:00,20,4,study,False,4,3,driving,12.9,True,2026-04-17 19:47:07.264303,2026-04-17 19:50:21.039802,2026-04-17 20:02:47.461152,3.2,2.8
u18,always_early,2,h0657,2026-04-17 20:00:00,20,4,food,False,2,6,cycling,17.1,False,2026-04-17 19:42:53.615970,2026-04-17 19:39:14.695808,2026-04-17 19:55:25.076309,-3.6,-4.6
u22,rain_hater,2,h0657,2026-04-17 20:00:00,20,4,food,False,2,6,walking,21.0,False,2026-04-17 19:39:00.830185,2026-04-17 19:39:03.690355,2026-04-17 19:59:13.573742,0.0,-0.8
u07,unpredictable,3,h0900,2026-04-18 18:00:00,18,5,sports,False,6,3,driving,34.2,True,2026-04-18 17:25:45.442231,2026-04-18 17:30:04.638079,2026-04-18 18:02:36.920071,4.3,2.6
u11,always_early,3,h0900,2026-04-18 18:00:00,18,5,sports,False,6,3,driving,31.8,True,2026-04-18 17:28:14.322474,2026-04-18 17:29:50.617083,2026-04-18 18:05:57.550503,1.6,6.0
u19,punctual,3,h0900,2026-04-18 18:00:00,18,5,sports,False,6,3,driving,36.2,False,2026-04-18 17:23:49.692276,2026-04-18 17:25:31.568574,2026-04-18 18:02:35.019386,1.7,2.6
u03,improving,3,h0902,2026-04-18 18:30:00,18,5,study,False,5,6,driving,37.0,False,2026-04-18 17:53:01.282940,2026-04-18 18:09:31.840910,2026-04-18 18:45:11.298942,16.5,15.2
u07,unpredictable,3,h0902,2026-04-18 18:30:00,18,5,study,False,5,6,driving,28.5,False,2026-04-18 18:01:28.584180,2026-04-18 18:07:32.856744,2026-04-18 18:36:26.532428,6.1,6.4
u11,always_early,3,h0902,2026-04-18 18:30:00,18,5,study,False,5,6,driving,14.0,False,2026-04-18 18:16:00.555390,2026-04-18 18:12:28.074325,2026-04-18 18:27:53.242158,-3.5,-2.1
u15,morning_struggler,3,h0902,2026-04-18 18:30:00,18,5,study,False,5,6,walking,19.4,False,2026-04-18 18:10:35.155887,2026-04-18 18:13:21.021560,2026-04-18 18:32:19.647758,2.8,2.3
u19,punctual,3,h0902,2026-04-18 18:30:00,18,5,study,False,5,6,driving,25.5,False,2026-04-18 18:04:29.949821,2026-04-18 18:04:12.416457,2026-04-18 18:29:44.532590,-0.3,-0.3
u23,chronically_late,3,h0902,2026-04-18 18:30:00,18,5,study,False,5,6,walking,11.4,False,2026-04-18 18:18:33.323975,2026-04-18 18:31:05.249752,2026-04-18 18:42:58.517124,12.5,13.0
u03,improving,3,h0901,2026-04-18 21:00:00,21,5,party,False,5,4,driving,37.7,False,2026-04-18 20:22:20.570630,2026-04-18 20:30:52.487372,2026-04-18 21:05:37.364717,8.5,5.6
u15,morning_struggler,3,h0901,2026-04-18 21:00:00,21,5,party,False,5,4,walking,6.5,True,2026-04-18 20:53:30.435848,2026-04-18 21:03:27.291733,2026-04-18 21:10:28.321569,9.9,10.5
u19,punctual,3,h0901,2026-04-18 21:00:00,21,5,party,False,5,4,driving,26.9,False,2026-04-18 20:33:07.240198,2026-04-18 20:38:51.854605,2026-04-18 21:03:18.323433,5.7,3.3
u23,chronically_late,3,h0901,2026-04-18 21:00:00,21,5,party,False,5,4,walking,5.5,False,2026-04-18 20:54:27.101416,2026-04-18 21:13:39.203287,2026-04-18 21:18:48.242797,19.2,18.8
u02,improving,2,h0658,2026-04-19 18:30:00,18,6,study,True,1,5,walking,10.6,False,2026-04-19 18:19:23.055019,2026-04-19 18:25:05.245166,2026-04-19 18:36:20.510838,5.7,6.3
u06,overbooked,2,h0658,2026-04-19 18:30:00,18,6,study,True,1,5,driving,8.5,False,2026-04-19 18:21:30.345302,2026-04-19 18:27:52.034311,2026-04-19 18:37:47.648387,6.4,7.8
u10,punctual,2,h0658,2026-04-19 18:30:00,18,6,study,True,1,5,cycling,24.5,True,2026-04-19 18:05:30.357567,2026-04-19 18:10:18.649316,2026-04-19 18:37:30.742080,4.8,7.5
u14,punctual,2,h0658,2026-04-19 18:30:00,18,6,study,True,1,5,walking,20.8,False,2026-04-19 18:09:14.792247,2026-04-19 18:10:27.994576,2026-04-19 18:36:35.023949,1.2,6.6
u22,rain_hater,2,h0658,2026-04-19 18:30:00,18,6,study,True,1,5,walking,13.2,True,2026-04-19 18:16:48.578804,2026-04-19 18:31:16.925094,2026-04-19 18:44:47.791098,14.5,14.8
u04,morning_struggler,0,h0164,2026-04-19 19:00:00,19,6,sports,True,1,4,walking,12.1,False,2026-04-19 18:47:53.927915,2026-04-19 18:50:41.885500,2026-04-19 19:03:05.459879,2.8,3.1
u08,chronically_late,0,h0164,2026-04-19 19:00:00,19,6,sports,True,1,4,driving,29.2,False,2026-04-19 18:30:47.190699,2026-04-19 18:45:02.392963,2026-04-19 19:18:03.928481,14.3,18.1
u12,improving,0,h0164,2026-04-19 19:00:00,19,6,sports,True,1,4,walking,12.9,False,2026-04-19 18:47:08.729503,2026-04-19 19:00:17.073720,2026-04-19 19:14:20.983786,13.1,14.3
u16,rain_hater,0,h0164,2026-04-19 19:00:00,19,6,sports,True,1,4,driving,36.9,False,2026-04-19 18:23:07.449753,2026-04-19 18:37:13.541904,2026-04-19 19:20:20.653997,14.1,20.3
u02,improving,2,h0659,2026-04-20 08:00:00,8,0,coffee,True,3,6,walking,14.7,False,2026-04-20 07:45:19.947388,2026-04-20 08:11:10.810049,2026-04-20 08:25:46.351207,25.8,25.8
u06,overbooked,2,h0659,2026-04-20 08:00:00,8,0,coffee,True,3,6,driving,39.3,True,2026-04-20 07:20:44.559980,2026-04-20 07:43:49.590065,2026-04-20 08:30:23.067337,23.1,30.4
u10,punctual,2,h0659,2026-04-20 08:00:00,8,0,coffee,True,3,6,cycling,17.5,False,2026-04-20 07:42:32.844298,2026-04-20 07:46:25.131629,2026-04-20 08:03:42.144280,3.9,3.7
u14,punctual,2,h0659,2026-04-20 08:00:00,8,0,coffee,True,3,6,walking,17.1,False,2026-04-20 07:42:54.737535,2026-04-20 07:46:25.001939,2026-04-20 08:07:13.284306,3.5,7.2
u18,always_early,2,h0659,2026-04-20 08:00:00,8,0,coffee,True,3,6,cycling,22.3,False,2026-04-20 07:37:40.300784,2026-04-20 07:37:56.817285,2026-04-20 08:01:29.178399,0.3,1.5
u22,rain_hater,2,h0659,2026-04-20 08:00:00,8,0,coffee,True,3,6,walking,11.1,False,2026-04-20 07:48:56.366139,2026-04-20 08:02:45.372939,2026-04-20 08:14:00.709596,13.8,14.0
u00,overbooked,0,h0166,2026-04-20 14:30:00,14,0,study,False,7,4,cycling,14.0,True,2026-04-20 14:16:01.589204,2026-04-20 14:34:46.661875,2026-04-20 14:48:46.455660,18.8,18.8
u02,improving,2,h0660,2026-04-20 14:30:00,14,0,party,False,5,3,walking,7.4,False,2026-04-20 14:22:35.584096,2026-04-20 14:36:26.938653,2026-04-20 14:44:06.521790,13.9,14.1
u04,morning_struggler,0,h0166,2026-04-20 14:30:00,14,0,study,False,7,4,walking,24.3,False,2026-04-20 14:05:39.816146,2026-04-20 14:06:50.044844,2026-04-20 14:32:18.177242,1.2,2.3
u08,chronically_late,0,h0166,2026-04-20 14:30:00,14,0,study,False,7,4,driving,37.1,True,2026-04-20 13:52:52.627826,2026-04-20 14:08:12.926106,2026-04-20 14:47:37.904658,15.3,17.6
u16,rain_hater,0,h0166,2026-04-20 14:30:00,14,0,study,False,7,4,driving,11.8,False,2026-04-20 14:18:11.947924,2026-04-20 14:20:45.154076,2026-04-20 14:33:25.463019,2.6,3.4
u18,always_early,2,h0660,2026-04-20 14:30:00,14,0,party,False,5,3,cycling,13.9,False,2026-04-20 14:16:04.919078,2026-04-20 14:16:20.411684,2026-04-20 14:31:16.865911,0.3,1.3
u22,rain_hater,2,h0660,2026-04-20 14:30:00,14,0,party,False,5,3,walking,21.7,False,2026-04-20 14:08:15.155493,2026-04-20 14:18:57.881948,2026-04-20 14:43:46.469445,10.7,13.8
u03,improving,3,h0903,2026-04-20 19:00:00,19,0,food,True,2,4,driving,8.6,True,2026-04-20 18:51:26.905978,2026-04-20 19:04:03.079034,2026-04-20 19:14:47.671383,12.6,14.8
u03,improving,3,h0904,2026-04-20 19:00:00,19,0,food,False,4,6,driving,29.0,False,2026-04-20 18:30:59.141134,2026-04-20 18:37:11.235422,2026-04-20 19:10:12.885658,6.2,10.2
u05,chronically_late,1,h0416,2026-04-20 19:00:00,19,0,sports,False,6,4,cycling,10.3,True,2026-04-20 18:49:42.948028,2026-04-20 19:00:40.802984,2026-04-20 19:11:13.496422,11.0,11.2
u07,unpredictable,3,h0903,2026-04-20 19:00:00,19,0,food,True,2,4,driving,21.1,False,2026-04-20 18:38:56.686501,2026-04-20 18:48:47.066114,2026-04-20 19:14:08.419210,9.8,14.1
u07,unpredictable,3,h0904,2026-04-20 19:00:00,19,0,food,False,4,6,driving,38.7,True,2026-04-20 18:21:18.553039,2026-04-20 18:22:33.249200,2026-04-20 19:05:42.149406,1.2,5.7
u09,morning_struggler,1,h0416,2026-04-20 19:00:00,19,0,sports,False,6,4,cycling,12.1,False,2026-04-20 18:47:56.491214,2026-04-20 18:54:33.907467,2026-04-20 19:07:19.742236,6.6,7.3
u11,always_early,3,h0903,2026-04-20 19:00:00,19,0,food,True,2,4,driving,10.5,False,2026-04-20 18:49:28.506897,2026-04-20 18:48:04.409797,2026-04-20 18:58:39.405512,-1.4,-1.3
u11,always_early,3,h0904,2026-04-20 19:00:00,19,0,food,False,4,6,driving,18.3,False,2026-04-20 18:41:41.493881,2026-04-20 18:38:09.399074,2026-04-20 18:58:19.785488,-3.5,-1.7
u15,morning_struggler,3,h0903,2026-04-20 19:00:00,19,0,food,True,2,4,walking,16.3,False,2026-04-20 18:43:40.673855,2026-04-20 18:46:50.924634,2026-04-20 19:05:16.598442,3.2,5.3
u15,morning_struggler,3,h0904,2026-04-20 19:00:00,19,0,food,False,4,6,walking,7.2,True,2026-04-20 18:52:48.592537,2026-04-20 18:58:32.521612,2026-04-20 19:06:31.034492,5.7,6.5
u17,unpredictable,1,h0416,2026-04-20 19:00:00,19,0,sports,False,6,4,driving,27.2,False,2026-04-20 18:32:49.610553,2026-04-20 18:34:47.815566,2026-04-20 19:04:36.227839,2.0,4.6
u19,punctual,3,h0904,2026-04-20 19:00:00,19,0,food,False,4,6,driving,39.6,False,2026-04-20 18:20:23.026113,2026-04-20 18:24:25.090197,2026-04-20 19:07:44.847160,4.0,7.7
u21,always_early,1,h0416,2026-04-20 19:00:00,19,0,sports,False,6,4,driving,36.5,True,2026-04-20 18:23:30.945586,2026-04-20 18:25:47.793134,2026-04-20 19:01:25.099275,2.3,1.4
u23,chronically_late,3,h0904,2026-04-20 19:00:00,19,0,food,False,4,6,walking,14.9,True,2026-04-20 18:45:07.882481,2026-04-20 18:59:23.597719,2026-04-20 19:14:30.742476,14.3,14.5
u02,improving,2,h0661,2026-04-20 19:30:00,19,0,coffee,True,5,3,walking,10.5,True,2026-04-20 19:19:28.351842,2026-04-20 19:34:02.628034,2026-04-20 19:45:15.184910,14.6,15.3
u14,punctual,2,h0661,2026-04-20 19:30:00,19,0,coffee,True,5,3,walking,18.9,False,2026-04-20 19:11:06.542879,2026-04-20 19:14:20.352872,2026-04-20 19:37:07.435055,3.2,7.1
u22,rain_hater,2,h0661,2026-04-20 19:30:00,19,0,coffee,True,5,3,walking,14.9,False,2026-04-20 19:15:03.366912,2026-04-20 19:29:15.328750,2026-04-20 19:45:08.422814,14.2,15.1
u08,chronically_late,0,h0165,2026-04-20 20:30:00,20,0,party,False,5,3,driving,19.7,False,2026-04-20 20:10:15.889588,2026-04-20 20:22:34.080652,2026-04-20 20:43:37.833570,12.3,13.6
u12,improving,0,h0165,2026-04-20 20:30:00,20,0,party,False,5,3,walking,14.6,True,2026-04-20 20:15:23.328131,2026-04-20 20:28:24.783066,2026-04-20 20:42:31.884199,13.0,12.5
u16,rain_hater,0,h0165,2026-04-20 20:30:00,20,0,party,False,5,3,driving,25.5,False,2026-04-20 20:04:29.440760,2026-04-20 20:13:34.356424,2026-04-20 20:41:56.972411,9.1,11.9
u01,overbooked,1,h0417,2026-04-21 18:00:00,18,1,party,True,6,6,driving,14.6,False,2026-04-21 17:45:26.553982,2026-04-21 17:55:23.795469,2026-04-21 18:10:56.856863,10.0,10.9
u05,chronically_late,1,h0417,2026-04-21 18:00:00,18,1,party,True,6,6,cycling,15.7,True,2026-04-21 17:44:20.261197,2026-04-21 18:02:30.069995,2026-04-21 18:20:09.457983,18.2,20.2
u09,morning_struggler,1,h0417,2026-04-21 18:00:00,18,1,party,True,6,6,cycling,10.4,False,2026-04-21 17:49:38.553290,2026-04-21 17:55:52.339517,2026-04-21 18:07:00.324440,6.2,7.0
u13,rain_hater,1,h0417,2026-04-21 18:00:00,18,1,party,True,6,6,driving,16.7,False,2026-04-21 17:43:16.274723,2026-04-21 17:58:02.430482,2026-04-21 18:18:45.408798,14.8,18.8
u17,unpredictable,1,h0417,2026-04-21 18:00:00,18,1,party,True,6,6,driving,39.1,False,2026-04-21 17:20:54.355756,2026-04-21 17:28:23.659807,2026-04-21 18:15:38.147537,7.5,15.6
u21,always_early,1,h0417,2026-04-21 18:00:00,18,1,party,True,6,6,driving,25.1,False,2026-04-21 17:34:54.566379,2026-04-21 17:38:23.150874,2026-04-21 18:03:53.154512,3.5,3.9
u03,improving,3,h0905,2026-04-22 09:00:00,9,2,coffee,True,0,6,driving,14.4,False,2026-04-22 08:45:38.328937,2026-04-22 08:52:51.719387,2026-04-22 09:10:30.264188,7.2,10.5
u05,chronically_late,1,h0418,2026-04-22 09:00:00,9,2,coffee,False,6,3,cycling,16.4,True,2026-04-22 08:43:34.290553,2026-04-22 09:07:48.665643,2026-04-22 09:25:56.477180,24.2,25.9
u07,unpredictable,3,h0905,2026-04-22 09:00:00,9,2,coffee,True,0,6,driving,34.1,False,2026-04-22 08:25:53.531149,2026-04-22 08:29:27.662940,2026-04-22 09:04:20.214268,3.6,4.3
u09,morning_struggler,1,h0418,2026-04-22 09:00:00,9,2,coffee,False,6,3,cycling,15.2,False,2026-04-22 08:44:45.422751,2026-04-22 09:03:43.835600,2026-04-22 09:20:17.200539,19.0,20.3
u11,always_early,3,h0905,2026-04-22 09:00:00,9,2,coffee,True,0,6,driving,35.7,True,2026-04-22 08:24:18.355215,2026-04-22 08:26:29.073642,2026-04-22 09:09:29.289983,2.2,9.5
u15,morning_struggler,3,h0905,2026-04-22 09:00:00,9,2,coffee,True,0,6,walking,15.0,False,2026-04-22 08:45:02.870870,2026-04-22 09:09:36.664601,2026-04-22 09:27:23.378972,24.6,27.4
u17,unpredictable,1,h0418,2026-04-22 09:00:00,9,2,coffee,False,6,3,driving,12.3,False,2026-04-22 08:47:42.089192,2026-04-22 08:49:11.264426,2026-04-22 09:01:40.180296,1.5,1.7
u19,punctual,3,h0905,2026-04-22 09:00:00,9,2,coffee,True,0,6,driving,24.5,True,2026-04-22 08:35:29.762341,2026-04-22 08:43:22.868737,2026-04-22 09:11:43.377645,7.9,11.7
u23,chronically_late,3,h0905,2026-04-22 09:00:00,9,2,coffee,True,0,6,walking,24.6,False,2026-04-22 08:35:21.123887,2026-04-22 08:55:57.267971,2026-04-22 09:20:52.899482,20.6,20.9
u07,unpredictable,3,h0906,2026-04-22 10:30:00,10,2,coffee,False,3,4,driving,32.9,True,2026-04-22 09:57:08.085438,2026-04-22 10:04:15.969290,2026-04-22 10:38:44.580158,7.1,8.7
u11,always_early,3,h0906,2026-04-22 10:30:00,10,2,coffee,False,3,4,driving,28.2,False,2026-04-22 10:01:49.488797,2026-04-22 10:00:00.923907,2026-04-22 10:26:36.118499,-1.8,-3.4
u15,morning_struggler,3,h0906,2026-04-22 10:30:00,10,2,coffee,False,3,4,walking,7.6,False,2026-04-22 10:22:26.970652,2026-04-22 10:28:19.055881,2026-04-22 10:36:24.401755,5.9,6.4
u23,chronically_late,3,h0906,2026-04-22 10:30:00,10,2,coffee,False,3,4,walking,9.8,False,2026-04-22 10:20:13.181963,2026-04-22 10:30:10.935187,2026-04-22 10:40:48.700577,10.0,10.8
u02,improving,2,h0663,2026-04-23 08:00:00,8,3,party,False,4,3,walking,5.3,False,2026-04-23 07:54:44.652883,2026-04-23 08:10:48.435438,2026-04-23 08:16:10.107011,16.1,16.2
u06,overbooked,2,h0663,2026-04-23 08:00:00,8,3,party,False,4,3,driving,33.1,False,2026-04-23 07:26:53.225917,2026-04-23 07:35:27.487723,2026-04-23 08:13:03.134792,8.6,13.1
u18,always_early,2,h0663,2026-04-23 08:00:00,8,3,party,False,4,3,cycling,9.6,False,2026-04-23 07:50:24.337273,2026-04-23 07:53:31.783049,2026-04-23 08:02:16.359203,3.1,2.3
u10,punctual,2,h0662,2026-04-23 14:30:00,14,3,study,False,7,4,cycling,15.0,False,2026-04-23 14:15:00.604810,2026-04-23 14:18:40.384337,2026-04-23 14:32:10.476631,3.7,2.2
u14,punctual,2,h0662,2026-04-23 14:30:00,14,3,study,False,7,4,walking,6.4,False,2026-04-23 14:23:34.204981,2026-04-23 14:24:07.010853,2026-04-23 14:30:32.322997,0.5,0.5
u18,always_early,2,h0662,2026-04-23 14:30:00,14,3,study,False,7,4,cycling,18.8,True,2026-04-23 14:11:10.454848,2026-04-23 14:12:32.329540,2026-04-23 14:33:28.039825,1.4,3.5
u22,rain_hater,2,h0662,2026-04-23 14:30:00,14,3,study,False,7,4,walking,12.7,True,2026-04-23 14:17:16.232279,2026-04-23 14:22:16.212803,2026-04-23 14:36:26.837401,5.0,6.4
u01,overbooked,1,h0419,2026-04-23 17:30:00,17,3,food,False,4,3,driving,31.1,True,2026-04-23 16:58:52.277822,2026-04-23 17:19:58.108671,2026-04-23 17:50:36.274448,21.1,20.6
u05,chronically_late,1,h0419,2026-04-23 17:30:00,17,3,food,False,4,3,cycling,18.2,True,2026-04-23 17:11:47.646428,2026-04-23 17:30:18.041223,2026-04-23 17:50:30.678311,18.5,20.5
u13,rain_hater,1,h0419,2026-04-23 17:30:00,17,3,food,False,4,3,driving,20.0,False,2026-04-23 17:10:02.992668,2026-04-23 17:11:28.713536,2026-04-23 17:32:05.579417,1.4,2.1
u03,improving,3,h0908,2026-04-25 13:30:00,13,5,food,False,7,6,driving,21.8,False,2026-04-25 13:08:10.064697,2026-04-25 13:16:09.849770,2026-04-25 13:39:00.552404,8.0,9.0
u07,unpredictable,3,h0908,2026-04-25 13:30:00,13,5,food,False,7,6,driving,22.6,False,2026-04-25 13:07:21.322891,2026-04-25 13:16:24.681879,2026-04-25 13:40:29.358963,9.1,10.5
u11,always_early,3,h0908,2026-04-25 13:30:00,13,5,food,False,7,6,driving,22.7,False,2026-04-25 13:07:20.940979,2026-04-25 13:06:24.079514,2026-04-25 13:28:55.264864,-0.9,-1.1
u15,morning_struggler,3,h0908,2026-04-25 13:30:00,13,5,food,False,7,6,walking,6.1,True,2026-04-25 13:23:51.984508,2026-04-25 13:28:06.717563,2026-04-25 13:34:06.536297,4.2,4.1
u19,punctual,3,h0908,2026-04-25 13:30:00,13,5,food,False,7,6,driving,39.9,True,2026-04-25 12:50:05.479897,2026-04-25 12:55:05.398560,2026-04-25 13:34:12.703016,5.0,4.2
u23,chronically_late,3,h0908,2026-04-25 13:30:00,13,5,food,False,7,6,walking,5.4,True,2026-04-25 13:24:34.542467,2026-04-25 13:36:51.657567,2026-04-25 13:41:48.492107,12.3,11.8
u03,improving,3,h0907,2026-04-25 21:30:00,21,5,food,False,0,6,driving,19.3,False,2026-04-25 21:10:41.708146,2026-04-25 21:17:27.100400,2026-04-25 21:39:04.288601,6.8,9.1
u07,unpredictable,3,h0907,2026-04-25 21:30:00,21,5,food,False,0,6,driving,25.9,False,2026-04-25 21:04:05.468708,2026-04-25 21:08:17.260507,2026-04-25 21:36:36.799585,4.2,6.6
u11,always_early,3,h0907,2026-04-25 21:30:00,21,5,food,False,0,6,driving,31.4,False,2026-04-25 20:58:36.704180,2026-04-25 20:54:24.600577,2026-04-25 21:25:53.093313,-4.2,-4.1
u15,morning_struggler,3,h0907,2026-04-25 21:30:00,21,5,food,False,0,6,walking,18.8,False,2026-04-25 21:11:10.666715,2026-04-25 21:10:24.954065,2026-04-25 21:27:50.994894,-0.8,-2.2
u19,punctual,3,h0907,2026-04-25 21:30:00,21,5,food,False,0,6,driving,38.8,False,2026-04-25 20:51:13.071586,2026-04-25 20:51:19.820105,2026-04-25 21:28:46.514874,0.1,-1.2
u23,chronically_late,3,h0907,2026-04-25 21:30:00,21,5,food,False,0,6,walking,8.4,True,2026-04-25 21:21:38.512230,2026-04-25 21:30:39.913446,2026-04-25 21:38:53.523386,9.0,8.9
u01,overbooked,1,h0420,2026-04-26 10:00:00,10,6,coffee,False,1,5,driving,19.9,True,2026-04-26 09:40:03.052035,2026-04-26 09:55:19.198193,2026-04-26 10:16:49.280009,15.3,16.8
u05,chronically_late,1,h0420,2026-04-26 10:00:00,10,6,coffee,False,1,5,cycling,11.5,False,2026-04-26 09:48:27.418726,2026-04-26 09:53:42.038154,2026-04-26 10:04:29.602284,5.2,4.5
u09,morning_struggler,1,h0420,2026-04-26 10:00:00,10,6,coffee,False,1,5,cycling,24.7,False,2026-04-26 09:35:15.901524,2026-04-26 09:37:58.917922,2026-04-26 10:06:10.405124,2.7,6.2
u13,rain_hater,1,h0420,2026-04-26 10:00:00,10,6,coffee,False,1,5,driving,19.4,False,2026-04-26 09:40:36.580104,2026-04-26 09:40:21.164780,2026-04-26 09:58:36.334675,-0.3,-1.4
u21,always_early,1,h0420,2026-04-26 10:00:00,10,6,coffee,False,1,5,driving,34.6,False,2026-04-26 09:25:22.503832,2026-04-26 09:24:25.777233,2026-04-26 09:58:29.443139,-0.9,-1.5
u00,overbooked,0,h0168,2026-04-26 18:00:00,18,6,study,False,5,4,cycling,7.8,False,2026-04-26 17:52:11.148910,2026-04-26 18:00:07.208678,2026-04-26 18:08:56.462619,7.9,8.9
u04,morning_struggler,0,h0168,2026-04-26 18:00:00,18,6,study,False,5,4,walking,18.2,False,2026-04-26 17:41:49.489213,2026-04-26 17:46:21.882422,2026-04-26 18:06:50.728643,4.5,6.8
u08,chronically_late,0,h0167,2026-04-26 18:00:00,18,6,party,True,7,4,driving,14.0,True,2026-04-26 17:46:02.005837,2026-04-26 18:10:23.998512,2026-04-26 18:26:29.825621,24.4,26.5
u12,improving,0,h0167,2026-04-26 18:00:00,18,6,party,True,7,4,walking,8.6,True,2026-04-26 17:51:26.239028,2026-04-26 18:07:11.450446,2026-04-26 18:17:38.176306,15.8,17.6
u16,rain_hater,0,h0167,2026-04-26 18:00:00,18,6,party,True,7,4,driving,16.8,False,2026-04-26 17:43:13.531388,2026-04-26 17:58:03.919875,2026-04-26 18:17:09.823680,14.8,17.2
u16,rain_hater,0,h0168,2026-04-26 18:00:00,18,6,study,False,5,4,driving,24.6,False,2026-04-26 17:35:24.325263,2026-04-26 17:39:15.982694,2026-04-26 18:06:08.456273,3.9,6.1
u20,unpredictable,0,h0167,2026-04-26 18:00:00,18,6,party,True,7,4,driving,37.5,False,2026-04-26 17:22:27.410812,2026-04-26 17:29:09.932964,2026-04-26 18:07:05.369367,6.7,7.1
u20,unpredictable,0,h0168,2026-04-26 18:00:00,18,6,study,False,5,4,driving,24.0,False,2026-04-26 17:35:59.394020,2026-04-26 17:41:54.865906,2026-04-26 18:07:03.722874,5.9,7.1
u03,improving,3,h0909,2026-04-26 21:30:00,21,6,party,False,4,5,driving,27.8,True,2026-04-26 21:02:12.177663,2026-04-26 21:17:01.206045,2026-04-26 21:42:46.131076,14.8,12.8
u07,unpredictable,3,h0909,2026-04-26 21:30:00,21,6,party,False,4,5,driving,18.6,False,2026-04-26 21:11:21.456193,2026-04-26 21:15:14.383862,2026-04-26 21:34:48.874700,3.9,4.8
u11,always_early,3,h0909,2026-04-26 21:30:00,21,6,party,False,4,5,driving,30.0,False,2026-04-26 21:00:02.353672,2026-04-26 21:02:20.392502,2026-04-26 21:33:33.884830,2.3,3.6
u15,morning_struggler,3,h0909,2026-04-26 21:30:00,21,6,party,False,4,5,walking,19.0,False,2026-04-26 21:10:57.785304,2026-04-26 21:16:28.562113,2026-04-26 21:34:20.130865,5.5,4.3
u19,punctual,3,h0909,2026-04-26 21:30:00,21,6,party,False,4,5,driving,28.1,True,2026-04-26 21:01:52.966301,2026-04-26 21:09:04.294509,2026-04-26 21:39:05.407037,7.2,9.1
u01,overbooked,1,h0421,2026-04-27 12:00:00,12,0,food,False,3,3,driving,24.3,True,2026-04-27 11:35:42.369057,2026-04-27 11:54:08.316406,2026-04-27 12:21:40.996427,18.4,21.7
u05,chronically_late,1,h0421,2026-04-27 12:00:00,12,0,food,False,3,3,cycling,8.0,False,2026-04-27 11:52:02.391908,2026-04-27 12:03:50.378298,2026-04-27 12:11:31.919542,11.8,11.5
u21,always_early,1,h0421,2026-04-27 12:00:00,12,0,food,False,3,3,driving,39.3,True,2026-04-27 11:20:39.655451,2026-04-27 11:19:37.274691,2026-04-27 12:02:09.464691,-1.0,2.2
u03,improving,3,h0910,2026-04-27 16:00:00,16,0,food,False,6,6,driving,22.9,True,2026-04-27 15:37:03.747875,2026-04-27 15:50:03.902721,2026-04-27 16:13:31.094025,13.0,13.5
u07,unpredictable,3,h0910,2026-04-27 16:00:00,16,0,food,False,6,6,driving,10.7,False,2026-04-27 15:49:15.477033,2026-04-27 15:49:17.777550,2026-04-27 16:01:38.457700,0.0,1.6
u11,always_early,3,h0910,2026-04-27 16:00:00,16,0,food,False,6,6,driving,20.7,True,2026-04-27 15:39:17.405751,2026-04-27 15:39:56.679665,2026-04-27 16:01:02.751515,0.7,1.0
u15,morning_struggler,3,h0910,2026-04-27 16:00:00,16,0,food,False,6,6,walking,11.9,False,2026-04-27 15:48:04.937692,2026-04-27 15:50:27.958489,2026-04-27 16:02:53.726289,2.4,2.9
u19,punctual,3,h0910,2026-04-27 16:00:00,16,0,food,False,6,6,driving,10.3,False,2026-04-27 15:49:39.017226,2026-04-27 15:51:54.997538,2026-04-27 16:02:18.482189,2.3,2.3
u23,chronically_late,3,h0910,2026-04-27 16:00:00,16,0,food,False,6,6,walking,10.6,False,2026-04-27 15:49:24.019225,2026-04-27 16:10:16.672107,2026-04-27 16:21:28.849608,20.9,21.5
u02,improving,2,h0665,2026-04-28 14:00:00,14,1,party,False,5,4,walking,24.0,False,2026-04-28 13:36:02.003631,2026-04-28 13:47:49.287219,2026-04-28 14:12:59.925056,11.8,13.0
u06,overbooked,2,h0665,2026-04-28 14:00:00,14,1,party,False,5,4,driving,21.9,False,2026-04-28 13:38:06.476046,2026-04-28 13:42:48.373001,2026-04-28 14:03:06.830653,4.7,3.1
u10,punctual,2,h0665,2026-04-28 14:00:00,14,1,party,False,5,4,cycling,21.2,False,2026-04-28 13:38:48.452371,2026-04-28 13:42:24.679060,2026-04-28 14:04:40.875757,3.6,4.7
u14,punctual,2,h0665,2026-04-28 14:00:00,14,1,party,False,5,4,walking,5.6,False,2026-04-28 13:54:26.906447,2026-04-28 13:58:48.833964,2026-04-28 14:05:01.671197,4.4,5.0
u01,overbooked,1,h0422,2026-04-28 19:00:00,19,1,coffee,False,1,6,driving,13.2,False,2026-04-28 18:46:49.093068,2026-04-28 18:50:22.300280,2026-04-28 19:04:08.177458,3.6,4.1
u02,improving,2,h0664,2026-04-28 19:00:00,19,1,food,False,0,5,walking,24.5,True,2026-04-28 18:35:32.401484,2026-04-28 18:45:36.280387,2026-04-28 19:10:33.552688,10.1,10.6
u05,chronically_late,1,h0422,2026-04-28 19:00:00,19,1,coffee,False,1,6,cycling,23.9,False,2026-04-28 18:36:06.245712,2026-04-28 18:42:53.358711,2026-04-28 19:07:31.126149,6.8,7.5
u06,overbooked,2,h0664,2026-04-28 19:00:00,19,1,food,False,0,5,driving,14.3,False,2026-04-28 18:45:39.139227,2026-04-28 18:52:15.192132,2026-04-28 19:06:19.946965,6.6,6.3
u09,morning_struggler,1,h0422,2026-04-28 19:00:00,19,1,coffee,False,1,6,cycling,24.9,True,2026-04-28 18:35:04.064111,2026-04-28 18:39:14.034379,2026-04-28 19:07:26.570440,4.2,7.4
u10,punctual,2,h0664,2026-04-28 19:00:00,19,1,food,False,0,5,cycling,21.3,False,2026-04-28 18:38:39.686028,2026-04-28 18:39:10.515790,2026-04-28 18:58:40.301660,0.5,-1.3
u13,rain_hater,1,h0422,2026-04-28 19:00:00,19,1,coffee,False,1,6,driving,18.6,False,2026-04-28 18:41:22.292227,2026-04-28 18:42:53.459161,2026-04-28 19:01:39.076256,1.5,1.7
u17,unpredictable,1,h0422,2026-04-28 19:00:00,19,1,coffee,False,1,6,driving,32.0,False,2026-04-28 18:27:57.429674,2026-04-28 18:33:52.188352,2026-04-28 19:10:42.887617,5.9,10.7
u18,always_early,2,h0664,2026-04-28 19:00:00,19,1,food,False,0,5,cycling,16.7,False,2026-04-28 18:43:15.330943,2026-04-28 18:40:47.563068,2026-04-28 18:58:56.752856,-2.5,-1.1
u21,always_early,1,h0422,2026-04-28 19:00:00,19,1,coffee,False,1,6,driving,25.2,True,2026-04-28 18:34:50.345119,2026-04-28 18:33:11.874213,2026-04-28 18:59:59.168367,-1.6,-0.0
u22,rain_hater,2,h0664,2026-04-28 19:00:00,19,1,food,False,0,5,walking,13.4,True,2026-04-28 18:46:37.398960,2026-04-28 18:52:14.355950,2026-04-28 19:06:51.513713,5.6,6.9
u02,improving,2,h0666,2026-04-29 16:30:00,16,2,study,False,0,3,walking,11.3,True,2026-04-29 16:18:44.582672,2026-04-29 16:24:04.767908,2026-04-29 16:36:51.799592,5.3,6.9
u10,punctual,2,h0666,2026-04-29 16:30:00,16,2,study,False,0,3,cycling,24.4,False,2026-04-29 16:05:36.721623,2026-04-29 16:04:53.558251,2026-04-29 16:27:23.404858,-0.7,-2.6
u22,rain_hater,2,h0666,2026-04-29 16:30:00,16,2,study,False,0,3,walking,12.0,True,2026-04-29 16:18:00.681156,2026-04-29 16:19:25.686163,2026-04-29 16:31:29.070966,1.4,1.5
u00,overbooked,0,h0169,2026-04-29 20:30:00,20,2,study,False,5,6,cycling,19.9,False,2026-04-29 20:10:06.501110,2026-04-29 20:11:35.253989,2026-04-29 20:32:01.671344,1.5,2.0
u04,morning_struggler,0,h0169,2026-04-29 20:30:00,20,2,study,False,5,6,walking,22.7,False,2026-04-29 20:07:15.553176,2026-04-29 20:07:11.900240,2026-04-29 20:28:31.944296,-0.1,-1.5
u08,chronically_late,0,h0169,2026-04-29 20:30:00,20,2,study,False,5,6,driving,9.1,False,2026-04-29 20:20:55.711548,2026-04-29 20:35:39.562473,2026-04-29 20:44:24.148894,14.7,14.4
u12,improving,0,h0169,2026-04-29 20:30:00,20,2,study,False,5,6,walking,15.2,True,2026-04-29 20:14:48.839624,2026-04-29 20:24:19.582456,2026-04-29 20:41:14.608463,9.5,11.2
u16,rain_hater,0,h0169,2026-04-29 20:30:00,20,2,study,False,5,6,driving,30.7,False,2026-04-29 19:59:18.193899,2026-04-29 20:00:31.201376,2026-04-29 20:32:12.393401,1.2,2.2
u20,unpredictable,0,h0169,2026-04-29 20:30:00,20,2,study,False,5,6,driving,24.6,False,2026-04-29 20:05:23.960480,2026-04-29 20:05:22.418597,2026-04-29 20:33:06.143100,-0.0,3.1
u08,chronically_late,0,h0170,2026-04-30 09:30:00,9,3,food,False,5,3,driving,26.6,True,2026-04-30 09:03:24.727011,2026-04-30 09:20:51.719232,2026-04-30 09:45:15.815873,17.4,15.3
u12,improving,0,h0170,2026-04-30 09:30:00,9,3,food,False,5,3,walking,10.0,False,2026-04-30 09:20:00.015895,2026-04-30 09:32:17.100675,2026-04-30 09:42:28.182157,12.3,12.5
u20,unpredictable,0,h0170,2026-04-30 09:30:00,9,3,food,False,5,3,driving,22.4,True,2026-04-30 09:07:34.224485,2026-04-30 09:18:13.227451,2026-04-30 09:39:58.707119,10.7,10.0
u08,chronically_late,0,h0171,2026-04-30 20:00:00,20,3,study,False,0,3,driving,30.6,False,2026-04-30 19:29:22.868786,2026-04-30 19:36:52.634547,2026-04-30 20:10:28.451242,7.5,10.5
u12,improving,0,h0171,2026-04-30 20:00:00,20,3,study,False,0,3,walking,13.1,False,2026-04-30 19:46:55.014557,2026-04-30 19:57:19.696480,2026-04-30 20:12:14.975196,10.4,12.2
u20,unpredictable,0,h0171,2026-04-30 20:00:00,20,3,study,False,0,3,driving,25.8,False,2026-04-30 19:34:13.327742,2026-04-30 19:42:58.888033,2026-04-30 20:10:23.769030,8.8,10.4
u00,overbooked,0,h0172,2026-04-30 21:00:00,21,3,food,True,5,6,cycling,15.2,False,2026-04-30 20:44:47.880229,2026-04-30 20:52:00.964044,2026-04-30 21:07:30.083027,7.2,7.5
u04,morning_struggler,0,h0172,2026-04-30 21:00:00,21,3,food,True,5,6,walking,7.7,True,2026-04-30 20:52:19.301228,2026-04-30 20:58:17.710577,2026-04-30 21:06:04.035510,6.0,6.1
u08,chronically_late,0,h0172,2026-04-30 21:00:00,21,3,food,True,5,6,driving,24.6,True,2026-04-30 20:35:23.249694,2026-04-30 20:52:32.132261,2026-04-30 21:18:05.185687,17.1,18.1
u12,improving,0,h0172,2026-04-30 21:00:00,21,3,food,True,5,6,walking,7.0,True,2026-04-30 20:52:57.165298,2026-04-30 21:07:52.158974,2026-04-30 21:15:03.069394,14.9,15.1
u16,rain_hater,0,h0172,2026-04-30 21:00:00,21,3,food,True,5,6,driving,31.2,False,2026-04-30 20:28:50.537594,2026-04-30 20:43:14.538784,2026-04-30 21:16:29.150186,14.4,16.5
u20,unpredictable,0,h0172,2026-04-30 21:00:00,21,3,food,True,5,6,driving,27.7,False,2026-04-30 20:32:20.299210,2026-04-30 20:39:01.136075,2026-04-30 21:07:50.987013,6.7,7.8
u09,morning_struggler,1,h0423,2026-04-30 22:00:00,22,3,coffee,True,5,3,cycling,15.2,False,2026-04-30 21:44:48.154942,2026-04-30 21:48:44.314800,2026-04-30 22:06:10.542928,3.9,6.2
u13,rain_hater,1,h0423,2026-04-30 22:00:00,22,3,coffee,True,5,3,driving,21.2,False,2026-04-30 21:38:47.721413,2026-04-30 21:50:06.124605,2026-04-30 22:11:10.518120,11.3,11.2
u21,always_early,1,h0423,2026-04-30 22:00:00,22,3,coffee,True,5,3,driving,20.4,False,2026-04-30 21:39:34.881888,2026-04-30 21:38:15.020241,2026-04-30 22:03:25.596775,-1.3,3.4
u00,overbooked,0,h0173,2026-05-01 10:30:00,10,4,party,False,6,5,cycling,9.5,True,2026-05-01 10:20:32.828293,2026-05-01 10:44:50.796091,2026-05-01 10:53:42.918468,24.3,23.7
u04,morning_struggler,0,h0173,2026-05-01 10:30:00,10,4,party,False,6,5,walking,18.6,True,2026-05-01 10:11:25.217207,2026-05-01 10:18:52.004204,2026-05-01 10:38:46.083442,7.4,8.8
u08,chronically_late,0,h0173,2026-05-01 10:30:00,10,4,party,False,6,5,driving,15.0,False,2026-05-01 10:15:00.650240,2026-05-01 10:34:51.408587,2026-05-01 10:49:00.497658,19.8,19.0
u12,improving,0,h0173,2026-05-01 10:30:00,10,4,party,False,6,5,walking,14.0,True,2026-05-01 10:16:00.775271,2026-05-01 10:28:27.558695,2026-05-01 10:41:41.785073,12.4,11.7
u20,unpredictable,0,h0173,2026-05-01 10:30:00,10,4,party,False,6,5,driving,25.8,True,2026-05-01 10:04:11.213951,2026-05-01 10:10:18.235872,2026-05-01 10:33:44.826802,6.1,3.7
u00,overbooked,0,h0174,2026-05-01 19:00:00,19,4,study,True,6,5,cycling,9.5,True,2026-05-01 18:50:27.099578,2026-05-01 19:13:56.867467,2026-05-01 19:23:35.169736,23.5,23.6
u04,morning_struggler,0,h0174,2026-05-01 19:00:00,19,4,study,True,6,5,walking,8.9,False,2026-05-01 18:51:05.074077,2026-05-01 18:53:41.888423,2026-05-01 19:02:53.506190,2.6,2.9
u08,chronically_late,0,h0174,2026-05-01 19:00:00,19,4,study,True,6,5,driving,31.0,True,2026-05-01 18:29:01.428754,2026-05-01 18:40:56.674905,2026-05-01 19:11:47.284732,11.9,11.8
u12,improving,0,h0174,2026-05-01 19:00:00,19,4,study,True,6,5,walking,12.7,False,2026-05-01 18:47:18.832009,2026-05-01 18:55:39.586024,2026-05-01 19:10:30.311950,8.3,10.5
u16,rain_hater,0,h0174,2026-05-01 19:00:00,19,4,study,True,6,5,driving,33.1,False,2026-05-01 18:26:56.615356,2026-05-01 18:36:44.255873,2026-05-01 19:14:05.318108,9.8,14.1
u03,improving,3,h0911,2026-05-01 21:30:00,21,4,study,False,0,6,driving,25.3,True,2026-05-01 21:04:43.201313,2026-05-01 21:10:16.585205,2026-05-01 21:34:49.137805,5.6,4.8
u07,unpredictable,3,h0911,2026-05-01 21:30:00,21,4,study,False,0,6,driving,32.8,True,2026-05-01 20:57:09.068234,2026-05-01 20:57:51.486821,2026-05-01 21:35:05.952610,0.7,5.1
u11,always_early,3,h0911,2026-05-01 21:30:00,21,4,study,False,0,6,driving,22.1,False,2026-05-01 21:07:56.423234,2026-05-01 21:02:20.175137,2026-05-01 21:27:20.411630,-5.6,-2.7
u15,morning_struggler,3,h0911,2026-05-01 21:30:00,21,4,study,False,0,6,walking,14.4,False,2026-05-01 21:15:35.204472,2026-05-01 21:17:11.716475,2026-05-01 21:30:52.689174,1.6,0.9
u19,punctual,3,h0911,2026-05-01 21:30:00,21,4,study,False,0,6,driving,8.7,False,2026-05-01 21:21:20.038405,2026-05-01 21:20:41.089184,2026-05-01 21:29:13.021753,-0.6,-0.8
u23,chronically_late,3,h0911,2026-05-01 21:30:00,21,4,study,False,0,6,walking,23.4,False,2026-05-01 21:06:34.012143,2026-05-01 21:17:56.798553,2026-05-01 21:44:01.324047,11.4,14.0
u00,overbooked,0,h0175,2026-05-02 09:30:00,9,5,party,False,7,4,cycling,22.4,True,2026-05-02 09:07:36.774662,2026-05-02 09:32:32.967688,2026-05-02 09:54:57.787570,24.9,25.0
u04,morning_struggler,0,h0175,2026-05-02 09:30:00,9,5,party,False,7,4,walking,20.1,False,2026-05-02 09:09:51.676397,2026-05-02 09:31:43.664812,2026-05-02 09:53:54.912075,21.9,23.9
u08,chronically_late,0,h0175,2026-05-02 09:30:00,9,5,party,False,7,4,driving,36.4,True,2026-05-02 08:53:35.652141,2026-05-02 09:10:43.568613,2026-05-02 09:49:44.024880,17.1,19.7
u16,rain_hater,0,h0175,2026-05-02 09:30:00,9,5,party,False,7,4,driving,24.4,False,2026-05-02 09:05:37.301013,2026-05-02 09:16:23.614806,2026-05-02 09:43:10.053015,10.8,13.2
u02,improving,2,h0668,2026-05-02 10:00:00,10,5,coffee,True,7,6,walking,17.7,True,2026-05-02 09:42:19.513522,2026-05-02 09:54:59.875997,2026-05-02 10:17:07.353739,12.7,17.1
u06,overbooked,2,h0668,2026-05-02 10:00:00,10,5,coffee,True,7,6,driving,23.7,True,2026-05-02 09:36:17.564469,2026-05-02 09:56:12.137324,2026-05-02 10:25:09.101000,19.9,25.2
u10,punctual,2,h0668,2026-05-02 10:00:00,10,5,coffee,True,7,6,cycling,9.2,False,2026-05-02 09:50:50.007452,2026-05-02 09:56:36.538101,2026-05-02 10:08:03.648580,5.8,8.1
u14,punctual,2,h0668,2026-05-02 10:00:00,10,5,coffee,True,7,6,walking,17.6,False,2026-05-02 09:42:23.671602,2026-05-02 09:46:12.268489,2026-05-02 10:07:23.285197,3.8,7.4
u18,always_early,2,h0668,2026-05-02 10:00:00,10,5,coffee,True,7,6,cycling,24.0,False,2026-05-02 09:35:58.528805,2026-05-02 09:36:05.077726,2026-05-02 10:03:37.301619,0.1,3.6
u22,rain_hater,2,h0668,2026-05-02 10:00:00,10,5,coffee,True,7,6,walking,21.6,True,2026-05-02 09:38:25.793004,2026-05-02 09:57:39.859329,2026-05-02 10:19:19.743180,19.2,19.3
u01,overbooked,1,h0425,2026-05-02 12:30:00,12,5,food,False,1,5,driving,29.3,True,2026-05-02 12:00:39.120441,2026-05-02 12:18:21.823717,2026-05-02 12:49:25.707068,17.7,19.4
u05,chronically_late,1,h0425,2026-05-02 12:30:00,12,5,food,False,1,5,cycling,22.5,False,2026-05-02 12:07:29.675383,2026-05-02 12:19:57.880322,2026-05-02 12:45:40.772341,12.5,15.7
u13,rain_hater,1,h0425,2026-05-02 12:30:00,12,5,food,False,1,5,driving,12.5,True,2026-05-02 12:17:32.146750,2026-05-02 12:25:17.449036,2026-05-02 12:38:54.671844,7.8,8.9
u17,unpredictable,1,h0425,2026-05-02 12:30:00,12,5,food,False,1,5,driving,38.0,False,2026-05-02 11:52:01.772774,2026-05-02 11:56:49.064220,2026-05-02 12:33:41.537821,4.8,3.7
u21,always_early,1,h0425,2026-05-02 12:30:00,12,5,food,False,1,5,driving,30.3,False,2026-05-02 11:59:41.816584,2026-05-02 11:55:42.931755,2026-05-02 12:26:45.183493,-4.0,-3.2
u02,improving,2,h0667,2026-05-02 19:00:00,19,5,sports,False,2,6,walking,20.6,True,2026-05-02 18:39:21.283383,2026-05-02 18:49:58.793326,2026-05-02 19:10:02.908052,10.6,10.0
u06,overbooked,2,h0667,2026-05-02 19:00:00,19,5,sports,False,2,6,driving,28.9,False,2026-05-02 18:31:04.025138,2026-05-02 18:32:12.432283,2026-05-02 19:02:53.365676,1.1,2.9
u10,punctual,2,h0667,2026-05-02 19:00:00,19,5,sports,False,2,6,cycling,21.7,False,2026-05-02 18:38:20.428719,2026-05-02 18:40:34.616338,2026-05-02 19:05:06.887220,2.2,5.1
u14,punctual,2,h0667,2026-05-02 19:00:00,19,5,sports,False,2,6,walking,24.4,False,2026-05-02 18:35:34.411199,2026-05-02 18:39:00.123404,2026-05-02 19:03:54.674342,3.4,3.9
u18,always_early,2,h0667,2026-05-02 19:00:00,19,5,sports,False,2,6,cycling,6.9,False,2026-05-02 18:53:03.309221,2026-05-02 18:50:29.453466,2026-05-02 18:57:08.664295,-2.6,-2.9
u22,rain_hater,2,h0667,2026-05-02 19:00:00,19,5,sports,False,2,6,walking,24.0,True,2026-05-02 18:35:59.318666,2026-05-02 18:39:45.145921,2026-05-02 19:07:09.570410,3.8,7.2
u09,morning_struggler,1,h0424,2026-05-02 21:30:00,21,5,food,False,3,3,cycling,21.2,True,2026-05-02 21:08:47.817236,2026-05-02 21:11:45.918812,2026-05-02 21:33:48.043318,3.0,3.8
u13,rain_hater,1,h0424,2026-05-02 21:30:00,21,5,food,False,3,3,driving,13.6,False,2026-05-02 21:16:23.967407,2026-05-02 21:21:54.524816,2026-05-02 21:35:54.107136,5.5,5.9
u17,unpredictable,1,h0424,2026-05-02 21:30:00,21,5,food,False,3,3,driving,11.4,False,2026-05-02 21:18:37.183086,2026-05-02 21:22:58.357821,2026-05-02 21:34:06.029723,4.4,4.1
u03,improving,3,h0912,2026-05-03 18:00:00,18,6,party,True,0,5,driving,10.8,False,2026-05-03 17:49:11.627151,2026-05-03 18:02:46.863417,2026-05-03 18:13:37.985492,13.6,13.6
u07,unpredictable,3,h0912,2026-05-03 18:00:00,18,6,party,True,0,5,driving,32.7,True,2026-05-03 17:27:16.396613,2026-05-03 17:32:44.126764,2026-05-03 18:09:04.631122,5.5,9.1
u11,always_early,3,h0912,2026-05-03 18:00:00,18,6,party,True,0,5,driving,23.3,False,2026-05-03 17:36:43.956524,2026-05-03 17:37:28.631775,2026-05-03 18:03:40.156163,0.7,3.7
u19,punctual,3,h0912,2026-05-03 18:00:00,18,6,party,True,0,5,driving,12.0,False,2026-05-03 17:48:02.950040,2026-05-03 17:53:13.510565,2026-05-03 18:06:48.112702,5.2,6.8
u23,chronically_late,3,h0912,2026-05-03 18:00:00,18,6,party,True,0,5,walking,20.6,False,2026-05-03 17:39:23.081755,2026-05-03 17:51:33.948822,2026-05-03 18:12:53.627567,12.2,12.9
u00,overbooked,0,h0176,2026-05-03 20:30:00,20,6,sports,False,2,6,cycling,9.0,False,2026-05-03 20:21:01.847666,2026-05-03 20:22:34.175533,2026-05-03 20:32:52.280981,1.5,2.9
u04,morning_struggler,0,h0176,2026-05-03 20:30:00,20,6,sports,False,2,6,walking,19.3,False,2026-05-03 20:10:43.367178,2026-05-03 20:16:13.709711,2026-05-03 20:33:38.211452,5.5,3.6
u08,chronically_late,0,h0176,2026-05-03 20:30:00,20,6,sports,False,2,6,driving,27.4,True,2026-05-03 20:02:38.882470,2026-05-03 20:18:43.592184,2026-05-03 20:43:51.336788,16.1,13.9
u12,improving,0,h0176,2026-05-03 20:30:00,20,6,sports,False,2,6,walking,16.8,False,2026-05-03 20:13:12.128703,2026-05-03 20:20:30.327848,2026-05-03 20:37:29.496313,7.3,7.5
u16,rain_hater,0,h0176,2026-05-03 20:30:00,20,6,sports,False,2,6,driving,19.4,False,2026-05-03 20:10:37.700290,2026-05-03 20:12:10.601566,2026-05-03 20:33:57.202794,1.5,4.0
u20,unpredictable,0,h0176,2026-05-03 20:30:00,20,6,sports,False,2,6,driving,26.9,False,2026-05-03 20:03:08.567609,2026-05-03 20:02:53.816196,2026-05-03 20:30:14.168046,-0.2,0.2
u02,improving,2,h0669,2026-05-04 09:00:00,9,0,sports,False,6,3,walking,12.6,True,2026-05-04 08:47:23.342891,2026-05-04 08:59:50.603196,2026-05-04 09:12:45.603526,12.5,12.8
u10,punctual,2,h0669,2026-05-04 09:00:00,9,0,sports,False,6,3,cycling,6.0,False,2026-05-04 08:53:57.891619,2026-05-04 08:56:40.921247,2026-05-04 09:03:02.764109,2.7,3.0
u22,rain_hater,2,h0669,2026-05-04 09:00:00,9,0,sports,False,6,3,walking,17.4,False,2026-05-04 08:42:34.923718,2026-05-04 08:49:23.860606,2026-05-04 09:08:03.441511,6.8,8.1
u00,overbooked,0,h0177,2026-05-04 11:00:00,11,0,party,False,6,6,cycling,7.9,False,2026-05-04 10:52:03.983957,2026-05-04 10:57:33.109126,2026-05-04 11:05:37.938156,5.5,5.6
u04,morning_struggler,0,h0177,2026-05-04 11:00:00,11,0,party,False,6,6,walking,5.1,False,2026-05-04 10:54:56.326674,2026-05-04 11:03:56.243139,2026-05-04 11:09:29.362145,9.0,9.5
u08,chronically_late,0,h0177,2026-05-04 11:00:00,11,0,party,False,6,6,driving,9.9,False,2026-05-04 10:50:07.101969,2026-05-04 11:02:56.170010,2026-05-04 11:14:06.198496,12.8,14.1
u12,improving,0,h0177,2026-05-04 11:00:00,11,0,party,False,6,6,walking,17.4,True,2026-05-04 10:42:37.751716,2026-05-04 10:55:00.441411,2026-05-04 11:13:02.025296,12.4,13.0
u16,rain_hater,0,h0177,2026-05-04 11:00:00,11,0,party,False,6,6,driving,24.7,False,2026-05-04 10:35:20.918043,2026-05-04 10:40:55.104599,2026-05-04 11:08:09.393481,5.6,8.2
u20,unpredictable,0,h0177,2026-05-04 11:00:00,11,0,party,False,6,6,driving,35.3,False,2026-05-04 10:24:41.022351,2026-05-04 10:48:57.789671,2026-05-04 11:25:36.669552,24.3,25.6
u02,improving,2,h0670,2026-05-05 10:30:00,10,1,sports,False,7,5,walking,13.1,False,2026-05-05 10:16:54.473191,2026-05-05 10:24:56.443708,2026-05-05 10:39:01.179393,8.0,9.0
u10,punctual,2,h0670,2026-05-05 10:30:00,10,1,sports,False,7,5,cycling,10.4,True,2026-05-05 10:19:33.678988,2026-05-05 10:24:29.449163,2026-05-05 10:34:37.279103,4.9,4.6
u14,punctual,2,h0670,2026-05-05 10:30:00,10,1,sports,False,7,5,walking,23.0,False,2026-05-05 10:06:57.971635,2026-05-05 10:10:54.596426,2026-05-05 10:32:31.169223,3.9,2.5
u18,always_early,2,h0670,2026-05-05 10:30:00,10,1,sports,False,7,5,cycling,16.8,True,2026-05-05 10:13:12.334683,2026-05-05 10:14:57.850776,2026-05-05 10:33:48.503676,1.8,3.8
u22,rain_hater,2,h0670,2026-05-05 10:30:00,10,1,sports,False,7,5,walking,9.9,False,2026-05-05 10:20:03.915850,2026-05-05 10:21:56.381996,2026-05-05 10:31:19.357320,1.9,1.3
u01,overbooked,1,h0426,2026-05-06 14:30:00,14,2,food,False,7,4,driving,19.9,True,2026-05-06 14:10:03.326558,2026-05-06 14:33:34.205926,2026-05-06 14:55:48.696498,23.5,25.8
u05,chronically_late,1,h0426,2026-05-06 14:30:00,14,2,food,False,7,4,cycling,7.7,True,2026-05-06 14:22:16.877413,2026-05-06 14:38:29.538242,2026-05-06 14:46:01.317734,16.2,16.0
u13,rain_hater,1,h0426,2026-05-06 14:30:00,14,2,food,False,7,4,driving,22.4,False,2026-05-06 14:07:35.144083,2026-05-06 14:14:46.911273,2026-05-06 14:36:12.757090,7.2,6.2
u17,unpredictable,1,h0426,2026-05-06 14:30:00,14,2,food,False,7,4,driving,8.3,False,2026-05-06 14:21:39.826835,2026-05-06 14:25:31.114326,2026-05-06 14:34:09.123210,3.9,4.2
u00,overbooked,0,h0178,2026-05-06 20:30:00,20,2,coffee,True,0,6,cycling,9.5,True,2026-05-06 20:20:31.490370,2026-05-06 20:39:04.780186,2026-05-06 20:48:35.726982,18.6,18.6
u04,morning_struggler,0,h0178,2026-05-06 20:30:00,20,2,coffee,True,0,6,walking,15.2,False,2026-05-06 20:14:46.475713,2026-05-06 20:17:49.869881,2026-05-06 20:33:25.563411,3.1,3.4
u08,chronically_late,0,h0178,2026-05-06 20:30:00,20,2,coffee,True,0,6,driving,23.6,False,2026-05-06 20:06:26.576046,2026-05-06 20:27:17.969548,2026-05-06 20:54:07.871340,20.9,24.1
u12,improving,0,h0178,2026-05-06 20:30:00,20,2,coffee,True,0,6,walking,20.3,False,2026-05-06 20:09:40.759912,2026-05-06 20:18:05.947625,2026-05-06 20:42:52.064504,8.4,12.9
u16,rain_hater,0,h0178,2026-05-06 20:30:00,20,2,coffee,True,0,6,driving,26.2,True,2026-05-06 20:03:48.390038,2026-05-06 20:16:24.337605,2026-05-06 20:49:10.656987,12.6,19.2
u20,unpredictable,0,h0178,2026-05-06 20:30:00,20,2,coffee,True,0,6,driving,36.6,False,2026-05-06 19:53:26.435675,2026-05-06 19:54:39.820274,2026-05-06 20:34:00.794863,1.2,4.0
u04,morning_struggler,0,h0179,2026-05-07 19:30:00,19,3,sports,False,4,3,walking,16.8,True,2026-05-07 19:13:13.475060,2026-05-07 19:17:16.900423,2026-05-07 19:33:34.237603,4.1,3.6
u12,improving,0,h0179,2026-05-07 19:30:00,19,3,sports,False,4,3,walking,7.4,False,2026-05-07 19:22:37.406949,2026-05-07 19:27:31.224253,2026-05-07 19:35:14.899937,4.9,5.2
u16,rain_hater,0,h0179,2026-05-07 19:30:00,19,3,sports,False,4,3,driving,13.4,False,2026-05-07 19:16:34.181890,2026-05-07 19:19:34.146831,2026-05-07 19:34:39.943821,3.0,4.7
u00,overbooked,0,h0180,2026-05-08 08:00:00,8,4,sports,False,4,4,cycling,8.9,False,2026-05-08 07:51:04.162271,2026-05-08 07:55:13.432180,2026-05-08 08:03:42.614145,4.2,3.7
u04,morning_struggler,0,h0180,2026-05-08 08:00:00,8,4,sports,False,4,4,walking,13.8,True,2026-05-08 07:46:13.082926,2026-05-08 08:08:33.342726,2026-05-08 08:21:30.026928,22.3,21.5
u08,chronically_late,0,h0180,2026-05-08 08:00:00,8,4,sports,False,4,4,driving,32.3,False,2026-05-08 07:27:40.232087,2026-05-08 07:39:28.394891,2026-05-08 08:11:28.444595,11.8,11.5
u16,rain_hater,0,h0180,2026-05-08 08:00:00,8,4,sports,False,4,4,driving,23.1,False,2026-05-08 07:36:54.522664,2026-05-08 07:42:57.042650,2026-05-08 08:05:29.008274,6.0,5.5
u03,improving,3,h0914,2026-05-08 11:00:00,11,4,food,False,2,6,driving,23.0,True,2026-05-08 10:36:57.018739,2026-05-08 10:44:27.675345,2026-05-08 11:09:54.218304,7.5,9.9
u07,unpredictable,3,h0914,2026-05-08 11:00:00,11,4,food,False,2,6,driving,39.0,False,2026-05-08 10:20:57.452013,2026-05-08 10:28:16.819349,2026-05-08 11:12:35.737907,7.3,12.6
u11,always_early,3,h0914,2026-05-08 11:00:00,11,4,food,False,2,6,driving,35.5,False,2026-05-08 10:24:29.677519,2026-05-08 10:23:06.500868,2026-05-08 10:57:15.313323,-1.4,-2.7
u15,morning_struggler,3,h0914,2026-05-08 11:00:00,11,4,food,False,2,6,walking,7.0,True,2026-05-08 10:52:58.015040,2026-05-08 11:02:27.934819,2026-05-08 11:09:16.984063,9.5,9.3
u19,punctual,3,h0914,2026-05-08 11:00:00,11,4,food,False,2,6,driving,15.4,False,2026-05-08 10:44:37.349680,2026-05-08 10:46:16.589801,2026-05-08 11:00:44.123854,1.7,0.7
u23,chronically_late,3,h0914,2026-05-08 11:00:00,11,4,food,False,2,6,walking,21.5,False,2026-05-08 10:38:31.889046,2026-05-08 10:45:13.577710,2026-05-08 11:05:07.720589,6.7,5.1
u03,improving,3,h0913,2026-05-08 12:30:00,12,4,sports,True,0,4,driving,22.7,False,2026-05-08 12:07:18.702500,2026-05-08 12:13:03.756505,2026-05-08 12:38:24.145906,5.8,8.4
u11,always_early,3,h0913,2026-05-08 12:30:00,12,4,sports,True,0,4,driving,39.1,False,2026-05-08 11:50:56.217079,2026-05-08 11:47:55.574394,2026-05-08 12:28:28.899686,-3.0,-1.5
u15,morning_struggler,3,h0913,2026-05-08 12:30:00,12,4,sports,True,0,4,walking,8.8,False,2026-05-08 12:21:11.860759,2026-05-08 12:27:03.422826,2026-05-08 12:36:16.011925,5.9,6.3
u19,punctual,3,h0913,2026-05-08 12:30:00,12,4,sports,True,0,4,driving,23.5,False,2026-05-08 12:06:30.686059,2026-05-08 12:09:47.149400,2026-05-08 12:34:28.459564,3.3,4.5
u09,morning_struggler,1,h0427,2026-05-09 08:00:00,8,5,sports,True,2,4,cycling,6.1,False,2026-05-09 07:53:51.034254,2026-05-09 08:12:52.874383,2026-05-09 08:19:12.129375,19.0,19.2
u13,rain_hater,1,h0427,2026-05-09 08:00:00,8,5,sports,True,2,4,driving,11.4,False,2026-05-09 07:48:35.389497,2026-05-09 08:00:32.705679,2026-05-09 08:13:35.328254,12.0,13.6
u17,unpredictable,1,h0427,2026-05-09 08:00:00,8,5,sports,True,2,4,driving,14.7,False,2026-05-09 07:45:16.140297,2026-05-09 07:52:18.211721,2026-05-09 08:07:04.485395,7.0,7.1
u21,always_early,1,h0427,2026-05-09 08:00:00,8,5,sports,True,2,4,driving,24.6,False,2026-05-09 07:35:24.381646,2026-05-09 07:36:14.816500,2026-05-09 08:00:58.461441,0.8,1.0
u11,always_early,3,h0916,2026-05-09 17:00:00,17,5,party,False,4,4,driving,25.4,False,2026-05-09 16:34:35.991004,2026-05-09 16:34:41.076012,2026-05-09 16:58:11.746701,0.1,-1.8
u15,morning_struggler,3,h0916,2026-05-09 17:00:00,17,5,party,False,4,4,walking,22.0,False,2026-05-09 16:38:00.214778,2026-05-09 16:44:50.593460,2026-05-09 17:06:52.902657,6.8,6.9
u19,punctual,3,h0916,2026-05-09 17:00:00,17,5,party,False,4,4,driving,17.1,False,2026-05-09 16:42:53.163231,2026-05-09 16:45:48.114066,2026-05-09 17:01:15.120812,2.9,1.3
u23,chronically_late,3,h0916,2026-05-09 17:00:00,17,5,party,False,4,4,walking,22.4,False,2026-05-09 16:37:38.403939,2026-05-09 16:52:44.334600,2026-05-09 17:13:28.157052,15.1,13.5
u03,improving,3,h0915,2026-05-09 19:30:00,19,5,party,False,6,3,driving,33.2,False,2026-05-09 18:56:46.857280,2026-05-09 19:10:06.781073,2026-05-09 19:42:55.927361,13.3,12.9
u15,morning_struggler,3,h0915,2026-05-09 19:30:00,19,5,party,False,6,3,walking,20.4,False,2026-05-09 19:09:34.774894,2026-05-09 19:16:00.413604,2026-05-09 19:36:26.369790,6.4,6.4
u23,chronically_late,3,h0915,2026-05-09 19:30:00,19,5,party,False,6,3,walking,18.9,False,2026-05-09 19:11:08.750539,2026-05-09 19:24:37.285813,2026-05-09 19:45:25.151743,13.5,15.4
u01,overbooked,1,h0429,2026-05-10 10:30:00,10,6,coffee,False,4,5,driving,23.1,True,2026-05-10 10:06:54.763657,2026-05-10 10:24:39.350432,2026-05-10 10:46:00.381883,17.7,16.0
u09,morning_struggler,1,h0429,2026-05-10 10:30:00,10,6,coffee,False,4,5,cycling,17.6,True,2026-05-10 10:12:25.043035,2026-05-10 10:16:54.344564,2026-05-10 10:32:55.572288,4.5,2.9
u13,rain_hater,1,h0429,2026-05-10 10:30:00,10,6,coffee,False,4,5,driving,15.0,False,2026-05-10 10:14:58.931409,2026-05-10 10:27:19.203008,2026-05-10 10:41:58.829413,12.3,12.0
u17,unpredictable,1,h0429,2026-05-10 10:30:00,10,6,coffee,False,4,5,driving,29.8,False,2026-05-10 10:00:09.656447,2026-05-10 10:03:00.968431,2026-05-10 10:34:43.829585,2.9,4.7
u21,always_early,1,h0429,2026-05-10 10:30:00,10,6,coffee,False,4,5,driving,10.8,False,2026-05-10 10:19:09.481187,2026-05-10 10:17:37.626091,2026-05-10 10:28:02.629439,-1.5,-2.0
u01,overbooked,1,h0428,2026-05-10 16:30:00,16,6,coffee,False,5,6,driving,36.4,True,2026-05-10 15:53:36.218993,2026-05-10 16:13:19.457109,2026-05-10 16:52:19.768512,19.7,22.3
u05,chronically_late,1,h0428,2026-05-10 16:30:00,16,6,coffee,False,5,6,cycling,23.0,True,2026-05-10 16:07:02.227581,2026-05-10 16:21:22.487634,2026-05-10 16:43:51.984428,14.3,13.9
u09,morning_struggler,1,h0428,2026-05-10 16:30:00,16,6,coffee,False,5,6,cycling,8.0,False,2026-05-10 16:21:57.165285,2026-05-10 16:24:01.127901,2026-05-10 16:32:55.432351,2.1,2.9
u13,rain_hater,1,h0428,2026-05-10 16:30:00,16,6,coffee,False,5,6,driving,23.6,False,2026-05-10 16:06:23.643049,2026-05-10 16:10:57.187591,2026-05-10 16:36:35.522338,4.6,6.6
u17,unpredictable,1,h0428,2026-05-10 16:30:00,16,6,coffee,False,5,6,driving,12.7,False,2026-05-10 16:17:18.786295,2026-05-10 16:21:48.957314,2026-05-10 16:34:56.663311,4.5,4.9
u21,always_early,1,h0428,2026-05-10 16:30:00,16,6,coffee,False,5,6,driving,9.4,False,2026-05-10 16:20:35.357653,2026-05-10 16:21:14.163455,2026-05-10 16:30:30.354126,0.6,0.5
u06,overbooked,2,h0671,2026-05-10 19:00:00,19,6,coffee,False,3,3,driving,33.6,True,2026-05-10 18:26:22.564744,2026-05-10 18:48:20.295436,2026-05-10 19:19:02.661863,22.0,19.0
u10,punctual,2,h0671,2026-05-10 19:00:00,19,6,coffee,False,3,3,cycling,17.7,True,2026-05-10 18:42:17.747583,2026-05-10 18:45:36.979459,2026-05-10 19:04:39.093914,3.3,4.7
u18,always_early,2,h0671,2026-05-10 19:00:00,19,6,coffee,False,3,3,cycling,16.8,False,2026-05-10 18:43:12.604962,2026-05-10 18:41:51.117849,2026-05-10 18:58:25.497575,-1.4,-1.6
u06,overbooked,2,h0672,2026-05-12 17:30:00,17,1,party,False,4,4,driving,14.7,False,2026-05-12 17:15:20.454997,2026-05-12 17:22:36.762840,2026-05-12 17:36:46.001527,7.3,6.8
u14,punctual,2,h0672,2026-05-12 17:30:00,17,1,party,False,4,4,walking,8.1,False,2026-05-12 17:21:55.227985,2026-05-12 17:25:32.819439,2026-05-12 17:32:56.928609,3.6,2.9
u18,always_early,2,h0672,2026-05-12 17:30:00,17,1,party,False,4,4,cycling,14.7,True,2026-05-12 17:15:15.446972,2026-05-12 17:17:56.778591,2026-05-12 17:31:36.741103,2.7,1.6
u22,rain_hater,2,h0672,2026-05-12 17:30:00,17,1,party,False,4,4,walking,22.5,True,2026-05-12 17:07:27.155273,2026-05-12 17:14:07.802554,2026-05-12 17:34:36.676281,6.7,4.6
u01,overbooked,1,h0430,2026-05-12 19:30:00,19,1,study,False,3,5,driving,31.0,False,2026-05-12 18:59:02.012984,2026-05-12 19:04:46.280625,2026-05-12 19:38:22.006059,5.7,8.4
u05,chronically_late,1,h0430,2026-05-12 19:30:00,19,1,study,False,3,5,cycling,16.7,False,2026-05-12 19:13:15.882403,2026-05-12 19:29:39.616736,2026-05-12 19:47:37.416475,16.4,17.6
u13,rain_hater,1,h0430,2026-05-12 19:30:00,19,1,study,False,3,5,driving,26.2,False,2026-05-12 19:03:48.620696,2026-05-12 19:02:32.473934,2026-05-12 19:27:48.111803,-1.3,-2.2
u17,unpredictable,1,h0430,2026-05-12 19:30:00,19,1,study,False,3,5,driving,19.5,True,2026-05-12 19:10:31.685297,2026-05-12 19:13:06.811107,2026-05-12 19:30:39.102952,2.6,0.7
u21,always_early,1,h0430,2026-05-12 19:30:00,19,1,study,False,3,5,driving,8.0,True,2026-05-12 19:21:59.974716,2026-05-12 19:21:59.746521,2026-05-12 19:30:48.122369,-0.0,0.8
u08,chronically_late,0,h0181,2026-05-12 20:30:00,20,1,coffee,False,4,3,driving,31.8,True,2026-05-12 19:58:14.420561,2026-05-12 20:12:34.696329,2026-05-12 20:47:19.034960,14.3,17.3
u16,rain_hater,0,h0181,2026-05-12 20:30:00,20,1,coffee,False,4,3,driving,23.0,False,2026-05-12 20:07:00.791534,2026-05-12 20:08:18.771191,2026-05-12 20:31:09.568545,1.3,1.2
u20,unpredictable,0,h0181,2026-05-12 20:30:00,20,1,coffee,False,4,3,driving,36.0,True,2026-05-12 19:53:59.955228,2026-05-12 20:26:16.661312,2026-05-12 20:59:08.934478,32.3,29.1
u00,overbooked,0,h0182,2026-05-13 18:00:00,18,2,sports,True,0,5,cycling,10.5,True,2026-05-13 17:49:29.978912,2026-05-13 18:11:06.949500,2026-05-13 18:24:06.939257,21.6,24.1
u04,morning_struggler,0,h0182,2026-05-13 18:00:00,18,2,sports,True,0,5,walking,11.1,True,2026-05-13 17:48:54.053384,2026-05-13 17:53:35.989372,2026-05-13 18:05:17.111309,4.7,5.3
u08,chronically_late,0,h0182,2026-05-13 18:00:00,18,2,sports,True,0,5,driving,27.0,False,2026-05-13 17:33:02.962273,2026-05-13 17:41:29.708960,2026-05-13 18:09:11.989467,8.4,9.2
u12,improving,0,h0182,2026-05-13 18:00:00,18,2,sports,True,0,5,walking,21.6,False,2026-05-13 17:38:22.365449,2026-05-13 17:54:03.557122,2026-05-13 18:18:50.677660,15.7,18.8
u20,unpredictable,0,h0182,2026-05-13 18:00:00,18,2,sports,True,0,5,driving,34.5,True,2026-05-13 17:25:28.823925,2026-05-13 17:37:37.204478,2026-05-13 18:14:39.557754,12.1,14.7
u01,overbooked,1,h0431,2026-05-13 19:30:00,19,2,coffee,True,3,3,driving,24.9,False,2026-05-13 19:05:07.014308,2026-05-13 19:12:54.485988,2026-05-13 19:39:25.496934,7.8,9.4
u05,chronically_late,1,h0431,2026-05-13 19:30:00,19,2,coffee,True,3,3,cycling,12.8,False,2026-05-13 19:17:10.200184,2026-05-13 19:33:56.253096,2026-05-13 19:46:39.065556,16.8,16.7
u13,rain_hater,1,h0431,2026-05-13 19:30:00,19,2,coffee,True,3,3,driving,33.0,True,2026-05-13 18:56:59.619248,2026-05-13 19:10:31.498025,2026-05-13 19:44:48.542734,13.5,14.8
u00,overbooked,0,h0183,2026-05-14 09:00:00,9,3,study,False,5,6,cycling,8.9,True,2026-05-14 08:51:07.509084,2026-05-14 09:09:43.364512,2026-05-14 09:19:54.650149,18.6,19.9
u04,morning_struggler,0,h0183,2026-05-14 09:00:00,9,3,study,False,5,6,walking,16.7,True,2026-05-14 08:43:19.123989,2026-05-14 09:03:43.849004,2026-05-14 09:20:29.957520,20.4,20.5
u08,chronically_late,0,h0183,2026-05-14 09:00:00,9,3,study,False,5,6,driving,29.1,False,2026-05-14 08:30:51.931702,2026-05-14 08:40:22.726433,2026-05-14 09:07:41.093754,9.5,7.7
u12,improving,0,h0183,2026-05-14 09:00:00,9,3,study,False,5,6,walking,13.3,False,2026-05-14 08:46:42.294931,2026-05-14 09:03:43.964268,2026-05-14 09:16:16.781865,17.0,16.3
u16,rain_hater,0,h0183,2026-05-14 09:00:00,9,3,study,False,5,6,driving,22.7,False,2026-05-14 08:37:20.527600,2026-05-14 08:40:05.096537,2026-05-14 09:03:37.153168,2.7,3.6
u20,unpredictable,0,h0183,2026-05-14 09:00:00,9,3,study,False,5,6,driving,8.6,False,2026-05-14 08:51:21.103181,2026-05-14 08:49:26.165070,2026-05-14 08:58:37.934627,-1.9,-1.4
u03,improving,3,h0917,2026-05-14 09:30:00,9,3,sports,False,0,5,driving,33.9,False,2026-05-14 08:56:03.814206,2026-05-14 09:02:15.551730,2026-05-14 09:34:55.728806,6.2,4.9
u07,unpredictable,3,h0917,2026-05-14 09:30:00,9,3,sports,False,0,5,driving,33.2,False,2026-05-14 08:56:45.503713,2026-05-14 09:03:20.311009,2026-05-14 09:41:08.175045,6.6,11.1
u15,morning_struggler,3,h0917,2026-05-14 09:30:00,9,3,sports,False,0,5,walking,20.9,False,2026-05-14 09:09:08.193640,2026-05-14 09:26:25.690529,2026-05-14 09:47:55.331951,17.3,17.9
u19,punctual,3,h0917,2026-05-14 09:30:00,9,3,sports,False,0,5,driving,37.2,False,2026-05-14 08:52:49.609768,2026-05-14 08:57:46.866074,2026-05-14 09:35:37.457510,5.0,5.6
u23,chronically_late,3,h0917,2026-05-14 09:30:00,9,3,sports,False,0,5,walking,14.9,False,2026-05-14 09:15:05.280933,2026-05-14 09:29:14.316245,2026-05-14 09:45:06.614699,14.2,15.1
u00,overbooked,0,h0184,2026-05-14 13:00:00,13,3,food,False,7,3,cycling,18.1,False,2026-05-14 12:41:55.052038,2026-05-14 12:44:22.366796,2026-05-14 13:04:33.290882,2.5,4.6
u04,morning_struggler,0,h0184,2026-05-14 13:00:00,13,3,food,False,7,3,walking,5.8,False,2026-05-14 12:54:11.401258,2026-05-14 12:56:23.747748,2026-05-14 13:02:24.226716,2.2,2.4
u12,improving,0,h0184,2026-05-14 13:00:00,13,3,food,False,7,3,walking,9.8,False,2026-05-14 12:50:14.597538,2026-05-14 12:55:00.415642,2026-05-14 13:04:54.481489,4.8,4.9
u02,improving,2,h0673,2026-05-14 18:30:00,18,3,party,False,5,6,walking,19.1,False,2026-05-14 18:10:51.282168,2026-05-14 18:18:55.637429,2026-05-14 18:39:41.875754,8.1,9.7
u06,overbooked,2,h0673,2026-05-14 18:30:00,18,3,party,False,5,6,driving,32.0,True,2026-05-14 17:58:02.368563,2026-05-14 18:18:51.148595,2026-05-14 18:50:32.315989,20.8,20.5
u10,punctual,2,h0673,2026-05-14 18:30:00,18,3,party,False,5,6,cycling,21.0,True,2026-05-14 18:09:01.159454,2026-05-14 18:17:10.686544,2026-05-14 18:39:48.419314,8.2,9.8
u14,punctual,2,h0673,2026-05-14 18:30:00,18,3,party,False,5,6,walking,9.5,True,2026-05-14 18:20:27.453354,2026-05-14 18:32:50.349328,2026-05-14 18:43:42.970963,12.4,13.7
u18,always_early,2,h0673,2026-05-14 18:30:00,18,3,party,False,5,6,cycling,12.7,False,2026-05-14 18:17:18.106792,2026-05-14 18:17:08.353432,2026-05-14 18:29:17.381294,-0.2,-0.7
u22,rain_hater,2,h0673,2026-05-14 18:30:00,18,3,party,False,5,6,walking,15.5,True,2026-05-14 18:14:28.386770,2026-05-14 18:23:04.241310,2026-05-14 18:39:43.457924,8.6,9.7
u05,chronically_late,1,h0432,2026-05-15 13:00:00,13,4,coffee,False,2,5,cycling,21.0,False,2026-05-15 12:38:59.161242,2026-05-15 12:50:18.565725,2026-05-15 13:10:52.867853,11.3,10.9
u09,morning_struggler,1,h0432,2026-05-15 13:00:00,13,4,coffee,False,2,5,cycling,7.3,True,2026-05-15 12:52:44.203582,2026-05-15 12:56:17.509045,2026-05-15 13:03:35.958598,3.6,3.6
u13,rain_hater,1,h0432,2026-05-15 13:00:00,13,4,coffee,False,2,5,driving,20.0,False,2026-05-15 12:39:58.295920,2026-05-15 12:44:55.028150,2026-05-15 13:07:46.897600,4.9,7.8
u17,unpredictable,1,h0432,2026-05-15 13:00:00,13,4,coffee,False,2,5,driving,30.1,False,2026-05-15 12:29:52.159848,2026-05-15 12:32:06.373533,2026-05-15 13:02:19.073552,2.2,2.3
u21,always_early,1,h0432,2026-05-15 13:00:00,13,4,coffee,False,2,5,driving,9.5,False,2026-05-15 12:50:29.053896,2026-05-15 12:47:29.493397,2026-05-15 12:58:16.182291,-3.0,-1.7
u02,improving,2,h0675,2026-05-15 17:00:00,17,4,study,False,4,6,walking,13.9,False,2026-05-15 16:46:04.799394,2026-05-15 16:58:32.755033,2026-05-15 17:12:32.888485,12.5,12.5
u06,overbooked,2,h0675,2026-05-15 17:00:00,17,4,study,False,4,6,driving,19.8,True,2026-05-15 16:40:09.760227,2026-05-15 16:59:03.356827,2026-05-15 17:17:43.605572,18.9,17.7
u10,punctual,2,h0675,2026-05-15 17:00:00,17,4,study,False,4,6,cycling,14.2,False,2026-05-15 16:45:50.737658,2026-05-15 16:50:26.724032,2026-05-15 17:05:33.052473,4.6,5.6
u14,punctual,2,h0675,2026-05-15 17:00:00,17,4,study,False,4,6,walking,21.6,True,2026-05-15 16:38:24.031699,2026-05-15 16:40:50.699861,2026-05-15 17:00:30.181049,2.4,0.5
u18,always_early,2,h0675,2026-05-15 17:00:00,17,4,study,False,4,6,cycling,24.3,False,2026-05-15 16:35:44.970670,2026-05-15 16:35:08.057763,2026-05-15 17:01:36.584623,-0.6,1.6
u22,rain_hater,2,h0675,2026-05-15 17:00:00,17,4,study,False,4,6,walking,13.5,False,2026-05-15 16:46:31.647000,2026-05-15 16:46:36.752807,2026-05-15 17:00:44.593092,0.1,0.7
u02,improving,2,h0674,2026-05-15 21:00:00,21,4,study,False,5,5,walking,10.2,False,2026-05-15 20:49:47.225855,2026-05-15 20:57:41.674726,2026-05-15 21:07:39.749150,7.9,7.7
u06,overbooked,2,h0674,2026-05-15 21:00:00,21,4,study,False,5,5,driving,14.1,True,2026-05-15 20:45:54.367250,2026-05-15 21:05:43.133213,2026-05-15 21:20:38.236849,19.8,20.6
u10,punctual,2,h0674,2026-05-15 21:00:00,21,4,study,False,5,5,cycling,15.9,True,2026-05-15 20:44:08.580934,2026-05-15 20:46:49.628042,2026-05-15 21:03:02.706823,2.7,3.0
u14,punctual,2,h0674,2026-05-15 21:00:00,21,4,study,False,5,5,walking,21.0,False,2026-05-15 20:38:58.050718,2026-05-15 20:39:29.286801,2026-05-15 21:01:01.855924,0.5,1.0
u18,always_early,2,h0674,2026-05-15 21:00:00,21,4,study,False,5,5,cycling,23.4,False,2026-05-15 20:36:33.894670,2026-05-15 20:32:14.592561,2026-05-15 20:55:06.502340,-4.3,-4.9
u00,overbooked,0,h0185,2026-05-16 13:00:00,13,5,coffee,True,6,4,cycling,17.7,True,2026-05-16 12:42:15.395824,2026-05-16 13:02:58.234992,2026-05-16 13:22:28.560082,20.7,22.5
u08,chronically_late,0,h0185,2026-05-16 13:00:00,13,5,coffee,True,6,4,driving,16.7,False,2026-05-16 12:43:18.934785,2026-05-16 12:54:15.765736,2026-05-16 13:13:02.790161,10.9,13.0
u16,rain_hater,0,h0185,2026-05-16 13:00:00,13,5,coffee,True,6,4,driving,24.8,False,2026-05-16 12:35:12.149576,2026-05-16 12:46:07.881547,2026-05-16 13:11:24.719735,10.9,11.4
u20,unpredictable,0,h0185,2026-05-16 13:00:00,13,5,coffee,True,6,4,driving,35.4,False,2026-05-16 12:24:36.105479,2026-05-16 12:31:48.335945,2026-05-16 13:11:16.756533,7.2,11.3
u13,rain_hater,1,h0433,2026-05-16 17:00:00,17,5,study,False,4,3,driving,35.3,False,2026-05-16 16:24:44.604834,2026-05-16 16:24:54.614407,2026-05-16 16:58:17.836113,0.2,-1.7
u17,unpredictable,1,h0433,2026-05-16 17:00:00,17,5,study,False,4,3,driving,39.5,False,2026-05-16 16:20:31.028147,2026-05-16 16:17:28.324854,2026-05-16 16:57:19.913679,-3.0,-2.7
u21,always_early,1,h0433,2026-05-16 17:00:00,17,5,study,False,4,3,driving,12.3,False,2026-05-16 16:47:42.055307,2026-05-16 16:46:10.750219,2026-05-16 16:57:23.445760,-1.5,-2.6
u03,improving,3,h0918,2026-05-18 10:00:00,10,0,party,False,6,5,driving,32.8,False,2026-05-18 09:27:10.840228,2026-05-18 09:35:09.170460,2026-05-18 10:06:25.991362,8.0,6.4
u11,always_early,3,h0918,2026-05-18 10:00:00,10,0,party,False,6,5,driving,22.0,False,2026-05-18 09:38:00.834880,2026-05-18 09:39:19.057173,2026-05-18 10:02:00.041238,1.3,2.0
u15,morning_struggler,3,h0918,2026-05-18 10:00:00,10,0,party,False,6,5,walking,11.4,False,2026-05-18 09:48:34.908054,2026-05-18 09:53:31.813152,2026-05-18 10:06:38.284052,4.9,6.6
u19,punctual,3,h0918,2026-05-18 10:00:00,10,0,party,False,6,5,driving,10.0,True,2026-05-18 09:50:00.949742,2026-05-18 09:59:42.460134,2026-05-18 10:10:33.331823,9.7,10.6
u23,chronically_late,3,h0918,2026-05-18 10:00:00,10,0,party,False,6,5,walking,11.9,False,2026-05-18 09:48:07.702814,2026-05-18 10:07:28.464789,2026-05-18 10:19:26.169044,19.3,19.4
u06,overbooked,2,h0676,2026-05-19 17:30:00,17,1,food,False,0,4,driving,35.6,False,2026-05-19 16:54:26.132876,2026-05-19 16:55:23.828510,2026-05-19 17:30:11.077086,1.0,0.2
u10,punctual,2,h0676,2026-05-19 17:30:00,17,1,food,False,0,4,cycling,6.1,False,2026-05-19 17:23:53.374896,2026-05-19 17:24:29.514301,2026-05-19 17:30:22.400139,0.6,0.4
u14,punctual,2,h0676,2026-05-19 17:30:00,17,1,food,False,0,4,walking,24.5,True,2026-05-19 17:05:30.209351,2026-05-19 17:09:22.897398,2026-05-19 17:37:14.560263,3.9,7.2
u22,rain_hater,2,h0676,2026-05-19 17:30:00,17,1,food,False,0,4,walking,6.3,True,2026-05-19 17:23:44.501167,2026-05-19 17:28:15.461895,2026-05-19 17:34:58.747796,4.5,5.0
u02,improving,2,h0677,2026-05-20 14:00:00,14,2,study,True,4,4,walking,18.9,False,2026-05-20 13:41:07.176339,2026-05-20 13:53:06.229365,2026-05-20 14:13:41.757186,12.0,13.7
u06,overbooked,2,h0677,2026-05-20 14:00:00,14,2,study,True,4,4,driving,35.8,False,2026-05-20 13:24:10.618028,2026-05-20 13:30:36.383626,2026-05-20 14:11:17.898661,6.4,11.3
u14,punctual,2,h0677,2026-05-20 14:00:00,14,2,study,True,4,4,walking,20.8,False,2026-05-20 13:39:13.402837,2026-05-20 13:41:03.893673,2026-05-20 14:03:59.297993,1.8,4.0
u22,rain_hater,2,h0677,2026-05-20 14:00:00,14,2,study,True,4,4,walking,17.2,True,2026-05-20 13:42:46.526220,2026-05-20 13:57:55.439763,2026-05-20 14:18:16.450677,15.1,18.3
u04,morning_struggler,0,h0186,2026-05-20 16:30:00,16,2,sports,False,1,3,walking,20.3,True,2026-05-20 16:09:44.175501,2026-05-20 16:17:20.047662,2026-05-20 16:37:40.066698,7.6,7.7
u12,improving,0,h0186,2026-05-20 16:30:00,16,2,sports,False,1,3,walking,7.3,False,2026-05-20 16:22:42.884390,2026-05-20 16:30:41.378151,2026-05-20 16:37:47.406569,8.0,7.8
u16,rain_hater,0,h0186,2026-05-20 16:30:00,16,2,sports,False,1,3,driving,26.8,False,2026-05-20 16:03:09.144402,2026-05-20 16:04:21.251609,2026-05-20 16:29:20.158756,1.2,-0.7
u00,overbooked,0,h0187,2026-05-20 20:30:00,20,2,sports,False,0,5,cycling,6.9,True,2026-05-20 20:23:04.519101,2026-05-20 20:41:58.583535,2026-05-20 20:49:03.773340,18.9,19.1
u04,morning_struggler,0,h0187,2026-05-20 20:30:00,20,2,sports,False,0,5,walking,12.1,True,2026-05-20 20:17:53.377178,2026-05-20 20:19:42.681269,2026-05-20 20:31:22.464604,1.8,1.4
u08,chronically_late,0,h0187,2026-05-20 20:30:00,20,2,sports,False,0,5,driving,10.9,False,2026-05-20 20:19:07.094327,2026-05-20 20:30:38.732613,2026-05-20 20:41:26.105834,11.5,11.4
u12,improving,0,h0187,2026-05-20 20:30:00,20,2,sports,False,0,5,walking,18.6,True,2026-05-20 20:11:22.332558,2026-05-20 20:21:57.526867,2026-05-20 20:42:18.748806,10.6,12.3
u20,unpredictable,0,h0187,2026-05-20 20:30:00,20,2,sports,False,0,5,driving,18.1,False,2026-05-20 20:11:51.128329,2026-05-20 20:08:55.933397,2026-05-20 20:27:32.886755,-2.9,-2.5
u07,unpredictable,3,h0919,2026-05-21 17:30:00,17,3,sports,False,5,5,driving,32.5,False,2026-05-21 16:57:31.978039,2026-05-21 17:05:30.112813,2026-05-21 17:36:03.737027,8.0,6.1
u11,always_early,3,h0919,2026-05-21 17:30:00,17,3,sports,False,5,5,driving,25.5,False,2026-05-21 17:04:31.695064,2026-05-21 17:03:00.462493,2026-05-21 17:26:17.110000,-1.5,-3.7
u15,morning_struggler,3,h0919,2026-05-21 17:30:00,17,3,sports,False,5,5,walking,16.1,False,2026-05-21 17:13:56.131929,2026-05-21 17:16:09.457809,2026-05-21 17:31:14.465196,2.2,1.2
u19,punctual,3,h0919,2026-05-21 17:30:00,17,3,sports,False,5,5,driving,34.7,False,2026-05-21 16:55:18.130942,2026-05-21 16:57:16.472221,2026-05-21 17:31:18.530372,2.0,1.3
u23,chronically_late,3,h0919,2026-05-21 17:30:00,17,3,sports,False,5,5,walking,9.3,False,2026-05-21 17:20:39.899195,2026-05-21 17:46:06.962055,2026-05-21 17:55:40.807767,25.5,25.7
u00,overbooked,0,h0188,2026-05-21 19:30:00,19,3,party,True,2,4,cycling,6.0,False,2026-05-21 19:23:58.140834,2026-05-21 19:31:34.869635,2026-05-21 19:38:47.355990,7.6,8.8
u04,morning_struggler,0,h0188,2026-05-21 19:30:00,19,3,party,True,2,4,walking,24.8,True,2026-05-21 19:05:11.825263,2026-05-21 19:14:21.107377,2026-05-21 19:44:27.334523,9.2,14.5
u12,improving,0,h0188,2026-05-21 19:30:00,19,3,party,True,2,4,walking,20.4,False,2026-05-21 19:09:36.299799,2026-05-21 19:21:40.511823,2026-05-21 19:45:48.794749,12.1,15.8
u16,rain_hater,0,h0188,2026-05-21 19:30:00,19,3,party,True,2,4,driving,13.1,False,2026-05-21 19:16:52.038134,2026-05-21 19:31:22.364977,2026-05-21 19:44:30.499550,14.5,14.5
u09,morning_struggler,1,h0434,2026-05-21 22:30:00,22,3,coffee,True,1,4,cycling,24.8,True,2026-05-21 22:05:14.396493,2026-05-21 22:09:50.973627,2026-05-21 22:38:31.323456,4.6,8.5
u13,rain_hater,1,h0434,2026-05-21 22:30:00,22,3,coffee,True,1,4,driving,36.5,False,2026-05-21 21:53:27.903237,2026-05-21 22:04:44.740352,2026-05-21 22:43:58.908750,11.3,14.0
u17,unpredictable,1,h0434,2026-05-21 22:30:00,22,3,coffee,True,1,4,driving,32.1,False,2026-05-21 21:57:52.027511,2026-05-21 21:57:53.866342,2026-05-21 22:30:15.024741,0.0,0.3
u21,always_early,1,h0434,2026-05-21 22:30:00,22,3,coffee,True,1,4,driving,29.3,False,2026-05-21 22:00:41.804771,2026-05-21 21:59:32.210171,2026-05-21 22:33:14.753293,-1.2,3.2
u02,improving,2,h0678,2026-05-22 12:30:00,12,4,food,False,7,3,walking,12.8,False,2026-05-22 12:17:11.034479,2026-05-22 12:23:32.751903,2026-05-22 12:37:50.911514,6.4,7.8
u06,overbooked,2,h0678,2026-05-22 12:30:00,12,4,food,False,7,3,driving,17.5,False,2026-05-22 12:12:31.910774,2026-05-22 12:16:59.418999,2026-05-22 12:33:31.969900,4.5,3.5
u18,always_early,2,h0678,2026-05-22 12:30:00,12,4,food,False,7,3,cycling,17.7,False,2026-05-22 12:12:16.763920,2026-05-22 12:10:17.430109,2026-05-22 12:27:34.220480,-2.0,-2.4
u02,improving,2,h0679,2026-05-22 15:30:00,15,4,food,False,7,5,walking,12.3,True,2026-05-22 15:17:41.073577,2026-05-22 15:25:46.261527,2026-05-22 15:39:04.151376,8.1,9.1
u06,overbooked,2,h0679,2026-05-22 15:30:00,15,4,food,False,7,5,driving,14.9,True,2026-05-22 15:15:06.477185,2026-05-22 15:35:21.817823,2026-05-22 15:50:49.047227,20.3,20.8
u14,punctual,2,h0679,2026-05-22 15:30:00,15,4,food,False,7,5,walking,14.7,False,2026-05-22 15:15:16.565689,2026-05-22 15:16:32.472341,2026-05-22 15:30:43.660281,1.3,0.7
u18,always_early,2,h0679,2026-05-22 15:30:00,15,4,food,False,7,5,cycling,8.1,True,2026-05-22 15:21:53.362360,2026-05-22 15:24:39.477235,2026-05-22 15:32:43.405727,2.8,2.7
u22,rain_hater,2,h0679,2026-05-22 15:30:00,15,4,food,False,7,5,walking,9.4,True,2026-05-22 15:20:38.537630,2026-05-22 15:25:30.677529,2026-05-22 15:34:30.768199,4.9,4.5
u01,overbooked,1,h0435,2026-05-22 18:00:00,18,4,sports,False,1,5,driving,19.1,True,2026-05-22 17:40:54.934965,2026-05-22 17:56:23.886912,2026-05-22 18:15:33.929703,15.5,15.6
u05,chronically_late,1,h0435,2026-05-22 18:00:00,18,4,sports,False,1,5,cycling,16.9,False,2026-05-22 17:43:07.412390,2026-05-22 18:04:21.818607,2026-05-22 18:23:07.965467,21.2,23.1
u09,morning_struggler,1,h0435,2026-05-22 18:00:00,18,4,sports,False,1,5,cycling,10.1,True,2026-05-22 17:49:51.409288,2026-05-22 17:52:12.144102,2026-05-22 18:01:49.262129,2.3,1.8
u13,rain_hater,1,h0435,2026-05-22 18:00:00,18,4,sports,False,1,5,driving,30.5,True,2026-05-22 17:29:29.838337,2026-05-22 17:34:31.082879,2026-05-22 18:05:41.751127,5.0,5.7
u21,always_early,1,h0435,2026-05-22 18:00:00,18,4,sports,False,1,5,driving,33.8,False,2026-05-22 17:26:10.002384,2026-05-22 17:22:02.139408,2026-05-22 17:57:23.699374,-4.1,-2.6
u00,overbooked,0,h0189,2026-05-22 18:30:00,18,4,party,False,0,6,cycling,9.9,True,2026-05-22 18:20:08.897200,2026-05-22 18:45:46.229395,2026-05-22 18:55:42.446765,25.6,25.7
u04,morning_struggler,0,h0189,2026-05-22 18:30:00,18,4,party,False,0,6,walking,22.7,True,2026-05-22 18:07:19.738312,2026-05-22 18:19:37.049814,2026-05-22 18:44:09.471512,12.3,14.2
u08,chronically_late,0,h0189,2026-05-22 18:30:00,18,4,party,False,0,6,driving,33.3,False,2026-05-22 17:56:42.045141,2026-05-22 18:13:09.409986,2026-05-22 18:48:43.233629,16.5,18.7
u12,improving,0,h0189,2026-05-22 18:30:00,18,4,party,False,0,6,walking,12.3,False,2026-05-22 18:17:42.966349,2026-05-22 18:26:49.843686,2026-05-22 18:40:24.519067,9.1,10.4
u16,rain_hater,0,h0189,2026-05-22 18:30:00,18,4,party,False,0,6,driving,10.5,False,2026-05-22 18:19:28.187179,2026-05-22 18:22:28.001944,2026-05-22 18:33:43.710527,3.0,3.7
u20,unpredictable,0,h0189,2026-05-22 18:30:00,18,4,party,False,0,6,driving,32.6,False,2026-05-22 17:57:23.401125,2026-05-22 18:06:20.495925,2026-05-22 18:40:56.329144,9.0,10.9
u13,rain_hater,1,h0436,2026-05-23 15:00:00,15,5,food,False,7,3,driving,32.7,False,2026-05-23 14:27:17.711693,2026-05-23 14:30:58.508942,2026-05-23 15:08:11.709406,3.7,8.2
u17,unpredictable,1,h0436,2026-05-23 15:00:00,15,5,food,False,7,3,driving,25.8,True,2026-05-23 14:34:13.223001,2026-05-23 14:51:14.142596,2026-05-23 15:20:26.361760,17.0,20.4
u21,always_early,1,h0436,2026-05-23 15:00:00,15,5,food,False,7,3,driving,27.3,False,2026-05-23 14:32:39.986983,2026-05-23 14:30:08.329641,2026-05-23 14:59:38.134263,-2.5,-0.4
u03,improving,3,h0921,2026-05-23 18:30:00,18,5,sports,False,7,6,driving,39.6,False,2026-05-23 17:50:22.046979,2026-05-23 17:57:18.304745,2026-05-23 18:40:17.134498,6.9,10.3
u07,unpredictable,3,h0921,2026-05-23 18:30:00,18,5,sports,False,7,6,driving,35.8,False,2026-05-23 17:54:13.254013,2026-05-23 18:02:10.295593,2026-05-23 18:40:33.380358,8.0,10.6
u11,always_early,3,h0921,2026-05-23 18:30:00,18,5,sports,False,7,6,driving,13.3,False,2026-05-23 18:16:44.562937,2026-05-23 18:15:33.441358,2026-05-23 18:29:40.003038,-1.2,-0.3
u15,morning_struggler,3,h0921,2026-05-23 18:30:00,18,5,sports,False,7,6,walking,10.4,False,2026-05-23 18:19:34.206611,2026-05-23 18:21:17.468559,2026-05-23 18:31:03.098780,1.7,1.1
u19,punctual,3,h0921,2026-05-23 18:30:00,18,5,sports,False,7,6,driving,32.2,True,2026-05-23 17:57:50.885694,2026-05-23 18:03:00.062835,2026-05-23 18:33:46.091339,5.2,3.8
u23,chronically_late,3,h0921,2026-05-23 18:30:00,18,5,sports,False,7,6,walking,13.5,True,2026-05-23 18:16:28.373960,2026-05-23 18:42:20.303458,2026-05-23 18:57:36.993877,25.9,27.6
u06,overbooked,2,h0681,2026-05-23 19:00:00,19,5,party,True,7,3,driving,27.1,False,2026-05-23 18:32:56.131788,2026-05-23 18:40:42.382390,2026-05-23 19:08:48.322269,7.8,8.8
u14,punctual,2,h0681,2026-05-23 19:00:00,19,5,party,True,7,3,walking,10.5,True,2026-05-23 18:49:29.366543,2026-05-23 18:58:14.753426,2026-05-23 19:10:54.510122,8.8,10.9
u22,rain_hater,2,h0681,2026-05-23 19:00:00,19,5,party,True,7,3,walking,14.6,False,2026-05-23 18:45:23.143045,2026-05-23 19:04:01.423388,2026-05-23 19:19:30.847222,18.6,19.5
u03,improving,3,h0920,2026-05-23 20:00:00,20,5,food,False,5,5,driving,14.5,False,2026-05-23 19:45:31.686839,2026-05-23 19:50:38.685258,2026-05-23 20:07:15.171448,5.1,7.3
u07,unpredictable,3,h0920,2026-05-23 20:00:00,20,5,food,False,5,5,driving,29.3,True,2026-05-23 19:30:42.028521,2026-05-23 19:33:18.227096,2026-05-23 20:03:15.430646,2.6,3.3
u11,always_early,3,h0920,2026-05-23 20:00:00,20,5,food,False,5,5,driving,9.0,False,2026-05-23 19:50:57.091642,2026-05-23 19:48:52.829504,2026-05-23 19:57:56.820295,-2.1,-2.1
u15,morning_struggler,3,h0920,2026-05-23 20:00:00,20,5,food,False,5,5,walking,19.4,False,2026-05-23 19:40:36.832937,2026-05-23 19:42:27.084872,2026-05-23 20:04:26.979921,1.8,4.4
u19,punctual,3,h0920,2026-05-23 20:00:00,20,5,food,False,5,5,driving,12.7,True,2026-05-23 19:47:15.942393,2026-05-23 19:52:18.241219,2026-05-23 20:03:47.421857,5.0,3.8
u02,improving,2,h0680,2026-05-23 21:30:00,21,5,study,False,7,5,walking,6.5,False,2026-05-23 21:23:31.563346,2026-05-23 21:28:20.840839,2026-05-23 21:34:35.573998,4.8,4.6
u10,punctual,2,h0680,2026-05-23 21:30:00,21,5,study,False,7,5,cycling,23.7,False,2026-05-23 21:06:15.771369,2026-05-23 21:09:58.514052,2026-05-23 21:33:45.343015,3.7,3.8
u14,punctual,2,h0680,2026-05-23 21:30:00,21,5,study,False,7,5,walking,9.9,False,2026-05-23 21:20:05.098625,2026-05-23 21:20:48.718739,2026-05-23 21:29:56.864039,0.7,-0.1
u18,always_early,2,h0680,2026-05-23 21:30:00,21,5,study,False,7,5,cycling,7.3,False,2026-05-23 21:22:42.463053,2026-05-23 21:19:07.300297,2026-05-23 21:26:56.180765,-3.6,-3.1
u22,rain_hater,2,h0680,2026-05-23 21:30:00,21,5,study,False,7,5,walking,18.7,True,2026-05-23 21:11:20.757784,2026-05-23 21:15:18.766967,2026-05-23 21:36:24.287609,4.0,6.4
u03,improving,3,h0922,2026-05-24 11:30:00,11,6,study,False,6,6,driving,19.0,False,2026-05-24 11:10:57.835359,2026-05-24 11:20:02.060178,2026-05-24 11:38:49.127947,9.1,8.8
u07,unpredictable,3,h0922,2026-05-24 11:30:00,11,6,study,False,6,6,driving,24.0,False,2026-05-24 11:06:02.473882,2026-05-24 11:06:02.751090,2026-05-24 11:29:43.084574,0.0,-0.3
u11,always_early,3,h0922,2026-05-24 11:30:00,11,6,study,False,6,6,driving,33.3,True,2026-05-24 10:56:43.215709,2026-05-24 10:56:20.286502,2026-05-24 11:31:59.965674,-0.4,2.0
u15,morning_struggler,3,h0922,2026-05-24 11:30:00,11,6,study,False,6,6,walking,9.2,False,2026-05-24 11:20:50.450800,2026-05-24 11:21:09.151730,2026-05-24 11:30:26.997360,0.3,0.4
u19,punctual,3,h0922,2026-05-24 11:30:00,11,6,study,False,6,6,driving,36.2,True,2026-05-24 10:53:50.891701,2026-05-24 10:59:34.793288,2026-05-24 11:36:33.151883,5.7,6.6
u23,chronically_late,3,h0922,2026-05-24 11:30:00,11,6,study,False,6,6,walking,8.1,False,2026-05-24 11:21:56.712816,2026-05-24 11:37:37.802808,2026-05-24 11:46:22.446986,15.7,16.4
u04,morning_struggler,0,h0190,2026-05-24 12:00:00,12,6,sports,False,2,4,walking,24.5,False,2026-05-24 11:35:32.092812,2026-05-24 11:38:50.312887,2026-05-24 12:04:59.201343,3.3,5.0
u08,chronically_late,0,h0190,2026-05-24 12:00:00,12,6,sports,False,2,4,driving,18.3,False,2026-05-24 11:41:42.087994,2026-05-24 11:49:02.356758,2026-05-24 12:05:59.676711,7.3,6.0
u12,improving,0,h0190,2026-05-24 12:00:00,12,6,sports,False,2,4,walking,14.3,False,2026-05-24 11:45:39.577971,2026-05-24 11:50:57.183276,2026-05-24 12:04:20.823355,5.3,4.3
u16,rain_hater,0,h0190,2026-05-24 12:00:00,12,6,sports,False,2,4,driving,37.5,False,2026-05-24 11:22:27.811855,2026-05-24 11:24:31.743556,2026-05-24 12:04:52.802098,2.1,4.9
u05,chronically_late,1,h0437,2026-05-24 16:30:00,16,6,sports,False,0,5,cycling,20.1,False,2026-05-24 16:09:53.525953,2026-05-24 16:18:22.138639,2026-05-24 16:38:54.338964,8.5,8.9
u09,morning_struggler,1,h0437,2026-05-24 16:30:00,16,6,sports,False,0,5,cycling,21.7,True,2026-05-24 16:08:15.541247,2026-05-24 16:11:12.135694,2026-05-24 16:33:48.829704,2.9,3.8
u13,rain_hater,1,h0437,2026-05-24 16:30:00,16,6,sports,False,0,5,driving,29.7,True,2026-05-24 16:00:15.089584,2026-05-24 16:02:35.599956,2026-05-24 16:35:15.501886,2.3,5.3
u17,unpredictable,1,h0437,2026-05-24 16:30:00,16,6,sports,False,0,5,driving,29.1,False,2026-05-24 16:00:54.104377,2026-05-24 16:01:55.604529,2026-05-24 16:29:31.271465,1.0,-0.5
u21,always_early,1,h0437,2026-05-24 16:30:00,16,6,sports,False,0,5,driving,21.9,False,2026-05-24 16:08:04.665323,2026-05-24 16:06:00.718646,2026-05-24 16:27:01.852487,-2.1,-3.0
u01,overbooked,1,h0438,2026-05-25 08:00:00,8,0,party,False,0,4,driving,27.2,True,2026-05-25 07:32:45.133510,2026-05-25 07:55:40.961778,2026-05-25 08:24:51.579323,22.9,24.9
u05,chronically_late,1,h0438,2026-05-25 08:00:00,8,0,party,False,0,4,cycling,20.7,False,2026-05-25 07:39:15.562884,2026-05-25 07:54:01.729425,2026-05-25 08:15:24.041575,14.8,15.4
u09,morning_struggler,1,h0438,2026-05-25 08:00:00,8,0,party,False,0,4,cycling,21.5,False,2026-05-25 07:38:28.606738,2026-05-25 07:58:34.474343,2026-05-25 08:21:21.858561,20.1,21.4
u17,unpredictable,1,h0438,2026-05-25 08:00:00,8,0,party,False,0,4,driving,8.5,False,2026-05-25 07:51:31.281493,2026-05-25 08:05:59.767778,2026-05-25 08:13:40.386510,14.5,13.7
u07,unpredictable,3,h0923,2026-05-26 09:30:00,9,1,sports,False,0,3,driving,37.9,False,2026-05-26 08:52:04.136527,2026-05-26 08:57:11.843295,2026-05-26 09:33:06.165037,5.1,3.1
u15,morning_struggler,3,h0923,2026-05-26 09:30:00,9,1,sports,False,0,3,walking,20.1,False,2026-05-26 09:09:55.160478,2026-05-26 09:29:14.420263,2026-05-26 09:49:37.581730,19.3,19.6
u19,punctual,3,h0923,2026-05-26 09:30:00,9,1,sports,False,0,3,driving,13.0,False,2026-05-26 09:17:02.795597,2026-05-26 09:18:49.091783,2026-05-26 09:30:32.180981,1.8,0.5
u02,improving,2,h0682,2026-05-26 12:00:00,12,1,party,False,2,5,walking,19.7,False,2026-05-26 11:40:15.691623,2026-05-26 11:47:01.030546,2026-05-26 12:04:47.355326,6.8,4.8
u06,overbooked,2,h0682,2026-05-26 12:00:00,12,1,party,False,2,5,driving,17.9,False,2026-05-26 11:42:08.250613,2026-05-26 11:46:00.519827,2026-05-26 12:04:27.707617,3.9,4.5
u10,punctual,2,h0682,2026-05-26 12:00:00,12,1,party,False,2,5,cycling,24.1,False,2026-05-26 11:35:55.525106,2026-05-26 11:39:38.597932,2026-05-26 12:01:18.643619,3.7,1.3
u14,punctual,2,h0682,2026-05-26 12:00:00,12,1,party,False,2,5,walking,17.8,False,2026-05-26 11:42:12.843209,2026-05-26 11:46:27.380771,2026-05-26 12:04:46.223592,4.2,4.8
u18,always_early,2,h0682,2026-05-26 12:00:00,12,1,party,False,2,5,cycling,19.4,False,2026-05-26 11:40:34.083881,2026-05-26 11:40:20.198921,2026-05-26 11:59:57.032335,-0.2,-0.0
u01,overbooked,1,h0439,2026-05-26 21:30:00,21,1,party,False,5,5,driving,9.7,True,2026-05-26 21:20:15.989676,2026-05-26 21:41:34.027557,2026-05-26 21:52:17.161158,21.3,22.3
u05,chronically_late,1,h0439,2026-05-26 21:30:00,21,1,party,False,5,5,cycling,8.5,False,2026-05-26 21:21:31.861500,2026-05-26 21:34:37.168120,2026-05-26 21:44:17.166265,13.1,14.3
u09,morning_struggler,1,h0439,2026-05-26 21:30:00,21,1,party,False,5,5,cycling,18.3,True,2026-05-26 21:11:42.206208,2026-05-26 21:20:16.499588,2026-05-26 21:36:50.845514,8.6,6.8
u13,rain_hater,1,h0439,2026-05-26 21:30:00,21,1,party,False,5,5,driving,14.7,True,2026-05-26 21:15:16.943021,2026-05-26 21:23:00.589688,2026-05-26 21:38:43.661850,7.7,8.7
u17,unpredictable,1,h0439,2026-05-26 21:30:00,21,1,party,False,5,5,driving,37.7,True,2026-05-26 20:52:19.346748,2026-05-26 21:02:30.462200,2026-05-26 21:41:55.517028,10.2,11.9
u03,improving,3,h0925,2026-05-28 12:00:00,12,3,sports,True,7,3,driving,25.3,False,2026-05-28 11:34:42.004065,2026-05-28 11:44:50.478636,2026-05-28 12:11:13.892273,10.1,11.2
u15,morning_struggler,3,h0925,2026-05-28 12:00:00,12,3,sports,True,7,3,walking,16.1,False,2026-05-28 11:43:53.538248,2026-05-28 11:49:40.647816,2026-05-28 12:07:27.548123,5.8,7.5
u23,chronically_late,3,h0925,2026-05-28 12:00:00,12,3,sports,True,7,3,walking,15.6,True,2026-05-28 11:44:25.165052,2026-05-28 11:59:24.655703,2026-05-28 12:19:02.279044,15.0,19.0
u03,improving,3,h0924,2026-05-28 18:30:00,18,3,food,False,5,5,driving,16.5,False,2026-05-28 18:13:27.956762,2026-05-28 18:20:00.335006,2026-05-28 18:36:00.176974,6.5,6.0
u08,chronically_late,0,h0191,2026-05-28 18:30:00,18,3,party,False,2,3,driving,28.4,False,2026-05-28 18:01:33.904903,2026-05-28 18:11:16.730736,2026-05-28 18:41:17.877068,9.7,11.3
u11,always_early,3,h0924,2026-05-28 18:30:00,18,3,food,False,5,5,driving,19.4,True,2026-05-28 18:10:37.565025,2026-05-28 18:11:00.812569,2026-05-28 18:31:45.365376,0.4,1.8
u12,improving,0,h0191,2026-05-28 18:30:00,18,3,party,False,2,3,walking,10.5,False,2026-05-28 18:19:32.479528,2026-05-28 18:26:14.123527,2026-05-28 18:36:21.449460,6.7,6.4
u15,morning_struggler,3,h0924,2026-05-28 18:30:00,18,3,food,False,5,5,walking,7.7,True,2026-05-28 18:22:18.217179,2026-05-28 18:25:51.330410,2026-05-28 18:33:48.471495,3.6,3.8
u19,punctual,3,h0924,2026-05-28 18:30:00,18,3,food,False,5,5,driving,34.0,False,2026-05-28 17:56:02.906007,2026-05-28 17:58:05.921740,2026-05-28 18:28:49.010025,2.1,-1.2
u20,unpredictable,0,h0191,2026-05-28 18:30:00,18,3,party,False,2,3,driving,35.2,False,2026-05-28 17:54:49.033308,2026-05-28 18:03:31.320263,2026-05-28 18:37:31.053073,8.7,7.5
u23,chronically_late,3,h0924,2026-05-28 18:30:00,18,3,food,False,5,5,walking,12.8,False,2026-05-28 18:17:09.076458,2026-05-28 18:29:52.275926,2026-05-28 18:42:13.547245,12.7,12.2
u02,improving,2,h0684,2026-05-29 08:30:00,8,4,party,False,2,4,walking,7.8,False,2026-05-29 08:22:10.763122,2026-05-29 08:30:22.930592,2026-05-29 08:39:01.794758,8.2,9.0
u06,overbooked,2,h0684,2026-05-29 08:30:00,8,4,party,False,2,4,driving,33.8,True,2026-05-29 07:56:11.214469,2026-05-29 08:19:00.696058,2026-05-29 08:57:33.085938,22.8,27.6
u10,punctual,2,h0684,2026-05-29 08:30:00,8,4,party,False,2,4,cycling,19.3,False,2026-05-29 08:10:40.544819,2026-05-29 08:18:26.888490,2026-05-29 08:36:41.812473,7.8,6.7
u22,rain_hater,2,h0684,2026-05-29 08:30:00,8,4,party,False,2,4,walking,6.4,False,2026-05-29 08:23:33.760788,2026-05-29 08:33:15.472733,2026-05-29 08:39:19.811324,9.7,9.3
u02,improving,2,h0683,2026-05-29 17:00:00,17,4,sports,False,7,4,walking,6.9,False,2026-05-29 16:53:03.541276,2026-05-29 16:58:07.731977,2026-05-29 17:04:34.100659,5.1,4.6
u06,overbooked,2,h0683,2026-05-29 17:00:00,17,4,sports,False,7,4,driving,35.3,True,2026-05-29 16:24:41.489167,2026-05-29 16:45:33.247746,2026-05-29 17:26:01.019654,20.9,26.0
u10,punctual,2,h0683,2026-05-29 17:00:00,17,4,sports,False,7,4,cycling,24.1,False,2026-05-29 16:35:54.159828,2026-05-29 16:38:07.410526,2026-05-29 17:05:02.814114,2.2,5.0
u18,always_early,2,h0683,2026-05-29 17:00:00,17,4,sports,False,7,4,cycling,23.0,True,2026-05-29 16:37:00.311185,2026-05-29 16:38:38.384441,2026-05-29 17:00:07.692138,1.6,0.1
u01,overbooked,1,h0440,2026-05-30 17:00:00,17,5,coffee,True,0,4,driving,27.7,True,2026-05-30 16:32:16.172007,2026-05-30 16:49:44.659739,2026-05-30 17:23:10.909744,17.5,23.2
u05,chronically_late,1,h0440,2026-05-30 17:00:00,17,5,coffee,True,0,4,cycling,11.4,False,2026-05-30 16:48:37.551163,2026-05-30 16:59:18.582211,2026-05-30 17:13:41.178231,10.7,13.7
u09,morning_struggler,1,h0440,2026-05-30 17:00:00,17,5,coffee,True,0,4,cycling,14.1,False,2026-05-30 16:45:54.520906,2026-05-30 16:48:46.224601,2026-05-30 17:05:08.891141,2.9,5.1
u13,rain_hater,1,h0440,2026-05-30 17:00:00,17,5,coffee,True,0,4,driving,13.5,True,2026-05-30 16:46:30.707063,2026-05-30 16:59:44.071518,2026-05-30 17:14:04.039677,13.2,14.1
u00,overbooked,0,h0192,2026-05-31 18:30:00,18,6,sports,False,0,3,cycling,23.4,True,2026-05-31 18:06:33.028319,2026-05-31 18:24:04.979695,2026-05-31 18:47:54.359012,17.5,17.9
u04,morning_struggler,0,h0192,2026-05-31 18:30:00,18,6,sports,False,0,3,walking,8.5,True,2026-05-31 18:21:28.980301,2026-05-31 18:23:42.211364,2026-05-31 18:31:22.247408,2.2,1.4
u08,chronically_late,0,h0192,2026-05-31 18:30:00,18,6,sports,False,0,3,driving,23.2,True,2026-05-31 18:06:50.365916,2026-05-31 18:21:01.548986,2026-05-31 18:47:37.822847,14.2,17.6
u00,overbooked,0,h0193,2026-05-31 20:30:00,20,6,sports,True,5,3,cycling,7.6,True,2026-05-31 20:22:25.285637,2026-05-31 20:43:52.838041,2026-05-31 20:53:04.405271,21.5,23.1
u04,morning_struggler,0,h0193,2026-05-31 20:30:00,20,6,sports,True,5,3,walking,22.4,False,2026-05-31 20:07:35.885532,2026-05-31 20:10:55.999076,2026-05-31 20:36:38.950755,3.3,6.6
u08,chronically_late,0,h0193,2026-05-31 20:30:00,20,6,sports,True,5,3,driving,13.0,False,2026-05-31 20:17:01.103622,2026-05-31 20:31:57.459078,2026-05-31 20:46:25.976485,14.9,16.4
u02,improving,2,h0685,2026-06-01 09:30:00,9,0,sports,False,3,5,walking,24.7,False,2026-06-01 09:05:18.923906,2026-06-01 09:12:26.524121,2026-06-01 09:37:33.839956,7.1,7.6
u06,overbooked,2,h0685,2026-06-01 09:30:00,9,0,sports,False,3,5,driving,34.2,False,2026-06-01 08:55:50.484769,2026-06-01 08:58:34.305283,2026-06-01 09:37:47.422103,2.7,7.8
u14,punctual,2,h0685,2026-06-01 09:30:00,9,0,sports,False,3,5,walking,19.5,False,2026-06-01 09:10:28.108825,2026-06-01 09:12:23.020846,2026-06-01 09:32:27.839204,1.9,2.5
u18,always_early,2,h0685,2026-06-01 09:30:00,9,0,sports,False,3,5,cycling,7.4,False,2026-06-01 09:22:33.522213,2026-06-01 09:21:06.795033,2026-06-01 09:28:02.641964,-1.4,-2.0
u22,rain_hater,2,h0685,2026-06-01 09:30:00,9,0,sports,False,3,5,walking,8.0,False,2026-06-01 09:22:01.445498,2026-06-01 09:24:46.447472,2026-06-01 09:32:03.183603,2.8,2.1
u01,overbooked,1,h0441,2026-06-01 13:00:00,13,0,sports,False,7,4,driving,14.3,True,2026-06-01 12:45:40.546283,2026-06-01 13:04:29.444422,2026-06-01 13:19:16.205659,18.8,19.3
u03,improving,3,h0927,2026-06-01 13:00:00,13,0,party,True,6,4,driving,13.3,True,2026-06-01 12:46:39.706756,2026-06-01 13:00:56.840930,2026-06-01 13:14:59.017316,14.3,15.0
u07,unpredictable,3,h0927,2026-06-01 13:00:00,13,0,party,True,6,4,driving,18.8,True,2026-06-01 12:41:11.091729,2026-06-01 12:51:47.160169,2026-06-01 13:14:11.207168,10.6,14.2
u13,rain_hater,1,h0441,2026-06-01 13:00:00,13,0,sports,False,7,4,driving,20.2,False,2026-06-01 12:39:48.411750,2026-06-01 12:41:24.999099,2026-06-01 13:02:20.440858,1.6,2.3
u15,morning_struggler,3,h0927,2026-06-01 13:00:00,13,0,party,True,6,4,walking,6.6,True,2026-06-01 12:53:26.175981,2026-06-01 13:03:38.197902,2026-06-01 13:10:23.053818,10.2,10.4
u17,unpredictable,1,h0441,2026-06-01 13:00:00,13,0,sports,False,7,4,driving,16.8,False,2026-06-01 12:43:12.272475,2026-06-01 12:47:29.354905,2026-06-01 13:05:55.355716,4.3,5.9
u21,always_early,1,h0441,2026-06-01 13:00:00,13,0,sports,False,7,4,driving,9.1,False,2026-06-01 12:50:51.037668,2026-06-01 12:51:46.606876,2026-06-01 13:00:07.119490,0.9,0.1
u23,chronically_late,3,h0927,2026-06-01 13:00:00,13,0,party,True,6,4,walking,14.6,False,2026-06-01 12:45:23.787161,2026-06-01 12:58:48.783777,2026-06-01 13:16:27.132834,13.4,16.5
u07,unpredictable,3,h0926,2026-06-01 14:00:00,14,0,coffee,True,7,3,driving,31.1,True,2026-06-01 13:28:55.402124,2026-06-01 13:48:17.867728,2026-06-01 14:21:00.707955,19.4,21.0
u15,morning_struggler,3,h0926,2026-06-01 14:00:00,14,0,coffee,True,7,3,walking,5.3,False,2026-06-01 13:54:39.226225,2026-06-01 13:58:57.498375,2026-06-01 14:05:10.512662,4.3,5.2
u23,chronically_late,3,h0926,2026-06-01 14:00:00,14,0,coffee,True,7,3,walking,15.9,False,2026-06-01 13:44:04.375565,2026-06-01 13:53:57.987511,2026-06-01 14:10:27.280040,9.9,10.5
u00,overbooked,0,h0194,2026-06-01 15:00:00,15,0,study,False,6,5,cycling,11.8,True,2026-06-01 14:48:10.612370,2026-06-01 15:05:35.648558,2026-06-01 15:18:11.167246,17.4,18.2
u04,morning_struggler,0,h0194,2026-06-01 15:00:00,15,0,study,False,6,5,walking,22.5,False,2026-06-01 14:37:30.437506,2026-06-01 14:40:13.655769,2026-06-01 15:04:44.703106,2.7,4.7
u08,chronically_late,0,h0194,2026-06-01 15:00:00,15,0,study,False,6,5,driving,12.6,True,2026-06-01 14:47:26.816681,2026-06-01 15:01:55.607266,2026-06-01 15:13:28.074910,14.5,13.5
u12,improving,0,h0194,2026-06-01 15:00:00,15,0,study,False,6,5,walking,14.1,False,2026-06-01 14:45:56.301455,2026-06-01 14:52:43.632030,2026-06-01 15:07:02.437802,6.8,7.0
u20,unpredictable,0,h0194,2026-06-01 15:00:00,15,0,study,False,6,5,driving,31.6,False,2026-06-01 14:28:24.668646,2026-06-01 14:26:40.469391,2026-06-01 14:57:21.551145,-1.7,-2.6
u06,overbooked,2,h0686,2026-06-02 09:00:00,9,1,study,False,4,5,driving,14.1,False,2026-06-02 08:45:54.806853,2026-06-02 08:53:36.578307,2026-06-02 09:07:44.655663,7.7,7.7
u10,punctual,2,h0686,2026-06-02 09:00:00,9,1,study,False,4,5,cycling,11.1,False,2026-06-02 08:48:52.630436,2026-06-02 08:50:23.373856,2026-06-02 09:01:35.048356,1.5,1.6
u14,punctual,2,h0686,2026-06-02 09:00:00,9,1,study,False,4,5,walking,24.2,False,2026-06-02 08:35:48.118323,2026-06-02 08:39:17.040046,2026-06-02 09:05:39.644767,3.5,5.7
u18,always_early,2,h0686,2026-06-02 09:00:00,9,1,study,False,4,5,cycling,22.6,False,2026-06-02 08:37:22.391831,2026-06-02 08:35:22.129318,2026-06-02 08:58:23.017211,-2.0,-1.6
u22,rain_hater,2,h0686,2026-06-02 09:00:00,9,1,study,False,4,5,walking,8.2,False,2026-06-02 08:51:48.975610,2026-06-02 08:59:18.421523,2026-06-02 09:07:30.195855,7.5,7.5
u03,improving,3,h0928,2026-06-02 17:00:00,17,1,food,True,0,5,driving,18.8,False,2026-06-02 16:41:13.752267,2026-06-02 16:47:54.144079,2026-06-02 17:08:39.215095,6.7,8.7
u07,unpredictable,3,h0928,2026-06-02 17:00:00,17,1,food,True,0,5,driving,23.1,False,2026-06-02 16:36:51.677300,2026-06-02 16:38:35.411658,2026-06-02 17:04:32.198790,1.7,4.5
u11,always_early,3,h0928,2026-06-02 17:00:00,17,1,food,True,0,5,driving,23.6,False,2026-06-02 16:36:26.254309,2026-06-02 16:36:06.572374,2026-06-02 16:59:36.800239,-0.3,-0.4
u15,morning_struggler,3,h0928,2026-06-02 17:00:00,17,1,food,True,0,5,walking,18.4,True,2026-06-02 16:41:36.703626,2026-06-02 16:49:59.631048,2026-06-02 17:10:07.427487,8.4,10.1
u19,punctual,3,h0928,2026-06-02 17:00:00,17,1,food,True,0,5,driving,29.5,False,2026-06-02 16:30:30.142975,2026-06-02 16:31:32.877354,2026-06-02 17:08:23.057356,1.0,8.4
u01,overbooked,1,h0442,2026-06-03 12:00:00,12,2,sports,False,3,6,driving,21.9,True,2026-06-03 11:38:07.139564,2026-06-03 11:56:23.518468,2026-06-03 12:21:24.823035,18.3,21.4
u05,chronically_late,1,h0442,2026-06-03 12:00:00,12,2,sports,False,3,6,cycling,21.9,False,2026-06-03 11:38:08.152013,2026-06-03 11:52:48.599099,2026-06-03 12:15:07.987694,14.7,15.1
u09,morning_struggler,1,h0442,2026-06-03 12:00:00,12,2,sports,False,3,6,cycling,7.0,False,2026-06-03 11:53:01.008206,2026-06-03 11:54:11.386024,2026-06-03 12:00:55.863551,1.2,0.9
u13,rain_hater,1,h0442,2026-06-03 12:00:00,12,2,sports,False,3,6,driving,16.2,True,2026-06-03 11:43:50.019889,2026-06-03 11:46:51.478273,2026-06-03 12:04:30.538028,3.0,4.5
u17,unpredictable,1,h0442,2026-06-03 12:00:00,12,2,sports,False,3,6,driving,35.6,False,2026-06-03 11:24:24.654885,2026-06-03 11:26:31.527018,2026-06-03 12:02:43.144806,2.1,2.7
u21,always_early,1,h0442,2026-06-03 12:00:00,12,2,sports,False,3,6,driving,29.2,True,2026-06-03 11:30:49.320855,2026-06-03 11:34:07.446255,2026-06-03 12:02:12.853432,3.3,2.2
u03,improving,3,h0929,2026-06-03 18:30:00,18,2,study,False,3,5,driving,15.6,False,2026-06-03 18:14:25.616545,2026-06-03 18:36:26.362153,2026-06-03 18:50:33.526036,22.0,20.6
u07,unpredictable,3,h0929,2026-06-03 18:30:00,18,2,study,False,3,5,driving,13.9,False,2026-06-03 18:16:04.905392,2026-06-03 18:26:41.045091,2026-06-03 18:41:56.550191,10.6,11.9
u15,morning_struggler,3,h0929,2026-06-03 18:30:00,18,2,study,False,3,5,walking,6.2,False,2026-06-03 18:23:47.110298,2026-06-03 18:26:50.519882,2026-06-03 18:33:25.885869,3.1,3.4
u19,punctual,3,h0929,2026-06-03 18:30:00,18,2,study,False,3,5,driving,21.7,False,2026-06-03 18:08:16.008241,2026-06-03 18:11:35.589129,2026-06-03 18:34:22.109169,3.3,4.4
u23,chronically_late,3,h0929,2026-06-03 18:30:00,18,2,study,False,3,5,walking,15.7,False,2026-06-03 18:14:15.492378,2026-06-03 18:21:26.118198,2026-06-03 18:39:01.490109,7.2,9.0
u03,improving,3,h0930,2026-06-03 21:00:00,21,2,party,False,3,6,driving,37.8,False,2026-06-03 20:22:09.432623,2026-06-03 20:29:47.150069,2026-06-03 21:08:09.367648,7.6,8.2
u07,unpredictable,3,h0930,2026-06-03 21:00:00,21,2,party,False,3,6,driving,17.5,False,2026-06-03 20:42:31.897906,2026-06-03 21:00:46.831679,2026-06-03 21:19:45.688956,18.2,19.8
u11,always_early,3,h0930,2026-06-03 21:00:00,21,2,party,False,3,6,driving,34.0,False,2026-06-03 20:25:57.778891,2026-06-03 20:26:14.717242,2026-06-03 20:59:45.971543,0.3,-0.2
u15,morning_struggler,3,h0930,2026-06-03 21:00:00,21,2,party,False,3,6,walking,9.9,False,2026-06-03 20:50:03.555724,2026-06-03 20:56:53.656133,2026-06-03 21:08:12.402928,6.8,8.2
u19,punctual,3,h0930,2026-06-03 21:00:00,21,2,party,False,3,6,driving,10.5,False,2026-06-03 20:49:27.871223,2026-06-03 20:53:21.302498,2026-06-03 21:04:47.863367,3.9,4.8
u23,chronically_late,3,h0930,2026-06-03 21:00:00,21,2,party,False,3,6,walking,11.5,True,2026-06-03 20:48:30.512767,2026-06-03 21:05:02.656386,2026-06-03 21:17:49.563373,16.5,17.8
u02,improving,2,h0687,2026-06-03 21:30:00,21,2,sports,True,3,6,walking,20.6,False,2026-06-03 21:09:25.051763,2026-06-03 21:21:27.958509,2026-06-03 21:42:28.494292,12.0,12.5
u06,overbooked,2,h0687,2026-06-03 21:30:00,21,2,sports,True,3,6,driving,28.9,True,2026-06-03 21:01:03.484691,2026-06-03 21:31:46.150472,2026-06-03 22:01:32.713329,30.7,31.5
u10,punctual,2,h0687,2026-06-03 21:30:00,21,2,sports,True,3,6,cycling,7.8,True,2026-06-03 21:22:11.017677,2026-06-03 21:32:10.280313,2026-06-03 21:41:54.732074,10.0,11.9
u14,punctual,2,h0687,2026-06-03 21:30:00,21,2,sports,True,3,6,walking,22.8,False,2026-06-03 21:07:09.672713,2026-06-03 21:08:30.780966,2026-06-03 21:34:29.002599,1.4,4.5
u18,always_early,2,h0687,2026-06-03 21:30:00,21,2,sports,True,3,6,cycling,17.3,False,2026-06-03 21:12:44.270866,2026-06-03 21:11:00.611894,2026-06-03 21:31:55.043321,-1.7,1.9
u22,rain_hater,2,h0687,2026-06-03 21:30:00,21,2,sports,True,3,6,walking,14.9,False,2026-06-03 21:15:03.750208,2026-06-03 21:26:39.989291,2026-06-03 21:42:03.079167,11.6,12.1
u04,morning_struggler,0,h0195,2026-06-04 13:00:00,13,3,coffee,False,3,4,walking,24.6,False,2026-06-04 12:35:26.992819,2026-06-04 12:35:25.641937,2026-06-04 12:59:48.923959,-0.0,-0.2
u08,chronically_late,0,h0195,2026-06-04 13:00:00,13,3,coffee,False,3,4,driving,13.4,False,2026-06-04 12:46:38.674043,2026-06-04 12:59:00.425865,2026-06-04 13:11:50.886279,12.4,11.8
u16,rain_hater,0,h0195,2026-06-04 13:00:00,13,3,coffee,False,3,4,driving,20.8,False,2026-06-04 12:39:11.592919,2026-06-04 12:40:36.373674,2026-06-04 13:03:22.045446,1.4,3.4
u20,unpredictable,0,h0195,2026-06-04 13:00:00,13,3,coffee,False,3,4,driving,12.3,True,2026-06-04 12:47:42.932987,2026-06-04 13:09:53.898952,2026-06-04 13:22:16.105951,22.2,22.3
u07,unpredictable,3,h0931,2026-06-04 17:00:00,17,3,sports,False,3,3,driving,31.1,False,2026-06-04 16:28:55.007311,2026-06-04 16:29:17.671142,2026-06-04 17:01:58.639034,0.4,2.0
u11,always_early,3,h0931,2026-06-04 17:00:00,17,3,sports,False,3,3,driving,21.1,True,2026-06-04 16:38:51.570767,2026-06-04 16:40:09.729913,2026-06-04 17:03:05.213196,1.3,3.1
u15,morning_struggler,3,h0931,2026-06-04 17:00:00,17,3,sports,False,3,3,walking,24.9,False,2026-06-04 16:35:07.665869,2026-06-04 16:35:33.514656,2026-06-04 16:58:42.617619,0.4,-1.3
u02,improving,2,h0688,2026-06-04 19:30:00,19,3,food,True,2,4,walking,5.8,False,2026-06-04 19:24:11.885378,2026-06-04 19:30:44.557829,2026-06-04 19:38:04.812508,6.5,8.1
u10,punctual,2,h0688,2026-06-04 19:30:00,19,3,food,True,2,4,cycling,23.0,False,2026-06-04 19:07:02.236485,2026-06-04 19:10:08.625756,2026-06-04 19:37:41.332677,3.1,7.7
u18,always_early,2,h0688,2026-06-04 19:30:00,19,3,food,True,2,4,cycling,13.0,True,2026-06-04 19:16:57.854678,2026-06-04 19:19:13.629049,2026-06-04 19:33:07.376983,2.3,3.1
u22,rain_hater,2,h0688,2026-06-04 19:30:00,19,3,food,True,2,4,walking,11.8,False,2026-06-04 19:18:10.552957,2026-06-04 19:29:20.752465,2026-06-04 19:41:42.155307,11.2,11.7
u01,overbooked,1,h0443,2026-06-05 18:00:00,18,4,food,True,2,6,driving,29.1,False,2026-06-05 17:30:51.842873,2026-06-05 17:42:25.240665,2026-06-05 18:11:41.028563,11.6,11.7
u05,chronically_late,1,h0443,2026-06-05 18:00:00,18,4,food,True,2,6,cycling,23.1,False,2026-06-05 17:36:53.493234,2026-06-05 17:54:29.393176,2026-06-05 18:21:47.415703,17.6,21.8
u09,morning_struggler,1,h0443,2026-06-05 18:00:00,18,4,food,True,2,6,cycling,10.8,False,2026-06-05 17:49:11.326208,2026-06-05 17:54:16.677698,2026-06-05 18:06:17.126852,5.1,6.3
u13,rain_hater,1,h0443,2026-06-05 18:00:00,18,4,food,True,2,6,driving,13.5,False,2026-06-05 17:46:31.604657,2026-06-05 17:59:20.521222,2026-06-05 18:15:28.908815,12.8,15.5
u17,unpredictable,1,h0443,2026-06-05 18:00:00,18,4,food,True,2,6,driving,26.7,True,2026-06-05 17:33:19.331357,2026-06-05 17:40:25.894010,2026-06-05 18:12:34.842158,7.1,12.6
u21,always_early,1,h0443,2026-06-05 18:00:00,18,4,food,True,2,6,driving,25.6,False,2026-06-05 17:34:25.197246,2026-06-05 17:33:42.764286,2026-06-05 18:01:54.180418,-0.7,1.9
u03,improving,3,h0932,2026-06-05 20:00:00,20,4,sports,False,2,4,driving,33.2,False,2026-06-05 19:26:50.484191,2026-06-05 19:31:28.591265,2026-06-05 20:09:24.144394,4.6,9.4
u07,unpredictable,3,h0932,2026-06-05 20:00:00,20,4,sports,False,2,4,driving,37.7,True,2026-06-05 19:22:17.297293,2026-06-05 19:34:25.751363,2026-06-05 20:09:06.129287,12.1,9.1
u15,morning_struggler,3,h0932,2026-06-05 20:00:00,20,4,sports,False,2,4,walking,11.6,True,2026-06-05 19:48:22.427365,2026-06-05 19:51:38.465874,2026-06-05 20:04:26.400298,3.3,4.4
u23,chronically_late,3,h0932,2026-06-05 20:00:00,20,4,sports,False,2,4,walking,18.0,False,2026-06-05 19:41:57.275841,2026-06-05 20:01:31.574767,2026-06-05 20:19:34.899899,19.6,19.6
u02,improving,2,h0689,2026-06-06 14:00:00,14,5,sports,False,7,4,walking,12.4,False,2026-06-06 13:47:37.043792,2026-06-06 13:54:19.543394,2026-06-06 14:07:28.874153,6.7,7.5
u14,punctual,2,h0689,2026-06-06 14:00:00,14,5,sports,False,7,4,walking,17.9,False,2026-06-06 13:42:04.605077,2026-06-06 13:44:35.740954,2026-06-06 14:02:04.546100,2.5,2.1
u18,always_early,2,h0689,2026-06-06 14:00:00,14,5,sports,False,7,4,cycling,14.0,False,2026-06-06 13:46:02.393537,2026-06-06 13:44:28.279479,2026-06-06 13:58:00.225707,-1.6,-2.0
u22,rain_hater,2,h0689,2026-06-06 14:00:00,14,5,sports,False,7,4,walking,6.0,False,2026-06-06 13:53:59.290820,2026-06-06 13:55:21.720684,2026-06-06 14:01:16.055447,1.4,1.3
u03,improving,3,h0934,2026-06-06 16:30:00,16,5,study,True,3,6,driving,18.2,False,2026-06-06 16:11:49.892563,2026-06-06 16:24:11.480426,2026-06-06 16:46:51.330642,12.4,16.9
u07,unpredictable,3,h0934,2026-06-06 16:30:00,16,5,study,True,3,6,driving,8.5,False,2026-06-06 16:21:30.719276,2026-06-06 16:34:11.960666,2026-06-06 16:44:33.643830,12.7,14.6
u11,always_early,3,h0934,2026-06-06 16:30:00,16,5,study,True,3,6,driving,11.3,False,2026-06-06 16:18:43.209810,2026-06-06 16:16:39.305280,2026-06-06 16:30:10.151820,-2.1,0.2
u15,morning_struggler,3,h0934,2026-06-06 16:30:00,16,5,study,True,3,6,walking,21.8,True,2026-06-06 16:08:10.645336,2026-06-06 16:12:24.615469,2026-06-06 16:35:57.412991,4.2,6.0
u19,punctual,3,h0934,2026-06-06 16:30:00,16,5,study,True,3,6,driving,15.5,True,2026-06-06 16:14:31.166654,2026-06-06 16:18:13.159675,2026-06-06 16:34:02.957418,3.7,4.0
u23,chronically_late,3,h0934,2026-06-06 16:30:00,16,5,study,True,3,6,walking,9.8,False,2026-06-06 16:20:11.723617,2026-06-06 16:32:13.696297,2026-06-06 16:44:06.286792,12.0,14.1
u03,improving,3,h0933,2026-06-06 21:00:00,21,5,coffee,True,0,6,driving,31.4,True,2026-06-06 20:28:36.269440,2026-06-06 20:36:36.013610,2026-06-06 21:13:29.653497,8.0,13.5
u07,unpredictable,3,h0933,2026-06-06 21:00:00,21,5,coffee,True,0,6,driving,17.4,False,2026-06-06 20:42:38.600623,2026-06-06 20:51:08.374310,2026-06-06 21:12:40.679082,8.5,12.7
u11,always_early,3,h0933,2026-06-06 21:00:00,21,5,coffee,True,0,6,driving,15.4,False,2026-06-06 20:44:37.237007,2026-06-06 20:43:12.796015,2026-06-06 21:01:56.127763,-1.4,1.9
u15,morning_struggler,3,h0933,2026-06-06 21:00:00,21,5,coffee,True,0,6,walking,16.2,False,2026-06-06 20:43:50.404143,2026-06-06 20:47:10.158976,2026-06-06 21:07:00.183970,3.3,7.0
u19,punctual,3,h0933,2026-06-06 21:00:00,21,5,coffee,True,0,6,driving,10.8,False,2026-06-06 20:49:10.470270,2026-06-06 20:50:15.533458,2026-06-06 21:01:13.432660,1.1,1.2
u23,chronically_late,3,h0933,2026-06-06 21:00:00,21,5,coffee,True,0,6,walking,6.2,False,2026-06-06 20:53:48.540150,2026-06-06 21:04:48.747899,2026-06-06 21:11:45.736277,11.0,11.8
u01,overbooked,1,h0444,2026-06-06 21:30:00,21,5,party,True,1,4,driving,8.6,True,2026-06-06 21:21:23.218103,2026-06-06 21:43:07.827768,2026-06-06 21:52:41.070180,21.7,22.7
u13,rain_hater,1,h0444,2026-06-06 21:30:00,21,5,party,True,1,4,driving,30.3,True,2026-06-06 20:59:44.415100,2026-06-06 21:16:31.933344,2026-06-06 21:52:27.390822,16.8,22.5
u17,unpredictable,1,h0444,2026-06-06 21:30:00,21,5,party,True,1,4,driving,38.8,False,2026-06-06 20:51:12.680218,2026-06-06 21:11:17.361082,2026-06-06 21:55:07.348384,20.1,25.1
u21,always_early,1,h0444,2026-06-06 21:30:00,21,5,party,True,1,4,driving,27.0,False,2026-06-06 21:02:58.490226,2026-06-06 21:03:44.266499,2026-06-06 21:36:03.743568,0.8,6.1
u00,overbooked,0,h0196,2026-06-07 18:30:00,18,6,party,False,7,3,cycling,14.5,True,2026-06-07 18:15:30.652167,2026-06-07 18:37:58.344040,2026-06-07 18:53:13.864135,22.5,23.2
u04,morning_struggler,0,h0196,2026-06-07 18:30:00,18,6,party,False,7,3,walking,11.9,False,2026-06-07 18:18:06.280567,2026-06-07 18:24:17.111252,2026-06-07 18:35:25.976958,6.2,5.4
u20,unpredictable,0,h0196,2026-06-07 18:30:00,18,6,party,False,7,3,driving,10.2,False,2026-06-07 18:19:45.292609,2026-06-07 18:25:34.262767,2026-06-07 18:35:27.345490,5.8,5.5
u02,improving,2,h0690,2026-06-07 20:00:00,20,6,food,False,0,5,walking,21.9,False,2026-06-07 19:38:06.799163,2026-06-07 19:40:10.143104,2026-06-07 20:05:14.324812,2.1,5.2
u06,overbooked,2,h0690,2026-06-07 20:00:00,20,6,food,False,0,5,driving,25.9,True,2026-06-07 19:34:08.638936,2026-06-07 19:50:27.925487,2026-06-07 20:15:42.080570,16.3,15.7
u10,punctual,2,h0690,2026-06-07 20:00:00,20,6,food,False,0,5,cycling,9.8,False,2026-06-07 19:50:10.195536,2026-06-07 19:49:54.408382,2026-06-07 19:59:57.528873,-0.3,-0.0
u18,always_early,2,h0690,2026-06-07 20:00:00,20,6,food,False,0,5,cycling,7.4,True,2026-06-07 19:52:37.896330,2026-06-07 19:51:34.100212,2026-06-07 19:59:12.332901,-1.1,-0.8
u22,rain_hater,2,h0690,2026-06-07 20:00:00,20,6,food,False,0,5,walking,16.4,False,2026-06-07 19:43:38.427883,2026-06-07 19:43:58.364217,2026-06-07 20:02:02.229337,0.3,2.0
u10,punctual,2,h0691,2026-06-08 16:30:00,16,0,coffee,False,1,3,cycling,24.7,False,2026-06-08 16:05:15.181111,2026-06-08 16:08:48.688309,2026-06-08 16:34:03.730965,3.6,4.1
u14,punctual,2,h0691,2026-06-08 16:30:00,16,0,coffee,False,1,3,walking,18.3,False,2026-06-08 16:11:43.944015,2026-06-08 16:12:24.881715,2026-06-08 16:31:50.652929,0.7,1.8
u18,always_early,2,h0691,2026-06-08 16:30:00,16,0,coffee,False,1,3,cycling,15.1,False,2026-06-08 16:14:53.563489,2026-06-08 16:10:39.154739,2026-06-08 16:24:46.187135,-4.2,-5.2
u00,overbooked,0,h0197,2026-06-08 18:30:00,18,0,party,False,3,6,cycling,6.9,True,2026-06-08 18:23:03.530166,2026-06-08 18:44:04.964692,2026-06-08 18:50:41.593157,21.0,20.7
u04,morning_struggler,0,h0197,2026-06-08 18:30:00,18,0,party,False,3,6,walking,9.7,False,2026-06-08 18:20:15.988918,2026-06-08 18:37:36.781767,2026-06-08 18:48:01.936388,17.3,18.0
u08,chronically_late,0,h0197,2026-06-08 18:30:00,18,0,party,False,3,6,driving,15.2,False,2026-06-08 18:14:46.775068,2026-06-08 18:27:01.178229,2026-06-08 18:40:59.424495,12.2,11.0
u12,improving,0,h0197,2026-06-08 18:30:00,18,0,party,False,3,6,walking,14.7,False,2026-06-08 18:15:20.955059,2026-06-08 18:23:02.352675,2026-06-08 18:37:44.720541,7.7,7.7
u16,rain_hater,0,h0197,2026-06-08 18:30:00,18,0,party,False,3,6,driving,11.5,True,2026-06-08 18:18:27.255562,2026-06-08 18:26:58.472978,2026-06-08 18:38:25.001483,8.5,8.4
u20,unpredictable,0,h0197,2026-06-08 18:30:00,18,0,party,False,3,6,driving,9.2,False,2026-06-08 18:20:50.050661,2026-06-08 18:21:12.768718,2026-06-08 18:31:27.183838,0.4,1.5
u03,improving,3,h0935,2026-06-08 19:00:00,19,0,food,False,0,3,driving,39.7,False,2026-06-08 18:20:16.125984,2026-06-08 18:23:58.628677,2026-06-08 19:05:49.039601,3.7,5.8
u11,always_early,3,h0935,2026-06-08 19:00:00,19,0,food,False,0,3,driving,37.0,True,2026-06-08 18:22:59.580334,2026-06-08 18:21:39.603468,2026-06-08 18:55:39.377549,-1.3,-4.3
u19,punctual,3,h0935,2026-06-08 19:00:00,19,0,food,False,0,3,driving,17.1,False,2026-06-08 18:42:51.752637,2026-06-08 18:42:47.713480,2026-06-08 19:02:14.503120,-0.1,2.2
u07,unpredictable,3,h0936,2026-06-08 20:30:00,20,0,food,True,1,3,driving,15.2,False,2026-06-08 20:14:45.749463,2026-06-08 20:23:05.981812,2026-06-08 20:39:04.354953,8.3,9.1
u11,always_early,3,h0936,2026-06-08 20:30:00,20,0,food,True,1,3,driving,38.6,False,2026-06-08 19:51:21.703945,2026-06-08 19:48:45.521134,2026-06-08 20:29:00.320719,-2.6,-1.0
u15,morning_struggler,3,h0936,2026-06-08 20:30:00,20,0,food,True,1,3,walking,23.3,True,2026-06-08 20:06:42.991136,2026-06-08 20:13:34.157978,2026-06-08 20:39:31.507350,6.9,9.5
u03,improving,3,h0937,2026-06-09 08:30:00,8,1,food,True,0,6,driving,33.3,True,2026-06-09 07:56:43.013304,2026-06-09 08:09:55.798244,2026-06-09 08:50:00.761633,13.2,20.0
u07,unpredictable,3,h0937,2026-06-09 08:30:00,8,1,food,True,0,6,driving,37.7,True,2026-06-09 07:52:19.431091,2026-06-09 08:02:53.017640,2026-06-09 08:41:26.497234,10.6,11.4
u11,always_early,3,h0937,2026-06-09 08:30:00,8,1,food,True,0,6,driving,20.4,True,2026-06-09 08:09:38.432926,2026-06-09 08:12:09.786755,2026-06-09 08:33:58.772475,2.5,4.0
u15,morning_struggler,3,h0937,2026-06-09 08:30:00,8,1,food,True,0,6,walking,20.6,True,2026-06-09 08:09:26.482803,2026-06-09 08:30:38.881669,2026-06-09 08:52:03.110093,21.2,22.1
u19,punctual,3,h0937,2026-06-09 08:30:00,8,1,food,True,0,6,driving,33.5,False,2026-06-09 07:56:32.372036,2026-06-09 08:00:01.548057,2026-06-09 08:33:25.835856,3.5,3.4
u23,chronically_late,3,h0937,2026-06-09 08:30:00,8,1,food,True,0,6,walking,7.8,True,2026-06-09 08:22:13.877670,2026-06-09 08:47:55.626360,2026-06-09 08:57:21.049475,25.7,27.4
u02,improving,2,h0692,2026-06-09 19:30:00,19,1,party,False,1,4,walking,21.6,False,2026-06-09 19:08:21.590737,2026-06-09 19:19:48.475232,2026-06-09 19:43:07.142478,11.4,13.1
u10,punctual,2,h0692,2026-06-09 19:30:00,19,1,party,False,1,4,cycling,8.4,True,2026-06-09 19:21:36.331390,2026-06-09 19:27:55.725749,2026-06-09 19:35:57.649552,6.3,6.0
u14,punctual,2,h0692,2026-06-09 19:30:00,19,1,party,False,1,4,walking,14.2,False,2026-06-09 19:15:47.633126,2026-06-09 19:20:11.643478,2026-06-09 19:34:19.508552,4.4,4.3
u22,rain_hater,2,h0692,2026-06-09 19:30:00,19,1,party,False,1,4,walking,10.9,False,2026-06-09 19:19:06.521857,2026-06-09 19:22:12.585881,2026-06-09 19:34:15.939591,3.1,4.3
u00,overbooked,0,h0198,2026-06-09 22:00:00,22,1,party,False,0,4,cycling,14.5,True,2026-06-09 21:45:30.897489,2026-06-09 22:04:34.905950,2026-06-09 22:19:10.659247,19.1,19.2
u08,chronically_late,0,h0198,2026-06-09 22:00:00,22,1,party,False,0,4,driving,16.7,False,2026-06-09 21:43:16.821903,2026-06-09 21:53:41.068336,2026-06-09 22:09:37.685285,10.4,9.6
u12,improving,0,h0198,2026-06-09 22:00:00,22,1,party,False,0,4,walking,19.2,False,2026-06-09 21:40:48.704502,2026-06-09 21:48:54.748218,2026-06-09 22:06:12.180857,8.1,6.2
u16,rain_hater,0,h0198,2026-06-09 22:00:00,22,1,party,False,0,4,driving,24.1,False,2026-06-09 21:35:52.787831,2026-06-09 21:39:46.549955,2026-06-09 22:04:07.657926,3.9,4.1
u03,improving,3,h0939,2026-06-10 11:00:00,11,2,party,True,4,4,driving,13.0,True,2026-06-10 10:47:01.433400,2026-06-10 10:59:35.812148,2026-06-10 11:13:21.342694,12.6,13.4
u11,always_early,3,h0939,2026-06-10 11:00:00,11,2,party,True,4,4,driving,26.4,False,2026-06-10 10:33:35.166105,2026-06-10 10:36:00.255068,2026-06-10 11:08:02.761594,2.4,8.0
u19,punctual,3,h0939,2026-06-10 11:00:00,11,2,party,True,4,4,driving,29.0,False,2026-06-10 10:30:58.258556,2026-06-10 10:35:58.179687,2026-06-10 11:06:49.373190,5.0,6.8
u23,chronically_late,3,h0939,2026-06-10 11:00:00,11,2,party,True,4,4,walking,6.9,False,2026-06-10 10:53:05.332730,2026-06-10 11:05:47.545523,2026-06-10 11:13:57.180573,12.7,14.0
u02,improving,2,h0693,2026-06-10 12:00:00,12,2,coffee,False,0,3,walking,10.6,False,2026-06-10 11:49:22.189020,2026-06-10 11:51:13.573640,2026-06-10 12:01:20.310509,1.9,1.3
u10,punctual,2,h0693,2026-06-10 12:00:00,12,2,coffee,False,0,3,cycling,15.0,True,2026-06-10 11:44:57.129498,2026-06-10 11:46:43.053678,2026-06-10 12:03:14.699381,1.8,3.2
u22,rain_hater,2,h0693,2026-06-10 12:00:00,12,2,coffee,False,0,3,walking,22.9,False,2026-06-10 11:37:07.785600,2026-06-10 11:37:06.481191,2026-06-10 11:59:08.792899,-0.0,-0.9
u01,overbooked,1,h0445,2026-06-10 12:30:00,12,2,study,False,1,6,driving,20.6,True,2026-06-10 12:09:23.341428,2026-06-10 12:27:31.314212,2026-06-10 12:50:50.201627,18.1,20.8
u01,overbooked,1,h0446,2026-06-10 12:30:00,12,2,coffee,False,5,6,driving,23.0,True,2026-06-10 12:06:58.860988,2026-06-10 12:24:43.795806,2026-06-10 12:48:57.007525,17.7,19.0
u05,chronically_late,1,h0445,2026-06-10 12:30:00,12,2,study,False,1,6,cycling,20.7,True,2026-06-10 12:09:18.858017,2026-06-10 12:28:23.094256,2026-06-10 12:50:02.304413,19.1,20.0
u05,chronically_late,1,h0446,2026-06-10 12:30:00,12,2,coffee,False,5,6,cycling,15.8,False,2026-06-10 12:14:13.458621,2026-06-10 12:25:08.680422,2026-06-10 12:42:34.127394,10.9,12.6
u09,morning_struggler,1,h0445,2026-06-10 12:30:00,12,2,study,False,1,6,cycling,24.2,False,2026-06-10 12:05:49.182418,2026-06-10 12:04:38.285609,2026-06-10 12:27:22.153665,-1.2,-2.6
u09,morning_struggler,1,h0446,2026-06-10 12:30:00,12,2,coffee,False,5,6,cycling,7.7,False,2026-06-10 12:22:20.973651,2026-06-10 12:25:41.208014,2026-06-10 12:33:32.768490,3.3,3.5
u13,rain_hater,1,h0445,2026-06-10 12:30:00,12,2,study,False,1,6,driving,14.9,False,2026-06-10 12:15:08.422944,2026-06-10 12:16:26.990570,2026-06-10 12:32:40.860919,1.3,2.7
u13,rain_hater,1,h0446,2026-06-10 12:30:00,12,2,coffee,False,5,6,driving,34.6,False,2026-06-10 11:55:23.634802,2026-06-10 11:56:22.017292,2026-06-10 12:32:26.074592,1.0,2.4
u17,unpredictable,1,h0445,2026-06-10 12:30:00,12,2,study,False,1,6,driving,37.4,False,2026-06-10 11:52:34.237189,2026-06-10 12:04:32.068743,2026-06-10 12:45:45.028377,12.0,15.8
u17,unpredictable,1,h0446,2026-06-10 12:30:00,12,2,coffee,False,5,6,driving,39.1,True,2026-06-10 11:50:53.656707,2026-06-10 11:54:57.890077,2026-06-10 12:30:46.694824,4.1,0.8
u21,always_early,1,h0445,2026-06-10 12:30:00,12,2,study,False,1,6,driving,35.0,False,2026-06-10 11:55:01.699477,2026-06-10 11:50:23.885761,2026-06-10 12:28:56.983574,-4.6,-1.1
u21,always_early,1,h0446,2026-06-10 12:30:00,12,2,coffee,False,5,6,driving,29.7,False,2026-06-10 12:00:19.198369,2026-06-10 11:58:47.969515,2026-06-10 12:27:27.082942,-1.5,-2.5
u03,improving,3,h0938,2026-06-10 18:30:00,18,2,food,True,0,3,driving,27.8,False,2026-06-10 18:02:13.145247,2026-06-10 18:08:14.772949,2026-06-10 18:40:48.916429,6.0,10.8
u15,morning_struggler,3,h0938,2026-06-10 18:30:00,18,2,food,True,0,3,walking,23.5,False,2026-06-10 18:06:30.918277,2026-06-10 18:10:02.288624,2026-06-10 18:38:50.114448,3.5,8.8
u23,chronically_late,3,h0938,2026-06-10 18:30:00,18,2,food,True,0,3,walking,10.5,True,2026-06-10 18:19:27.631966,2026-06-10 18:38:37.782382,2026-06-10 18:49:07.959137,19.2,19.1
u00,overbooked,0,h0199,2026-06-11 10:30:00,10,3,study,False,4,4,cycling,23.4,True,2026-06-11 10:06:35.415681,2026-06-11 10:25:37.479991,2026-06-11 10:51:46.406748,19.0,21.8
u04,morning_struggler,0,h0199,2026-06-11 10:30:00,10,3,study,False,4,4,walking,11.3,True,2026-06-11 10:18:41.002218,2026-06-11 10:21:35.436271,2026-06-11 10:33:07.880461,2.9,3.1
u08,chronically_late,0,h0199,2026-06-11 10:30:00,10,3,study,False,4,4,driving,23.7,True,2026-06-11 10:06:17.122893,2026-06-11 10:20:33.824830,2026-06-11 10:47:34.262098,14.3,17.6
u16,rain_hater,0,h0199,2026-06-11 10:30:00,10,3,study,False,4,4,driving,18.2,False,2026-06-11 10:11:47.714844,2026-06-11 10:12:48.995427,2026-06-11 10:32:18.983407,1.0,2.3
u03,improving,3,h0940,2026-06-12 09:30:00,9,4,food,False,0,6,driving,32.5,False,2026-06-12 08:57:31.599857,2026-06-12 09:03:35.956967,2026-06-12 09:37:58.600539,6.1,8.0
u07,unpredictable,3,h0940,2026-06-12 09:30:00,9,4,food,False,0,6,driving,31.5,True,2026-06-12 08:58:27.918106,2026-06-12 09:11:14.938181,2026-06-12 09:41:23.000790,12.8,11.4
u11,always_early,3,h0940,2026-06-12 09:30:00,9,4,food,False,0,6,driving,19.5,False,2026-06-12 09:10:27.227464,2026-06-12 09:08:27.848286,2026-06-12 09:26:17.994031,-2.0,-3.7
u15,morning_struggler,3,h0940,2026-06-12 09:30:00,9,4,food,False,0,6,walking,20.2,False,2026-06-12 09:09:48.645977,2026-06-12 09:27:02.696645,2026-06-12 09:49:46.526262,17.2,19.8
u19,punctual,3,h0940,2026-06-12 09:30:00,9,4,food,False,0,6,driving,17.1,True,2026-06-12 09:12:52.498967,2026-06-12 09:17:24.440615,2026-06-12 09:36:44.590326,4.5,6.7
u23,chronically_late,3,h0940,2026-06-12 09:30:00,9,4,food,False,0,6,walking,11.9,False,2026-06-12 09:18:08.112950,2026-06-12 09:28:50.765909,2026-06-12 09:42:26.198601,10.7,12.4
u00,overbooked,0,h0201,2026-06-12 16:00:00,16,4,food,False,5,5,cycling,13.9,False,2026-06-12 15:46:08.054391,2026-06-12 15:48:46.617178,2026-06-12 16:03:18.831698,2.6,3.3
u04,morning_struggler,0,h0201,2026-06-12 16:00:00,16,4,food,False,5,5,walking,21.5,True,2026-06-12 15:38:28.142566,2026-06-12 15:44:15.661055,2026-06-12 16:04:18.047922,5.8,4.3
u12,improving,0,h0201,2026-06-12 16:00:00,16,4,food,False,5,5,walking,19.1,False,2026-06-12 15:40:55.161272,2026-06-12 15:46:17.741594,2026-06-12 16:04:19.306455,5.4,4.3
u16,rain_hater,0,h0201,2026-06-12 16:00:00,16,4,food,False,5,5,driving,25.7,False,2026-06-12 15:34:19.421205,2026-06-12 15:37:20.867754,2026-06-12 16:04:43.472797,3.0,4.7
u20,unpredictable,0,h0201,2026-06-12 16:00:00,16,4,food,False,5,5,driving,17.6,False,2026-06-12 15:42:25.208941,2026-06-12 16:03:36.851182,2026-06-12 16:20:53.766903,21.2,20.9
u01,overbooked,1,h0447,2026-06-12 20:00:00,20,4,coffee,False,3,6,driving,14.5,True,2026-06-12 19:45:27.493281,2026-06-12 20:03:26.255618,2026-06-12 20:17:02.467315,18.0,17.0
u05,chronically_late,1,h0447,2026-06-12 20:00:00,20,4,coffee,False,3,6,cycling,19.9,False,2026-06-12 19:40:06.707453,2026-06-12 19:56:07.675338,2026-06-12 20:14:37.030614,16.0,14.6
u09,morning_struggler,1,h0447,2026-06-12 20:00:00,20,4,coffee,False,3,6,cycling,17.1,False,2026-06-12 19:42:54.083276,2026-06-12 19:45:36.949783,2026-06-12 20:03:54.009222,2.7,3.9
u13,rain_hater,1,h0447,2026-06-12 20:00:00,20,4,coffee,False,3,6,driving,15.3,False,2026-06-12 19:44:42.650697,2026-06-12 19:45:39.719560,2026-06-12 20:02:51.246998,1.0,2.9
u17,unpredictable,1,h0447,2026-06-12 20:00:00,20,4,coffee,False,3,6,driving,19.9,False,2026-06-12 19:40:03.139622,2026-06-12 19:39:56.522862,2026-06-12 20:01:43.455755,-0.1,1.7
u21,always_early,1,h0447,2026-06-12 20:00:00,20,4,coffee,False,3,6,driving,38.7,False,2026-06-12 19:21:17.627373,2026-06-12 19:22:15.912791,2026-06-12 20:01:21.922241,1.0,1.4
u04,morning_struggler,0,h0200,2026-06-12 20:30:00,20,4,party,False,6,3,walking,5.9,False,2026-06-12 20:24:04.722120,2026-06-12 20:28:16.073750,2026-06-12 20:34:40.633810,4.2,4.7
u08,chronically_late,0,h0200,2026-06-12 20:30:00,20,4,party,False,6,3,driving,21.1,False,2026-06-12 20:08:55.486526,2026-06-12 20:29:23.010176,2026-06-12 20:51:24.115721,20.5,21.4
u16,rain_hater,0,h0200,2026-06-12 20:30:00,20,4,party,False,6,3,driving,24.6,False,2026-06-12 20:05:26.389931,2026-06-12 20:11:01.782171,2026-06-12 20:38:54.554693,5.6,8.9
u03,improving,3,h0941,2026-06-13 09:30:00,9,5,sports,True,6,5,driving,10.9,True,2026-06-13 09:19:07.900796,2026-06-13 09:31:24.739044,2026-06-13 09:44:32.011695,12.3,14.5
u07,unpredictable,3,h0941,2026-06-13 09:30:00,9,5,sports,True,6,5,driving,36.0,True,2026-06-13 08:53:58.974546,2026-06-13 09:02:44.155394,2026-06-13 09:46:40.935219,8.8,16.7
u11,always_early,3,h0941,2026-06-13 09:30:00,9,5,sports,True,6,5,driving,37.9,False,2026-06-13 08:52:07.304925,2026-06-13 08:53:14.099741,2026-06-13 09:35:33.761179,1.1,5.6
u15,morning_struggler,3,h0941,2026-06-13 09:30:00,9,5,sports,True,6,5,walking,12.3,True,2026-06-13 09:17:40.549336,2026-06-13 09:40:03.153404,2026-06-13 09:55:03.310292,22.4,25.1
u19,punctual,3,h0941,2026-06-13 09:30:00,9,5,sports,True,6,5,driving,18.8,True,2026-06-13 09:11:14.925732,2026-06-13 09:20:24.118926,2026-06-13 09:42:28.911893,9.2,12.5
u04,morning_struggler,0,h0202,2026-06-13 12:30:00,12,5,food,False,7,5,walking,24.0,False,2026-06-13 12:06:00.512675,2026-06-13 12:09:01.428364,2026-06-13 12:30:45.337733,3.0,0.8
u08,chronically_late,0,h0202,2026-06-13 12:30:00,12,5,food,False,7,5,driving,21.7,False,2026-06-13 12:08:16.175777,2026-06-13 12:17:33.030238,2026-06-13 12:37:51.421242,9.3,7.9
u12,improving,0,h0202,2026-06-13 12:30:00,12,5,food,False,7,5,walking,10.6,False,2026-06-13 12:19:25.547783,2026-06-13 12:25:56.953941,2026-06-13 12:36:11.014771,6.5,6.2
u16,rain_hater,0,h0202,2026-06-13 12:30:00,12,5,food,False,7,5,driving,31.4,False,2026-06-13 11:58:35.767090,2026-06-13 12:01:41.369116,2026-06-13 12:30:38.041043,3.1,0.6
u20,unpredictable,0,h0202,2026-06-13 12:30:00,12,5,food,False,7,5,driving,29.0,True,2026-06-13 12:01:00.642313,2026-06-13 12:07:30.284175,2026-06-13 12:35:03.407992,6.5,5.1
u05,chronically_late,1,h0448,2026-06-13 21:00:00,21,5,party,False,4,3,cycling,10.5,True,2026-06-13 20:49:29.644648,2026-06-13 21:20:04.691665,2026-06-13 21:31:07.709147,30.6,31.1
u09,morning_struggler,1,h0448,2026-06-13 21:00:00,21,5,party,False,4,3,cycling,9.1,True,2026-06-13 20:50:52.040105,2026-06-13 20:57:11.311804,2026-06-13 21:06:51.385387,6.3,6.9
u21,always_early,1,h0448,2026-06-13 21:00:00,21,5,party,False,4,3,driving,28.4,True,2026-06-13 20:31:38.664689,2026-06-13 20:35:56.100706,2026-06-13 21:07:47.033249,4.3,7.8
u03,improving,3,h0942,2026-06-14 13:00:00,13,6,sports,False,6,6,driving,21.2,False,2026-06-14 12:38:48.983826,2026-06-14 12:43:02.871889,2026-06-14 13:03:18.195584,4.2,3.3
u07,unpredictable,3,h0942,2026-06-14 13:00:00,13,6,sports,False,6,6,driving,10.3,False,2026-06-14 12:49:41.100693,2026-06-14 13:07:18.956489,2026-06-14 13:18:50.015546,17.6,18.8
u11,always_early,3,h0942,2026-06-14 13:00:00,13,6,sports,False,6,6,driving,18.3,False,2026-06-14 12:41:43.310713,2026-06-14 12:39:41.911277,2026-06-14 12:58:38.007448,-2.0,-1.4
u15,morning_struggler,3,h0942,2026-06-14 13:00:00,13,6,sports,False,6,6,walking,17.5,False,2026-06-14 12:42:32.069339,2026-06-14 12:46:43.784630,2026-06-14 13:05:48.164762,4.2,5.8
u19,punctual,3,h0942,2026-06-14 13:00:00,13,6,sports,False,6,6,driving,36.0,False,2026-06-14 12:23:58.736540,2026-06-14 12:25:04.437079,2026-06-14 13:03:35.484489,1.1,3.6
u23,chronically_late,3,h0942,2026-06-14 13:00:00,13,6,sports,False,6,6,walking,13.8,True,2026-06-14 12:46:13.743306,2026-06-14 13:02:22.297475,2026-06-14 13:15:00.322676,16.1,15.0
u04,morning_struggler,0,h0204,2026-06-14 20:00:00,20,6,food,True,6,3,walking,13.8,True,2026-06-14 19:46:09.472447,2026-06-14 19:55:33.903197,2026-06-14 20:11:05.962520,9.4,11.1
u12,improving,0,h0204,2026-06-14 20:00:00,20,6,food,True,6,3,walking,12.9,False,2026-06-14 19:47:07.398293,2026-06-14 20:03:33.656075,2026-06-14 20:17:18.133472,16.4,17.3
u16,rain_hater,0,h0204,2026-06-14 20:00:00,20,6,food,True,6,3,driving,15.1,False,2026-06-14 19:44:55.912637,2026-06-14 19:57:47.354217,2026-06-14 20:15:59.409301,12.9,16.0
u00,overbooked,0,h0203,2026-06-14 20:30:00,20,6,coffee,True,4,4,cycling,10.2,False,2026-06-14 20:19:47.033263,2026-06-14 20:25:19.462232,2026-06-14 20:36:27.567564,5.5,6.5
u04,morning_struggler,0,h0203,2026-06-14 20:30:00,20,6,coffee,True,4,4,walking,13.9,False,2026-06-14 20:16:08.966895,2026-06-14 20:21:24.710619,2026-06-14 20:36:03.318340,5.3,6.1
u08,chronically_late,0,h0203,2026-06-14 20:30:00,20,6,coffee,True,4,4,driving,12.8,False,2026-06-14 20:17:12.510320,2026-06-14 20:36:46.628066,2026-06-14 20:50:38.266588,19.6,20.6
u12,improving,0,h0203,2026-06-14 20:30:00,20,6,coffee,True,4,4,walking,18.9,False,2026-06-14 20:11:04.945478,2026-06-14 20:19:18.024847,2026-06-14 20:40:54.785353,8.2,10.9
u02,improving,2,h0694,2026-06-14 21:00:00,21,6,sports,True,1,5,walking,24.0,False,2026-06-14 20:36:02.702419,2026-06-14 20:42:40.868458,2026-06-14 21:11:50.773954,6.6,11.8
u02,improving,2,h0695,2026-06-14 21:00:00,21,6,coffee,False,4,5,walking,7.6,False,2026-06-14 20:52:22.945926,2026-06-14 21:02:11.294886,2026-06-14 21:10:33.360045,9.8,10.6
u06,overbooked,2,h0694,2026-06-14 21:00:00,21,6,sports,True,1,5,driving,34.4,True,2026-06-14 20:25:38.106223,2026-06-14 20:48:15.362640,2026-06-14 21:31:26.774189,22.6,31.4
u10,punctual,2,h0694,2026-06-14 21:00:00,21,6,sports,True,1,5,cycling,20.4,False,2026-06-14 20:39:33.257950,2026-06-14 20:44:02.572053,2026-06-14 21:06:18.336794,4.5,6.3
u10,punctual,2,h0695,2026-06-14 21:00:00,21,6,coffee,False,4,5,cycling,14.7,True,2026-06-14 20:45:15.026562,2026-06-14 20:51:57.663817,2026-06-14 21:07:41.539415,6.7,7.7
u14,punctual,2,h0694,2026-06-14 21:00:00,21,6,sports,True,1,5,walking,10.5,False,2026-06-14 20:49:28.983222,2026-06-14 20:51:18.655351,2026-06-14 21:02:20.549349,1.8,2.3
u14,punctual,2,h0695,2026-06-14 21:00:00,21,6,coffee,False,4,5,walking,7.2,True,2026-06-14 20:52:48.576032,2026-06-14 20:58:47.608543,2026-06-14 21:06:41.483571,6.0,6.7
u18,always_early,2,h0694,2026-06-14 21:00:00,21,6,sports,True,1,5,cycling,15.1,False,2026-06-14 20:44:54.150766,2026-06-14 20:44:09.205536,2026-06-14 21:02:28.005371,-0.7,2.5
u18,always_early,2,h0695,2026-06-14 21:00:00,21,6,coffee,False,4,5,cycling,24.7,True,2026-06-14 20:35:16.111564,2026-06-14 20:37:53.335931,2026-06-14 21:01:12.680924,2.6,1.2
u22,rain_hater,2,h0695,2026-06-14 21:00:00,21,6,coffee,False,4,5,walking,10.7,True,2026-06-14 20:49:20.922246,2026-06-14 20:56:17.383227,2026-06-14 21:06:10.976296,6.9,6.2
u02,improving,2,h0696,2026-06-15 13:00:00,13,0,party,False,1,6,walking,10.8,True,2026-06-15 12:49:09.110208,2026-06-15 13:01:44.941466,2026-06-15 13:13:54.193540,12.6,13.9
u06,overbooked,2,h0696,2026-06-15 13:00:00,13,0,party,False,1,6,driving,23.5,False,2026-06-15 12:36:30.244601,2026-06-15 12:43:53.542461,2026-06-15 13:05:59.430326,7.4,6.0
u10,punctual,2,h0696,2026-06-15 13:00:00,13,0,party,False,1,6,cycling,9.8,True,2026-06-15 12:50:14.752152,2026-06-15 12:55:22.897570,2026-06-15 13:04:15.068411,5.1,4.3
u14,punctual,2,h0696,2026-06-15 13:00:00,13,0,party,False,1,6,walking,7.4,False,2026-06-15 12:52:35.109195,2026-06-15 12:58:06.616640,2026-06-15 13:05:46.870706,5.5,5.8
u18,always_early,2,h0696,2026-06-15 13:00:00,13,0,party,False,1,6,cycling,16.9,True,2026-06-15 12:43:06.103953,2026-06-15 12:46:42.503221,2026-06-15 13:05:42.870816,3.6,5.7
u22,rain_hater,2,h0696,2026-06-15 13:00:00,13,0,party,False,1,6,walking,21.3,True,2026-06-15 12:38:43.042413,2026-06-15 12:44:20.795075,2026-06-15 13:06:13.336847,5.6,6.2
u06,overbooked,2,h0697,2026-06-15 16:00:00,16,0,food,False,4,4,driving,23.4,True,2026-06-15 15:36:33.343066,2026-06-15 15:57:57.904933,2026-06-15 16:20:24.578887,21.4,20.4
u10,punctual,2,h0697,2026-06-15 16:00:00,16,0,food,False,4,4,cycling,7.6,True,2026-06-15 15:52:21.806277,2026-06-15 15:57:07.940903,2026-06-15 16:04:29.821898,4.8,4.5
u14,punctual,2,h0697,2026-06-15 16:00:00,16,0,food,False,4,4,walking,17.4,False,2026-06-15 15:42:33.356687,2026-06-15 15:42:31.607776,2026-06-15 16:01:54.054445,-0.0,1.9
u18,always_early,2,h0697,2026-06-15 16:00:00,16,0,food,False,4,4,cycling,23.0,False,2026-06-15 15:37:01.272300,2026-06-15 15:33:21.273550,2026-06-15 15:55:47.848077,-3.7,-4.2
u00,overbooked,0,h0205,2026-06-15 17:30:00,17,0,study,True,7,6,cycling,10.1,True,2026-06-15 17:19:52.947964,2026-06-15 17:41:38.388357,2026-06-15 17:52:44.040981,21.8,22.7
u04,morning_struggler,0,h0205,2026-06-15 17:30:00,17,0,study,True,7,6,walking,11.8,True,2026-06-15 17:18:10.376013,2026-06-15 17:32:05.797822,2026-06-15 17:46:08.180377,13.9,16.1
u08,chronically_late,0,h0205,2026-06-15 17:30:00,17,0,study,True,7,6,driving,38.1,False,2026-06-15 16:51:52.946670,2026-06-15 17:06:23.127400,2026-06-15 17:51:58.277200,14.5,22.0
u12,improving,0,h0205,2026-06-15 17:30:00,17,0,study,True,7,6,walking,16.4,False,2026-06-15 17:13:33.404036,2026-06-15 17:30:20.708828,2026-06-15 17:49:42.607655,16.8,19.7
u16,rain_hater,0,h0205,2026-06-15 17:30:00,17,0,study,True,7,6,driving,29.4,False,2026-06-15 17:00:37.586169,2026-06-15 17:12:02.980316,2026-06-15 17:44:16.629527,11.4,14.3
u20,unpredictable,0,h0205,2026-06-15 17:30:00,17,0,study,True,7,6,driving,13.2,True,2026-06-15 17:16:50.980947,2026-06-15 17:25:51.842832,2026-06-15 17:40:35.903244,9.0,10.6
u01,overbooked,1,h0449,2026-06-15 18:30:00,18,0,study,False,4,6,driving,34.1,True,2026-06-15 17:55:52.671038,2026-06-15 18:11:20.387744,2026-06-15 18:48:13.977518,15.5,18.2
u05,chronically_late,1,h0449,2026-06-15 18:30:00,18,0,study,False,4,6,cycling,11.1,False,2026-06-15 18:18:54.366106,2026-06-15 18:29:36.439190,2026-06-15 18:40:51.392407,10.7,10.9
u09,morning_struggler,1,h0449,2026-06-15 18:30:00,18,0,study,False,4,6,cycling,14.4,False,2026-06-15 18:15:33.352734,2026-06-15 18:17:01.423780,2026-06-15 18:31:14.138925,1.5,1.2
u13,rain_hater,1,h0449,2026-06-15 18:30:00,18,0,study,False,4,6,driving,23.3,True,2026-06-15 18:06:42.183597,2026-06-15 18:09:01.167375,2026-06-15 18:35:45.971604,2.3,5.8
u17,unpredictable,1,h0449,2026-06-15 18:30:00,18,0,study,False,4,6,driving,39.3,False,2026-06-15 17:50:44.069046,2026-06-15 18:00:02.542166,2026-06-15 18:40:16.150794,9.3,10.3
u21,always_early,1,h0449,2026-06-15 18:30:00,18,0,study,False,4,6,driving,32.9,True,2026-06-15 17:57:06.390066,2026-06-15 17:59:12.633916,2026-06-15 18:31:14.415280,2.1,1.2
u02,improving,2,h0698,2026-06-17 08:00:00,8,2,food,False,6,5,walking,11.4,True,2026-06-17 07:48:33.274401,2026-06-17 08:01:49.070880,2026-06-17 08:13:25.681445,13.3,13.4
u06,overbooked,2,h0698,2026-06-17 08:00:00,8,2,food,False,6,5,driving,24.5,False,2026-06-17 07:35:32.552475,2026-06-17 07:43:27.840074,2026-06-17 08:09:22.561546,7.9,9.4
u10,punctual,2,h0698,2026-06-17 08:00:00,8,2,food,False,6,5,cycling,15.7,False,2026-06-17 07:44:19.926485,2026-06-17 07:48:57.292647,2026-06-17 08:03:40.671765,4.6,3.7
u14,punctual,2,h0698,2026-06-17 08:00:00,8,2,food,False,6,5,walking,5.8,False,2026-06-17 07:54:12.021598,2026-06-17 08:00:46.080824,2026-06-17 08:06:00.424780,6.6,6.0
u22,rain_hater,2,h0698,2026-06-17 08:00:00,8,2,food,False,6,5,walking,19.4,False,2026-06-17 07:40:34.472412,2026-06-17 07:46:05.160055,2026-06-17 08:07:58.499424,5.5,8.0
u10,punctual,2,h0700,2026-06-18 08:30:00,8,3,study,False,6,3,cycling,19.2,False,2026-06-18 08:10:45.945215,2026-06-18 08:13:00.782765,2026-06-18 08:33:30.894670,2.2,3.5
u14,punctual,2,h0700,2026-06-18 08:30:00,8,3,study,False,6,3,walking,7.4,False,2026-06-18 08:22:37.655266,2026-06-18 08:24:34.430563,2026-06-18 08:32:43.552648,1.9,2.7
u22,rain_hater,2,h0700,2026-06-18 08:30:00,8,3,study,False,6,3,walking,17.6,False,2026-06-18 08:12:23.258036,2026-06-18 08:14:34.685811,2026-06-18 08:33:51.627581,2.2,3.9
u00,overbooked,0,h0206,2026-06-18 13:30:00,13,3,party,False,6,5,cycling,21.2,True,2026-06-18 13:08:47.234125,2026-06-18 13:29:52.426685,2026-06-18 13:52:26.520433,21.1,22.4
u04,morning_struggler,0,h0206,2026-06-18 13:30:00,13,3,party,False,6,5,walking,6.1,False,2026-06-18 13:23:55.978821,2026-06-18 13:33:58.737497,2026-06-18 13:40:14.726303,10.0,10.2
u12,improving,0,h0206,2026-06-18 13:30:00,13,3,party,False,6,5,walking,18.8,True,2026-06-18 13:11:10.641583,2026-06-18 13:21:13.921607,2026-06-18 13:39:17.515566,10.1,9.3
u16,rain_hater,0,h0206,2026-06-18 13:30:00,13,3,party,False,6,5,driving,31.2,False,2026-06-18 12:58:49.228618,2026-06-18 13:05:52.245672,2026-06-18 13:40:37.380643,7.1,10.6
u20,unpredictable,0,h0206,2026-06-18 13:30:00,13,3,party,False,6,5,driving,16.0,False,2026-06-18 13:13:58.253513,2026-06-18 13:22:52.607640,2026-06-18 13:38:45.649596,8.9,8.8
u02,improving,2,h0699,2026-06-18 20:00:00,20,3,sports,True,2,5,walking,10.8,True,2026-06-18 19:49:09.058019,2026-06-18 19:59:25.463366,2026-06-18 20:11:16.664604,10.3,11.3
u06,overbooked,2,h0699,2026-06-18 20:00:00,20,3,sports,True,2,5,driving,18.6,True,2026-06-18 19:41:23.862778,2026-06-18 20:00:55.130251,2026-06-18 20:19:54.640572,19.5,19.9
u14,punctual,2,h0699,2026-06-18 20:00:00,20,3,sports,True,2,5,walking,17.5,True,2026-06-18 19:42:29.426178,2026-06-18 19:49:25.171764,2026-06-18 20:08:05.884156,6.9,8.1
u18,always_early,2,h0699,2026-06-18 20:00:00,20,3,sports,True,2,5,cycling,12.3,True,2026-06-18 19:47:44.406490,2026-06-18 19:49:58.497807,2026-06-18 20:04:29.351506,2.2,4.5
u22,rain_hater,2,h0699,2026-06-18 20:00:00,20,3,sports,True,2,5,walking,20.9,False,2026-06-18 19:39:03.457696,2026-06-18 19:50:53.660371,2026-06-18 20:15:42.262688,11.8,15.7
u01,overbooked,1,h0450,2026-06-19 08:30:00,8,4,food,True,1,6,driving,26.4,True,2026-06-19 08:03:37.395619,2026-06-19 08:24:55.479199,2026-06-19 08:51:44.512738,21.3,21.7
u02,improving,2,h0701,2026-06-19 08:30:00,8,4,coffee,False,5,5,walking,12.2,False,2026-06-19 08:17:45.459865,2026-06-19 08:24:37.236362,2026-06-19 08:37:36.012288,6.9,7.6
u05,chronically_late,1,h0450,2026-06-19 08:30:00,8,4,food,True,1,6,cycling,14.1,False,2026-06-19 08:15:51.838220,2026-06-19 08:28:10.507904,2026-06-19 08:45:20.099848,12.3,15.3
u06,overbooked,2,h0701,2026-06-19 08:30:00,8,4,coffee,False,5,5,driving,12.2,True,2026-06-19 08:17:45.796952,2026-06-19 08:39:05.169949,2026-06-19 08:53:05.969757,21.3,23.1
u09,morning_struggler,1,h0450,2026-06-19 08:30:00,8,4,food,True,1,6,cycling,22.6,False,2026-06-19 08:07:24.458047,2026-06-19 08:26:05.580601,2026-06-19 08:53:53.676619,18.7,23.9
u13,rain_hater,1,h0450,2026-06-19 08:30:00,8,4,food,True,1,6,driving,24.3,True,2026-06-19 08:05:39.898242,2026-06-19 08:23:42.873390,2026-06-19 08:53:00.119886,18.0,23.0
u14,punctual,2,h0701,2026-06-19 08:30:00,8,4,coffee,False,5,5,walking,5.5,True,2026-06-19 08:24:32.372998,2026-06-19 08:30:39.186253,2026-06-19 08:35:35.679885,6.1,5.6
u17,unpredictable,1,h0450,2026-06-19 08:30:00,8,4,food,True,1,6,driving,35.1,False,2026-06-19 07:54:51.330509,2026-06-19 07:59:44.315262,2026-06-19 08:42:31.972121,4.9,12.5
u18,always_early,2,h0701,2026-06-19 08:30:00,8,4,coffee,False,5,5,cycling,12.8,False,2026-06-19 08:17:12.906953,2026-06-19 08:17:54.362542,2026-06-19 08:32:04.966678,0.7,2.1
u21,always_early,1,h0450,2026-06-19 08:30:00,8,4,food,True,1,6,driving,33.5,True,2026-06-19 07:56:32.439511,2026-06-19 07:59:56.815984,2026-06-19 08:41:48.148086,3.4,11.8
u22,rain_hater,2,h0701,2026-06-19 08:30:00,8,4,coffee,False,5,5,walking,21.2,True,2026-06-19 08:08:49.566768,2026-06-19 08:17:05.162372,2026-06-19 08:38:25.432187,8.3,8.4
u01,overbooked,1,h0451,2026-06-20 11:00:00,11,5,party,False,3,6,driving,24.2,False,2026-06-20 10:35:45.360482,2026-06-20 10:42:14.116623,2026-06-20 11:07:28.365642,6.5,7.5
u05,chronically_late,1,h0451,2026-06-20 11:00:00,11,5,party,False,3,6,cycling,15.5,True,2026-06-20 10:44:32.838713,2026-06-20 11:04:33.985357,2026-06-20 11:19:36.984359,20.0,19.6
u09,morning_struggler,1,h0451,2026-06-20 11:00:00,11,5,party,False,3,6,cycling,9.4,False,2026-06-20 10:50:33.330970,2026-06-20 10:58:02.413674,2026-06-20 11:07:50.376677,7.5,7.8
u13,rain_hater,1,h0451,2026-06-20 11:00:00,11,5,party,False,3,6,driving,13.6,True,2026-06-20 10:46:26.985567,2026-06-20 10:53:37.335327,2026-06-20 11:06:23.492234,7.2,6.4
u17,unpredictable,1,h0451,2026-06-20 11:00:00,11,5,party,False,3,6,driving,32.5,False,2026-06-20 10:27:32.586392,2026-06-20 10:33:05.803289,2026-06-20 11:07:44.496581,5.6,7.7
u21,always_early,1,h0451,2026-06-20 11:00:00,11,5,party,False,3,6,driving,28.7,False,2026-06-20 10:31:20.530815,2026-06-20 10:32:32.537775,2026-06-20 11:01:27.044010,1.2,1.5
u03,improving,3,h0943,2026-06-20 20:00:00,20,5,study,False,6,5,driving,18.9,False,2026-06-20 19:41:07.530137,2026-06-20 19:44:11.832617,2026-06-20 20:02:39.964981,3.1,2.7
u11,always_early,3,h0943,2026-06-20 20:00:00,20,5,study,False,6,5,driving,24.4,False,2026-06-20 19:35:38.979931,2026-06-20 19:31:34.739907,2026-06-20 19:58:20.936669,-4.1,-1.7
u15,morning_struggler,3,h0943,2026-06-20 20:00:00,20,5,study,False,6,5,walking,18.8,True,2026-06-20 19:41:12.590732,2026-06-20 19:48:17.915424,2026-06-20 20:05:32.035569,7.1,5.5
u19,punctual,3,h0943,2026-06-20 20:00:00,20,5,study,False,6,5,driving,35.8,False,2026-06-20 19:24:09.152690,2026-06-20 19:25:18.772535,2026-06-20 20:02:29.763277,1.2,2.5
u23,chronically_late,3,h0943,2026-06-20 20:00:00,20,5,study,False,6,5,walking,18.4,False,2026-06-20 19:41:33.960505,2026-06-20 19:58:20.318324,2026-06-20 20:17:45.495275,16.8,17.8
u04,morning_struggler,0,h0208,2026-06-21 14:00:00,14,6,coffee,False,1,3,walking,5.1,False,2026-06-21 13:54:51.746387,2026-06-21 13:56:30.315332,2026-06-21 14:01:35.128825,1.6,1.6
u12,improving,0,h0208,2026-06-21 14:00:00,14,6,coffee,False,1,3,walking,16.9,True,2026-06-21 13:43:05.400353,2026-06-21 13:49:48.098184,2026-06-21 14:07:00.744803,6.7,7.0
u16,rain_hater,0,h0208,2026-06-21 14:00:00,14,6,coffee,False,1,3,driving,28.3,True,2026-06-21 13:31:44.436985,2026-06-21 13:35:29.873674,2026-06-21 14:01:39.583300,3.8,1.7
u00,overbooked,0,h0209,2026-06-21 15:30:00,15,6,coffee,False,4,5,cycling,18.4,False,2026-06-21 15:11:38.110987,2026-06-21 15:14:32.475124,2026-06-21 15:32:08.896214,2.9,2.1
u04,morning_struggler,0,h0209,2026-06-21 15:30:00,15,6,coffee,False,4,5,walking,10.8,False,2026-06-21 15:19:10.484080,2026-06-21 15:22:42.760255,2026-06-21 15:34:04.889892,3.5,4.1
u08,chronically_late,0,h0209,2026-06-21 15:30:00,15,6,coffee,False,4,5,driving,25.0,True,2026-06-21 15:04:58.984621,2026-06-21 15:16:16.812677,2026-06-21 15:40:01.638938,11.3,10.0
u12,improving,0,h0209,2026-06-21 15:30:00,15,6,coffee,False,4,5,walking,13.7,False,2026-06-21 15:16:15.066479,2026-06-21 15:18:56.442364,2026-06-21 15:34:20.185071,2.7,4.3
u20,unpredictable,0,h0209,2026-06-21 15:30:00,15,6,coffee,False,4,5,driving,13.3,True,2026-06-21 15:16:40.058605,2026-06-21 15:26:53.972692,2026-06-21 15:41:28.713424,10.2,11.5
u02,improving,2,h0703,2026-06-21 17:00:00,17,6,sports,False,5,3,walking,22.7,False,2026-06-21 16:37:16.547513,2026-06-21 16:42:21.901754,2026-06-21 17:06:16.898897,5.1,6.3
u14,punctual,2,h0703,2026-06-21 17:00:00,17,6,sports,False,5,3,walking,15.3,False,2026-06-21 16:44:39.874282,2026-06-21 16:44:54.678078,2026-06-21 17:00:11.694393,0.2,0.2
u22,rain_hater,2,h0703,2026-06-21 17:00:00,17,6,sports,False,5,3,walking,12.1,False,2026-06-21 16:47:52.917894,2026-06-21 16:51:15.342558,2026-06-21 17:04:34.363829,3.4,4.6
u03,improving,3,h0944,2026-06-21 18:30:00,18,6,study,True,7,6,driving,23.2,True,2026-06-21 18:06:48.831643,2026-06-21 18:16:29.934871,2026-06-21 18:43:31.528406,9.7,13.5
u07,unpredictable,3,h0944,2026-06-21 18:30:00,18,6,study,True,7,6,driving,21.1,False,2026-06-21 18:08:52.307755,2026-06-21 18:22:48.202557,2026-06-21 18:47:17.712367,13.9,17.3
u11,always_early,3,h0944,2026-06-21 18:30:00,18,6,study,True,7,6,driving,20.7,True,2026-06-21 18:09:16.048553,2026-06-21 18:12:19.900993,2026-06-21 18:36:57.879660,3.1,7.0
u15,morning_struggler,3,h0944,2026-06-21 18:30:00,18,6,study,True,7,6,walking,16.1,True,2026-06-21 18:13:56.871646,2026-06-21 18:19:32.098725,2026-06-21 18:36:07.239384,5.6,6.1
u19,punctual,3,h0944,2026-06-21 18:30:00,18,6,study,True,7,6,driving,38.5,True,2026-06-21 17:51:30.606450,2026-06-21 17:57:11.517341,2026-06-21 18:42:01.708301,5.7,12.0
u23,chronically_late,3,h0944,2026-06-21 18:30:00,18,6,study,True,7,6,walking,6.7,False,2026-06-21 18:23:17.135368,2026-06-21 18:37:33.930979,2026-06-21 18:45:49.696512,14.3,15.8
u02,improving,2,h0704,2026-06-21 21:00:00,21,6,food,False,2,6,walking,11.7,False,2026-06-21 20:48:15.543146,2026-06-21 20:54:18.612786,2026-06-21 21:06:27.926253,6.1,6.5
u06,overbooked,2,h0704,2026-06-21 21:00:00,21,6,food,False,2,6,driving,11.2,False,2026-06-21 20:48:46.419687,2026-06-21 20:49:18.654926,2026-06-21 21:00:36.635654,0.5,0.6
u10,punctual,2,h0704,2026-06-21 21:00:00,21,6,food,False,2,6,cycling,9.0,False,2026-06-21 20:50:59.288231,2026-06-21 20:52:17.736889,2026-06-21 21:00:44.619097,1.3,0.7
u14,punctual,2,h0704,2026-06-21 21:00:00,21,6,food,False,2,6,walking,8.3,False,2026-06-21 20:51:42.910291,2026-06-21 20:51:22.761400,2026-06-21 20:59:57.962231,-0.3,-0.0
u18,always_early,2,h0704,2026-06-21 21:00:00,21,6,food,False,2,6,cycling,20.9,False,2026-06-21 20:39:04.522704,2026-06-21 20:35:38.531063,2026-06-21 20:54:53.202344,-3.4,-5.1
u22,rain_hater,2,h0704,2026-06-21 21:00:00,21,6,food,False,2,6,walking,22.4,False,2026-06-21 20:37:38.124496,2026-06-21 20:38:28.863572,2026-06-21 20:59:42.100924,0.8,-0.3
u02,improving,2,h0702,2026-06-21 22:00:00,22,6,coffee,False,2,4,walking,24.7,True,2026-06-21 21:35:19.590445,2026-06-21 21:42:48.634630,2026-06-21 22:09:07.968209,7.5,9.1
u14,punctual,2,h0702,2026-06-21 22:00:00,22,6,coffee,False,2,4,walking,7.3,False,2026-06-21 21:52:41.892763,2026-06-21 21:52:49.699004,2026-06-21 22:00:18.074697,0.1,0.3
u18,always_early,2,h0702,2026-06-21 22:00:00,22,6,coffee,False,2,4,cycling,10.0,False,2026-06-21 21:50:02.798746,2026-06-21 21:45:55.428927,2026-06-21 21:55:05.984650,-4.1,-4.9
u22,rain_hater,2,h0702,2026-06-21 22:00:00,22,6,coffee,False,2,4,walking,14.8,True,2026-06-21 21:45:11.083951,2026-06-21 21:49:23.069175,2026-06-21 22:04:13.647106,4.2,4.2
u00,overbooked,0,h0207,2026-06-21 22:30:00,22,6,study,False,3,6,cycling,13.0,True,2026-06-21 22:16:57.687466,2026-06-21 22:35:14.469329,2026-06-21 22:49:00.050235,18.3,19.0
u04,morning_struggler,0,h0207,2026-06-21 22:30:00,22,6,study,False,3,6,walking,12.2,False,2026-06-21 22:17:46.916648,2026-06-21 22:19:30.234649,2026-06-21 22:30:59.162880,1.7,1.0
u08,chronically_late,0,h0207,2026-06-21 22:30:00,22,6,study,False,3,6,driving,34.0,False,2026-06-21 21:56:01.187519,2026-06-21 22:05:10.048181,2026-06-21 22:37:39.119472,9.1,7.7
u09,morning_struggler,1,h0452,2026-06-21 22:30:00,22,6,coffee,False,7,3,cycling,19.5,False,2026-06-21 22:10:31.288765,2026-06-21 22:13:50.027101,2026-06-21 22:33:37.281566,3.3,3.6
u12,improving,0,h0207,2026-06-21 22:30:00,22,6,study,False,3,6,walking,16.6,False,2026-06-21 22:13:21.399518,2026-06-21 22:21:52.981887,2026-06-21 22:37:43.719446,8.5,7.7
u13,rain_hater,1,h0452,2026-06-21 22:30:00,22,6,coffee,False,7,3,driving,32.9,False,2026-06-21 21:57:08.146650,2026-06-21 22:00:01.898889,2026-06-21 22:29:53.960622,2.9,-0.1
u16,rain_hater,0,h0207,2026-06-21 22:30:00,22,6,study,False,3,6,driving,28.1,True,2026-06-21 22:01:56.822051,2026-06-21 22:05:30.353806,2026-06-21 22:36:52.485717,3.6,6.9
u20,unpredictable,0,h0207,2026-06-21 22:30:00,22,6,study,False,3,6,driving,23.6,True,2026-06-21 22:06:26.191827,2026-06-21 22:07:23.101911,2026-06-21 22:28:38.794782,0.9,-1.4
u21,always_early,1,h0452,2026-06-21 22:30:00,22,6,coffee,False,7,3,driving,19.6,False,2026-06-21 22:10:26.353150,2026-06-21 22:08:58.390617,2026-06-21 22:28:25.701062,-1.5,-1.6
u01,overbooked,1,h0453,2026-06-22 21:30:00,21,0,coffee,True,4,6,driving,24.5,True,2026-06-22 21:05:28.332042,2026-06-22 21:23:40.223117,2026-06-22 21:50:49.088693,18.2,20.8
u05,chronically_late,1,h0453,2026-06-22 21:30:00,21,0,coffee,True,4,6,cycling,9.0,False,2026-06-22 21:20:58.212929,2026-06-22 21:33:14.928445,2026-06-22 21:43:52.769614,12.3,13.9
u09,morning_struggler,1,h0453,2026-06-22 21:30:00,21,0,coffee,True,4,6,cycling,9.4,False,2026-06-22 21:20:36.084381,2026-06-22 21:27:34.833542,2026-06-22 21:39:03.321931,7.0,9.1
u13,rain_hater,1,h0453,2026-06-22 21:30:00,21,0,coffee,True,4,6,driving,17.4,True,2026-06-22 21:12:35.294027,2026-06-22 21:30:24.460317,2026-06-22 21:51:28.762250,17.8,21.5
u17,unpredictable,1,h0453,2026-06-22 21:30:00,21,0,coffee,True,4,6,driving,23.5,False,2026-06-22 21:06:28.802413,2026-06-22 21:16:08.021072,2026-06-22 21:40:37.012964,9.7,10.6
u21,always_early,1,h0453,2026-06-22 21:30:00,21,0,coffee,True,4,6,driving,30.0,True,2026-06-22 21:00:02.560603,2026-06-22 21:01:11.300168,2026-06-22 21:36:05.000477,1.1,6.1
u00,overbooked,0,h0210,2026-06-23 18:30:00,18,1,study,False,5,6,cycling,22.2,True,2026-06-23 18:07:49.128318,2026-06-23 18:26:02.112795,2026-06-23 18:49:24.514758,18.2,19.4
u04,morning_struggler,0,h0210,2026-06-23 18:30:00,18,1,study,False,5,6,walking,13.0,True,2026-06-23 18:17:02.459320,2026-06-23 18:19:49.463275,2026-06-23 18:32:13.890895,2.8,2.2
u08,chronically_late,0,h0210,2026-06-23 18:30:00,18,1,study,False,5,6,driving,32.4,True,2026-06-23 17:57:35.058683,2026-06-23 18:09:59.069979,2026-06-23 18:41:43.280680,12.4,11.7
u12,improving,0,h0210,2026-06-23 18:30:00,18,1,study,False,5,6,walking,21.6,True,2026-06-23 18:08:23.238208,2026-06-23 18:22:00.083246,2026-06-23 18:42:40.281410,13.6,12.7
u16,rain_hater,0,h0210,2026-06-23 18:30:00,18,1,study,False,5,6,driving,14.3,False,2026-06-23 18:15:39.511239,2026-06-23 18:15:13.295991,2026-06-23 18:31:18.014677,-0.4,1.3
u20,unpredictable,0,h0210,2026-06-23 18:30:00,18,1,study,False,5,6,driving,18.3,False,2026-06-23 18:11:41.556478,2026-06-23 18:12:32.595257,2026-06-23 18:29:03.242044,0.9,-0.9
u07,unpredictable,3,h0945,2026-06-23 19:30:00,19,1,sports,False,5,4,driving,35.7,True,2026-06-23 18:54:17.124663,2026-06-23 18:55:31.517275,2026-06-23 19:35:26.394328,1.2,5.4
u11,always_early,3,h0945,2026-06-23 19:30:00,19,1,sports,False,5,4,driving,24.9,False,2026-06-23 19:05:06.200726,2026-06-23 19:02:42.291899,2026-06-23 19:27:36.249638,-2.4,-2.4
u19,punctual,3,h0945,2026-06-23 19:30:00,19,1,sports,False,5,4,driving,23.0,False,2026-06-23 19:06:58.759130,2026-06-23 19:07:30.679068,2026-06-23 19:32:52.868657,0.5,2.9
u23,chronically_late,3,h0945,2026-06-23 19:30:00,19,1,sports,False,5,4,walking,20.2,False,2026-06-23 19:09:50.200359,2026-06-23 19:18:33.087917,2026-06-23 19:38:04.220760,8.7,8.1
u01,overbooked,1,h0454,2026-06-23 20:30:00,20,1,study,False,0,3,driving,26.7,True,2026-06-23 20:03:15.682534,2026-06-23 20:17:31.452429,2026-06-23 20:47:30.532840,14.3,17.5
u09,morning_struggler,1,h0454,2026-06-23 20:30:00,20,1,study,False,0,3,cycling,17.8,True,2026-06-23 20:12:11.004901,2026-06-23 20:19:15.369265,2026-06-23 20:38:34.628946,7.1,8.6
u13,rain_hater,1,h0454,2026-06-23 20:30:00,20,1,study,False,0,3,driving,23.2,False,2026-06-23 20:06:45.028774,2026-06-23 20:06:06.013399,2026-06-23 20:29:43.646831,-0.7,-0.3
u01,overbooked,1,h0455,2026-06-24 11:00:00,11,2,food,True,0,6,driving,25.6,True,2026-06-24 10:34:23.837477,2026-06-24 10:52:51.845535,2026-06-24 11:20:16.474680,18.5,20.3
u05,chronically_late,1,h0455,2026-06-24 11:00:00,11,2,food,True,0,6,cycling,7.9,True,2026-06-24 10:52:03.949384,2026-06-24 11:03:46.410379,2026-06-24 11:11:45.732422,11.7,11.8
u09,morning_struggler,1,h0455,2026-06-24 11:00:00,11,2,food,True,0,6,cycling,10.4,False,2026-06-24 10:49:38.849634,2026-06-24 10:53:00.167621,2026-06-24 11:04:55.080009,3.4,4.9
u13,rain_hater,1,h0455,2026-06-24 11:00:00,11,2,food,True,0,6,driving,13.9,False,2026-06-24 10:46:08.213517,2026-06-24 10:55:44.588297,2026-06-24 11:12:46.668057,9.6,12.8
u17,unpredictable,1,h0455,2026-06-24 11:00:00,11,2,food,True,0,6,driving,17.7,False,2026-06-24 10:42:20.976817,2026-06-24 10:43:51.374108,2026-06-24 11:01:40.671324,1.5,1.7
u21,always_early,1,h0455,2026-06-24 11:00:00,11,2,food,True,0,6,driving,24.7,False,2026-06-24 10:35:15.694056,2026-06-24 10:33:04.797265,2026-06-24 11:01:22.496488,-2.2,1.4
u02,improving,2,h0705,2026-06-24 11:30:00,11,2,food,False,7,4,walking,8.2,False,2026-06-24 11:21:50.865035,2026-06-24 11:27:18.927581,2026-06-24 11:36:31.047274,5.5,6.5
u14,punctual,2,h0705,2026-06-24 11:30:00,11,2,food,False,7,4,walking,8.9,False,2026-06-24 11:21:07.918886,2026-06-24 11:24:45.949041,2026-06-24 11:32:58.644956,3.6,3.0
u18,always_early,2,h0705,2026-06-24 11:30:00,11,2,food,False,7,4,cycling,16.1,False,2026-06-24 11:13:53.883300,2026-06-24 11:20:43.859066,2026-06-24 11:36:47.624017,6.8,6.8
u22,rain_hater,2,h0705,2026-06-24 11:30:00,11,2,food,False,7,4,walking,12.5,True,2026-06-24 11:17:32.698341,2026-06-24 11:24:09.081883,2026-06-24 11:36:35.245340,6.6,6.6
u00,overbooked,0,h0211,2026-06-25 16:00:00,16,3,party,True,4,6,cycling,11.2,True,2026-06-25 15:48:45.079399,2026-06-25 16:13:55.790702,2026-06-25 16:26:07.743868,25.2,26.1
u04,morning_struggler,0,h0211,2026-06-25 16:00:00,16,3,party,True,4,6,walking,8.4,True,2026-06-25 15:51:37.657486,2026-06-25 16:01:01.286129,2026-06-25 16:09:38.624267,9.4,9.6
u08,chronically_late,0,h0211,2026-06-25 16:00:00,16,3,party,True,4,6,driving,23.6,True,2026-06-25 15:36:23.085763,2026-06-25 15:51:15.680300,2026-06-25 16:19:17.926531,14.9,19.3
u12,improving,0,h0211,2026-06-25 16:00:00,16,3,party,True,4,6,walking,16.0,False,2026-06-25 15:44:00.876118,2026-06-25 15:51:54.840127,2026-06-25 16:07:59.007702,7.9,8.0
u16,rain_hater,0,h0211,2026-06-25 16:00:00,16,3,party,True,4,6,driving,37.5,False,2026-06-25 15:22:29.911064,2026-06-25 15:44:01.154341,2026-06-25 16:24:49.946939,21.5,24.8
u20,unpredictable,0,h0211,2026-06-25 16:00:00,16,3,party,True,4,6,driving,22.5,False,2026-06-25 15:37:30.718321,2026-06-25 15:40:03.808753,2026-06-25 16:03:42.462011,2.6,3.7
u01,overbooked,1,h0456,2026-06-25 19:30:00,19,3,food,False,5,5,driving,18.0,False,2026-06-25 19:11:59.248634,2026-06-25 19:14:38.157845,2026-06-25 19:31:12.053353,2.6,1.2
u05,chronically_late,1,h0456,2026-06-25 19:30:00,19,3,food,False,5,5,cycling,24.2,True,2026-06-25 19:05:48.723028,2026-06-25 19:25:37.479971,2026-06-25 19:49:59.655439,19.8,20.0
u09,morning_struggler,1,h0456,2026-06-25 19:30:00,19,3,food,False,5,5,cycling,17.6,False,2026-06-25 19:12:23.235076,2026-06-25 19:14:37.077654,2026-06-25 19:30:39.288139,2.2,0.7
u17,unpredictable,1,h0456,2026-06-25 19:30:00,19,3,food,False,5,5,driving,19.0,False,2026-06-25 19:10:57.574217,2026-06-25 19:11:29.396708,2026-06-25 19:32:04.539301,0.5,2.1
u21,always_early,1,h0456,2026-06-25 19:30:00,19,3,food,False,5,5,driving,17.0,False,2026-06-25 19:12:58.370100,2026-06-25 19:09:35.370129,2026-06-25 19:27:09.280490,-3.4,-2.8
u02,improving,2,h0706,2026-06-25 21:30:00,21,3,sports,False,5,6,walking,21.3,False,2026-06-25 21:08:39.442322,2026-06-25 21:13:45.549099,2026-06-25 21:37:41.970524,5.1,7.7
u06,overbooked,2,h0706,2026-06-25 21:30:00,21,3,sports,False,5,6,driving,38.4,False,2026-06-25 20:51:37.341945,2026-06-25 20:54:06.139039,2026-06-25 21:30:32.409894,2.5,0.5
u10,punctual,2,h0706,2026-06-25 21:30:00,21,3,sports,False,5,6,cycling,15.5,True,2026-06-25 21:14:30.789917,2026-06-25 21:18:37.049065,2026-06-25 21:34:20.591490,4.1,4.3
u14,punctual,2,h0706,2026-06-25 21:30:00,21,3,sports,False,5,6,walking,15.3,False,2026-06-25 21:14:41.079540,2026-06-25 21:15:23.754796,2026-06-25 21:31:29.634342,0.7,1.5
u18,always_early,2,h0706,2026-06-25 21:30:00,21,3,sports,False,5,6,cycling,22.2,False,2026-06-25 21:07:49.556900,2026-06-25 21:05:16.704463,2026-06-25 21:27:00.418947,-2.5,-3.0
u22,rain_hater,2,h0706,2026-06-25 21:30:00,21,3,sports,False,5,6,walking,17.3,True,2026-06-25 21:12:43.908273,2026-06-25 21:16:28.482531,2026-06-25 21:32:27.601748,3.7,2.5
u00,overbooked,0,h0212,2026-06-26 12:00:00,12,4,party,False,4,4,cycling,23.7,True,2026-06-26 11:36:16.294225,2026-06-26 11:57:42.410723,2026-06-26 12:21:31.922900,21.4,21.5
u07,unpredictable,3,h0946,2026-06-26 12:00:00,12,4,study,True,0,5,driving,21.5,True,2026-06-26 11:38:30.436089,2026-06-26 11:43:50.973774,2026-06-26 12:09:46.211955,5.3,9.8
u08,chronically_late,0,h0212,2026-06-26 12:00:00,12,4,party,False,4,4,driving,19.0,False,2026-06-26 11:41:00.158755,2026-06-26 11:50:21.762416,2026-06-26 12:10:05.947625,9.4,10.1
u11,always_early,3,h0946,2026-06-26 12:00:00,12,4,study,True,0,5,driving,35.4,False,2026-06-26 11:24:36.830053,2026-06-26 11:21:30.829094,2026-06-26 12:02:25.534119,-3.1,2.4
u12,improving,0,h0212,2026-06-26 12:00:00,12,4,party,False,4,4,walking,23.7,True,2026-06-26 11:36:15.167614,2026-06-26 11:48:33.477733,2026-06-26 12:14:26.140467,12.3,14.4
u15,morning_struggler,3,h0946,2026-06-26 12:00:00,12,4,study,True,0,5,walking,21.7,False,2026-06-26 11:38:15.511583,2026-06-26 11:43:26.085002,2026-06-26 12:10:18.887465,5.2,10.3
u16,rain_hater,0,h0212,2026-06-26 12:00:00,12,4,party,False,4,4,driving,30.1,False,2026-06-26 11:29:56.389529,2026-06-26 11:36:20.521825,2026-06-26 12:09:52.370442,6.4,9.9
u19,punctual,3,h0946,2026-06-26 12:00:00,12,4,study,True,0,5,driving,30.0,False,2026-06-26 11:30:02.096523,2026-06-26 11:31:40.036447,2026-06-26 12:04:00.737248,1.6,4.0
u23,chronically_late,3,h0946,2026-06-26 12:00:00,12,4,study,True,0,5,walking,7.6,True,2026-06-26 11:52:21.173878,2026-06-26 12:09:09.325034,2026-06-26 12:16:48.946710,16.8,16.8
u01,overbooked,1,h0457,2026-06-26 20:00:00,20,4,coffee,False,6,6,driving,37.0,False,2026-06-26 19:23:00.823772,2026-06-26 19:25:40.579424,2026-06-26 20:06:21.277773,2.7,6.4
u05,chronically_late,1,h0457,2026-06-26 20:00:00,20,4,coffee,False,6,6,cycling,11.1,True,2026-06-26 19:48:54.923622,2026-06-26 20:06:43.968347,2026-06-26 20:18:38.095858,17.8,18.6
u09,morning_struggler,1,h0457,2026-06-26 20:00:00,20,4,coffee,False,6,6,cycling,19.0,False,2026-06-26 19:40:57.569423,2026-06-26 19:47:42.126312,2026-06-26 20:06:41.992860,6.7,6.7
u13,rain_hater,1,h0457,2026-06-26 20:00:00,20,4,coffee,False,6,6,driving,24.2,False,2026-06-26 19:35:47.647603,2026-06-26 19:39:53.913503,2026-06-26 20:05:21.290819,4.1,5.4
u17,unpredictable,1,h0457,2026-06-26 20:00:00,20,4,coffee,False,6,6,driving,31.2,False,2026-06-26 19:28:48.809278,2026-06-26 19:31:39.243533,2026-06-26 20:04:38.390860,2.8,4.6
u21,always_early,1,h0457,2026-06-26 20:00:00,20,4,coffee,False,6,6,driving,32.4,False,2026-06-26 19:27:36.232671,2026-06-26 19:24:26.016469,2026-06-26 19:58:00.648303,-3.2,-2.0
u02,improving,2,h0707,2026-06-27 09:30:00,9,5,sports,False,0,3,walking,24.7,True,2026-06-27 09:05:20.869348,2026-06-27 09:17:43.761537,2026-06-27 09:45:26.220879,12.4,15.4
u14,punctual,2,h0707,2026-06-27 09:30:00,9,5,sports,False,0,3,walking,18.5,False,2026-06-27 09:11:29.809865,2026-06-27 09:13:58.562937,2026-06-27 09:30:48.447839,2.5,0.8
u22,rain_hater,2,h0707,2026-06-27 09:30:00,9,5,sports,False,0,3,walking,13.5,True,2026-06-27 09:16:29.824157,2026-06-27 09:26:59.350947,2026-06-27 09:42:17.529074,10.5,12.3
u01,overbooked,1,h0458,2026-06-28 22:00:00,22,6,party,True,3,5,driving,23.9,True,2026-06-28 21:36:07.670843,2026-06-28 21:58:45.934319,2026-06-28 22:23:05.620059,22.6,23.1
u05,chronically_late,1,h0458,2026-06-28 22:00:00,22,6,party,True,3,5,cycling,10.4,False,2026-06-28 21:49:38.053282,2026-06-28 22:38:41.200833,2026-06-28 22:50:01.474767,49.1,50.0
u09,morning_struggler,1,h0458,2026-06-28 22:00:00,22,6,party,True,3,5,cycling,7.1,True,2026-06-28 21:52:51.135362,2026-06-28 22:08:26.378308,2026-06-28 22:17:13.567549,15.6,17.2
u13,rain_hater,1,h0458,2026-06-28 22:00:00,22,6,party,True,3,5,driving,35.4,False,2026-06-28 21:24:34.554783,2026-06-28 21:42:07.338545,2026-06-28 22:25:54.650858,17.5,25.9
u21,always_early,1,h0458,2026-06-28 22:00:00,22,6,party,True,3,5,driving,16.4,False,2026-06-28 21:43:38.043078,2026-06-28 21:46:39.696384,2026-06-28 22:03:54.653401,3.0,3.9
u00,overbooked,0,h0214,2026-06-29 09:30:00,9,0,coffee,False,3,6,cycling,21.9,False,2026-06-29 09:08:08.163370,2026-06-29 09:10:39.443362,2026-06-29 09:35:13.386685,2.5,5.2
u04,morning_struggler,0,h0214,2026-06-29 09:30:00,9,0,coffee,False,3,6,walking,14.6,False,2026-06-29 09:15:26.697294,2026-06-29 09:34:20.629512,2026-06-29 09:47:38.695457,18.9,17.6
u08,chronically_late,0,h0214,2026-06-29 09:30:00,9,0,coffee,False,3,6,driving,39.3,True,2026-06-29 08:50:44.966419,2026-06-29 09:10:14.134883,2026-06-29 09:47:42.900018,19.5,17.7
u12,improving,0,h0214,2026-06-29 09:30:00,9,0,coffee,False,3,6,walking,10.5,False,2026-06-29 09:19:27.836055,2026-06-29 09:23:44.295745,2026-06-29 09:34:28.144326,4.3,4.5
u16,rain_hater,0,h0214,2026-06-29 09:30:00,9,0,coffee,False,3,6,driving,9.3,True,2026-06-29 09:20:43.419643,2026-06-29 09:26:49.934179,2026-06-29 09:36:37.332468,6.1,6.6
u20,unpredictable,0,h0214,2026-06-29 09:30:00,9,0,coffee,False,3,6,driving,26.0,False,2026-06-29 09:03:59.120921,2026-06-29 09:19:09.501723,2026-06-29 09:44:43.525193,15.2,14.7
u01,overbooked,1,h0459,2026-06-29 17:00:00,17,0,coffee,False,2,4,driving,8.7,True,2026-06-29 16:51:16.292887,2026-06-29 17:09:30.242232,2026-06-29 17:18:02.482560,18.2,18.0
u05,chronically_late,1,h0459,2026-06-29 17:00:00,17,0,coffee,False,2,4,cycling,19.5,False,2026-06-29 16:40:30.179438,2026-06-29 16:53:12.913311,2026-06-29 17:13:56.497507,12.7,13.9
u09,morning_struggler,1,h0459,2026-06-29 17:00:00,17,0,coffee,False,2,4,cycling,13.7,False,2026-06-29 16:46:20.594575,2026-06-29 16:45:41.312553,2026-06-29 16:58:12.341734,-0.7,-1.8
u21,always_early,1,h0459,2026-06-29 17:00:00,17,0,coffee,False,2,4,driving,29.7,True,2026-06-29 16:30:19.155664,2026-06-29 16:30:53.328244,2026-06-29 17:04:29.758174,0.6,4.5
u00,overbooked,0,h0213,2026-06-29 18:30:00,18,0,study,True,7,5,cycling,14.6,True,2026-06-29 18:15:26.384622,2026-06-29 18:36:19.835164,2026-06-29 18:52:47.236286,20.9,22.8
u04,morning_struggler,0,h0213,2026-06-29 18:30:00,18,0,study,True,7,5,walking,20.3,True,2026-06-29 18:09:39.958095,2026-06-29 18:16:51.411052,2026-06-29 18:40:28.151969,7.2,10.5
u08,chronically_late,0,h0213,2026-06-29 18:30:00,18,0,study,True,7,5,driving,17.8,False,2026-06-29 18:12:10.879027,2026-06-29 18:23:13.890390,2026-06-29 18:43:34.773815,11.1,13.6
u16,rain_hater,0,h0213,2026-06-29 18:30:00,18,0,study,True,7,5,driving,38.0,True,2026-06-29 17:52:02.788761,2026-06-29 18:08:01.594769,2026-06-29 18:51:52.692769,16.0,21.9
u20,unpredictable,0,h0213,2026-06-29 18:30:00,18,0,study,True,7,5,driving,34.8,True,2026-06-29 17:55:13.572060,2026-06-29 17:58:14.836268,2026-06-29 18:39:52.658494,3.0,9.9
u04,morning_struggler,0,h0216,2026-06-30 09:30:00,9,1,study,True,1,3,walking,18.5,True,2026-06-30 09:11:31.330615,2026-06-30 09:32:29.526360,2026-06-30 09:50:54.015892,21.0,20.9
u08,chronically_late,0,h0216,2026-06-30 09:30:00,9,1,study,True,1,3,driving,24.9,False,2026-06-30 09:05:05.636361,2026-06-30 09:18:39.725044,2026-06-30 09:43:20.463248,13.6,13.3
u20,unpredictable,0,h0216,2026-06-30 09:30:00,9,1,study,True,1,3,driving,25.0,False,2026-06-30 09:05:01.487763,2026-06-30 09:04:07.740509,2026-06-30 09:33:01.990607,-0.9,3.0
u00,overbooked,0,h0215,2026-06-30 12:00:00,12,1,food,True,3,4,cycling,17.9,False,2026-06-30 11:42:06.721619,2026-06-30 11:47:52.197855,2026-06-30 12:06:26.215439,5.8,6.4
u04,morning_struggler,0,h0215,2026-06-30 12:00:00,12,1,food,True,3,4,walking,12.3,False,2026-06-30 11:47:40.353414,2026-06-30 11:53:43.939726,2026-06-30 12:08:21.914368,6.1,8.4
u08,chronically_late,0,h0215,2026-06-30 12:00:00,12,1,food,True,3,4,driving,22.6,False,2026-06-30 11:37:25.957733,2026-06-30 11:46:33.612877,2026-06-30 12:14:43.957791,9.1,14.7
u20,unpredictable,0,h0215,2026-06-30 12:00:00,12,1,food,True,3,4,driving,12.0,False,2026-06-30 11:47:58.745651,2026-06-30 11:56:24.623424,2026-06-30 12:10:44.149422,8.4,10.7
u07,unpredictable,3,h0949,2026-06-30 16:30:00,16,1,party,False,3,4,driving,8.1,False,2026-06-30 16:21:53.367888,2026-06-30 16:22:41.948614,2026-06-30 16:32:00.137713,0.8,2.0
u11,always_early,3,h0949,2026-06-30 16:30:00,16,1,party,False,3,4,driving,34.7,False,2026-06-30 15:55:18.791969,2026-06-30 15:56:15.406385,2026-06-30 16:28:31.949481,0.9,-1.5
u15,morning_struggler,3,h0949,2026-06-30 16:30:00,16,1,party,False,3,4,walking,16.8,False,2026-06-30 16:13:10.947444,2026-06-30 16:17:46.269262,2026-06-30 16:35:49.437282,4.6,5.8
u19,punctual,3,h0949,2026-06-30 16:30:00,16,1,party,False,3,4,driving,32.5,False,2026-06-30 15:57:31.992422,2026-06-30 16:02:56.275705,2026-06-30 16:37:09.444395,5.4,7.2
u03,improving,3,h0948,2026-06-30 17:00:00,17,1,study,True,6,3,driving,10.9,True,2026-06-30 16:49:06.832281,2026-06-30 17:00:11.603470,2026-06-30 17:11:26.479106,11.1,11.4
u15,morning_struggler,3,h0948,2026-06-30 17:00:00,17,1,study,True,6,3,walking,19.1,False,2026-06-30 16:40:55.023974,2026-06-30 16:44:59.603277,2026-06-30 17:06:22.471480,4.1,6.4
u23,chronically_late,3,h0948,2026-06-30 17:00:00,17,1,study,True,6,3,walking,21.1,True,2026-06-30 16:38:51.451829,2026-06-30 16:54:21.336887,2026-06-30 17:18:28.072879,15.5,18.5
u03,improving,3,h0947,2026-06-30 21:00:00,21,1,coffee,False,5,4,driving,17.3,False,2026-06-30 20:42:42.664648,2026-06-30 20:46:29.724526,2026-06-30 21:05:04.410301,3.8,5.1
u15,morning_struggler,3,h0947,2026-06-30 21:00:00,21,1,coffee,False,5,4,walking,5.3,False,2026-06-30 20:54:42.241913,2026-06-30 20:56:40.876351,2026-06-30 21:02:17.984064,2.0,2.3
u19,punctual,3,h0947,2026-06-30 21:00:00,21,1,coffee,False,5,4,driving,15.2,False,2026-06-30 20:44:46.674734,2026-06-30 20:46:14.766479,2026-06-30 21:01:46.150188,1.5,1.8
u23,chronically_late,3,h0947,2026-06-30 21:00:00,21,1,coffee,False,5,4,walking,7.6,False,2026-06-30 20:52:25.976619,2026-06-30 21:06:48.479842,2026-06-30 21:14:05.519177,14.4,14.1
u00,overbooked,0,h0218,2026-07-01 10:30:00,10,2,study,True,4,4,cycling,15.1,True,2026-07-01 10:14:52.214365,2026-07-01 10:33:50.156669,2026-07-01 10:48:49.975107,19.0,18.8
u04,morning_struggler,0,h0218,2026-07-01 10:30:00,10,2,study,True,4,4,walking,8.7,True,2026-07-01 10:21:19.031776,2026-07-01 10:28:46.794100,2026-07-01 10:38:43.473490,7.5,8.7
u12,improving,0,h0218,2026-07-01 10:30:00,10,2,study,True,4,4,walking,8.9,True,2026-07-01 10:21:08.430670,2026-07-01 10:29:32.284691,2026-07-01 10:40:32.358539,8.4,10.5
u20,unpredictable,0,h0218,2026-07-01 10:30:00,10,2,study,True,4,4,driving,21.0,False,2026-07-01 10:09:00.586757,2026-07-01 10:12:53.690976,2026-07-01 10:37:17.637406,3.9,7.3
u00,overbooked,0,h0219,2026-07-01 11:30:00,11,2,study,False,7,4,cycling,18.4,True,2026-07-01 11:11:35.507514,2026-07-01 11:28:54.020696,2026-07-01 11:45:56.487785,17.3,15.9
u04,morning_struggler,0,h0219,2026-07-01 11:30:00,11,2,study,False,7,4,walking,13.5,False,2026-07-01 11:16:32.512879,2026-07-01 11:19:29.195903,2026-07-01 11:33:47.312257,2.9,3.8
u08,chronically_late,0,h0219,2026-07-01 11:30:00,11,2,study,False,7,4,driving,33.7,False,2026-07-01 10:56:16.255146,2026-07-01 11:07:25.085865,2026-07-01 11:42:51.074269,11.1,12.9
u16,rain_hater,0,h0219,2026-07-01 11:30:00,11,2,study,False,7,4,driving,34.3,False,2026-07-01 10:55:42.008711,2026-07-01 10:58:18.830254,2026-07-01 11:31:23.825363,2.6,1.4
u03,improving,3,h0950,2026-07-01 15:30:00,15,2,sports,False,4,4,driving,38.8,False,2026-07-01 14:51:14.535821,2026-07-01 14:58:50.996869,2026-07-01 15:38:28.544937,7.6,8.5
u15,morning_struggler,3,h0950,2026-07-01 15:30:00,15,2,sports,False,4,4,walking,21.2,False,2026-07-01 15:08:48.252750,2026-07-01 15:11:19.734052,2026-07-01 15:32:40.806861,2.5,2.7
u19,punctual,3,h0950,2026-07-01 15:30:00,15,2,sports,False,4,4,driving,31.5,False,2026-07-01 14:58:32.593069,2026-07-01 14:59:42.153164,2026-07-01 15:31:51.242070,1.2,1.9
u23,chronically_late,3,h0950,2026-07-01 15:30:00,15,2,sports,False,4,4,walking,9.7,False,2026-07-01 15:20:17.897204,2026-07-01 15:27:37.403335,2026-07-01 15:36:59.724803,7.3,7.0
u06,overbooked,2,h0708,2026-07-01 18:30:00,18,2,food,True,6,3,driving,24.6,True,2026-07-01 18:05:25.458966,2026-07-01 18:24:22.625132,2026-07-01 18:48:53.748154,19.0,18.9
u10,punctual,2,h0708,2026-07-01 18:30:00,18,2,food,True,6,3,cycling,14.2,False,2026-07-01 18:15:48.844586,2026-07-01 18:19:15.432807,2026-07-01 18:35:32.020600,3.4,5.5
u22,rain_hater,2,h0708,2026-07-01 18:30:00,18,2,food,True,6,3,walking,19.9,True,2026-07-01 18:10:07.679885,2026-07-01 18:26:18.165864,2026-07-01 18:49:01.900302,16.2,19.0
u00,overbooked,0,h0217,2026-07-01 19:30:00,19,2,food,False,0,6,cycling,7.4,True,2026-07-01 19:22:36.824071,2026-07-01 19:38:32.707826,2026-07-01 19:45:38.721798,15.9,15.6
u04,morning_struggler,0,h0217,2026-07-01 19:30:00,19,2,food,False,0,6,walking,12.5,True,2026-07-01 19:17:29.863616,2026-07-01 19:21:04.534919,2026-07-01 19:32:42.663123,3.6,2.7
u08,chronically_late,0,h0217,2026-07-01 19:30:00,19,2,food,False,0,6,driving,13.4,True,2026-07-01 19:16:33.361141,2026-07-01 19:28:48.688950,2026-07-01 19:44:02.184175,12.3,14.0
u12,improving,0,h0217,2026-07-01 19:30:00,19,2,food,False,0,6,walking,10.1,True,2026-07-01 19:19:51.234415,2026-07-01 19:25:31.899410,2026-07-01 19:35:49.671231,5.7,5.8
u16,rain_hater,0,h0217,2026-07-01 19:30:00,19,2,food,False,0,6,driving,38.8,False,2026-07-01 18:51:11.627804,2026-07-01 18:53:11.675645,2026-07-01 19:32:28.414120,2.0,2.5
u20,unpredictable,0,h0217,2026-07-01 19:30:00,19,2,food,False,0,6,driving,22.2,False,2026-07-01 19:07:49.340161,2026-07-01 19:11:03.562333,2026-07-01 19:34:01.751441,3.2,4.0
u03,improving,3,h0952,2026-07-02 14:00:00,14,3,sports,False,5,3,driving,36.0,False,2026-07-02 13:24:01.996224,2026-07-02 13:29:24.923551,2026-07-02 14:07:12.566726,5.4,7.2
u07,unpredictable,3,h0952,2026-07-02 14:00:00,14,3,sports,False,5,3,driving,28.1,False,2026-07-02 13:31:55.260047,2026-07-02 13:34:30.086081,2026-07-02 14:06:37.129927,2.6,6.6
u15,morning_struggler,3,h0952,2026-07-02 14:00:00,14,3,sports,False,5,3,walking,15.3,False,2026-07-02 13:44:40.251077,2026-07-02 13:46:31.229168,2026-07-02 14:01:30.717514,1.8,1.5
u03,improving,3,h0951,2026-07-02 16:30:00,16,3,food,False,0,5,driving,16.1,False,2026-07-02 16:13:53.205599,2026-07-02 16:15:11.254022,2026-07-02 16:30:47.375860,1.3,0.8
u07,unpredictable,3,h0951,2026-07-02 16:30:00,16,3,food,False,0,5,driving,9.9,True,2026-07-02 16:20:03.902939,2026-07-02 16:24:48.080130,2026-07-02 16:35:36.983989,4.7,5.6
u11,always_early,3,h0951,2026-07-02 16:30:00,16,3,food,False,0,5,driving,30.2,True,2026-07-02 15:59:48.170013,2026-07-02 15:58:32.860739,2026-07-02 16:33:08.439618,-1.3,3.1
u15,morning_struggler,3,h0951,2026-07-02 16:30:00,16,3,food,False,0,5,walking,20.3,False,2026-07-02 16:09:42.493997,2026-07-02 16:17:07.452730,2026-07-02 16:38:21.112050,7.4,8.4
u23,chronically_late,3,h0951,2026-07-02 16:30:00,16,3,food,False,0,5,walking,20.1,True,2026-07-02 16:09:55.349602,2026-07-02 16:21:07.337035,2026-07-02 16:41:23.771381,11.2,11.4
u02,improving,2,h0709,2026-07-02 18:00:00,18,3,party,False,1,4,walking,13.8,True,2026-07-02 17:46:13.170499,2026-07-02 17:54:53.589955,2026-07-02 18:07:45.218762,8.7,7.8
u10,punctual,2,h0709,2026-07-02 18:00:00,18,3,party,False,1,4,cycling,23.3,False,2026-07-02 17:36:44.070118,2026-07-02 17:40:53.861723,2026-07-02 18:05:40.177611,4.2,5.7
u14,punctual,2,h0709,2026-07-02 18:00:00,18,3,party,False,1,4,walking,16.4,False,2026-07-02 17:43:38.581318,2026-07-02 17:46:40.551109,2026-07-02 18:04:58.544924,3.0,5.0
u22,rain_hater,2,h0709,2026-07-02 18:00:00,18,3,party,False,1,4,walking,12.2,False,2026-07-02 17:47:46.182886,2026-07-02 17:51:03.316931,2026-07-02 18:04:38.941514,3.3,4.6
u01,overbooked,1,h0460,2026-07-02 21:30:00,21,3,food,False,7,5,driving,25.9,False,2026-07-02 21:04:08.994146,2026-07-02 21:07:49.945525,2026-07-02 21:33:25.428109,3.7,3.4
u05,chronically_late,1,h0460,2026-07-02 21:30:00,21,3,food,False,7,5,cycling,21.3,True,2026-07-02 21:08:44.799959,2026-07-02 21:21:34.934531,2026-07-02 21:44:10.751552,12.8,14.2
u09,morning_struggler,1,h0460,2026-07-02 21:30:00,21,3,food,False,7,5,cycling,19.6,False,2026-07-02 21:10:22.385787,2026-07-02 21:12:27.664185,2026-07-02 21:31:01.140395,2.1,1.0
u13,rain_hater,1,h0460,2026-07-02 21:30:00,21,3,food,False,7,5,driving,20.4,True,2026-07-02 21:09:33.061902,2026-07-02 21:15:02.304940,2026-07-02 21:36:35.946891,5.5,6.6
u21,always_early,1,h0460,2026-07-02 21:30:00,21,3,food,False,7,5,driving,16.3,False,2026-07-02 21:13:44.918131,2026-07-02 21:13:01.321910,2026-07-02 21:29:42.082519,-0.7,-0.3
u02,improving,2,h0710,2026-07-03 12:00:00,12,4,sports,False,7,5,walking,13.0,False,2026-07-03 11:46:57.534767,2026-07-03 11:56:56.870573,2026-07-03 12:09:40.727448,10.0,9.7
u06,overbooked,2,h0710,2026-07-03 12:00:00,12,4,sports,False,7,5,driving,34.4,False,2026-07-03 11:25:37.848578,2026-07-03 11:37:47.030041,2026-07-03 12:13:04.571967,12.2,13.1
u10,punctual,2,h0710,2026-07-03 12:00:00,12,4,sports,False,7,5,cycling,18.4,True,2026-07-03 11:41:37.349060,2026-07-03 11:46:11.986027,2026-07-03 12:03:20.456412,4.6,3.3
u18,always_early,2,h0710,2026-07-03 12:00:00,12,4,sports,False,7,5,cycling,25.0,False,2026-07-03 11:35:02.492579,2026-07-03 11:32:47.300168,2026-07-03 11:55:17.147937,-2.3,-4.7
u22,rain_hater,2,h0710,2026-07-03 12:00:00,12,4,sports,False,7,5,walking,16.0,False,2026-07-03 11:43:57.193909,2026-07-03 11:47:36.708655,2026-07-03 12:05:06.783304,3.7,5.1
u01,overbooked,1,h0461,2026-07-04 15:00:00,15,5,sports,False,2,6,driving,39.6,True,2026-07-04 14:20:23.730223,2026-07-04 14:37:10.146921,2026-07-04 15:22:20.984966,16.8,22.3
u05,chronically_late,1,h0461,2026-07-04 15:00:00,15,5,sports,False,2,6,cycling,14.6,False,2026-07-04 14:45:21.735681,2026-07-04 14:54:08.150805,2026-07-04 15:10:49.540606,8.8,10.8
u09,morning_struggler,1,h0461,2026-07-04 15:00:00,15,5,sports,False,2,6,cycling,23.8,False,2026-07-04 14:36:10.340860,2026-07-04 14:37:59.365724,2026-07-04 15:04:55.954352,1.8,4.9
u13,rain_hater,1,h0461,2026-07-04 15:00:00,15,5,sports,False,2,6,driving,39.1,False,2026-07-04 14:20:56.847047,2026-07-04 14:21:14.081213,2026-07-04 15:01:11.056433,0.3,1.2
u17,unpredictable,1,h0461,2026-07-04 15:00:00,15,5,sports,False,2,6,driving,34.2,False,2026-07-04 14:25:47.717004,2026-07-04 14:44:14.845906,2026-07-04 15:18:18.632903,18.5,18.3
u21,always_early,1,h0461,2026-07-04 15:00:00,15,5,sports,False,2,6,driving,30.1,False,2026-07-04 14:29:56.745942,2026-07-04 14:26:29.214062,2026-07-04 14:57:23.518355,-3.5,-2.6
u05,chronically_late,1,h0462,2026-07-04 21:00:00,21,5,sports,False,4,3,cycling,11.3,False,2026-07-04 20:48:41.709022,2026-07-04 21:05:53.664167,2026-07-04 21:17:34.249258,17.2,17.6
u09,morning_struggler,1,h0462,2026-07-04 21:00:00,21,5,sports,False,4,3,cycling,22.8,False,2026-07-04 20:37:09.794601,2026-07-04 20:40:18.804015,2026-07-04 21:04:20.280991,3.2,4.3
u17,unpredictable,1,h0462,2026-07-04 21:00:00,21,5,sports,False,4,3,driving,26.5,False,2026-07-04 20:33:29.778941,2026-07-04 20:35:23.906431,2026-07-04 21:00:15.146409,1.9,0.3
u02,improving,2,h0711,2026-07-05 16:30:00,16,6,study,False,7,6,walking,20.5,False,2026-07-05 16:09:28.948452,2026-07-05 16:16:55.300621,2026-07-05 16:38:35.625517,7.4,8.6
u06,overbooked,2,h0711,2026-07-05 16:30:00,16,6,study,False,7,6,driving,16.2,True,2026-07-05 16:13:50.894369,2026-07-05 16:30:50.354643,2026-07-05 16:47:01.127529,17.0,17.0
u10,punctual,2,h0711,2026-07-05 16:30:00,16,6,study,False,7,6,cycling,13.5,False,2026-07-05 16:16:32.734102,2026-07-05 16:16:55.174373,2026-07-05 16:31:11.626210,0.4,1.2
u14,punctual,2,h0711,2026-07-05 16:30:00,16,6,study,False,7,6,walking,6.8,True,2026-07-05 16:23:12.624071,2026-07-05 16:30:22.382563,2026-07-05 16:37:17.423552,7.2,7.3
u18,always_early,2,h0711,2026-07-05 16:30:00,16,6,study,False,7,6,cycling,6.5,False,2026-07-05 16:23:32.746888,2026-07-05 16:20:12.778261,2026-07-05 16:27:27.274891,-3.3,-2.5
u22,rain_hater,2,h0711,2026-07-05 16:30:00,16,6,study,False,7,6,walking,20.9,False,2026-07-05 16:09:05.634997,2026-07-05 16:09:14.915550,2026-07-05 16:32:03.408240,0.2,2.1
u05,chronically_late,1,h0463,2026-07-06 11:00:00,11,0,coffee,False,2,3,cycling,12.6,False,2026-07-06 10:47:21.358570,2026-07-06 10:57:20.027969,2026-07-06 11:11:35.215842,10.0,11.6
u13,rain_hater,1,h0463,2026-07-06 11:00:00,11,0,coffee,False,2,3,driving,25.9,True,2026-07-06 10:34:03.035690,2026-07-06 10:36:53.790170,2026-07-06 11:05:37.339061,2.8,5.6
u17,unpredictable,1,h0463,2026-07-06 11:00:00,11,0,coffee,False,2,3,driving,16.3,False,2026-07-06 10:43:40.960316,2026-07-06 11:17:31.026650,2026-07-06 11:35:07.182883,33.8,35.1
u09,morning_struggler,1,h0464,2026-07-06 20:30:00,20,0,party,False,0,3,cycling,12.4,False,2026-07-06 20:17:33.737998,2026-07-06 20:19:58.824129,2026-07-06 20:33:49.586857,2.4,3.8
u13,rain_hater,1,h0464,2026-07-06 20:30:00,20,0,party,False,0,3,driving,29.4,True,2026-07-06 20:00:33.381603,2026-07-06 20:10:19.345584,2026-07-06 20:41:01.489368,9.8,11.0
u21,always_early,1,h0464,2026-07-06 20:30:00,20,0,party,False,0,3,driving,31.7,True,2026-07-06 19:58:15.060091,2026-07-06 20:00:57.928383,2026-07-06 20:34:40.731231,2.7,4.7
u02,improving,2,h0712,2026-07-06 21:00:00,21,0,coffee,False,5,4,walking,17.4,True,2026-07-06 20:42:38.455573,2026-07-06 20:50:21.852607,2026-07-06 21:07:07.241271,7.7,7.1
u10,punctual,2,h0712,2026-07-06 21:00:00,21,0,coffee,False,5,4,cycling,19.1,True,2026-07-06 20:40:55.091288,2026-07-06 20:45:08.806535,2026-07-06 21:02:36.310954,4.2,2.6
u14,punctual,2,h0712,2026-07-06 21:00:00,21,0,coffee,False,5,4,walking,18.7,False,2026-07-06 20:41:16.285384,2026-07-06 20:41:28.865204,2026-07-06 21:02:01.107809,0.2,2.0
u18,always_early,2,h0712,2026-07-06 21:00:00,21,0,coffee,False,5,4,cycling,11.8,False,2026-07-06 20:48:09.757934,2026-07-06 20:47:00.684397,2026-07-06 20:57:46.683148,-1.2,-2.2
u01,overbooked,1,h0465,2026-07-07 17:30:00,17,1,party,True,6,5,driving,37.9,False,2026-07-07 16:52:05.543980,2026-07-07 17:01:35.532925,2026-07-07 17:41:38.918895,9.5,11.6
u05,chronically_late,1,h0465,2026-07-07 17:30:00,17,1,party,True,6,5,cycling,14.7,False,2026-07-07 17:15:20.486125,2026-07-07 17:40:18.101579,2026-07-07 17:58:42.139131,25.0,28.7
u13,rain_hater,1,h0465,2026-07-07 17:30:00,17,1,party,True,6,5,driving,30.9,True,2026-07-07 16:59:05.319013,2026-07-07 17:19:17.922870,2026-07-07 17:54:05.820914,20.2,24.1
u17,unpredictable,1,h0465,2026-07-07 17:30:00,17,1,party,True,6,5,driving,38.0,False,2026-07-07 16:52:01.459872,2026-07-07 17:02:51.485224,2026-07-07 17:50:50.740795,10.8,20.8
u21,always_early,1,h0465,2026-07-07 17:30:00,17,1,party,True,6,5,driving,25.0,False,2026-07-07 17:05:01.098487,2026-07-07 17:08:20.093312,2026-07-07 17:36:37.717533,3.3,6.6
u03,improving,3,h0953,2026-07-07 19:00:00,19,1,party,False,4,3,driving,19.6,False,2026-07-07 18:40:22.533205,2026-07-07 18:48:22.043652,2026-07-07 19:06:42.153764,8.0,6.7
u15,morning_struggler,3,h0953,2026-07-07 19:00:00,19,1,party,False,4,3,walking,12.1,False,2026-07-07 18:47:56.901545,2026-07-07 18:58:32.618371,2026-07-07 19:10:42.480509,10.6,10.7
u23,chronically_late,3,h0953,2026-07-07 19:00:00,19,1,party,False,4,3,walking,6.0,False,2026-07-07 18:53:57.175599,2026-07-07 19:14:06.049427,2026-07-07 19:20:59.332370,20.1,21.0
u10,punctual,2,h0713,2026-07-08 12:30:00,12,2,study,False,5,3,cycling,14.3,True,2026-07-08 12:15:44.507637,2026-07-08 12:19:22.526879,2026-07-08 12:34:06.147304,3.6,4.1
u14,punctual,2,h0713,2026-07-08 12:30:00,12,2,study,False,5,3,walking,22.2,True,2026-07-08 12:07:47.320307,2026-07-08 12:13:56.677146,2026-07-08 12:36:22.334931,6.2,6.4
u18,always_early,2,h0713,2026-07-08 12:30:00,12,2,study,False,5,3,cycling,20.6,False,2026-07-08 12:09:23.925413,2026-07-08 12:04:58.021873,2026-07-08 12:28:19.299142,-4.4,-1.7
u00,overbooked,0,h0220,2026-07-08 18:00:00,18,2,party,False,1,6,cycling,8.1,False,2026-07-08 17:51:51.993698,2026-07-08 17:55:54.563187,2026-07-08 18:03:51.239360,4.0,3.9
u04,morning_struggler,0,h0220,2026-07-08 18:00:00,18,2,party,False,1,6,walking,11.1,False,2026-07-08 17:48:56.804013,2026-07-08 17:53:09.144877,2026-07-08 18:03:39.135221,4.2,3.7
u08,chronically_late,0,h0220,2026-07-08 18:00:00,18,2,party,False,1,6,driving,31.0,True,2026-07-08 17:28:58.206717,2026-07-08 17:43:20.345605,2026-07-08 18:18:41.669351,14.4,18.7
u12,improving,0,h0220,2026-07-08 18:00:00,18,2,party,False,1,6,walking,22.2,False,2026-07-08 17:37:48.347922,2026-07-08 17:45:00.342218,2026-07-08 18:08:11.032759,7.2,8.2
u16,rain_hater,0,h0220,2026-07-08 18:00:00,18,2,party,False,1,6,driving,9.6,False,2026-07-08 17:50:24.501570,2026-07-08 17:52:48.121102,2026-07-08 18:03:37.996458,2.4,3.6
u20,unpredictable,0,h0220,2026-07-08 18:00:00,18,2,party,False,1,6,driving,23.7,False,2026-07-08 17:36:18.435039,2026-07-08 17:42:37.209207,2026-07-08 18:08:49.897440,6.3,8.8
u03,improving,3,h0954,2026-07-08 20:30:00,20,2,study,False,0,4,driving,20.5,True,2026-07-08 20:09:30.331674,2026-07-08 20:15:43.559017,2026-07-08 20:38:53.735646,6.2,8.9
u07,unpredictable,3,h0954,2026-07-08 20:30:00,20,2,study,False,0,4,driving,35.8,False,2026-07-08 19:54:09.077935,2026-07-08 20:06:59.533144,2026-07-08 20:39:25.899171,12.8,9.4
u15,morning_struggler,3,h0954,2026-07-08 20:30:00,20,2,study,False,0,4,walking,14.4,True,2026-07-08 20:15:35.165488,2026-07-08 20:18:07.536104,2026-07-08 20:33:25.150482,2.5,3.4
u19,punctual,3,h0954,2026-07-08 20:30:00,20,2,study,False,0,4,driving,24.8,False,2026-07-08 20:05:09.680708,2026-07-08 20:04:38.206594,2026-07-08 20:29:13.599111,-0.5,-0.8
u01,overbooked,1,h0466,2026-07-09 14:00:00,14,3,food,False,5,6,driving,33.8,False,2026-07-09 13:26:14.803991,2026-07-09 13:31:29.287865,2026-07-09 14:04:59.171207,5.2,5.0
u05,chronically_late,1,h0466,2026-07-09 14:00:00,14,3,food,False,5,6,cycling,10.9,False,2026-07-09 13:49:07.833045,2026-07-09 13:59:01.687196,2026-07-09 14:09:56.239644,9.9,9.9
u09,morning_struggler,1,h0466,2026-07-09 14:00:00,14,3,food,False,5,6,cycling,14.0,False,2026-07-09 13:46:02.557152,2026-07-09 13:47:09.324514,2026-07-09 14:00:28.157996,1.1,0.5
u13,rain_hater,1,h0466,2026-07-09 14:00:00,14,3,food,False,5,6,driving,26.5,True,2026-07-09 13:33:32.637711,2026-07-09 13:38:36.755801,2026-07-09 14:03:53.419103,5.1,3.9
u17,unpredictable,1,h0466,2026-07-09 14:00:00,14,3,food,False,5,6,driving,16.1,True,2026-07-09 13:43:53.372905,2026-07-09 14:11:57.496863,2026-07-09 14:29:58.180592,28.1,30.0
u21,always_early,1,h0466,2026-07-09 14:00:00,14,3,food,False,5,6,driving,19.0,False,2026-07-09 13:40:57.243702,2026-07-09 13:38:41.176380,2026-07-09 13:57:49.026234,-2.3,-2.2
u00,overbooked,0,h0221,2026-07-09 18:30:00,18,3,study,False,4,6,cycling,11.0,True,2026-07-09 18:19:00.988077,2026-07-09 18:40:08.316072,2026-07-09 18:51:42.479565,21.1,21.7
u04,morning_struggler,0,h0221,2026-07-09 18:30:00,18,3,study,False,4,6,walking,19.5,False,2026-07-09 18:10:28.846113,2026-07-09 18:11:32.426010,2026-07-09 18:32:11.574029,1.1,2.2
u08,chronically_late,0,h0221,2026-07-09 18:30:00,18,3,study,False,4,6,driving,40.0,True,2026-07-09 17:50:02.504654,2026-07-09 18:00:23.130859,2026-07-09 18:39:09.760413,10.3,9.2
u12,improving,0,h0221,2026-07-09 18:30:00,18,3,study,False,4,6,walking,11.9,False,2026-07-09 18:18:05.966416,2026-07-09 18:23:29.705645,2026-07-09 18:36:56.196314,5.4,6.9
u16,rain_hater,0,h0221,2026-07-09 18:30:00,18,3,study,False,4,6,driving,32.4,False,2026-07-09 17:57:36.188468,2026-07-09 17:57:29.587076,2026-07-09 18:28:36.331373,-0.1,-1.4
u20,unpredictable,0,h0221,2026-07-09 18:30:00,18,3,study,False,4,6,driving,21.6,True,2026-07-09 18:08:23.202288,2026-07-09 18:20:17.747337,2026-07-09 18:43:11.771537,11.9,13.2
u01,overbooked,1,h0468,2026-07-10 12:00:00,12,4,sports,False,3,5,driving,29.3,False,2026-07-10 11:30:39.070697,2026-07-10 11:31:47.046138,2026-07-10 11:59:27.925985,1.1,-0.5
u05,chronically_late,1,h0468,2026-07-10 12:00:00,12,4,sports,False,3,5,cycling,18.4,False,2026-07-10 11:41:36.741415,2026-07-10 11:53:27.665953,2026-07-10 12:11:40.733656,11.8,11.7
u09,morning_struggler,1,h0468,2026-07-10 12:00:00,12,4,sports,False,3,5,cycling,21.2,False,2026-07-10 11:38:48.242245,2026-07-10 11:43:18.474533,2026-07-10 12:04:18.082026,4.5,4.3
u13,rain_hater,1,h0468,2026-07-10 12:00:00,12,4,sports,False,3,5,driving,22.2,False,2026-07-10 11:37:49.513585,2026-07-10 11:39:59.173471,2026-07-10 12:02:59.678030,2.2,3.0
u17,unpredictable,1,h0468,2026-07-10 12:00:00,12,4,sports,False,3,5,driving,20.3,False,2026-07-10 11:39:39.697639,2026-07-10 11:38:08.703895,2026-07-10 11:58:36.653241,-1.5,-1.4
u00,overbooked,0,h0222,2026-07-10 16:30:00,16,4,coffee,True,2,6,cycling,22.4,True,2026-07-10 16:07:35.239557,2026-07-10 16:26:49.015850,2026-07-10 16:49:54.464983,19.2,19.9
u01,overbooked,1,h0467,2026-07-10 16:30:00,16,4,sports,True,0,6,driving,25.7,True,2026-07-10 16:04:18.720256,2026-07-10 16:22:55.204832,2026-07-10 16:50:59.865543,18.6,21.0
u04,morning_struggler,0,h0222,2026-07-10 16:30:00,16,4,coffee,True,2,6,walking,12.2,False,2026-07-10 16:17:50.627961,2026-07-10 16:23:07.273007,2026-07-10 16:37:22.906471,5.3,7.4
u05,chronically_late,1,h0467,2026-07-10 16:30:00,16,4,sports,True,0,6,cycling,9.7,False,2026-07-10 16:20:19.421983,2026-07-10 16:29:55.639202,2026-07-10 16:42:09.858690,9.6,12.2
u08,chronically_late,0,h0222,2026-07-10 16:30:00,16,4,coffee,True,2,6,driving,34.5,True,2026-07-10 15:55:27.497164,2026-07-10 16:08:58.056121,2026-07-10 16:43:33.964802,13.5,13.6
u09,morning_struggler,1,h0467,2026-07-10 16:30:00,16,4,sports,True,0,6,cycling,10.3,False,2026-07-10 16:19:40.233240,2026-07-10 16:24:15.215362,2026-07-10 16:36:25.783415,4.6,6.4
u12,improving,0,h0222,2026-07-10 16:30:00,16,4,coffee,True,2,6,walking,17.0,False,2026-07-10 16:12:57.270174,2026-07-10 16:17:14.158548,2026-07-10 16:35:43.356881,4.3,5.7
u13,rain_hater,1,h0467,2026-07-10 16:30:00,16,4,sports,True,0,6,driving,9.4,False,2026-07-10 16:20:37.281355,2026-07-10 16:32:29.283193,2026-07-10 16:43:30.411501,11.9,13.5
u16,rain_hater,0,h0222,2026-07-10 16:30:00,16,4,coffee,True,2,6,driving,32.5,False,2026-07-10 15:57:29.585884,2026-07-10 16:07:44.340825,2026-07-10 16:41:21.512252,10.2,11.4
u17,unpredictable,1,h0467,2026-07-10 16:30:00,16,4,sports,True,0,6,driving,38.6,False,2026-07-10 15:51:23.497744,2026-07-10 15:54:15.891126,2026-07-10 16:38:00.514864,2.9,8.0
u20,unpredictable,0,h0222,2026-07-10 16:30:00,16,4,coffee,True,2,6,driving,35.8,False,2026-07-10 15:54:12.008110,2026-07-10 16:04:08.805930,2026-07-10 16:40:16.322091,9.9,10.3
u21,always_early,1,h0467,2026-07-10 16:30:00,16,4,sports,True,0,6,driving,31.4,False,2026-07-10 15:58:35.006087,2026-07-10 15:55:51.845124,2026-07-10 16:32:03.472564,-2.7,2.1
u02,improving,2,h0715,2026-07-10 19:30:00,19,4,coffee,False,4,6,walking,23.8,False,2026-07-10 19:06:12.318872,2026-07-10 19:10:26.286785,2026-07-10 19:34:07.593932,4.2,4.1
u06,overbooked,2,h0715,2026-07-10 19:30:00,19,4,coffee,False,4,6,driving,33.2,True,2026-07-10 18:56:50.097173,2026-07-10 19:19:29.705381,2026-07-10 19:50:02.719405,22.7,20.0
u10,punctual,2,h0715,2026-07-10 19:30:00,19,4,coffee,False,4,6,cycling,10.3,True,2026-07-10 19:19:40.302445,2026-07-10 19:28:02.097948,2026-07-10 19:39:27.891103,8.4,9.5
u14,punctual,2,h0715,2026-07-10 19:30:00,19,4,coffee,False,4,6,walking,11.8,False,2026-07-10 19:18:11.826997,2026-07-10 19:20:37.880641,2026-07-10 19:33:00.706786,2.4,3.0
u18,always_early,2,h0715,2026-07-10 19:30:00,19,4,coffee,False,4,6,cycling,22.3,False,2026-07-10 19:07:40.779383,2026-07-10 19:03:58.555772,2026-07-10 19:29:31.207786,-3.7,-0.5
u22,rain_hater,2,h0715,2026-07-10 19:30:00,19,4,coffee,False,4,6,walking,7.9,True,2026-07-10 19:22:05.879101,2026-07-10 19:26:37.762358,2026-07-10 19:33:56.602362,4.5,3.9
u02,improving,2,h0714,2026-07-10 21:00:00,21,4,sports,False,3,3,walking,13.6,True,2026-07-10 20:46:21.890186,2026-07-10 20:54:30.516502,2026-07-10 21:06:47.095475,8.1,6.8
u18,always_early,2,h0714,2026-07-10 21:00:00,21,4,sports,False,3,3,cycling,8.2,True,2026-07-10 20:51:50.886355,2026-07-10 20:51:20.389805,2026-07-10 21:00:20.605539,-0.5,0.3
u22,rain_hater,2,h0714,2026-07-10 21:00:00,21,4,sports,False,3,3,walking,12.5,False,2026-07-10 20:47:32.449342,2026-07-10 20:48:57.803793,2026-07-10 21:02:31.588571,1.4,2.5
u02,improving,2,h0716,2026-07-10 22:00:00,22,4,party,False,6,6,walking,5.3,False,2026-07-10 21:54:44.858915,2026-07-10 22:03:29.015980,2026-07-10 22:09:28.972058,8.7,9.5
u06,overbooked,2,h0716,2026-07-10 22:00:00,22,4,party,False,6,6,driving,37.3,False,2026-07-10 21:22:42.206385,2026-07-10 21:28:11.583631,2026-07-10 22:10:01.134675,5.5,10.0
u10,punctual,2,h0716,2026-07-10 22:00:00,22,4,party,False,6,6,cycling,17.4,False,2026-07-10 21:42:37.561380,2026-07-10 21:47:43.578804,2026-07-10 22:05:04.336632,5.1,5.1
u14,punctual,2,h0716,2026-07-10 22:00:00,22,4,party,False,6,6,walking,22.8,True,2026-07-10 21:37:09.327796,2026-07-10 21:49:41.130917,2026-07-10 22:11:05.958157,12.5,11.1
u18,always_early,2,h0716,2026-07-10 22:00:00,22,4,party,False,6,6,cycling,9.1,False,2026-07-10 21:50:52.073806,2026-07-10 21:52:13.044013,2026-07-10 22:00:49.913119,1.3,0.8
u22,rain_hater,2,h0716,2026-07-10 22:00:00,22,4,party,False,6,6,walking,5.8,False,2026-07-10 21:54:10.662842,2026-07-10 21:59:23.602153,2026-07-10 22:06:00.954211,5.2,6.0
u07,unpredictable,3,h0955,2026-07-12 18:00:00,18,6,coffee,False,1,5,driving,10.9,False,2026-07-12 17:49:06.586361,2026-07-12 18:25:10.939668,2026-07-12 18:37:04.444247,36.1,37.1
u11,always_early,3,h0955,2026-07-12 18:00:00,18,6,coffee,False,1,5,driving,28.1,True,2026-07-12 17:31:55.030650,2026-07-12 17:30:39.380520,2026-07-12 17:57:22.455010,-1.3,-2.6
u15,morning_struggler,3,h0955,2026-07-12 18:00:00,18,6,coffee,False,1,5,walking,23.3,False,2026-07-12 17:36:39.092634,2026-07-12 17:35:49.380049,2026-07-12 18:00:34.213158,-0.8,0.6
u19,punctual,3,h0955,2026-07-12 18:00:00,18,6,coffee,False,1,5,driving,30.5,False,2026-07-12 17:29:29.396110,2026-07-12 17:31:23.862972,2026-07-12 17:58:56.582335,1.9,-1.1
u23,chronically_late,3,h0955,2026-07-12 18:00:00,18,6,coffee,False,1,5,walking,17.0,False,2026-07-12 17:42:59.954464,2026-07-12 17:53:26.994450,2026-07-12 18:09:19.983095,10.5,9.3
u01,overbooked,1,h0469,2026-07-12 19:30:00,19,6,food,False,3,4,driving,37.8,False,2026-07-12 18:52:14.592672,2026-07-12 18:56:01.819958,2026-07-12 19:34:31.988366,3.8,4.5
u05,chronically_late,1,h0469,2026-07-12 19:30:00,19,6,food,False,3,4,cycling,9.2,False,2026-07-12 19:20:45.582761,2026-07-12 19:34:52.231839,2026-07-12 19:44:50.605194,14.1,14.8
u13,rain_hater,1,h0469,2026-07-12 19:30:00,19,6,food,False,3,4,driving,17.0,True,2026-07-12 19:12:57.239548,2026-07-12 19:15:50.300435,2026-07-12 19:34:30.487717,2.9,4.5
u21,always_early,1,h0469,2026-07-12 19:30:00,19,6,food,False,3,4,driving,15.1,True,2026-07-12 19:14:52.141861,2026-07-12 19:14:21.824146,2026-07-12 19:28:53.479190,-0.5,-1.1
u06,overbooked,2,h0717,2026-07-12 20:00:00,20,6,study,True,5,3,driving,31.1,True,2026-07-12 19:28:51.927084,2026-07-12 19:47:02.919368,2026-07-12 20:23:34.284307,18.2,23.6
u14,punctual,2,h0717,2026-07-12 20:00:00,20,6,study,True,5,3,walking,14.7,True,2026-07-12 19:45:15.334589,2026-07-12 19:51:41.607433,2026-07-12 20:08:35.446369,6.4,8.6
u22,rain_hater,2,h0717,2026-07-12 20:00:00,20,6,study,True,5,3,walking,18.7,True,2026-07-12 19:41:18.931628,2026-07-12 19:55:56.583232,2026-07-12 20:19:17.991461,14.6,19.3
u01,overbooked,1,h0470,2026-07-13 08:00:00,8,0,coffee,False,1,5,driving,12.7,True,2026-07-13 07:47:19.095627,2026-07-13 08:06:38.056659,2026-07-13 08:18:40.982947,19.3,18.7
u09,morning_struggler,1,h0470,2026-07-13 08:00:00,8,0,coffee,False,1,5,cycling,6.7,False,2026-07-13 07:53:19.672048,2026-07-13 08:11:39.032860,2026-07-13 08:17:57.825070,18.3,18.0
u13,rain_hater,1,h0470,2026-07-13 08:00:00,8,0,coffee,False,1,5,driving,16.5,True,2026-07-13 07:43:30.542228,2026-07-13 07:48:39.898878,2026-07-13 08:04:32.254182,5.2,4.5
u17,unpredictable,1,h0470,2026-07-13 08:00:00,8,0,coffee,False,1,5,driving,9.5,True,2026-07-13 07:50:27.279647,2026-07-13 07:56:42.626300,2026-07-13 08:05:38.023221,6.3,5.6
u21,always_early,1,h0470,2026-07-13 08:00:00,8,0,coffee,False,1,5,driving,37.8,False,2026-07-13 07:22:11.616466,2026-07-13 07:21:53.269273,2026-07-13 07:55:59.883284,-0.3,-4.0
u00,overbooked,0,h0223,2026-07-14 19:30:00,19,1,coffee,False,6,3,cycling,21.6,False,2026-07-14 19:08:26.250121,2026-07-14 19:11:00.246856,2026-07-14 19:31:10.610031,2.6,1.2
u02,improving,2,h0718,2026-07-14 19:30:00,19,1,coffee,False,1,3,walking,8.8,False,2026-07-14 19:21:10.269337,2026-07-14 19:23:05.090297,2026-07-14 19:32:26.394508,1.9,2.4
u08,chronically_late,0,h0223,2026-07-14 19:30:00,19,1,coffee,False,6,3,driving,32.1,False,2026-07-14 18:57:53.936603,2026-07-14 19:11:10.652821,2026-07-14 19:47:19.572444,13.3,17.3
u10,punctual,2,h0718,2026-07-14 19:30:00,19,1,coffee,False,1,3,cycling,8.4,True,2026-07-14 19:21:36.372960,2026-07-14 19:28:37.728410,2026-07-14 19:37:14.954748,7.0,7.2
u12,improving,0,h0223,2026-07-14 19:30:00,19,1,coffee,False,6,3,walking,23.6,False,2026-07-14 19:06:26.031440,2026-07-14 19:10:42.854198,2026-07-14 19:34:04.003005,4.3,4.1
u18,always_early,2,h0718,2026-07-14 19:30:00,19,1,coffee,False,1,3,cycling,11.7,True,2026-07-14 19:18:20.848252,2026-07-14 19:17:26.307899,2026-07-14 19:30:45.619586,-0.9,0.8
u00,overbooked,0,h0224,2026-07-14 21:30:00,21,1,party,False,7,3,cycling,19.0,True,2026-07-14 21:11:02.760150,2026-07-14 21:37:12.344656,2026-07-14 21:55:17.385073,26.2,25.3
u04,morning_struggler,0,h0224,2026-07-14 21:30:00,21,1,party,False,7,3,walking,20.7,False,2026-07-14 21:09:19.126911,2026-07-14 21:18:04.103318,2026-07-14 21:37:25.975512,8.7,7.4
u16,rain_hater,0,h0224,2026-07-14 21:30:00,21,1,party,False,7,3,driving,39.9,True,2026-07-14 20:50:05.709386,2026-07-14 21:01:50.599894,2026-07-14 21:44:14.660733,11.7,14.2
u01,overbooked,1,h0472,2026-07-15 10:30:00,10,2,study,False,3,4,driving,29.1,True,2026-07-15 10:00:51.278892,2026-07-15 10:17:54.615299,2026-07-15 10:48:35.490324,17.1,18.6
u05,chronically_late,1,h0472,2026-07-15 10:30:00,10,2,study,False,3,4,cycling,10.2,False,2026-07-15 10:19:48.449618,2026-07-15 10:31:20.065178,2026-07-15 10:40:48.392634,11.5,10.8
u13,rain_hater,1,h0472,2026-07-15 10:30:00,10,2,study,False,3,4,driving,8.5,True,2026-07-15 10:21:27.989629,2026-07-15 10:26:23.764200,2026-07-15 10:34:17.111578,4.9,4.3
u17,unpredictable,1,h0472,2026-07-15 10:30:00,10,2,study,False,3,4,driving,31.5,True,2026-07-15 09:58:27.886515,2026-07-15 10:03:03.582263,2026-07-15 10:32:50.868077,4.6,2.8
u01,overbooked,1,h0471,2026-07-15 21:00:00,21,2,coffee,False,5,3,driving,33.7,False,2026-07-15 20:26:15.188211,2026-07-15 20:28:12.326301,2026-07-15 21:02:51.829194,2.0,2.9
u13,rain_hater,1,h0471,2026-07-15 21:00:00,21,2,coffee,False,5,3,driving,15.3,True,2026-07-15 20:44:43.615408,2026-07-15 20:48:53.217160,2026-07-15 21:05:56.039338,4.2,5.9
u21,always_early,1,h0471,2026-07-15 21:00:00,21,2,coffee,False,5,3,driving,21.6,False,2026-07-15 20:38:23.238163,2026-07-15 20:37:03.842410,2026-07-15 20:59:45.362928,-1.3,-0.2
u07,unpredictable,3,h0956,2026-07-16 08:00:00,8,3,sports,True,2,4,driving,23.2,False,2026-07-16 07:36:45.325207,2026-07-16 07:54:12.079820,2026-07-16 08:20:33.611452,17.4,20.6
u11,always_early,3,h0956,2026-07-16 08:00:00,8,3,sports,True,2,4,driving,34.2,False,2026-07-16 07:25:48.993977,2026-07-16 07:26:14.580579,2026-07-16 08:04:17.640093,0.4,4.3
u15,morning_struggler,3,h0956,2026-07-16 08:00:00,8,3,sports,True,2,4,walking,9.7,False,2026-07-16 07:50:19.494729,2026-07-16 08:09:37.732857,2026-07-16 08:20:14.101985,19.3,20.2
u19,punctual,3,h0956,2026-07-16 08:00:00,8,3,sports,True,2,4,driving,34.1,True,2026-07-16 07:25:56.938326,2026-07-16 07:34:06.660045,2026-07-16 08:12:54.273437,8.2,12.9
u01,overbooked,1,h0473,2026-07-17 11:00:00,11,4,food,False,7,5,driving,12.1,False,2026-07-17 10:47:53.160566,2026-07-17 10:51:35.368756,2026-07-17 11:03:26.291347,3.7,3.4
u03,improving,3,h0958,2026-07-17 11:00:00,11,4,party,False,5,5,driving,19.3,False,2026-07-17 10:40:39.957192,2026-07-17 10:52:49.023701,2026-07-17 11:13:31.083459,12.2,13.5
u05,chronically_late,1,h0473,2026-07-17 11:00:00,11,4,food,False,7,5,cycling,13.2,False,2026-07-17 10:46:50.560098,2026-07-17 10:59:11.848004,2026-07-17 11:12:15.662835,12.4,12.3
u09,morning_struggler,1,h0473,2026-07-17 11:00:00,11,4,food,False,7,5,cycling,18.3,True,2026-07-17 10:41:40.022974,2026-07-17 10:52:43.615672,2026-07-17 11:09:40.137157,11.1,9.7
u11,always_early,3,h0958,2026-07-17 11:00:00,11,4,party,False,5,5,driving,29.2,True,2026-07-17 10:30:47.314177,2026-07-17 10:33:05.371728,2026-07-17 11:03:01.736355,2.3,3.0
u13,rain_hater,1,h0473,2026-07-17 11:00:00,11,4,food,False,7,5,driving,10.6,True,2026-07-17 10:49:26.946088,2026-07-17 11:00:21.675271,2026-07-17 11:12:11.837038,10.9,12.2
u15,morning_struggler,3,h0958,2026-07-17 11:00:00,11,4,party,False,5,5,walking,15.4,False,2026-07-17 10:44:34.192701,2026-07-17 10:48:35.579128,2026-07-17 11:06:05.910655,4.0,6.1
u19,punctual,3,h0958,2026-07-17 11:00:00,11,4,party,False,5,5,driving,29.6,False,2026-07-17 10:30:22.676143,2026-07-17 10:42:05.887002,2026-07-17 11:09:47.827224,11.7,9.8
u21,always_early,1,h0473,2026-07-17 11:00:00,11,4,food,False,7,5,driving,15.9,True,2026-07-17 10:44:03.294450,2026-07-17 10:44:28.450538,2026-07-17 11:01:30.715337,0.4,1.5
u23,chronically_late,3,h0958,2026-07-17 11:00:00,11,4,party,False,5,5,walking,8.1,False,2026-07-17 10:51:53.059752,2026-07-17 11:12:24.923132,2026-07-17 11:21:06.135325,20.5,21.1
u00,overbooked,0,h0226,2026-07-17 12:00:00,12,4,party,False,6,3,cycling,12.3,True,2026-07-17 11:47:42.432676,2026-07-17 12:11:44.405726,2026-07-17 12:24:14.612193,24.0,24.2
u04,morning_struggler,0,h0226,2026-07-17 12:00:00,12,4,party,False,6,3,walking,5.6,False,2026-07-17 11:54:22.467298,2026-07-17 12:00:51.060428,2026-07-17 12:06:24.661462,6.5,6.4
u12,improving,0,h0226,2026-07-17 12:00:00,12,4,party,False,6,3,walking,12.7,False,2026-07-17 11:47:18.246438,2026-07-17 11:54:10.164160,2026-07-17 12:05:36.902189,6.9,5.6
u00,overbooked,0,h0225,2026-07-17 20:00:00,20,4,study,False,7,6,cycling,24.6,True,2026-07-17 19:35:24.657947,2026-07-17 19:55:11.373665,2026-07-17 20:19:51.010556,19.8,19.9
u04,morning_struggler,0,h0225,2026-07-17 20:00:00,20,4,study,False,7,6,walking,18.6,True,2026-07-17 19:41:21.819929,2026-07-17 19:46:41.642371,2026-07-17 20:04:08.968674,5.3,4.1
u08,chronically_late,0,h0225,2026-07-17 20:00:00,20,4,study,False,7,6,driving,22.6,False,2026-07-17 19:37:25.380660,2026-07-17 19:45:50.780585,2026-07-17 20:08:21.226969,8.4,8.4
u12,improving,0,h0225,2026-07-17 20:00:00,20,4,study,False,7,6,walking,16.1,False,2026-07-17 19:43:56.698747,2026-07-17 19:46:09.088655,2026-07-17 20:01:15.414631,2.2,1.3
u16,rain_hater,0,h0225,2026-07-17 20:00:00,20,4,study,False,7,6,driving,15.6,False,2026-07-17 19:44:23.065944,2026-07-17 19:47:35.446304,2026-07-17 20:02:23.369563,3.2,2.4
u20,unpredictable,0,h0225,2026-07-17 20:00:00,20,4,study,False,7,6,driving,18.0,False,2026-07-17 19:42:00.614261,2026-07-17 19:43:00.396259,2026-07-17 19:59:22.862765,1.0,-0.6
u03,improving,3,h0957,2026-07-17 22:30:00,22,4,party,False,7,6,driving,15.3,True,2026-07-17 22:14:40.142083,2026-07-17 22:27:34.165518,2026-07-17 22:42:32.605013,12.9,12.5
u07,unpredictable,3,h0957,2026-07-17 22:30:00,22,4,party,False,7,6,driving,10.0,False,2026-07-17 22:19:57.602065,2026-07-17 22:26:53.902296,2026-07-17 22:37:57.088043,6.9,8.0
u11,always_early,3,h0957,2026-07-17 22:30:00,22,4,party,False,7,6,driving,20.5,False,2026-07-17 22:09:27.203102,2026-07-17 22:09:49.592014,2026-07-17 22:30:25.339912,0.4,0.4
u15,morning_struggler,3,h0957,2026-07-17 22:30:00,22,4,party,False,7,6,walking,18.5,False,2026-07-17 22:11:29.048988,2026-07-17 22:16:12.790269,2026-07-17 22:36:21.176527,4.7,6.4
u19,punctual,3,h0957,2026-07-17 22:30:00,22,4,party,False,7,6,driving,9.8,False,2026-07-17 22:20:13.133618,2026-07-17 22:24:46.219771,2026-07-17 22:35:33.005664,4.6,5.6
u23,chronically_late,3,h0957,2026-07-17 22:30:00,22,4,party,False,7,6,walking,19.3,False,2026-07-17 22:10:43.166955,2026-07-17 22:22:57.571101,2026-07-17 22:42:24.505750,12.2,12.4
u03,improving,3,h0959,2026-07-18 17:30:00,17,5,food,True,3,6,driving,20.4,False,2026-07-18 17:09:34.336439,2026-07-18 17:13:52.047140,2026-07-18 17:37:45.111932,4.3,7.8
u07,unpredictable,3,h0959,2026-07-18 17:30:00,17,5,food,True,3,6,driving,16.5,False,2026-07-18 17:13:29.069879,2026-07-18 17:17:09.381032,2026-07-18 17:33:51.983715,3.7,3.9
u11,always_early,3,h0959,2026-07-18 17:30:00,17,5,food,True,3,6,driving,22.8,True,2026-07-18 17:07:10.639734,2026-07-18 17:08:10.829473,2026-07-18 17:33:10.172750,1.0,3.2
u15,morning_struggler,3,h0959,2026-07-18 17:30:00,17,5,food,True,3,6,walking,12.9,True,2026-07-18 17:17:07.343735,2026-07-18 17:23:55.566970,2026-07-18 17:39:17.881144,6.8,9.3
u19,punctual,3,h0959,2026-07-18 17:30:00,17,5,food,True,3,6,driving,37.5,False,2026-07-18 16:52:31.177264,2026-07-18 16:54:57.699646,2026-07-18 17:32:47.919731,2.4,2.8
u23,chronically_late,3,h0959,2026-07-18 17:30:00,17,5,food,True,3,6,walking,19.2,True,2026-07-18 17:10:48.842962,2026-07-18 17:23:34.540427,2026-07-18 17:47:37.794588,12.8,17.6
u01,overbooked,1,h0474,2026-07-18 19:30:00,19,5,study,False,0,5,driving,34.4,False,2026-07-18 18:55:34.564240,2026-07-18 18:59:10.179570,2026-07-18 19:33:55.679574,3.6,3.9
u05,chronically_late,1,h0474,2026-07-18 19:30:00,19,5,study,False,0,5,cycling,14.8,True,2026-07-18 19:15:12.054351,2026-07-18 19:39:40.497624,2026-07-18 19:53:55.191508,24.5,23.9
u13,rain_hater,1,h0474,2026-07-18 19:30:00,19,5,study,False,0,5,driving,24.9,False,2026-07-18 19:05:04.847268,2026-07-18 19:06:29.522030,2026-07-18 19:30:24.902336,1.4,0.4
u17,unpredictable,1,h0474,2026-07-18 19:30:00,19,5,study,False,0,5,driving,10.5,False,2026-07-18 19:19:29.170565,2026-07-18 19:20:27.477002,2026-07-18 19:32:04.809873,1.0,2.1
u21,always_early,1,h0474,2026-07-18 19:30:00,19,5,study,False,0,5,driving,32.2,False,2026-07-18 18:57:46.305882,2026-07-18 18:52:47.824122,2026-07-18 19:28:11.326016,-5.0,-1.8
u07,unpredictable,3,h0961,2026-07-19 12:00:00,12,6,sports,False,6,4,driving,19.4,False,2026-07-19 11:40:35.628793,2026-07-19 11:51:14.482782,2026-07-19 12:13:27.291805,10.6,13.5
u11,always_early,3,h0961,2026-07-19 12:00:00,12,6,sports,False,6,4,driving,24.9,False,2026-07-19 11:35:05.543154,2026-07-19 11:33:58.247719,2026-07-19 11:59:28.166940,-1.1,-0.5
u15,morning_struggler,3,h0961,2026-07-19 12:00:00,12,6,sports,False,6,4,walking,14.1,False,2026-07-19 11:45:51.298517,2026-07-19 11:50:08.481919,2026-07-19 12:03:10.870811,4.3,3.2
u23,chronically_late,3,h0961,2026-07-19 12:00:00,12,6,sports,False,6,4,walking,9.5,False,2026-07-19 11:50:29.462598,2026-07-19 12:05:08.962333,2026-07-19 12:15:47.333111,14.7,15.8
u03,improving,3,h0960,2026-07-19 18:00:00,18,6,party,False,1,5,driving,24.4,False,2026-07-19 17:35:37.385878,2026-07-19 17:40:18.865770,2026-07-19 18:04:31.295010,4.7,4.5
u07,unpredictable,3,h0960,2026-07-19 18:00:00,18,6,party,False,1,5,driving,32.0,True,2026-07-19 17:27:57.734135,2026-07-19 17:31:10.925956,2026-07-19 18:01:27.743326,3.2,1.5
u11,always_early,3,h0960,2026-07-19 18:00:00,18,6,party,False,1,5,driving,8.0,True,2026-07-19 17:51:58.795836,2026-07-19 17:53:58.335020,2026-07-19 18:02:14.799948,2.0,2.2
u15,morning_struggler,3,h0960,2026-07-19 18:00:00,18,6,party,False,1,5,walking,14.7,False,2026-07-19 17:45:18.130478,2026-07-19 17:49:56.015907,2026-07-19 18:06:33.572521,4.6,6.6
u19,punctual,3,h0960,2026-07-19 18:00:00,18,6,party,False,1,5,driving,20.6,False,2026-07-19 17:39:23.175421,2026-07-19 17:41:39.651448,2026-07-19 18:01:34.422735,2.3,1.6
u03,improving,3,h0964,2026-07-21 08:00:00,8,1,food,False,6,3,driving,36.1,False,2026-07-21 07:23:51.889532,2026-07-21 07:34:26.792560,2026-07-21 08:13:03.028553,10.6,13.1
u15,morning_struggler,3,h0964,2026-07-21 08:00:00,8,1,food,False,6,3,walking,15.0,False,2026-07-21 07:45:00.366344,2026-07-21 08:05:39.412166,2026-07-21 08:22:32.467877,20.7,22.5
u19,punctual,3,h0964,2026-07-21 08:00:00,8,1,food,False,6,3,driving,12.8,True,2026-07-21 07:47:09.902093,2026-07-21 07:54:20.612080,2026-07-21 08:06:39.760389,7.2,6.7
u02,improving,2,h0720,2026-07-21 09:00:00,9,1,study,False,5,6,walking,22.3,False,2026-07-21 08:37:42.794533,2026-07-21 08:42:53.330876,2026-07-21 09:05:47.316779,5.2,5.8
u06,overbooked,2,h0720,2026-07-21 09:00:00,9,1,study,False,5,6,driving,18.4,True,2026-07-21 08:41:34.425700,2026-07-21 08:59:46.974872,2026-07-21 09:20:56.889100,18.2,20.9
u10,punctual,2,h0720,2026-07-21 09:00:00,9,1,study,False,5,6,cycling,14.5,False,2026-07-21 08:45:28.276763,2026-07-21 08:48:17.747932,2026-07-21 09:04:18.521951,2.8,4.3
u14,punctual,2,h0720,2026-07-21 09:00:00,9,1,study,False,5,6,walking,16.3,False,2026-07-21 08:43:39.265673,2026-07-21 08:45:47.414420,2026-07-21 09:01:42.688385,2.1,1.7
u18,always_early,2,h0720,2026-07-21 09:00:00,9,1,study,False,5,6,cycling,11.3,False,2026-07-21 08:48:42.106204,2026-07-21 08:46:43.645699,2026-07-21 08:58:15.385497,-2.0,-1.7
u22,rain_hater,2,h0720,2026-07-21 09:00:00,9,1,study,False,5,6,walking,9.0,False,2026-07-21 08:50:59.321698,2026-07-21 08:53:10.831914,2026-07-21 09:02:11.961108,2.2,2.2
u03,improving,3,h0963,2026-07-21 12:30:00,12,1,coffee,False,7,6,driving,29.1,False,2026-07-21 12:00:51.727545,2026-07-21 12:06:04.576512,2026-07-21 12:33:37.471902,5.2,3.6
u07,unpredictable,3,h0963,2026-07-21 12:30:00,12,1,coffee,False,7,6,driving,19.2,False,2026-07-21 12:10:48.333726,2026-07-21 12:15:03.770678,2026-07-21 12:33:44.678867,4.3,3.7
u11,always_early,3,h0963,2026-07-21 12:30:00,12,1,coffee,False,7,6,driving,31.0,False,2026-07-21 11:59:02.425107,2026-07-21 11:57:58.234389,2026-07-21 12:29:28.204421,-1.1,-0.5
u13,rain_hater,1,h0475,2026-07-21 12:30:00,12,1,party,True,6,3,driving,23.6,True,2026-07-21 12:06:23.750952,2026-07-21 12:26:41.329836,2026-07-21 12:55:45.531226,20.3,25.8
u15,morning_struggler,3,h0963,2026-07-21 12:30:00,12,1,coffee,False,7,6,walking,18.3,False,2026-07-21 12:11:40.404106,2026-07-21 12:14:17.937438,2026-07-21 12:32:24.376819,2.6,2.4
u17,unpredictable,1,h0475,2026-07-21 12:30:00,12,1,party,True,6,3,driving,26.0,False,2026-07-21 12:04:02.462652,2026-07-21 12:11:26.869765,2026-07-21 12:38:28.306956,7.4,8.5
u19,punctual,3,h0963,2026-07-21 12:30:00,12,1,coffee,False,7,6,driving,23.5,False,2026-07-21 12:06:32.508139,2026-07-21 12:08:05.894347,2026-07-21 12:32:56.878513,1.6,2.9
u21,always_early,1,h0475,2026-07-21 12:30:00,12,1,party,True,6,3,driving,25.4,True,2026-07-21 12:04:36.043274,2026-07-21 12:11:08.697390,2026-07-21 12:37:14.689770,6.5,7.2
u23,chronically_late,3,h0963,2026-07-21 12:30:00,12,1,coffee,False,7,6,walking,14.5,False,2026-07-21 12:15:32.731495,2026-07-21 12:38:21.761493,2026-07-21 12:52:30.223871,22.8,22.5
u03,improving,3,h0962,2026-07-21 13:00:00,13,1,party,False,0,6,driving,11.5,False,2026-07-21 12:48:32.421800,2026-07-21 12:57:54.356786,2026-07-21 13:08:19.504235,9.4,8.3
u07,unpredictable,3,h0962,2026-07-21 13:00:00,13,1,party,False,0,6,driving,29.7,False,2026-07-21 12:30:17.712365,2026-07-21 12:38:07.155601,2026-07-21 13:09:51.450446,7.8,9.9
u11,always_early,3,h0962,2026-07-21 13:00:00,13,1,party,False,0,6,driving,39.3,False,2026-07-21 12:20:40.255292,2026-07-21 12:20:51.155807,2026-07-21 13:00:12.336570,0.2,0.2
u15,morning_struggler,3,h0962,2026-07-21 13:00:00,13,1,party,False,0,6,walking,11.8,False,2026-07-21 12:48:09.901108,2026-07-21 12:58:47.019703,2026-07-21 13:10:33.782755,10.6,10.6
u19,punctual,3,h0962,2026-07-21 13:00:00,13,1,party,False,0,6,driving,14.0,True,2026-07-21 12:46:00.191569,2026-07-21 12:50:35.449771,2026-07-21 13:03:16.942927,4.6,3.3
u23,chronically_late,3,h0962,2026-07-21 13:00:00,13,1,party,False,0,6,walking,19.5,False,2026-07-21 12:40:32.726951,2026-07-21 12:54:34.082389,2026-07-21 13:16:23.271542,14.0,16.4
u02,improving,2,h0719,2026-07-21 18:00:00,18,1,sports,True,6,6,walking,5.9,False,2026-07-21 17:54:05.293545,2026-07-21 18:07:18.364764,2026-07-21 18:14:38.529061,13.2,14.6
u06,overbooked,2,h0719,2026-07-21 18:00:00,18,1,sports,True,6,6,driving,9.5,True,2026-07-21 17:50:30.474584,2026-07-21 18:10:27.859860,2026-07-21 18:20:46.519401,20.0,20.8
u10,punctual,2,h0719,2026-07-21 18:00:00,18,1,sports,True,6,6,cycling,18.6,False,2026-07-21 17:41:21.549020,2026-07-21 17:43:47.392980,2026-07-21 18:02:25.615165,2.4,2.4
u14,punctual,2,h0719,2026-07-21 18:00:00,18,1,sports,True,6,6,walking,20.1,False,2026-07-21 17:39:55.724422,2026-07-21 17:43:22.223470,2026-07-21 18:04:02.550965,3.4,4.0
u18,always_early,2,h0719,2026-07-21 18:00:00,18,1,sports,True,6,6,cycling,20.0,False,2026-07-21 17:40:02.400938,2026-07-21 17:39:26.801189,2026-07-21 17:59:58.886724,-0.6,-0.0
u22,rain_hater,2,h0719,2026-07-21 18:00:00,18,1,sports,True,6,6,walking,10.3,False,2026-07-21 17:49:41.361885,2026-07-21 18:07:09.729282,2026-07-21 18:19:29.078817,17.5,19.5
u00,overbooked,0,h0228,2026-07-23 12:30:00,12,3,sports,False,7,3,cycling,18.3,True,2026-07-23 12:11:43.619769,2026-07-23 12:36:05.085863,2026-07-23 12:55:39.669592,24.4,25.7
u04,morning_struggler,0,h0228,2026-07-23 12:30:00,12,3,sports,False,7,3,walking,7.2,True,2026-07-23 12:22:47.166140,2026-07-23 12:31:00.637171,2026-07-23 12:37:36.160994,8.2,7.6
u08,chronically_late,0,h0228,2026-07-23 12:30:00,12,3,sports,False,7,3,driving,33.9,False,2026-07-23 11:56:05.243176,2026-07-23 12:08:57.255967,2026-07-23 12:43:52.231748,12.9,13.9
u06,overbooked,2,h0721,2026-07-23 13:30:00,13,3,food,False,4,4,driving,24.5,False,2026-07-23 13:05:30.366224,2026-07-23 13:10:46.066706,2026-07-23 13:38:26.694501,5.3,8.4
u10,punctual,2,h0721,2026-07-23 13:30:00,13,3,food,False,4,4,cycling,7.3,False,2026-07-23 13:22:41.834737,2026-07-23 13:22:53.132386,2026-07-23 13:29:50.831013,0.2,-0.2
u18,always_early,2,h0721,2026-07-23 13:30:00,13,3,food,False,4,4,cycling,21.2,False,2026-07-23 13:08:49.803265,2026-07-23 13:05:44.897427,2026-07-23 13:29:45.423814,-3.1,-0.2
u22,rain_hater,2,h0721,2026-07-23 13:30:00,13,3,food,False,4,4,walking,22.8,False,2026-07-23 13:07:09.714731,2026-07-23 13:15:01.656081,2026-07-23 13:37:13.067655,7.9,7.2
u01,overbooked,1,h0476,2026-07-23 14:00:00,14,3,coffee,False,2,3,driving,21.0,True,2026-07-23 13:38:57.694731,2026-07-23 13:59:37.290258,2026-07-23 14:21:44.068851,20.7,21.7
u05,chronically_late,1,h0476,2026-07-23 14:00:00,14,3,coffee,False,2,3,cycling,15.5,True,2026-07-23 13:44:28.062267,2026-07-23 14:11:06.856790,2026-07-23 14:26:11.934460,26.6,26.2
u09,morning_struggler,1,h0476,2026-07-23 14:00:00,14,3,coffee,False,2,3,cycling,7.2,False,2026-07-23 13:52:48.726802,2026-07-23 13:54:07.809812,2026-07-23 14:00:49.603543,1.3,0.8
u03,improving,3,h0965,2026-07-23 19:30:00,19,3,coffee,False,3,6,driving,19.2,False,2026-07-23 19:10:46.678610,2026-07-23 19:16:46.335897,2026-07-23 19:35:40.196806,6.0,5.7
u07,unpredictable,3,h0965,2026-07-23 19:30:00,19,3,coffee,False,3,6,driving,31.0,False,2026-07-23 18:59:00.064738,2026-07-23 19:01:40.646473,2026-07-23 19:35:31.330030,2.7,5.5
u11,always_early,3,h0965,2026-07-23 19:30:00,19,3,coffee,False,3,6,driving,32.2,False,2026-07-23 18:57:47.585796,2026-07-23 18:55:52.808953,2026-07-23 19:32:30.622151,-1.9,2.5
u15,morning_struggler,3,h0965,2026-07-23 19:30:00,19,3,coffee,False,3,6,walking,24.0,False,2026-07-23 19:06:01.877485,2026-07-23 19:07:06.779212,2026-07-23 19:33:34.041821,1.1,3.6
u19,punctual,3,h0965,2026-07-23 19:30:00,19,3,coffee,False,3,6,driving,35.4,True,2026-07-23 18:54:35.098129,2026-07-23 18:57:47.233720,2026-07-23 19:33:42.594236,3.2,3.7
u23,chronically_late,3,h0965,2026-07-23 19:30:00,19,3,coffee,False,3,6,walking,13.3,False,2026-07-23 19:16:41.438253,2026-07-23 19:26:16.554274,2026-07-23 19:41:01.071670,9.6,11.0
u00,overbooked,0,h0227,2026-07-23 21:00:00,21,3,coffee,False,2,6,cycling,14.1,False,2026-07-23 20:45:53.297680,2026-07-23 20:50:05.407427,2026-07-23 21:05:43.127420,4.2,5.7
u04,morning_struggler,0,h0227,2026-07-23 21:00:00,21,3,coffee,False,2,6,walking,13.9,True,2026-07-23 20:46:05.279964,2026-07-23 20:55:39.307928,2026-07-23 21:10:46.545495,9.6,10.8
u08,chronically_late,0,h0227,2026-07-23 21:00:00,21,3,coffee,False,2,6,driving,14.5,False,2026-07-23 20:45:27.957812,2026-07-23 20:55:27.632588,2026-07-23 21:09:00.629714,10.0,9.0
u12,improving,0,h0227,2026-07-23 21:00:00,21,3,coffee,False,2,6,walking,10.4,False,2026-07-23 20:49:35.352446,2026-07-23 20:51:06.014423,2026-07-23 21:01:52.118406,1.5,1.9
u16,rain_hater,0,h0227,2026-07-23 21:00:00,21,3,coffee,False,2,6,driving,27.2,False,2026-07-23 20:32:46.078942,2026-07-23 20:40:13.372730,2026-07-23 21:09:12.694894,7.5,9.2
u20,unpredictable,0,h0227,2026-07-23 21:00:00,21,3,coffee,False,2,6,driving,34.0,False,2026-07-23 20:26:01.197868,2026-07-23 20:41:49.753099,2026-07-23 21:20:34.257908,15.8,20.6
u00,overbooked,0,h0229,2026-07-24 10:00:00,10,4,coffee,True,4,6,cycling,16.9,False,2026-07-24 09:43:06.670399,2026-07-24 09:47:58.359997,2026-07-24 10:04:41.643920,4.9,4.7
u04,morning_struggler,0,h0229,2026-07-24 10:00:00,10,4,coffee,True,4,6,walking,18.7,True,2026-07-24 09:41:20.526413,2026-07-24 09:47:40.788386,2026-07-24 10:08:27.894448,6.3,8.5
u06,overbooked,2,h0724,2026-07-24 10:00:00,10,4,sports,False,2,4,driving,14.1,True,2026-07-24 09:45:56.191803,2026-07-24 10:02:15.361346,2026-07-24 10:17:59.254069,16.3,18.0
u08,chronically_late,0,h0229,2026-07-24 10:00:00,10,4,coffee,True,4,6,driving,35.5,True,2026-07-24 09:24:27.975073,2026-07-24 09:52:08.607105,2026-07-24 10:30:18.873862,27.7,30.3
u10,punctual,2,h0724,2026-07-24 10:00:00,10,4,sports,False,2,4,cycling,6.9,False,2026-07-24 09:53:03.195388,2026-07-24 09:52:49.678276,2026-07-24 10:00:17.224599,-0.2,0.3
u12,improving,0,h0229,2026-07-24 10:00:00,10,4,coffee,True,4,6,walking,11.3,False,2026-07-24 09:48:44.866719,2026-07-24 10:04:27.905434,2026-07-24 10:16:36.333936,15.7,16.6
u16,rain_hater,0,h0229,2026-07-24 10:00:00,10,4,coffee,True,4,6,driving,36.2,True,2026-07-24 09:23:49.392045,2026-07-24 09:39:16.886421,2026-07-24 10:22:31.019969,15.5,22.5
u18,always_early,2,h0724,2026-07-24 10:00:00,10,4,sports,False,2,4,cycling,23.8,False,2026-07-24 09:36:13.191152,2026-07-24 09:35:35.569420,2026-07-24 09:58:24.201887,-0.6,-1.6
u20,unpredictable,0,h0229,2026-07-24 10:00:00,10,4,coffee,True,4,6,driving,19.2,False,2026-07-24 09:40:47.295178,2026-07-24 09:46:38.923920,2026-07-24 10:10:29.384727,5.9,10.5
u22,rain_hater,2,h0724,2026-07-24 10:00:00,10,4,sports,False,2,4,walking,7.4,False,2026-07-24 09:52:34.767009,2026-07-24 09:58:24.612038,2026-07-24 10:06:15.315605,5.8,6.3
u02,improving,2,h0723,2026-07-24 16:00:00,16,4,party,False,1,5,walking,24.0,False,2026-07-24 15:36:02.074660,2026-07-24 15:44:47.656109,2026-07-24 16:08:39.015292,8.8,8.7
u06,overbooked,2,h0723,2026-07-24 16:00:00,16,4,party,False,1,5,driving,9.4,False,2026-07-24 15:50:37.596304,2026-07-24 15:57:23.263860,2026-07-24 16:06:38.330442,6.8,6.6
u10,punctual,2,h0723,2026-07-24 16:00:00,16,4,party,False,1,5,cycling,11.1,False,2026-07-24 15:48:52.168800,2026-07-24 15:50:53.962768,2026-07-24 16:01:43.456462,2.0,1.7
u14,punctual,2,h0723,2026-07-24 16:00:00,16,4,party,False,1,5,walking,20.7,True,2026-07-24 15:39:17.499932,2026-07-24 15:46:17.054779,2026-07-24 16:07:05.608285,7.0,7.1
u18,always_early,2,h0723,2026-07-24 16:00:00,16,4,party,False,1,5,cycling,7.6,False,2026-07-24 15:52:23.040465,2026-07-24 15:51:22.349913,2026-07-24 16:00:01.534938,-1.0,0.0
u10,punctual,2,h0722,2026-07-24 19:30:00,19,4,sports,False,0,3,cycling,7.3,False,2026-07-24 19:22:39.380923,2026-07-24 19:21:12.969277,2026-07-24 19:27:49.874329,-1.4,-2.2
u14,punctual,2,h0722,2026-07-24 19:30:00,19,4,sports,False,0,3,walking,10.6,False,2026-07-24 19:19:22.707125,2026-07-24 19:18:18.282954,2026-07-24 19:30:29.284465,-1.1,0.5
u22,rain_hater,2,h0722,2026-07-24 19:30:00,19,4,sports,False,0,3,walking,11.3,False,2026-07-24 19:18:44.247820,2026-07-24 19:18:01.351652,2026-07-24 19:30:53.081864,-0.7,0.9
u01,overbooked,1,h0477,2026-07-24 22:30:00,22,4,sports,False,1,3,driving,19.6,True,2026-07-24 22:10:26.331184,2026-07-24 22:29:32.132761,2026-07-24 22:49:32.033792,19.1,19.5
u05,chronically_late,1,h0477,2026-07-24 22:30:00,22,4,sports,False,1,3,cycling,18.2,False,2026-07-24 22:11:47.920545,2026-07-24 22:19:16.633590,2026-07-24 22:40:01.376149,7.5,10.0
u17,unpredictable,1,h0477,2026-07-24 22:30:00,22,4,sports,False,1,3,driving,35.2,False,2026-07-24 21:54:47.965673,2026-07-24 21:58:12.242848,2026-07-24 22:36:21.003185,3.4,6.4
u00,overbooked,0,h0230,2026-07-25 08:00:00,8,5,party,True,2,5,cycling,20.9,True,2026-07-25 07:39:03.997824,2026-07-25 08:02:40.620409,2026-07-25 08:26:29.607328,23.6,26.5
u08,chronically_late,0,h0230,2026-07-25 08:00:00,8,5,party,True,2,5,driving,22.2,True,2026-07-25 07:37:48.154417,2026-07-25 07:56:29.488462,2026-07-25 08:22:34.698042,18.7,22.6
u12,improving,0,h0230,2026-07-25 08:00:00,8,5,party,True,2,5,walking,7.3,False,2026-07-25 07:52:44.740720,2026-07-25 08:02:53.980380,2026-07-25 08:10:52.768579,10.2,10.9
u16,rain_hater,0,h0230,2026-07-25 08:00:00,8,5,party,True,2,5,driving,13.6,True,2026-07-25 07:46:21.996826,2026-07-25 08:05:31.304882,2026-07-25 08:21:09.393446,19.2,21.2
u20,unpredictable,0,h0230,2026-07-25 08:00:00,8,5,party,True,2,5,driving,23.0,False,2026-07-25 07:37:01.276068,2026-07-25 07:57:30.630941,2026-07-25 08:26:27.555323,20.5,26.5
u03,improving,3,h0966,2026-07-25 15:30:00,15,5,study,True,6,5,driving,39.8,False,2026-07-25 14:50:14.633308,2026-07-25 15:01:00.302586,2026-07-25 15:50:45.668884,10.8,20.8
u07,unpredictable,3,h0966,2026-07-25 15:30:00,15,5,study,True,6,5,driving,14.4,True,2026-07-25 15:15:36.596845,2026-07-25 15:21:28.530439,2026-07-25 15:37:01.320256,5.9,7.0
u11,always_early,3,h0966,2026-07-25 15:30:00,15,5,study,True,6,5,driving,22.4,False,2026-07-25 15:07:36.261867,2026-07-25 15:07:55.673048,2026-07-25 15:30:46.394158,0.3,0.8
u15,morning_struggler,3,h0966,2026-07-25 15:30:00,15,5,study,True,6,5,walking,12.2,True,2026-07-25 15:17:45.792257,2026-07-25 15:23:09.598050,2026-07-25 15:37:01.984380,5.4,7.0
u19,punctual,3,h0966,2026-07-25 15:30:00,15,5,study,True,6,5,driving,26.5,True,2026-07-25 15:03:27.570851,2026-07-25 15:09:17.845181,2026-07-25 15:40:11.044208,5.8,10.2
u07,unpredictable,3,h0967,2026-07-26 11:00:00,11,6,party,True,4,3,driving,33.7,False,2026-07-26 10:26:19.230026,2026-07-26 10:31:57.311689,2026-07-26 11:10:41.830651,5.6,10.7
u11,always_early,3,h0967,2026-07-26 11:00:00,11,6,party,True,4,3,driving,20.7,True,2026-07-26 10:39:18.941044,2026-07-26 10:44:35.015444,2026-07-26 11:08:06.194268,5.3,8.1
u19,punctual,3,h0967,2026-07-26 11:00:00,11,6,party,True,4,3,driving,19.5,True,2026-07-26 10:40:31.531660,2026-07-26 10:49:31.897807,2026-07-26 11:12:44.024678,9.0,12.7
u04,morning_struggler,0,h0231,2026-07-27 13:30:00,13,0,sports,False,1,3,walking,11.9,False,2026-07-27 13:18:03.897002,2026-07-27 13:19:22.433122,2026-07-27 13:31:00.253087,1.3,1.0
u08,chronically_late,0,h0231,2026-07-27 13:30:00,13,0,sports,False,1,3,driving,33.9,False,2026-07-27 12:56:03.723629,2026-07-27 13:12:36.161903,2026-07-27 13:47:32.922936,16.5,17.5
u20,unpredictable,0,h0231,2026-07-27 13:30:00,13,0,sports,False,1,3,driving,27.4,False,2026-07-27 13:02:35.177251,2026-07-27 13:06:04.350937,2026-07-27 13:37:20.195514,3.5,7.3
u03,improving,3,h0968,2026-07-28 10:00:00,10,1,sports,True,7,6,driving,13.5,False,2026-07-28 09:46:27.423556,2026-07-28 09:56:29.188944,2026-07-28 10:12:49.499676,10.0,12.8
u07,unpredictable,3,h0968,2026-07-28 10:00:00,10,1,sports,True,7,6,driving,28.6,False,2026-07-28 09:31:25.366608,2026-07-28 10:01:24.006848,2026-07-28 10:30:25.314585,30.0,30.4
u11,always_early,3,h0968,2026-07-28 10:00:00,10,1,sports,True,7,6,driving,32.8,False,2026-07-28 09:27:10.199367,2026-07-28 09:27:31.745067,2026-07-28 10:04:30.695033,0.4,4.5
u15,morning_struggler,3,h0968,2026-07-28 10:00:00,10,1,sports,True,7,6,walking,19.2,False,2026-07-28 09:40:47.214267,2026-07-28 09:46:49.675678,2026-07-28 10:06:07.342882,6.0,6.1
u19,punctual,3,h0968,2026-07-28 10:00:00,10,1,sports,True,7,6,driving,18.8,False,2026-07-28 09:41:12.900938,2026-07-28 09:44:51.359613,2026-07-28 10:07:00.036103,3.6,7.0
u23,chronically_late,3,h0968,2026-07-28 10:00:00,10,1,sports,True,7,6,walking,5.9,True,2026-07-28 09:54:06.032463,2026-07-28 10:09:50.296304,2026-07-28 10:16:00.527961,15.7,16.0
u02,improving,2,h0725,2026-07-28 15:00:00,15,1,sports,False,2,5,walking,24.4,False,2026-07-28 14:35:36.435716,2026-07-28 14:38:28.943426,2026-07-28 15:04:18.406767,2.9,4.3
u06,overbooked,2,h0725,2026-07-28 15:00:00,15,1,sports,False,2,5,driving,19.9,True,2026-07-28 14:40:03.764331,2026-07-28 14:59:02.657835,2026-07-28 15:20:41.724405,19.0,20.7
u10,punctual,2,h0725,2026-07-28 15:00:00,15,1,sports,False,2,5,cycling,19.1,False,2026-07-28 14:40:52.334061,2026-07-28 14:42:35.107608,2026-07-28 15:01:02.083582,1.7,1.0
u14,punctual,2,h0725,2026-07-28 15:00:00,15,1,sports,False,2,5,walking,7.3,True,2026-07-28 14:52:39.957232,2026-07-28 14:57:19.320367,2026-07-28 15:04:11.828776,4.7,4.2
u18,always_early,2,h0725,2026-07-28 15:00:00,15,1,sports,False,2,5,cycling,14.1,True,2026-07-28 14:45:52.763471,2026-07-28 14:44:45.443850,2026-07-28 14:59:56.278776,-1.1,-0.1
u03,improving,3,h0969,2026-07-29 18:00:00,18,2,coffee,False,2,4,driving,31.3,True,2026-07-29 17:28:43.726085,2026-07-29 17:33:14.188155,2026-07-29 18:08:30.931423,4.5,8.5
u11,always_early,3,h0969,2026-07-29 18:00:00,18,2,coffee,False,2,4,driving,24.7,True,2026-07-29 17:35:16.296133,2026-07-29 17:35:24.466589,2026-07-29 17:58:39.440960,0.1,-1.3
u19,punctual,3,h0969,2026-07-29 18:00:00,18,2,coffee,False,2,4,driving,35.0,False,2026-07-29 17:24:59.188228,2026-07-29 17:24:26.161463,2026-07-29 18:01:09.475604,-0.6,1.2
u23,chronically_late,3,h0969,2026-07-29 18:00:00,18,2,coffee,False,2,4,walking,16.9,False,2026-07-29 17:43:03.806918,2026-07-29 17:57:41.509644,2026-07-29 18:16:25.298825,14.6,16.4
u08,chronically_late,0,h0232,2026-07-29 18:30:00,18,2,food,False,4,3,driving,22.6,True,2026-07-29 18:07:26.797906,2026-07-29 18:18:32.899654,2026-07-29 18:40:49.264597,11.1,10.8
u16,rain_hater,0,h0232,2026-07-29 18:30:00,18,2,food,False,4,3,driving,13.6,False,2026-07-29 18:16:21.892936,2026-07-29 18:18:29.611284,2026-07-29 18:31:47.829114,2.1,1.8
u20,unpredictable,0,h0232,2026-07-29 18:30:00,18,2,food,False,4,3,driving,17.3,False,2026-07-29 18:12:43.108138,2026-07-29 18:10:38.959322,2026-07-29 18:29:06.080222,-2.1,-0.9
u02,improving,2,h0726,2026-07-29 20:30:00,20,2,sports,False,0,4,walking,11.5,False,2026-07-29 20:18:28.186245,2026-07-29 20:26:25.911188,2026-07-29 20:37:12.133938,8.0,7.2
u05,chronically_late,1,h0478,2026-07-29 20:30:00,20,2,food,False,6,4,cycling,10.2,False,2026-07-29 20:19:46.545023,2026-07-29 20:32:03.892682,2026-07-29 20:43:02.199779,12.3,13.0
u06,overbooked,2,h0726,2026-07-29 20:30:00,20,2,sports,False,0,4,driving,13.0,False,2026-07-29 20:16:58.515247,2026-07-29 20:17:44.648000,2026-07-29 20:30:15.817899,0.8,0.3
u09,morning_struggler,1,h0478,2026-07-29 20:30:00,20,2,food,False,6,4,cycling,17.1,False,2026-07-29 20:12:51.780843,2026-07-29 20:15:58.634563,2026-07-29 20:31:50.970683,3.1,1.8
u17,unpredictable,1,h0478,2026-07-29 20:30:00,20,2,food,False,6,4,driving,36.0,True,2026-07-29 19:53:59.157068,2026-07-29 20:11:14.900077,2026-07-29 20:47:17.759316,17.3,17.3
u18,always_early,2,h0726,2026-07-29 20:30:00,20,2,sports,False,0,4,cycling,21.9,True,2026-07-29 20:08:03.948108,2026-07-29 20:07:15.945089,2026-07-29 20:30:00.912521,-0.8,0.0
u21,always_early,1,h0478,2026-07-29 20:30:00,20,2,food,False,6,4,driving,15.9,False,2026-07-29 20:14:04.363323,2026-07-29 20:11:09.575470,2026-07-29 20:27:31.929311,-2.9,-2.5
u22,rain_hater,2,h0726,2026-07-29 20:30:00,20,2,sports,False,0,4,walking,17.9,False,2026-07-29 20:12:06.888482,2026-07-29 20:13:37.652084,2026-07-29 20:31:05.081842,1.5,1.1
u07,unpredictable,3,h0970,2026-07-31 15:30:00,15,4,party,False,4,4,driving,15.0,False,2026-07-31 15:15:02.210620,2026-07-31 15:18:00.273084,2026-07-31 15:31:33.235573,3.0,1.6
u15,morning_struggler,3,h0970,2026-07-31 15:30:00,15,4,party,False,4,4,walking,5.4,False,2026-07-31 15:24:37.993263,2026-07-31 15:29:09.553849,2026-07-31 15:34:31.951887,4.5,4.5
u19,punctual,3,h0970,2026-07-31 15:30:00,15,4,party,False,4,4,driving,37.3,False,2026-07-31 14:52:41.545958,2026-07-31 14:57:10.480929,2026-07-31 15:36:33.265898,4.5,6.6
u23,chronically_late,3,h0970,2026-07-31 15:30:00,15,4,party,False,4,4,walking,17.9,True,2026-07-31 15:12:03.600107,2026-07-31 15:31:23.390112,2026-07-31 15:50:21.820641,19.3,20.4
u02,improving,2,h0727,2026-07-31 16:00:00,16,4,sports,False,2,3,walking,8.1,True,2026-07-31 15:51:56.434595,2026-07-31 15:56:21.274599,2026-07-31 16:05:24.704231,4.4,5.4
u06,overbooked,2,h0727,2026-07-31 16:00:00,16,4,sports,False,2,3,driving,33.3,True,2026-07-31 15:26:39.714571,2026-07-31 15:46:22.219150,2026-07-31 16:18:02.670135,19.7,18.0
u10,punctual,2,h0727,2026-07-31 16:00:00,16,4,sports,False,2,3,cycling,7.6,False,2026-07-31 15:52:25.731216,2026-07-31 15:51:50.259305,2026-07-31 16:00:07.196462,-0.6,0.1
u02,improving,2,h0728,2026-07-31 17:30:00,17,4,coffee,False,2,6,walking,10.3,False,2026-07-31 17:19:44.941014,2026-07-31 17:23:08.767589,2026-07-31 17:33:24.239209,3.4,3.4
u06,overbooked,2,h0728,2026-07-31 17:30:00,17,4,coffee,False,2,6,driving,10.2,False,2026-07-31 17:19:45.955286,2026-07-31 17:22:09.351711,2026-07-31 17:32:09.545868,2.4,2.2
u10,punctual,2,h0728,2026-07-31 17:30:00,17,4,coffee,False,2,6,cycling,16.4,False,2026-07-31 17:13:37.938380,2026-07-31 17:13:56.003503,2026-07-31 17:29:25.348464,0.3,-0.6
u14,punctual,2,h0728,2026-07-31 17:30:00,17,4,coffee,False,2,6,walking,13.7,False,2026-07-31 17:16:19.585816,2026-07-31 17:16:33.264814,2026-07-31 17:29:40.960119,0.2,-0.3
u18,always_early,2,h0728,2026-07-31 17:30:00,17,4,coffee,False,2,6,cycling,6.2,True,2026-07-31 17:23:48.670680,2026-07-31 17:22:16.163688,2026-07-31 17:28:00.785758,-1.5,-2.0
u22,rain_hater,2,h0728,2026-07-31 17:30:00,17,4,coffee,False,2,6,walking,22.7,False,2026-07-31 17:07:20.298921,2026-07-31 17:12:14.542984,2026-07-31 17:35:33.983358,4.9,5.6
u05,chronically_late,1,h0479,2026-07-31 20:30:00,20,4,food,False,0,5,cycling,17.6,True,2026-07-31 20:12:21.401531,2026-07-31 20:28:44.947666,2026-07-31 20:45:29.480736,16.4,15.5
u09,morning_struggler,1,h0479,2026-07-31 20:30:00,20,4,food,False,0,5,cycling,10.6,False,2026-07-31 20:19:21.265077,2026-07-31 20:20:42.162464,2026-07-31 20:30:51.767143,1.3,0.9
u13,rain_hater,1,h0479,2026-07-31 20:30:00,20,4,food,False,0,5,driving,30.3,False,2026-07-31 19:59:42.405888,2026-07-31 20:04:47.336395,2026-07-31 20:32:29.184580,5.1,2.5
u17,unpredictable,1,h0479,2026-07-31 20:30:00,20,4,food,False,0,5,driving,21.2,False,2026-07-31 20:08:46.921287,2026-07-31 20:27:00.782522,2026-07-31 20:46:17.835048,18.2,16.3
u21,always_early,1,h0479,2026-07-31 20:30:00,20,4,food,False,0,5,driving,34.6,False,2026-07-31 19:55:26.441020,2026-07-31 19:52:47.139186,2026-07-31 20:32:09.186398,-2.7,2.2
u03,improving,3,h0971,2026-07-31 21:00:00,21,4,sports,True,0,3,driving,8.2,False,2026-07-31 20:51:45.611812,2026-07-31 20:56:19.991747,2026-07-31 21:04:30.134193,4.6,4.5
u07,unpredictable,3,h0971,2026-07-31 21:00:00,21,4,sports,True,0,3,driving,18.9,False,2026-07-31 20:41:05.108055,2026-07-31 20:47:18.160687,2026-07-31 21:10:10.586943,6.2,10.2
u15,morning_struggler,3,h0971,2026-07-31 21:00:00,21,4,sports,True,0,3,walking,21.9,False,2026-07-31 20:38:03.522877,2026-07-31 20:48:13.388307,2026-07-31 21:15:14.726512,10.2,15.2
u03,improving,3,h0972,2026-08-01 09:00:00,9,5,study,True,2,5,driving,38.3,False,2026-08-01 08:21:44.369104,2026-08-01 08:26:05.644918,2026-08-01 09:11:12.206570,4.4,11.2
u07,unpredictable,3,h0972,2026-08-01 09:00:00,9,5,study,True,2,5,driving,23.2,False,2026-08-01 08:36:50.695010,2026-08-01 08:44:36.865736,2026-08-01 09:10:24.494125,7.8,10.4
u15,morning_struggler,3,h0972,2026-08-01 09:00:00,9,5,study,True,2,5,walking,23.4,True,2026-08-01 08:36:36.665671,2026-08-01 09:00:07.431695,2026-08-01 09:28:34.770050,23.5,28.6
u19,punctual,3,h0972,2026-08-01 09:00:00,9,5,study,True,2,5,driving,31.1,True,2026-08-01 08:28:52.419208,2026-08-01 08:38:11.962866,2026-08-01 09:10:23.264242,9.3,10.4
u23,chronically_late,3,h0972,2026-08-01 09:00:00,9,5,study,True,2,5,walking,17.1,False,2026-08-01 08:42:56.863366,2026-08-01 08:58:08.885604,2026-08-01 09:18:41.489216,15.2,18.7
u00,overbooked,0,h0233,2026-08-01 14:00:00,14,5,coffee,True,2,6,cycling,12.2,False,2026-08-01 13:47:50.252408,2026-08-01 13:58:03.032139,2026-08-01 14:13:16.246891,10.2,13.3
u04,morning_struggler,0,h0233,2026-08-01 14:00:00,14,5,coffee,True,2,6,walking,22.0,False,2026-08-01 13:37:59.171242,2026-08-01 13:45:06.883864,2026-08-01 14:09:14.188737,7.1,9.2
u08,chronically_late,0,h0233,2026-08-01 14:00:00,14,5,coffee,True,2,6,driving,11.2,True,2026-08-01 13:48:45.697064,2026-08-01 14:01:29.272861,2026-08-01 14:13:22.656915,12.7,13.4
u12,improving,0,h0233,2026-08-01 14:00:00,14,5,coffee,True,2,6,walking,11.5,True,2026-08-01 13:48:28.810746,2026-08-01 14:01:07.154834,2026-08-01 14:14:40.064675,12.6,14.7
u16,rain_hater,0,h0233,2026-08-01 14:00:00,14,5,coffee,True,2,6,driving,29.2,True,2026-08-01 13:30:48.443897,2026-08-01 13:44:30.836674,2026-08-01 14:20:28.386860,13.7,20.5
u20,unpredictable,0,h0233,2026-08-01 14:00:00,14,5,coffee,True,2,6,driving,12.7,True,2026-08-01 13:47:15.776217,2026-08-01 13:55:49.703489,2026-08-01 14:11:27.597030,8.6,11.5
u07,unpredictable,3,h0973,2026-08-01 14:30:00,14,5,study,False,7,5,driving,15.9,False,2026-08-01 14:14:05.711040,2026-08-01 14:27:02.738423,2026-08-01 14:44:57.882867,13.0,15.0
u11,always_early,3,h0973,2026-08-01 14:30:00,14,5,study,False,7,5,driving,25.4,True,2026-08-01 14:04:35.428203,2026-08-01 14:06:22.979010,2026-08-01 14:33:18.271749,1.8,3.3
u15,morning_struggler,3,h0973,2026-08-01 14:30:00,14,5,study,False,7,5,walking,9.0,False,2026-08-01 14:21:02.450862,2026-08-01 14:21:41.974912,2026-08-01 14:30:36.009365,0.7,0.6
u19,punctual,3,h0973,2026-08-01 14:30:00,14,5,study,False,7,5,driving,10.1,False,2026-08-01 14:19:52.945849,2026-08-01 14:23:43.362347,2026-08-01 14:34:04.143621,3.8,4.1
u23,chronically_late,3,h0973,2026-08-01 14:30:00,14,5,study,False,7,5,walking,24.3,False,2026-08-01 14:05:39.480993,2026-08-01 14:16:48.980614,2026-08-01 14:39:42.804459,11.2,9.7
u05,chronically_late,1,h0481,2026-08-02 11:00:00,11,6,sports,True,6,3,cycling,9.7,False,2026-08-02 10:50:20.584919,2026-08-02 11:03:07.944977,2026-08-02 11:13:34.728281,12.8,13.6
u09,morning_struggler,1,h0481,2026-08-02 11:00:00,11,6,sports,True,6,3,cycling,10.8,True,2026-08-02 10:49:13.061303,2026-08-02 10:55:49.245954,2026-08-02 11:06:59.654129,6.6,7.0
u21,always_early,1,h0481,2026-08-02 11:00:00,11,6,sports,True,6,3,driving,17.6,False,2026-08-02 10:42:22.536676,2026-08-02 10:41:47.050686,2026-08-02 11:02:22.599879,-0.6,2.4
u03,improving,3,h0975,2026-08-02 12:00:00,12,6,sports,False,3,6,driving,14.7,False,2026-08-02 11:45:17.219742,2026-08-02 11:53:02.880791,2026-08-02 12:07:34.154986,7.8,7.6
u07,unpredictable,3,h0975,2026-08-02 12:00:00,12,6,sports,False,3,6,driving,10.6,True,2026-08-02 11:49:21.860575,2026-08-02 11:55:54.489960,2026-08-02 12:07:56.576394,6.5,7.9
u11,always_early,3,h0975,2026-08-02 12:00:00,12,6,sports,False,3,6,driving,21.0,True,2026-08-02 11:38:59.867277,2026-08-02 11:38:31.665042,2026-08-02 11:58:07.133791,-0.5,-1.9
u15,morning_struggler,3,h0975,2026-08-02 12:00:00,12,6,sports,False,3,6,walking,19.5,False,2026-08-02 11:40:32.371547,2026-08-02 11:41:42.686594,2026-08-02 12:02:47.966620,1.2,2.8
u19,punctual,3,h0975,2026-08-02 12:00:00,12,6,sports,False,3,6,driving,19.6,True,2026-08-02 11:40:21.581341,2026-08-02 11:44:07.421341,2026-08-02 12:05:31.929097,3.8,5.5
u23,chronically_late,3,h0975,2026-08-02 12:00:00,12,6,sports,False,3,6,walking,22.1,False,2026-08-02 11:37:55.560644,2026-08-02 11:49:45.563186,2026-08-02 12:13:00.172101,11.8,13.0
u01,overbooked,1,h0480,2026-08-02 16:00:00,16,6,study,True,7,5,driving,28.2,False,2026-08-02 15:31:47.487840,2026-08-02 15:40:17.041815,2026-08-02 16:11:34.670426,8.5,11.6
u03,improving,3,h0974,2026-08-02 16:00:00,16,6,sports,False,7,5,driving,35.4,False,2026-08-02 15:24:34.422055,2026-08-02 15:27:11.530173,2026-08-02 16:04:33.223852,2.6,4.6
u05,chronically_late,1,h0480,2026-08-02 16:00:00,16,6,study,True,7,5,cycling,6.8,True,2026-08-02 15:53:13.946031,2026-08-02 16:05:39.985062,2026-08-02 16:12:39.567200,12.4,12.7
u07,unpredictable,3,h0974,2026-08-02 16:00:00,16,6,sports,False,7,5,driving,12.1,False,2026-08-02 15:47:54.817659,2026-08-02 15:53:37.904342,2026-08-02 16:06:16.050642,5.7,6.3
u09,morning_struggler,1,h0480,2026-08-02 16:00:00,16,6,study,True,7,5,cycling,21.7,False,2026-08-02 15:38:19.184719,2026-08-02 15:42:09.817281,2026-08-02 16:05:27.132120,3.8,5.5
u11,always_early,3,h0974,2026-08-02 16:00:00,16,6,sports,False,7,5,driving,33.0,False,2026-08-02 15:27:02.678563,2026-08-02 15:25:42.436162,2026-08-02 15:58:39.370613,-1.3,-1.3
u13,rain_hater,1,h0480,2026-08-02 16:00:00,16,6,study,True,7,5,driving,24.6,False,2026-08-02 15:35:23.989584,2026-08-02 15:50:30.583588,2026-08-02 16:15:35.341211,15.1,15.6
u17,unpredictable,1,h0480,2026-08-02 16:00:00,16,6,study,True,7,5,driving,28.1,False,2026-08-02 15:31:55.138550,2026-08-02 15:44:23.630681,2026-08-02 16:18:22.650604,12.5,18.4
u19,punctual,3,h0974,2026-08-02 16:00:00,16,6,sports,False,7,5,driving,23.9,True,2026-08-02 15:36:08.196309,2026-08-02 15:41:58.773743,2026-08-02 16:07:12.831445,5.8,7.2
u23,chronically_late,3,h0974,2026-08-02 16:00:00,16,6,sports,False,7,5,walking,13.1,False,2026-08-02 15:46:51.632597,2026-08-02 15:56:52.038810,2026-08-02 16:10:10.318668,10.0,10.2
u02,improving,2,h0729,2026-08-02 19:30:00,19,6,sports,False,5,3,walking,24.9,True,2026-08-02 19:05:06.687465,2026-08-02 19:15:48.461415,2026-08-02 19:41:06.606506,10.7,11.1
u14,punctual,2,h0729,2026-08-02 19:30:00,19,6,sports,False,5,3,walking,14.9,False,2026-08-02 19:15:07.826327,2026-08-02 19:19:48.901516,2026-08-02 19:35:42.698059,4.7,5.7
u18,always_early,2,h0729,2026-08-02 19:30:00,19,6,sports,False,5,3,cycling,12.8,False,2026-08-02 19:17:11.983817,2026-08-02 19:14:46.579915,2026-08-02 19:29:04.432419,-2.4,-0.9
u07,unpredictable,3,h0976,2026-08-02 20:00:00,20,6,study,False,1,5,driving,19.4,False,2026-08-02 19:40:33.255166,2026-08-02 19:38:32.125639,2026-08-02 19:56:43.147509,-2.0,-3.3
u11,always_early,3,h0976,2026-08-02 20:00:00,20,6,study,False,1,5,driving,10.9,True,2026-08-02 19:49:06.874565,2026-08-02 19:48:24.594368,2026-08-02 19:59:06.905573,-0.7,-0.9
u15,morning_struggler,3,h0976,2026-08-02 20:00:00,20,6,study,False,1,5,walking,24.2,False,2026-08-02 19:35:49.066287,2026-08-02 19:33:57.394231,2026-08-02 20:00:06.885184,-1.9,0.1
u19,punctual,3,h0976,2026-08-02 20:00:00,20,6,study,False,1,5,driving,30.8,True,2026-08-02 19:29:13.502369,2026-08-02 19:32:43.334045,2026-08-02 20:03:36.764766,3.5,3.6
u23,chronically_late,3,h0976,2026-08-02 20:00:00,20,6,study,False,1,5,walking,23.9,False,2026-08-02 19:36:03.749243,2026-08-02 19:40:43.136710,2026-08-02 20:03:16.115318,4.7,3.3
u03,improving,3,h0977,2026-08-03 13:30:00,13,0,study,False,7,6,driving,11.7,True,2026-08-03 13:18:16.573944,2026-08-03 13:25:21.212998,2026-08-03 13:38:03.149691,7.1,8.1
u07,unpredictable,3,h0977,2026-08-03 13:30:00,13,0,study,False,7,6,driving,11.9,False,2026-08-03 13:18:06.374824,2026-08-03 13:21:36.419902,2026-08-03 13:34:16.045244,3.5,4.3
u11,always_early,3,h0977,2026-08-03 13:30:00,13,0,study,False,7,6,driving,21.9,True,2026-08-03 13:08:04.518295,2026-08-03 13:07:47.014360,2026-08-03 13:29:45.100509,-0.3,-0.2
u15,morning_struggler,3,h0977,2026-08-03 13:30:00,13,0,study,False,7,6,walking,16.8,False,2026-08-03 13:13:10.150939,2026-08-03 13:14:46.157867,2026-08-03 13:33:23.949525,1.6,3.4
u19,punctual,3,h0977,2026-08-03 13:30:00,13,0,study,False,7,6,driving,36.1,False,2026-08-03 12:53:54.556793,2026-08-03 12:57:43.732682,2026-08-03 13:30:21.792473,3.8,0.4
u23,chronically_late,3,h0977,2026-08-03 13:30:00,13,0,study,False,7,6,walking,18.7,False,2026-08-03 13:11:15.871732,2026-08-03 13:28:04.696822,2026-08-03 13:48:18.908499,16.8,18.3
u02,improving,2,h0731,2026-08-03 15:30:00,15,0,food,True,3,6,walking,18.6,False,2026-08-03 15:11:26.230892,2026-08-03 15:18:00.667108,2026-08-03 15:39:35.506229,6.6,9.6
u06,overbooked,2,h0731,2026-08-03 15:30:00,15,0,food,True,3,6,driving,22.6,False,2026-08-03 15:07:21.323097,2026-08-03 15:13:00.871958,2026-08-03 15:37:24.462635,5.7,7.4
u10,punctual,2,h0731,2026-08-03 15:30:00,15,0,food,True,3,6,cycling,6.1,False,2026-08-03 15:23:53.568462,2026-08-03 15:28:21.450737,2026-08-03 15:35:20.785333,4.5,5.3
u14,punctual,2,h0731,2026-08-03 15:30:00,15,0,food,True,3,6,walking,23.9,False,2026-08-03 15:06:06.858489,2026-08-03 15:09:38.308542,2026-08-03 15:35:05.764540,3.5,5.1
u18,always_early,2,h0731,2026-08-03 15:30:00,15,0,food,True,3,6,cycling,6.5,True,2026-08-03 15:23:30.551603,2026-08-03 15:25:39.004808,2026-08-03 15:33:00.285103,2.1,3.0
u22,rain_hater,2,h0731,2026-08-03 15:30:00,15,0,food,True,3,6,walking,8.9,False,2026-08-03 15:21:07.288441,2026-08-03 15:31:40.389602,2026-08-03 15:40:29.288586,10.6,10.5
u00,overbooked,0,h0234,2026-08-03 18:00:00,18,0,food,False,2,6,cycling,6.9,False,2026-08-03 17:53:06.277595,2026-08-03 17:57:11.442827,2026-08-03 18:04:31.199266,4.1,4.5
u02,improving,2,h0730,2026-08-03 18:00:00,18,0,party,True,2,3,walking,13.7,False,2026-08-03 17:46:15.218193,2026-08-03 17:53:35.467158,2026-08-03 18:08:36.319517,7.3,8.6
u04,morning_struggler,0,h0234,2026-08-03 18:00:00,18,0,food,False,2,6,walking,16.5,False,2026-08-03 17:43:30.638809,2026-08-03 17:45:51.620142,2026-08-03 18:00:58.692223,2.3,1.0
u08,chronically_late,0,h0234,2026-08-03 18:00:00,18,0,food,False,2,6,driving,21.7,False,2026-08-03 17:38:20.678785,2026-08-03 17:51:19.872009,2026-08-03 18:10:52.326113,13.0,10.9
u12,improving,0,h0234,2026-08-03 18:00:00,18,0,food,False,2,6,walking,6.2,False,2026-08-03 17:53:50.932757,2026-08-03 17:55:45.243853,2026-08-03 18:02:22.825566,1.9,2.4
u16,rain_hater,0,h0234,2026-08-03 18:00:00,18,0,food,False,2,6,driving,26.2,False,2026-08-03 17:33:45.907415,2026-08-03 17:34:02.172253,2026-08-03 18:00:21.664635,0.3,0.4
u18,always_early,2,h0730,2026-08-03 18:00:00,18,0,party,True,2,3,cycling,20.8,False,2026-08-03 17:39:12.419553,2026-08-03 17:40:41.659720,2026-08-03 18:03:58.115768,1.5,4.0
u20,unpredictable,0,h0234,2026-08-03 18:00:00,18,0,food,False,2,6,driving,36.7,False,2026-08-03 17:23:17.215358,2026-08-03 17:30:10.437043,2026-08-03 18:08:19.436206,6.9,8.3
u22,rain_hater,2,h0730,2026-08-03 18:00:00,18,0,party,True,2,3,walking,19.8,False,2026-08-03 17:40:12.724386,2026-08-03 17:54:40.674648,2026-08-03 18:15:48.253745,14.5,15.8
u02,improving,2,h0732,2026-08-03 22:30:00,22,0,party,False,6,3,walking,9.0,True,2026-08-03 22:21:02.073788,2026-08-03 22:33:00.675717,2026-08-03 22:42:12.997569,12.0,12.2
u14,punctual,2,h0732,2026-08-03 22:30:00,22,0,party,False,6,3,walking,22.8,False,2026-08-03 22:07:11.439231,2026-08-03 22:13:56.188861,2026-08-03 22:36:39.535351,6.7,6.7
u18,always_early,2,h0732,2026-08-03 22:30:00,22,0,party,False,6,3,cycling,24.4,True,2026-08-03 22:05:36.679255,2026-08-03 22:08:33.673131,2026-08-03 22:36:28.728961,2.9,6.5
u01,overbooked,1,h0482,2026-08-04 14:30:00,14,1,coffee,False,2,6,driving,21.7,False,2026-08-04 14:08:18.345341,2026-08-04 14:10:20.450074,2026-08-04 14:34:24.794302,2.0,4.4
u05,chronically_late,1,h0482,2026-08-04 14:30:00,14,1,coffee,False,2,6,cycling,19.6,True,2026-08-04 14:10:23.356484,2026-08-04 14:39:33.347800,2026-08-04 15:01:03.709872,29.2,31.1
u09,morning_struggler,1,h0482,2026-08-04 14:30:00,14,1,coffee,False,2,6,cycling,16.9,True,2026-08-04 14:13:07.097184,2026-08-04 14:18:35.989074,2026-08-04 14:36:23.166053,5.5,6.4
u13,rain_hater,1,h0482,2026-08-04 14:30:00,14,1,coffee,False,2,6,driving,21.3,False,2026-08-04 14:08:40.901505,2026-08-04 14:08:35.603745,2026-08-04 14:30:30.787263,-0.1,0.5
u17,unpredictable,1,h0482,2026-08-04 14:30:00,14,1,coffee,False,2,6,driving,25.8,False,2026-08-04 14:04:13.658397,2026-08-04 14:01:38.830773,2026-08-04 14:28:07.332775,-2.6,-1.9
u21,always_early,1,h0482,2026-08-04 14:30:00,14,1,coffee,False,2,6,driving,14.0,True,2026-08-04 14:15:59.120567,2026-08-04 14:14:57.295366,2026-08-04 14:30:26.391314,-1.0,0.4
u00,overbooked,0,h0236,2026-08-04 15:30:00,15,1,study,False,4,6,cycling,9.9,False,2026-08-04 15:20:08.671447,2026-08-04 15:24:20.219966,2026-08-04 15:33:32.115943,4.2,3.5
u04,morning_struggler,0,h0236,2026-08-04 15:30:00,15,1,study,False,4,6,walking,22.8,False,2026-08-04 15:07:09.734158,2026-08-04 15:06:51.769788,2026-08-04 15:30:55.752349,-0.3,0.9
u08,chronically_late,0,h0236,2026-08-04 15:30:00,15,1,study,False,4,6,driving,22.2,False,2026-08-04 15:07:45.790430,2026-08-04 15:15:16.847858,2026-08-04 15:36:53.946735,7.5,6.9
u12,improving,0,h0236,2026-08-04 15:30:00,15,1,study,False,4,6,walking,6.6,False,2026-08-04 15:23:22.482367,2026-08-04 15:25:36.813663,2026-08-04 15:33:02.369432,2.2,3.0
u16,rain_hater,0,h0236,2026-08-04 15:30:00,15,1,study,False,4,6,driving,31.9,False,2026-08-04 14:58:06.288238,2026-08-04 14:59:43.313653,2026-08-04 15:32:38.439928,1.6,2.6
u20,unpredictable,0,h0236,2026-08-04 15:30:00,15,1,study,False,4,6,driving,12.2,True,2026-08-04 15:17:50.310835,2026-08-04 15:28:27.551728,2026-08-04 15:40:11.180416,10.6,10.2
u03,improving,3,h0978,2026-08-04 17:30:00,17,1,coffee,False,2,5,driving,24.3,False,2026-08-04 17:05:39.196478,2026-08-04 17:08:45.661709,2026-08-04 17:30:51.292068,3.1,0.9
u07,unpredictable,3,h0978,2026-08-04 17:30:00,17,1,coffee,False,2,5,driving,16.7,False,2026-08-04 17:13:16.267879,2026-08-04 17:15:49.358987,2026-08-04 17:30:52.760849,2.6,0.9
u11,always_early,3,h0978,2026-08-04 17:30:00,17,1,coffee,False,2,5,driving,20.5,False,2026-08-04 17:09:32.517750,2026-08-04 17:06:14.465224,2026-08-04 17:26:11.372288,-3.3,-3.8
u15,morning_struggler,3,h0978,2026-08-04 17:30:00,17,1,coffee,False,2,5,walking,12.0,False,2026-08-04 17:18:00.565397,2026-08-04 17:20:17.423215,2026-08-04 17:32:55.856207,2.3,2.9
u23,chronically_late,3,h0978,2026-08-04 17:30:00,17,1,coffee,False,2,5,walking,19.9,False,2026-08-04 17:10:03.686451,2026-08-04 17:17:53.260336,2026-08-04 17:39:37.697389,7.8,9.6
u00,overbooked,0,h0235,2026-08-04 18:30:00,18,1,study,False,0,6,cycling,7.3,True,2026-08-04 18:22:41.638336,2026-08-04 18:37:38.347316,2026-08-04 18:45:23.191031,14.9,15.4
u04,morning_struggler,0,h0235,2026-08-04 18:30:00,18,1,study,False,0,6,walking,16.3,False,2026-08-04 18:13:44.756336,2026-08-04 18:14:37.139042,2026-08-04 18:32:25.994292,0.9,2.4
u08,chronically_late,0,h0235,2026-08-04 18:30:00,18,1,study,False,0,6,driving,29.4,True,2026-08-04 18:00:36.106055,2026-08-04 18:10:00.260017,2026-08-04 18:36:48.979153,9.4,6.8
u12,improving,0,h0235,2026-08-04 18:30:00,18,1,study,False,0,6,walking,8.6,False,2026-08-04 18:21:24.273951,2026-08-04 18:20:21.556083,2026-08-04 18:28:20.306803,-1.0,-1.7
u16,rain_hater,0,h0235,2026-08-04 18:30:00,18,1,study,False,0,6,driving,27.7,True,2026-08-04 18:02:20.037233,2026-08-04 18:04:29.865741,2026-08-04 18:34:28.787998,2.2,4.5
u20,unpredictable,0,h0235,2026-08-04 18:30:00,18,1,study,False,0,6,driving,32.6,True,2026-08-04 17:57:24.038338,2026-08-04 18:06:38.871367,2026-08-04 18:39:25.235596,9.2,9.4
u03,improving,3,h0981,2026-08-05 09:00:00,9,2,study,False,7,4,driving,31.1,False,2026-08-05 08:28:51.077950,2026-08-05 08:35:29.462827,2026-08-05 09:10:51.313875,6.6,10.9
u07,unpredictable,3,h0981,2026-08-05 09:00:00,9,2,study,False,7,4,driving,20.5,False,2026-08-05 08:39:31.473774,2026-08-05 08:54:51.064784,2026-08-05 09:14:39.236338,15.3,14.7
u19,punctual,3,h0981,2026-08-05 09:00:00,9,2,study,False,7,4,driving,13.6,True,2026-08-05 08:46:23.405358,2026-08-05 08:51:35.361775,2026-08-05 09:07:04.711214,5.2,7.1
u23,chronically_late,3,h0981,2026-08-05 09:00:00,9,2,study,False,7,4,walking,12.8,False,2026-08-05 08:47:12.858770,2026-08-05 08:59:15.160425,2026-08-05 09:13:23.630846,12.0,13.4
u07,unpredictable,3,h0979,2026-08-05 13:00:00,13,2,study,False,6,5,driving,35.1,False,2026-08-05 12:24:53.401053,2026-08-05 12:26:17.990714,2026-08-05 13:05:15.725116,1.4,5.3
u11,always_early,3,h0979,2026-08-05 13:00:00,13,2,study,False,6,5,driving,22.7,False,2026-08-05 12:37:18.966584,2026-08-05 12:34:00.048731,2026-08-05 12:57:25.752109,-3.3,-2.6
u15,morning_struggler,3,h0979,2026-08-05 13:00:00,13,2,study,False,6,5,walking,11.2,True,2026-08-05 12:48:45.445131,2026-08-05 12:54:52.054814,2026-08-05 13:05:38.884219,6.1,5.6
u19,punctual,3,h0979,2026-08-05 13:00:00,13,2,study,False,6,5,driving,12.2,False,2026-08-05 12:47:46.088637,2026-08-05 12:48:15.091322,2026-08-05 13:00:19.650263,0.5,0.3
u23,chronically_late,3,h0979,2026-08-05 13:00:00,13,2,study,False,6,5,walking,10.8,False,2026-08-05 12:49:11.092628,2026-08-05 13:06:37.528600,2026-08-05 13:16:33.418714,17.4,16.6
u00,overbooked,0,h0237,2026-08-05 20:30:00,20,2,study,False,1,5,cycling,22.5,True,2026-08-05 20:07:30.957062,2026-08-05 20:24:29.358970,2026-08-05 20:48:00.474192,17.0,18.0
u08,chronically_late,0,h0237,2026-08-05 20:30:00,20,2,study,False,1,5,driving,21.5,True,2026-08-05 20:08:32.509421,2026-08-05 20:23:14.431170,2026-08-05 20:43:36.027074,14.7,13.6
u12,improving,0,h0237,2026-08-05 20:30:00,20,2,study,False,1,5,walking,8.3,False,2026-08-05 20:21:42.101510,2026-08-05 20:23:43.054262,2026-08-05 20:31:57.224708,2.0,2.0
u16,rain_hater,0,h0237,2026-08-05 20:30:00,20,2,study,False,1,5,driving,32.6,False,2026-08-05 19:57:22.886478,2026-08-05 19:58:09.550145,2026-08-05 20:28:22.603214,0.8,-1.6
u20,unpredictable,0,h0237,2026-08-05 20:30:00,20,2,study,False,1,5,driving,25.1,False,2026-08-05 20:04:53.915612,2026-08-05 20:23:42.410790,2026-08-05 20:47:04.534168,18.8,17.1
u15,morning_struggler,3,h0980,2026-08-05 21:00:00,21,2,sports,False,6,3,walking,15.5,False,2026-08-05 20:44:28.029966,2026-08-05 20:48:56.788432,2026-08-05 21:06:08.774410,4.5,6.1
u19,punctual,3,h0980,2026-08-05 21:00:00,21,2,sports,False,6,3,driving,17.6,False,2026-08-05 20:42:23.078702,2026-08-05 20:46:42.627736,2026-08-05 21:03:54.914127,4.3,3.9
u23,chronically_late,3,h0980,2026-08-05 21:00:00,21,2,sports,False,6,3,walking,7.5,False,2026-08-05 20:52:32.714334,2026-08-05 21:02:54.034673,2026-08-05 21:11:02.857948,10.4,11.0
u01,overbooked,1,h0483,2026-08-06 20:00:00,20,3,sports,False,7,3,driving,13.1,True,2026-08-06 19:46:55.024338,2026-08-06 20:06:31.069465,2026-08-06 20:18:43.492839,19.6,18.7
u05,chronically_late,1,h0483,2026-08-06 20:00:00,20,3,sports,False,7,3,cycling,6.7,False,2026-08-06 19:53:20.001853,2026-08-06 20:03:42.172714,2026-08-06 20:10:33.618142,10.4,10.6
u09,morning_struggler,1,h0483,2026-08-06 20:00:00,20,3,sports,False,7,3,cycling,8.3,True,2026-08-06 19:51:42.706138,2026-08-06 20:00:50.866347,2026-08-06 20:10:02.214241,9.1,10.0
u11,always_early,3,h0982,2026-08-06 21:30:00,21,3,food,False,6,4,driving,34.9,False,2026-08-06 20:55:04.790816,2026-08-06 20:54:38.875033,2026-08-06 21:26:17.106864,-0.4,-3.7
u15,morning_struggler,3,h0982,2026-08-06 21:30:00,21,3,food,False,6,4,walking,18.6,False,2026-08-06 21:11:22.635747,2026-08-06 21:16:21.112125,2026-08-06 21:34:05.486755,5.0,4.1
u19,punctual,3,h0982,2026-08-06 21:30:00,21,3,food,False,6,4,driving,27.8,True,2026-08-06 21:02:11.159909,2026-08-06 21:09:30.659763,2026-08-06 21:37:04.350250,7.3,7.1
u23,chronically_late,3,h0982,2026-08-06 21:30:00,21,3,food,False,6,4,walking,22.4,False,2026-08-06 21:07:35.231288,2026-08-06 21:34:59.100912,2026-08-06 21:59:41.702291,27.4,29.7
u03,improving,3,h0983,2026-08-07 10:00:00,10,4,party,False,7,4,driving,24.8,True,2026-08-07 09:35:12.162600,2026-08-07 09:49:29.761055,2026-08-07 10:16:25.773658,14.3,16.4
u11,always_early,3,h0983,2026-08-07 10:00:00,10,4,party,False,7,4,driving,34.7,True,2026-08-07 09:25:20.983268,2026-08-07 09:28:56.094088,2026-08-07 10:03:43.405701,3.6,3.7
u15,morning_struggler,3,h0983,2026-08-07 10:00:00,10,4,party,False,7,4,walking,5.3,False,2026-08-07 09:54:43.571859,2026-08-07 10:04:17.516339,2026-08-07 10:10:02.324318,9.6,10.0
u19,punctual,3,h0983,2026-08-07 10:00:00,10,4,party,False,7,4,driving,28.5,False,2026-08-07 09:31:31.830844,2026-08-07 09:36:23.845882,2026-08-07 10:03:15.519807,4.9,3.3
u02,improving,2,h0733,2026-08-07 10:30:00,10,4,study,False,1,6,walking,23.4,False,2026-08-07 10:06:33.983792,2026-08-07 10:08:41.299815,2026-08-07 10:30:39.094732,2.1,0.7
u06,overbooked,2,h0733,2026-08-07 10:30:00,10,4,study,False,1,6,driving,26.2,True,2026-08-07 10:03:48.829943,2026-08-07 10:26:53.667225,2026-08-07 10:54:16.847760,23.1,24.3
u10,punctual,2,h0733,2026-08-07 10:30:00,10,4,study,False,1,6,cycling,10.2,False,2026-08-07 10:19:49.566360,2026-08-07 10:19:31.345435,2026-08-07 10:30:47.300617,-0.3,0.8
u14,punctual,2,h0733,2026-08-07 10:30:00,10,4,study,False,1,6,walking,6.2,True,2026-08-07 10:23:48.484744,2026-08-07 10:26:07.462246,2026-08-07 10:32:11.783172,2.3,2.2
u18,always_early,2,h0733,2026-08-07 10:30:00,10,4,study,False,1,6,cycling,8.8,True,2026-08-07 10:21:13.969784,2026-08-07 10:19:51.364030,2026-08-07 10:28:56.996671,-1.4,-1.1
u22,rain_hater,2,h0733,2026-08-07 10:30:00,10,4,study,False,1,6,walking,5.0,True,2026-08-07 10:24:58.571440,2026-08-07 10:29:29.095111,2026-08-07 10:34:34.671374,4.5,4.6
u04,morning_struggler,0,h0238,2026-08-07 21:30:00,21,4,coffee,True,6,4,walking,6.9,True,2026-08-07 21:23:03.344835,2026-08-07 21:30:38.405525,2026-08-07 21:38:32.344701,7.6,8.5
u08,chronically_late,0,h0238,2026-08-07 21:30:00,21,4,coffee,True,6,4,driving,27.7,False,2026-08-07 21:02:17.112495,2026-08-07 21:17:44.203329,2026-08-07 21:52:39.984538,15.5,22.7
u12,improving,0,h0238,2026-08-07 21:30:00,21,4,coffee,True,6,4,walking,18.7,True,2026-08-07 21:11:16.742994,2026-08-07 21:21:55.785627,2026-08-07 21:44:43.033763,10.7,14.7
u20,unpredictable,0,h0238,2026-08-07 21:30:00,21,4,coffee,True,6,4,driving,21.3,False,2026-08-07 21:08:44.067794,2026-08-07 21:09:26.845901,2026-08-07 21:30:50.237787,0.7,0.8
u04,morning_struggler,0,h0240,2026-08-08 12:00:00,12,5,sports,False,7,3,walking,5.7,False,2026-08-08 11:54:15.840720,2026-08-08 11:57:11.082524,2026-08-08 12:03:25.604036,2.9,3.4
u16,rain_hater,0,h0240,2026-08-08 12:00:00,12,5,sports,False,7,3,driving,15.7,True,2026-08-08 11:44:19.803454,2026-08-08 11:53:42.050458,2026-08-08 12:11:22.331950,9.4,11.4
u20,unpredictable,0,h0240,2026-08-08 12:00:00,12,5,sports,False,7,3,driving,10.7,False,2026-08-08 11:49:15.054902,2026-08-08 11:55:33.407964,2026-08-08 12:06:33.381787,6.3,6.6
u00,overbooked,0,h0239,2026-08-08 22:00:00,22,5,food,True,5,6,cycling,21.0,False,2026-08-08 21:39:01.961900,2026-08-08 21:45:30.535694,2026-08-08 22:06:39.394025,6.5,6.7
u04,morning_struggler,0,h0239,2026-08-08 22:00:00,22,5,food,True,5,6,walking,18.0,False,2026-08-08 21:41:59.383917,2026-08-08 21:47:17.268980,2026-08-08 22:06:35.850399,5.3,6.6
u08,chronically_late,0,h0239,2026-08-08 22:00:00,22,5,food,True,5,6,driving,16.8,False,2026-08-08 21:43:11.019188,2026-08-08 21:54:35.265356,2026-08-08 22:15:22.678245,11.4,15.4
u12,improving,0,h0239,2026-08-08 22:00:00,22,5,food,True,5,6,walking,23.3,False,2026-08-08 21:36:43.127304,2026-08-08 21:40:51.789781,2026-08-08 22:08:00.674191,4.1,8.0
u16,rain_hater,0,h0239,2026-08-08 22:00:00,22,5,food,True,5,6,driving,13.0,False,2026-08-08 21:47:00.669525,2026-08-08 22:03:13.399471,2026-08-08 22:18:28.107160,16.2,18.5
u20,unpredictable,0,h0239,2026-08-08 22:00:00,22,5,food,True,5,6,driving,10.2,False,2026-08-08 21:49:48.364577,2026-08-08 21:51:49.130178,2026-08-08 22:04:22.927949,2.0,4.4
u07,unpredictable,3,h0984,2026-08-09 09:30:00,9,6,food,False,1,5,driving,16.1,True,2026-08-09 09:13:53.915213,2026-08-09 09:20:26.365169,2026-08-09 09:38:02.726169,6.5,8.0
u11,always_early,3,h0984,2026-08-09 09:30:00,9,6,food,False,1,5,driving,23.1,False,2026-08-09 09:06:56.273327,2026-08-09 09:07:47.411490,2026-08-09 09:34:04.670698,0.9,4.1
u15,morning_struggler,3,h0984,2026-08-09 09:30:00,9,6,food,False,1,5,walking,15.8,False,2026-08-09 09:14:14.864260,2026-08-09 09:31:30.618941,2026-08-09 09:47:40.526067,17.3,17.7
u19,punctual,3,h0984,2026-08-09 09:30:00,9,6,food,False,1,5,driving,19.4,False,2026-08-09 09:10:37.073367,2026-08-09 09:13:35.614683,2026-08-09 09:32:42.788389,3.0,2.7
u23,chronically_late,3,h0984,2026-08-09 09:30:00,9,6,food,False,1,5,walking,6.7,False,2026-08-09 09:23:19.410122,2026-08-09 09:34:40.025034,2026-08-09 09:41:05.735761,11.3,11.1
u03,improving,3,h0985,2026-08-09 11:00:00,11,6,coffee,False,7,5,driving,23.3,False,2026-08-09 10:36:44.004335,2026-08-09 10:44:09.688039,2026-08-09 11:05:50.390000,7.4,5.8
u07,unpredictable,3,h0985,2026-08-09 11:00:00,11,6,coffee,False,7,5,driving,37.4,False,2026-08-09 10:22:38.164162,2026-08-09 10:25:37.508856,2026-08-09 11:01:51.193266,3.0,1.9
u11,always_early,3,h0985,2026-08-09 11:00:00,11,6,coffee,False,7,5,driving,11.6,True,2026-08-09 10:48:25.374659,2026-08-09 10:49:31.836149,2026-08-09 11:00:19.619718,1.1,0.3
u19,punctual,3,h0985,2026-08-09 11:00:00,11,6,coffee,False,7,5,driving,26.7,False,2026-08-09 10:33:16.529320,2026-08-09 10:35:31.819341,2026-08-09 11:06:14.532976,2.3,6.2
u23,chronically_late,3,h0985,2026-08-09 11:00:00,11,6,coffee,False,7,5,walking,11.2,False,2026-08-09 10:48:50.923132,2026-08-09 11:01:01.794121,2026-08-09 11:11:10.529977,12.2,11.2
u02,improving,2,h0734,2026-08-09 18:30:00,18,6,study,False,1,5,walking,20.0,False,2026-08-09 18:10:01.328075,2026-08-09 18:10:24.507817,2026-08-09 18:32:02.153214,0.4,2.0
u06,overbooked,2,h0734,2026-08-09 18:30:00,18,6,study,False,1,5,driving,26.7,True,2026-08-09 18:03:17.055540,2026-08-09 18:30:54.725565,2026-08-09 19:00:49.891474,27.6,30.8
u10,punctual,2,h0734,2026-08-09 18:30:00,18,6,study,False,1,5,cycling,17.4,True,2026-08-09 18:12:33.096633,2026-08-09 18:17:53.705111,2026-08-09 18:35:31.571104,5.3,5.5
u18,always_early,2,h0734,2026-08-09 18:30:00,18,6,study,False,1,5,cycling,20.7,True,2026-08-09 18:09:19.516684,2026-08-09 18:08:05.555598,2026-08-09 18:26:48.365229,-1.2,-3.2
u22,rain_hater,2,h0734,2026-08-09 18:30:00,18,6,study,False,1,5,walking,23.9,True,2026-08-09 18:06:04.800786,2026-08-09 18:13:19.944335,2026-08-09 18:35:33.159751,7.3,5.6
u00,overbooked,0,h0241,2026-08-09 19:00:00,19,6,sports,False,5,4,cycling,6.7,False,2026-08-09 18:53:17.186361,2026-08-09 18:56:07.790889,2026-08-09 19:03:23.225109,2.8,3.4
u04,morning_struggler,0,h0241,2026-08-09 19:00:00,19,6,sports,False,5,4,walking,17.3,False,2026-08-09 18:42:40.431485,2026-08-09 18:42:44.548065,2026-08-09 19:01:48.415795,0.1,1.8
u08,chronically_late,0,h0241,2026-08-09 19:00:00,19,6,sports,False,5,4,driving,36.0,True,2026-08-09 18:23:58.378381,2026-08-09 18:40:18.874038,2026-08-09 19:14:45.084174,16.3,14.8
u16,rain_hater,0,h0241,2026-08-09 19:00:00,19,6,sports,False,5,4,driving,10.8,False,2026-08-09 18:49:11.764010,2026-08-09 18:54:36.262953,2026-08-09 19:05:35.032749,5.4,5.6
u06,overbooked,2,h0735,2026-08-10 21:00:00,21,0,coffee,False,0,4,driving,23.6,False,2026-08-10 20:36:26.278162,2026-08-10 20:37:21.344027,2026-08-10 20:59:26.800226,0.9,-0.6
u10,punctual,2,h0735,2026-08-10 21:00:00,21,0,coffee,False,0,4,cycling,6.9,False,2026-08-10 20:53:06.428923,2026-08-10 20:53:53.485566,2026-08-10 21:01:07.951172,0.8,1.1
u18,always_early,2,h0735,2026-08-10 21:00:00,21,0,coffee,False,0,4,cycling,24.5,False,2026-08-10 20:35:27.087221,2026-08-10 20:34:40.723751,2026-08-10 21:00:14.381608,-0.8,0.2
u22,rain_hater,2,h0735,2026-08-10 21:00:00,21,0,coffee,False,0,4,walking,5.6,False,2026-08-10 20:54:25.905897,2026-08-10 20:55:53.646767,2026-08-10 21:00:54.693122,1.5,0.9
u07,unpredictable,3,h0986,2026-08-11 15:30:00,15,1,coffee,True,6,4,driving,31.1,True,2026-08-11 14:58:51.525314,2026-08-11 15:07:18.274029,2026-08-11 15:39:15.990221,8.4,9.3
u11,always_early,3,h0986,2026-08-11 15:30:00,15,1,coffee,True,6,4,driving,38.7,True,2026-08-11 14:51:15.298230,2026-08-11 14:56:26.424918,2026-08-11 15:42:09.146663,5.2,12.2
u15,morning_struggler,3,h0986,2026-08-11 15:30:00,15,1,coffee,True,6,4,walking,21.6,False,2026-08-11 15:08:26.615178,2026-08-11 15:12:09.035786,2026-08-11 15:37:53.634876,3.7,7.9
u19,punctual,3,h0986,2026-08-11 15:30:00,15,1,coffee,True,6,4,driving,12.4,True,2026-08-11 15:17:36.496676,2026-08-11 15:24:04.925304,2026-08-11 15:39:09.978532,6.5,9.2
u07,unpredictable,3,h0987,2026-08-12 09:30:00,9,2,coffee,False,3,5,driving,37.0,True,2026-08-12 08:52:58.759155,2026-08-12 09:16:18.083816,2026-08-12 09:54:09.510452,23.3,24.2
u11,always_early,3,h0987,2026-08-12 09:30:00,9,2,coffee,False,3,5,driving,31.5,False,2026-08-12 08:58:30.915931,2026-08-12 09:00:27.584499,2026-08-12 09:32:22.003338,1.9,2.4
u15,morning_struggler,3,h0987,2026-08-12 09:30:00,9,2,coffee,False,3,5,walking,11.0,False,2026-08-12 09:19:00.524923,2026-08-12 09:36:54.077886,2026-08-12 09:49:19.735244,17.9,19.3
u19,punctual,3,h0987,2026-08-12 09:30:00,9,2,coffee,False,3,5,driving,22.5,False,2026-08-12 09:07:28.371359,2026-08-12 09:10:43.082008,2026-08-12 09:34:01.467806,3.2,4.0
u23,chronically_late,3,h0987,2026-08-12 09:30:00,9,2,coffee,False,3,5,walking,22.4,False,2026-08-12 09:07:35.322314,2026-08-12 09:19:18.610594,2026-08-12 09:43:24.776228,11.7,13.4
u01,overbooked,1,h0485,2026-08-13 08:30:00,8,3,study,True,0,6,driving,28.0,False,2026-08-13 08:02:02.303306,2026-08-13 08:12:42.511553,2026-08-13 08:45:45.910542,10.7,15.8
u05,chronically_late,1,h0485,2026-08-13 08:30:00,8,3,study,True,0,6,cycling,8.9,False,2026-08-13 08:21:05.725484,2026-08-13 08:33:06.148361,2026-08-13 08:43:59.316485,12.0,14.0
u09,morning_struggler,1,h0485,2026-08-13 08:30:00,8,3,study,True,0,6,cycling,15.4,False,2026-08-13 08:14:38.273932,2026-08-13 08:33:49.073424,2026-08-13 08:50:15.025018,19.2,20.3
u13,rain_hater,1,h0485,2026-08-13 08:30:00,8,3,study,True,0,6,driving,36.0,False,2026-08-13 07:54:02.504831,2026-08-13 08:05:21.637284,2026-08-13 08:44:29.978475,11.3,14.5
u17,unpredictable,1,h0485,2026-08-13 08:30:00,8,3,study,True,0,6,driving,34.1,False,2026-08-13 07:55:53.494565,2026-08-13 08:03:54.675432,2026-08-13 08:40:52.836140,8.0,10.9
u21,always_early,1,h0485,2026-08-13 08:30:00,8,3,study,True,0,6,driving,9.2,True,2026-08-13 08:20:45.335060,2026-08-13 08:23:56.854120,2026-08-13 08:33:09.696575,3.2,3.2
u03,improving,3,h0988,2026-08-13 18:00:00,18,3,food,False,6,5,driving,38.2,True,2026-08-13 17:21:47.397727,2026-08-13 17:30:37.004440,2026-08-13 18:08:04.804675,8.8,8.1
u07,unpredictable,3,h0988,2026-08-13 18:00:00,18,3,food,False,6,5,driving,32.1,True,2026-08-13 17:27:51.484637,2026-08-13 17:37:47.724821,2026-08-13 18:11:02.809455,9.9,11.0
u11,always_early,3,h0988,2026-08-13 18:00:00,18,3,food,False,6,5,driving,22.0,False,2026-08-13 17:37:59.493705,2026-08-13 17:35:44.363688,2026-08-13 17:57:41.761747,-2.3,-2.3
u15,morning_struggler,3,h0988,2026-08-13 18:00:00,18,3,food,False,6,5,walking,12.0,False,2026-08-13 17:48:01.611288,2026-08-13 17:51:23.778278,2026-08-13 18:04:59.085165,3.4,5.0
u19,punctual,3,h0988,2026-08-13 18:00:00,18,3,food,False,6,5,driving,21.6,False,2026-08-13 17:38:26.816534,2026-08-13 17:40:57.697656,2026-08-13 18:01:08.237494,2.5,1.1
u01,overbooked,1,h0484,2026-08-13 18:30:00,18,3,party,False,2,4,driving,35.2,True,2026-08-13 17:54:49.373936,2026-08-13 18:15:03.505753,2026-08-13 18:49:04.371256,20.2,19.1
u05,chronically_late,1,h0484,2026-08-13 18:30:00,18,3,party,False,2,4,cycling,7.0,True,2026-08-13 18:23:02.321223,2026-08-13 18:38:39.538992,2026-08-13 18:46:17.775174,15.6,16.3
u09,morning_struggler,1,h0484,2026-08-13 18:30:00,18,3,party,False,2,4,cycling,24.2,False,2026-08-13 18:05:45.168251,2026-08-13 18:09:26.473148,2026-08-13 18:35:48.473837,3.7,5.8
u17,unpredictable,1,h0484,2026-08-13 18:30:00,18,3,party,False,2,4,driving,16.2,False,2026-08-13 18:13:48.620488,2026-08-13 18:17:32.435687,2026-08-13 18:35:30.051001,3.7,5.5
u02,improving,2,h0736,2026-08-13 20:30:00,20,3,sports,True,6,3,walking,17.2,True,2026-08-13 20:12:45.270089,2026-08-13 20:19:39.041432,2026-08-13 20:41:08.294794,6.9,11.1
u06,overbooked,2,h0736,2026-08-13 20:30:00,20,3,sports,True,6,3,driving,31.3,False,2026-08-13 19:58:39.689056,2026-08-13 20:06:46.903713,2026-08-13 20:37:51.407551,8.1,7.9
u18,always_early,2,h0736,2026-08-13 20:30:00,20,3,sports,True,6,3,cycling,20.5,False,2026-08-13 20:09:29.558397,2026-08-13 20:08:43.815528,2026-08-13 20:30:39.437668,-0.8,0.7
u02,improving,2,h0738,2026-08-14 12:30:00,12,4,coffee,True,1,5,walking,7.9,False,2026-08-14 12:22:04.999731,2026-08-14 12:29:01.681082,2026-08-14 12:37:23.220149,6.9,7.4
u06,overbooked,2,h0738,2026-08-14 12:30:00,12,4,coffee,True,1,5,driving,19.1,True,2026-08-14 12:10:54.259034,2026-08-14 12:33:02.329046,2026-08-14 12:53:46.460282,22.1,23.8
u10,punctual,2,h0738,2026-08-14 12:30:00,12,4,coffee,True,1,5,cycling,11.3,False,2026-08-14 12:18:40.092954,2026-08-14 12:19:24.989131,2026-08-14 12:31:58.056256,0.7,2.0
u18,always_early,2,h0738,2026-08-14 12:30:00,12,4,coffee,True,1,5,cycling,12.2,True,2026-08-14 12:17:45.972566,2026-08-14 12:18:38.123791,2026-08-14 12:30:57.042356,0.9,1.0
u22,rain_hater,2,h0738,2026-08-14 12:30:00,12,4,coffee,True,1,5,walking,17.4,False,2026-08-14 12:12:34.233269,2026-08-14 12:22:37.966737,2026-08-14 12:41:51.269774,10.1,11.9
u01,overbooked,1,h0486,2026-08-14 13:00:00,13,4,coffee,False,4,6,driving,35.5,True,2026-08-14 12:24:29.156580,2026-08-14 12:41:57.659019,2026-08-14 13:22:46.816975,17.5,22.8
u05,chronically_late,1,h0486,2026-08-14 13:00:00,13,4,coffee,False,4,6,cycling,15.9,False,2026-08-14 12:44:08.511120,2026-08-14 12:52:38.570894,2026-08-14 13:09:20.714403,8.5,9.3
u09,morning_struggler,1,h0486,2026-08-14 13:00:00,13,4,coffee,False,4,6,cycling,6.5,True,2026-08-14 12:53:27.881327,2026-08-14 12:56:52.442743,2026-08-14 13:03:20.964305,3.4,3.3
u13,rain_hater,1,h0486,2026-08-14 13:00:00,13,4,coffee,False,4,6,driving,36.3,False,2026-08-14 12:23:39.596890,2026-08-14 12:24:10.465864,2026-08-14 12:56:54.815008,0.5,-3.1
u17,unpredictable,1,h0486,2026-08-14 13:00:00,13,4,coffee,False,4,6,driving,15.5,False,2026-08-14 12:44:32.268466,2026-08-14 12:50:47.951593,2026-08-14 13:04:49.112435,6.3,4.8
u21,always_early,1,h0486,2026-08-14 13:00:00,13,4,coffee,False,4,6,driving,8.5,False,2026-08-14 12:51:29.390517,2026-08-14 12:48:26.451366,2026-08-14 12:56:56.279644,-3.0,-3.1
u10,punctual,2,h0737,2026-08-14 13:30:00,13,4,coffee,False,0,3,cycling,15.2,True,2026-08-14 13:14:50.532851,2026-08-14 13:21:06.442016,2026-08-14 13:35:56.794405,6.3,5.9
u14,punctual,2,h0737,2026-08-14 13:30:00,13,4,coffee,False,0,3,walking,5.9,False,2026-08-14 13:24:03.512959,2026-08-14 13:25:10.615409,2026-08-14 13:31:28.131738,1.1,1.5
u22,rain_hater,2,h0737,2026-08-14 13:30:00,13,4,coffee,False,0,3,walking,11.3,True,2026-08-14 13:18:41.248437,2026-08-14 13:22:55.564195,2026-08-14 13:35:44.115404,4.2,5.7
u00,overbooked,0,h0242,2026-08-14 20:00:00,20,4,party,False,1,6,cycling,21.8,True,2026-08-14 19:38:13.404602,2026-08-14 19:58:34.482196,2026-08-14 20:20:58.237315,20.4,21.0
u04,morning_struggler,0,h0242,2026-08-14 20:00:00,20,4,party,False,1,6,walking,17.5,False,2026-08-14 19:42:29.443093,2026-08-14 19:47:33.386148,2026-08-14 20:06:12.121665,5.1,6.2
u08,chronically_late,0,h0242,2026-08-14 20:00:00,20,4,party,False,1,6,driving,26.1,False,2026-08-14 19:33:56.441651,2026-08-14 19:45:18.656577,2026-08-14 20:13:21.539660,11.4,13.4
u12,improving,0,h0242,2026-08-14 20:00:00,20,4,party,False,1,6,walking,18.8,True,2026-08-14 19:41:11.154224,2026-08-14 19:47:17.563612,2026-08-14 20:07:51.370071,6.1,7.9
u16,rain_hater,0,h0242,2026-08-14 20:00:00,20,4,party,False,1,6,driving,34.1,False,2026-08-14 19:25:55.840769,2026-08-14 19:32:00.769519,2026-08-14 20:09:39.560332,6.1,9.7
u20,unpredictable,0,h0242,2026-08-14 20:00:00,20,4,party,False,1,6,driving,20.7,False,2026-08-14 19:39:19.398249,2026-08-14 19:53:52.003254,2026-08-14 20:16:24.344542,14.5,16.4
u00,overbooked,0,h0243,2026-08-15 10:30:00,10,5,coffee,False,3,5,cycling,16.0,False,2026-08-15 10:14:01.058897,2026-08-15 10:21:01.430937,2026-08-15 10:36:36.008701,7.0,6.6
u04,morning_struggler,0,h0243,2026-08-15 10:30:00,10,5,coffee,False,3,5,walking,12.3,True,2026-08-15 10:17:40.539498,2026-08-15 10:21:19.680630,2026-08-15 10:33:11.073407,3.7,3.2
u08,chronically_late,0,h0243,2026-08-15 10:30:00,10,5,coffee,False,3,5,driving,30.3,False,2026-08-15 09:59:43.807483,2026-08-15 10:06:45.006203,2026-08-15 10:35:18.578194,7.0,5.3
u16,rain_hater,0,h0243,2026-08-15 10:30:00,10,5,coffee,False,3,5,driving,18.7,False,2026-08-15 10:11:20.895839,2026-08-15 10:12:36.741330,2026-08-15 10:29:50.903663,1.3,-0.2
u20,unpredictable,0,h0243,2026-08-15 10:30:00,10,5,coffee,False,3,5,driving,17.6,True,2026-08-15 10:12:23.523631,2026-08-15 10:40:28.395480,2026-08-15 10:58:07.526381,28.1,28.1
u02,improving,2,h0739,2026-08-15 13:00:00,13,5,sports,False,4,5,walking,10.9,False,2026-08-15 12:49:05.419634,2026-08-15 13:06:47.657112,2026-08-15 13:17:53.819990,17.7,17.9
u06,overbooked,2,h0739,2026-08-15 13:00:00,13,5,sports,False,4,5,driving,29.0,False,2026-08-15 12:31:01.707909,2026-08-15 12:31:48.167716,2026-08-15 13:01:55.989153,0.8,1.9
u14,punctual,2,h0739,2026-08-15 13:00:00,13,5,sports,False,4,5,walking,6.9,False,2026-08-15 12:53:03.527937,2026-08-15 12:54:15.356433,2026-08-15 13:02:09.740392,1.2,2.2
u18,always_early,2,h0739,2026-08-15 13:00:00,13,5,sports,False,4,5,cycling,12.9,False,2026-08-15 12:47:06.263029,2026-08-15 12:44:52.169869,2026-08-15 12:59:34.782719,-2.2,-0.4
u22,rain_hater,2,h0739,2026-08-15 13:00:00,13,5,sports,False,4,5,walking,9.6,False,2026-08-15 12:50:22.350475,2026-08-15 12:51:44.187540,2026-08-15 13:00:44.737971,1.4,0.7
u01,overbooked,1,h0487,2026-08-16 18:00:00,18,6,food,False,5,4,driving,33.3,True,2026-08-16 17:26:39.631289,2026-08-16 17:45:40.634332,2026-08-16 18:22:06.508077,19.0,22.1
u13,rain_hater,1,h0487,2026-08-16 18:00:00,18,6,food,False,5,4,driving,27.3,False,2026-08-16 17:32:43.570419,2026-08-16 17:36:08.589847,2026-08-16 18:01:05.716876,3.4,1.1
u17,unpredictable,1,h0487,2026-08-16 18:00:00,18,6,food,False,5,4,driving,21.8,True,2026-08-16 17:38:13.206378,2026-08-16 17:55:25.195060,2026-08-16 18:17:13.543654,17.2,17.2
u21,always_early,1,h0487,2026-08-16 18:00:00,18,6,food,False,5,4,driving,9.8,False,2026-08-16 17:50:14.476055,2026-08-16 17:47:28.864058,2026-08-16 17:58:27.356529,-2.8,-1.5
u04,morning_struggler,0,h0244,2026-08-16 20:30:00,20,6,sports,False,4,3,walking,12.5,False,2026-08-16 20:17:27.607417,2026-08-16 20:20:05.855692,2026-08-16 20:33:09.737141,2.6,3.2
u12,improving,0,h0244,2026-08-16 20:30:00,20,6,sports,False,4,3,walking,14.2,False,2026-08-16 20:15:45.269568,2026-08-16 20:17:55.886284,2026-08-16 20:31:32.041328,2.2,1.5
u16,rain_hater,0,h0244,2026-08-16 20:30:00,20,6,sports,False,4,3,driving,11.2,False,2026-08-16 20:18:47.797577,2026-08-16 20:32:01.267305,2026-08-16 20:44:31.378001,13.2,14.5
u00,overbooked,0,h0245,2026-08-18 08:30:00,8,1,study,True,4,6,cycling,12.3,False,2026-08-18 08:17:41.386029,2026-08-18 08:21:42.710609,2026-08-18 08:34:19.998044,4.0,4.3
u04,morning_struggler,0,h0245,2026-08-18 08:30:00,8,1,study,True,4,6,walking,8.1,True,2026-08-18 08:21:54.037208,2026-08-18 08:43:07.838072,2026-08-18 08:52:30.112087,21.2,22.5
u08,chronically_late,0,h0245,2026-08-18 08:30:00,8,1,study,True,4,6,driving,9.0,False,2026-08-18 08:21:01.119401,2026-08-18 08:31:22.120794,2026-08-18 08:41:55.349806,10.4,11.9
u12,improving,0,h0245,2026-08-18 08:30:00,8,1,study,True,4,6,walking,8.9,False,2026-08-18 08:21:05.826935,2026-08-18 08:27:01.427190,2026-08-18 08:36:07.802936,5.9,6.1
u16,rain_hater,0,h0245,2026-08-18 08:30:00,8,1,study,True,4,6,driving,24.4,False,2026-08-18 08:05:33.660401,2026-08-18 08:18:47.478599,2026-08-18 08:47:01.761497,13.2,17.0
u20,unpredictable,0,h0245,2026-08-18 08:30:00,8,1,study,True,4,6,driving,13.6,False,2026-08-18 08:16:21.307632,2026-08-18 08:27:44.846129,2026-08-18 08:42:25.495897,11.4,12.4
u15,morning_struggler,3,h0990,2026-08-18 13:30:00,13,1,coffee,True,0,3,walking,15.8,False,2026-08-18 13:14:10.975292,2026-08-18 13:17:16.706361,2026-08-18 13:33:19.600082,3.1,3.3
u19,punctual,3,h0990,2026-08-18 13:30:00,13,1,coffee,True,0,3,driving,11.2,False,2026-08-18 13:18:46.431580,2026-08-18 13:19:57.524981,2026-08-18 13:33:54.910342,1.2,3.9
u23,chronically_late,3,h0990,2026-08-18 13:30:00,13,1,coffee,True,0,3,walking,12.1,False,2026-08-18 13:17:55.579468,2026-08-18 13:26:56.760784,2026-08-18 13:39:59.636131,9.0,10.0
u03,improving,3,h0989,2026-08-18 15:30:00,15,1,study,False,5,4,driving,8.3,False,2026-08-18 15:21:43.689335,2026-08-18 15:24:38.985515,2026-08-18 15:34:03.788964,2.9,4.1
u07,unpredictable,3,h0989,2026-08-18 15:30:00,15,1,study,False,5,4,driving,25.3,True,2026-08-18 15:04:41.793262,2026-08-18 15:29:24.733571,2026-08-18 15:52:49.577143,24.7,22.8
u19,punctual,3,h0989,2026-08-18 15:30:00,15,1,study,False,5,4,driving,20.6,False,2026-08-18 15:09:26.525289,2026-08-18 15:11:01.254318,2026-08-18 15:29:45.452970,1.6,-0.2
u23,chronically_late,3,h0989,2026-08-18 15:30:00,15,1,study,False,5,4,walking,23.1,False,2026-08-18 15:06:55.643185,2026-08-18 15:16:45.479333,2026-08-18 15:41:39.426031,9.8,11.7
u02,improving,2,h0740,2026-08-18 18:30:00,18,1,party,True,3,6,walking,6.5,False,2026-08-18 18:23:32.867176,2026-08-18 18:31:04.989453,2026-08-18 18:39:06.330819,7.5,9.1
u06,overbooked,2,h0740,2026-08-18 18:30:00,18,1,party,True,3,6,driving,16.1,True,2026-08-18 18:13:56.042049,2026-08-18 18:39:06.372141,2026-08-18 18:58:27.174117,25.2,28.5
u10,punctual,2,h0740,2026-08-18 18:30:00,18,1,party,True,3,6,cycling,20.9,True,2026-08-18 18:09:07.517687,2026-08-18 18:19:55.433309,2026-08-18 18:43:12.183512,10.8,13.2
u14,punctual,2,h0740,2026-08-18 18:30:00,18,1,party,True,3,6,walking,24.3,True,2026-08-18 18:05:44.509654,2026-08-18 18:16:30.196874,2026-08-18 18:42:47.736004,10.8,12.8
u18,always_early,2,h0740,2026-08-18 18:30:00,18,1,party,True,3,6,cycling,17.5,False,2026-08-18 18:12:28.357391,2026-08-18 18:14:46.565754,2026-08-18 18:34:45.027850,2.3,4.8
u22,rain_hater,2,h0740,2026-08-18 18:30:00,18,1,party,True,3,6,walking,17.9,False,2026-08-18 18:12:04.391590,2026-08-18 18:25:13.174551,2026-08-18 18:46:50.463257,13.1,16.8
u01,overbooked,1,h0488,2026-08-18 19:30:00,19,1,food,False,0,5,driving,28.9,True,2026-08-18 19:01:06.733263,2026-08-18 19:16:46.789083,2026-08-18 19:46:56.511707,15.7,16.9
u05,chronically_late,1,h0488,2026-08-18 19:30:00,19,1,food,False,0,5,cycling,19.2,False,2026-08-18 19:10:46.764769,2026-08-18 19:28:08.945273,2026-08-18 19:46:46.546928,17.4,16.8
u13,rain_hater,1,h0488,2026-08-18 19:30:00,19,1,food,False,0,5,driving,11.6,False,2026-08-18 19:18:25.913270,2026-08-18 19:20:35.341018,2026-08-18 19:31:35.431625,2.2,1.6
u17,unpredictable,1,h0488,2026-08-18 19:30:00,19,1,food,False,0,5,driving,13.3,False,2026-08-18 19:16:44.805747,2026-08-18 19:26:52.451923,2026-08-18 19:41:35.543612,10.1,11.6
u21,always_early,1,h0488,2026-08-18 19:30:00,19,1,food,False,0,5,driving,9.6,False,2026-08-18 19:20:24.829208,2026-08-18 19:18:28.840601,2026-08-18 19:27:58.722610,-1.9,-2.0
u07,unpredictable,3,h0992,2026-08-19 12:00:00,12,2,sports,False,7,5,driving,16.0,True,2026-08-19 11:44:00.019335,2026-08-19 11:48:48.790293,2026-08-19 12:06:54.861538,4.8,6.9
u11,always_early,3,h0992,2026-08-19 12:00:00,12,2,sports,False,7,5,driving,12.4,True,2026-08-19 11:47:34.236692,2026-08-19 11:49:49.916523,2026-08-19 12:01:38.641086,2.3,1.6
u15,morning_struggler,3,h0992,2026-08-19 12:00:00,12,2,sports,False,7,5,walking,10.8,False,2026-08-19 11:49:11.714906,2026-08-19 11:51:11.115069,2026-08-19 12:03:17.538057,2.0,3.3
u19,punctual,3,h0992,2026-08-19 12:00:00,12,2,sports,False,7,5,driving,17.1,False,2026-08-19 11:42:52.007879,2026-08-19 11:44:59.892578,2026-08-19 12:04:00.086887,2.1,4.0
u23,chronically_late,3,h0992,2026-08-19 12:00:00,12,2,sports,False,7,5,walking,14.2,False,2026-08-19 11:45:45.112089,2026-08-19 11:57:39.271919,2026-08-19 12:12:33.918229,11.9,12.6
u04,morning_struggler,0,h0246,2026-08-19 12:30:00,12,2,party,False,6,4,walking,21.8,False,2026-08-19 12:08:11.066281,2026-08-19 12:13:04.972191,2026-08-19 12:37:15.678170,4.9,7.3
u08,chronically_late,0,h0246,2026-08-19 12:30:00,12,2,party,False,6,4,driving,35.1,True,2026-08-19 11:54:53.086805,2026-08-19 12:13:57.757282,2026-08-19 12:46:35.397808,19.1,16.6
u12,improving,0,h0246,2026-08-19 12:30:00,12,2,party,False,6,4,walking,5.8,True,2026-08-19 12:24:09.563230,2026-08-19 12:35:24.812106,2026-08-19 12:41:54.038922,11.3,11.9
u20,unpredictable,0,h0246,2026-08-19 12:30:00,12,2,party,False,6,4,driving,10.7,False,2026-08-19 12:19:17.080344,2026-08-19 12:23:00.570867,2026-08-19 12:34:02.414829,3.7,4.0
u11,always_early,3,h0991,2026-08-19 13:00:00,13,2,sports,False,3,3,driving,30.3,True,2026-08-19 12:29:39.283420,2026-08-19 12:29:19.977529,2026-08-19 13:02:38.582579,-0.3,2.6
u15,morning_struggler,3,h0991,2026-08-19 13:00:00,13,2,sports,False,3,3,walking,9.3,False,2026-08-19 12:50:39.416832,2026-08-19 12:50:58.728371,2026-08-19 13:01:03.640545,0.3,1.1
u19,punctual,3,h0991,2026-08-19 13:00:00,13,2,sports,False,3,3,driving,17.7,False,2026-08-19 12:42:16.567076,2026-08-19 12:49:37.567535,2026-08-19 13:08:15.009009,7.4,8.3
u01,overbooked,1,h0489,2026-08-19 22:00:00,22,2,coffee,False,2,6,driving,33.8,True,2026-08-19 21:26:12.382326,2026-08-19 21:42:21.235623,2026-08-19 22:14:37.125374,16.1,14.6
u05,chronically_late,1,h0489,2026-08-19 22:00:00,22,2,coffee,False,2,6,cycling,12.3,False,2026-08-19 21:47:40.028087,2026-08-19 21:53:35.020064,2026-08-19 22:07:40.846534,5.9,7.7
u09,morning_struggler,1,h0489,2026-08-19 22:00:00,22,2,coffee,False,2,6,cycling,21.8,False,2026-08-19 21:38:10.928883,2026-08-19 21:38:12.231667,2026-08-19 22:02:45.576307,0.0,2.8
u13,rain_hater,1,h0489,2026-08-19 22:00:00,22,2,coffee,False,2,6,driving,22.6,False,2026-08-19 21:37:24.528808,2026-08-19 21:40:51.184799,2026-08-19 22:04:32.111424,3.4,4.5
u17,unpredictable,1,h0489,2026-08-19 22:00:00,22,2,coffee,False,2,6,driving,29.3,False,2026-08-19 21:30:44.382197,2026-08-19 21:31:10.632844,2026-08-19 22:03:05.820401,0.4,3.1
u21,always_early,1,h0489,2026-08-19 22:00:00,22,2,coffee,False,2,6,driving,22.1,True,2026-08-19 21:37:52.376424,2026-08-19 21:37:16.127479,2026-08-19 21:59:34.361859,-0.6,-0.4
u04,morning_struggler,0,h0247,2026-08-20 08:30:00,8,3,food,False,6,4,walking,17.7,False,2026-08-20 08:12:17.484873,2026-08-20 08:33:21.193987,2026-08-20 08:49:52.966996,21.1,19.9
u08,chronically_late,0,h0247,2026-08-20 08:30:00,8,3,food,False,6,4,driving,35.8,True,2026-08-20 07:54:11.900757,2026-08-20 08:09:23.762174,2026-08-20 08:41:42.064390,15.2,11.7
u12,improving,0,h0247,2026-08-20 08:30:00,8,3,food,False,6,4,walking,24.2,True,2026-08-20 08:05:46.593131,2026-08-20 08:15:47.135588,2026-08-20 08:39:14.240036,10.0,9.2
u20,unpredictable,0,h0247,2026-08-20 08:30:00,8,3,food,False,6,4,driving,16.5,False,2026-08-20 08:13:32.849926,2026-08-20 08:17:19.657270,2026-08-20 08:35:19.890533,3.8,5.3
u01,overbooked,1,h0490,2026-08-20 20:30:00,20,3,party,True,1,6,driving,28.4,True,2026-08-20 20:01:34.261820,2026-08-20 20:22:38.452638,2026-08-20 20:50:48.888927,21.1,20.8
u05,chronically_late,1,h0490,2026-08-20 20:30:00,20,3,party,True,1,6,cycling,19.6,True,2026-08-20 20:10:26.242519,2026-08-20 20:32:58.304734,2026-08-20 20:53:01.498889,22.5,23.0
u09,morning_struggler,1,h0490,2026-08-20 20:30:00,20,3,party,True,1,6,cycling,7.5,False,2026-08-20 20:22:29.755803,2026-08-20 20:29:32.585090,2026-08-20 20:38:34.601138,7.0,8.6
u13,rain_hater,1,h0490,2026-08-20 20:30:00,20,3,party,True,1,6,driving,16.4,False,2026-08-20 20:13:36.095843,2026-08-20 20:26:34.087190,2026-08-20 20:43:15.518716,13.0,13.3
u17,unpredictable,1,h0490,2026-08-20 20:30:00,20,3,party,True,1,6,driving,21.3,True,2026-08-20 20:08:39.879850,2026-08-20 20:20:28.207817,2026-08-20 20:44:23.112304,11.8,14.4
u21,always_early,1,h0490,2026-08-20 20:30:00,20,3,party,True,1,6,driving,21.5,True,2026-08-20 20:08:28.298179,2026-08-20 20:12:57.905254,2026-08-20 20:38:14.942905,4.5,8.2
u03,improving,3,h0993,2026-08-20 22:30:00,22,3,study,False,4,5,driving,17.7,True,2026-08-20 22:12:19.790031,2026-08-20 22:15:46.052755,2026-08-20 22:32:07.518013,3.4,2.1
u11,always_early,3,h0993,2026-08-20 22:30:00,22,3,study,False,4,5,driving,9.9,True,2026-08-20 22:20:05.382365,2026-08-20 22:18:33.698360,2026-08-20 22:28:33.340910,-1.5,-1.4
u15,morning_struggler,3,h0993,2026-08-20 22:30:00,22,3,study,False,4,5,walking,12.7,False,2026-08-20 22:17:18.120382,2026-08-20 22:18:58.265364,2026-08-20 22:32:45.057234,1.7,2.8
u19,punctual,3,h0993,2026-08-20 22:30:00,22,3,study,False,4,5,driving,29.9,False,2026-08-20 22:00:04.473181,2026-08-20 21:59:27.084231,2026-08-20 22:26:25.667010,-0.6,-3.6
u23,chronically_late,3,h0993,2026-08-20 22:30:00,22,3,study,False,4,5,walking,19.6,False,2026-08-20 22:10:22.108345,2026-08-20 22:16:54.673741,2026-08-20 22:38:58.618752,6.5,9.0
u00,overbooked,0,h0248,2026-08-21 19:30:00,19,4,sports,False,2,4,cycling,18.5,False,2026-08-21 19:11:32.608496,2026-08-21 19:15:42.731923,2026-08-21 19:35:03.921294,4.2,5.1
u04,morning_struggler,0,h0248,2026-08-21 19:30:00,19,4,sports,False,2,4,walking,10.4,False,2026-08-21 19:19:38.960762,2026-08-21 19:20:07.983742,2026-08-21 19:30:28.055915,0.5,0.5
u12,improving,0,h0248,2026-08-21 19:30:00,19,4,sports,False,2,4,walking,24.8,True,2026-08-21 19:05:09.049548,2026-08-21 19:12:08.978885,2026-08-21 19:36:03.771096,7.0,6.1
u16,rain_hater,0,h0248,2026-08-21 19:30:00,19,4,sports,False,2,4,driving,34.2,False,2026-08-21 18:55:46.752946,2026-08-21 18:57:25.818956,2026-08-21 19:28:37.321305,1.7,-1.4
u01,overbooked,1,h0491,2026-08-21 20:00:00,20,4,food,False,2,3,driving,39.3,True,2026-08-21 19:20:41.369522,2026-08-21 19:39:24.196609,2026-08-21 20:21:26.658173,18.7,21.4
u09,morning_struggler,1,h0491,2026-08-21 20:00:00,20,4,food,False,2,3,cycling,18.8,False,2026-08-21 19:41:11.759580,2026-08-21 19:42:00.280134,2026-08-21 19:59:54.709316,0.8,-0.1
u13,rain_hater,1,h0491,2026-08-21 20:00:00,20,4,food,False,2,3,driving,15.7,False,2026-08-21 19:44:20.727516,2026-08-21 19:48:40.922370,2026-08-21 20:04:42.635200,4.3,4.7
u07,unpredictable,3,h0994,2026-08-22 14:00:00,14,5,party,False,3,3,driving,8.0,False,2026-08-22 13:51:59.437590,2026-08-22 13:59:50.096743,2026-08-22 14:07:54.866692,7.8,7.9
u19,punctual,3,h0994,2026-08-22 14:00:00,14,5,party,False,3,3,driving,27.1,False,2026-08-22 13:32:52.720083,2026-08-22 13:37:28.817530,2026-08-22 14:03:25.380280,4.6,3.4
u23,chronically_late,3,h0994,2026-08-22 14:00:00,14,5,party,False,3,3,walking,19.2,False,2026-08-22 13:40:47.348365,2026-08-22 13:57:42.716644,2026-08-22 14:15:34.496312,16.9,15.6
u02,improving,2,h0741,2026-08-23 10:30:00,10,6,sports,False,3,5,walking,18.5,False,2026-08-23 10:11:28.046377,2026-08-23 10:12:55.776084,2026-08-23 10:30:43.542116,1.5,0.7
u06,overbooked,2,h0741,2026-08-23 10:30:00,10,6,sports,False,3,5,driving,20.0,False,2026-08-23 10:10:01.047441,2026-08-23 10:12:17.780735,2026-08-23 10:32:46.485631,2.3,2.8
u14,punctual,2,h0741,2026-08-23 10:30:00,10,6,sports,False,3,5,walking,23.9,False,2026-08-23 10:06:08.937079,2026-08-23 10:06:35.888190,2026-08-23 10:30:14.715836,0.4,0.2
u18,always_early,2,h0741,2026-08-23 10:30:00,10,6,sports,False,3,5,cycling,17.8,False,2026-08-23 10:12:11.402405,2026-08-23 10:10:28.295498,2026-08-23 10:28:17.781277,-1.7,-1.7
u22,rain_hater,2,h0741,2026-08-23 10:30:00,10,6,sports,False,3,5,walking,17.2,True,2026-08-23 10:12:48.264208,2026-08-23 10:17:05.003499,2026-08-23 10:32:35.680321,4.3,2.6
u03,improving,3,h0995,2026-08-23 17:30:00,17,6,sports,False,3,6,driving,8.8,True,2026-08-23 17:21:12.852482,2026-08-23 17:27:14.068872,2026-08-23 17:36:44.615577,6.0,6.7
u07,unpredictable,3,h0995,2026-08-23 17:30:00,17,6,sports,False,3,6,driving,38.7,True,2026-08-23 16:51:20.386498,2026-08-23 16:59:34.509531,2026-08-23 17:42:06.967041,8.2,12.1
u11,always_early,3,h0995,2026-08-23 17:30:00,17,6,sports,False,3,6,driving,22.1,False,2026-08-23 17:07:53.470562,2026-08-23 17:04:43.291222,2026-08-23 17:28:59.006238,-3.2,-1.0
u15,morning_struggler,3,h0995,2026-08-23 17:30:00,17,6,sports,False,3,6,walking,22.1,False,2026-08-23 17:07:51.208212,2026-08-23 17:09:28.745237,2026-08-23 17:33:10.865626,1.6,3.2
u19,punctual,3,h0995,2026-08-23 17:30:00,17,6,sports,False,3,6,driving,27.9,False,2026-08-23 17:02:03.754679,2026-08-23 17:03:21.210428,2026-08-23 17:34:45.887568,1.3,4.8
u23,chronically_late,3,h0995,2026-08-23 17:30:00,17,6,sports,False,3,6,walking,17.1,False,2026-08-23 17:12:54.619566,2026-08-23 17:28:06.892804,2026-08-23 17:47:16.626236,15.2,17.3
u01,overbooked,1,h0493,2026-08-24 15:00:00,15,0,study,False,4,4,driving,32.7,True,2026-08-24 14:27:17.676880,2026-08-24 14:44:55.767637,2026-08-24 15:17:32.106669,17.6,17.5
u09,morning_struggler,1,h0493,2026-08-24 15:00:00,15,0,study,False,4,4,cycling,16.7,False,2026-08-24 14:43:18.324938,2026-08-24 14:47:33.541572,2026-08-24 15:05:05.163499,4.3,5.1
u17,unpredictable,1,h0493,2026-08-24 15:00:00,15,0,study,False,4,4,driving,31.1,False,2026-08-24 14:28:55.280116,2026-08-24 14:27:50.644289,2026-08-24 15:02:43.325803,-1.1,2.7
u21,always_early,1,h0493,2026-08-24 15:00:00,15,0,study,False,4,4,driving,18.7,False,2026-08-24 14:41:17.522671,2026-08-24 14:37:37.493724,2026-08-24 14:59:06.691375,-3.7,-0.9
u05,chronically_late,1,h0492,2026-08-24 17:00:00,17,0,study,True,1,3,cycling,15.7,False,2026-08-24 16:44:17.540328,2026-08-24 16:52:31.786963,2026-08-24 17:12:01.201622,8.2,12.0
u17,unpredictable,1,h0492,2026-08-24 17:00:00,17,0,study,True,1,3,driving,27.5,False,2026-08-24 16:32:31.099450,2026-08-24 16:44:07.832142,2026-08-24 17:15:44.578605,11.6,15.7
u21,always_early,1,h0492,2026-08-24 17:00:00,17,0,study,True,1,3,driving,39.1,False,2026-08-24 16:20:55.947721,2026-08-24 16:19:36.285635,2026-08-24 17:02:38.042477,-1.3,2.6
u02,improving,2,h0742,2026-08-25 11:00:00,11,1,food,False,6,5,walking,22.6,False,2026-08-25 10:37:22.077732,2026-08-25 10:41:25.123915,2026-08-25 11:05:24.930287,4.1,5.4
u07,unpredictable,3,h0996,2026-08-25 11:00:00,11,1,coffee,False,3,4,driving,17.4,False,2026-08-25 10:42:37.849806,2026-08-25 10:46:41.526245,2026-08-25 11:02:45.110907,4.1,2.8
u10,punctual,2,h0742,2026-08-25 11:00:00,11,1,food,False,6,5,cycling,16.3,True,2026-08-25 10:43:42.058821,2026-08-25 10:48:19.363138,2026-08-25 11:03:32.392052,4.6,3.5
u11,always_early,3,h0996,2026-08-25 11:00:00,11,1,coffee,False,3,4,driving,29.5,False,2026-08-25 10:30:31.725403,2026-08-25 10:26:42.337247,2026-08-25 10:55:34.230974,-3.8,-4.4
u14,punctual,2,h0742,2026-08-25 11:00:00,11,1,food,False,6,5,walking,11.1,False,2026-08-25 10:48:54.804264,2026-08-25 10:50:01.440330,2026-08-25 11:02:09.902306,1.1,2.2
u18,always_early,2,h0742,2026-08-25 11:00:00,11,1,food,False,6,5,cycling,16.2,False,2026-08-25 10:43:47.962744,2026-08-25 10:40:46.811165,2026-08-25 10:56:05.027363,-3.0,-3.9
u19,punctual,3,h0996,2026-08-25 11:00:00,11,1,coffee,False,3,4,driving,35.8,True,2026-08-25 10:24:09.643272,2026-08-25 10:28:02.091630,2026-08-25 11:04:32.634893,3.9,4.5
u22,rain_hater,2,h0742,2026-08-25 11:00:00,11,1,food,False,6,5,walking,12.3,False,2026-08-25 10:47:44.771999,2026-08-25 10:51:51.538321,2026-08-25 11:03:04.241325,4.1,3.1
u23,chronically_late,3,h0996,2026-08-25 11:00:00,11,1,coffee,False,3,4,walking,6.4,True,2026-08-25 10:53:36.935652,2026-08-25 11:32:12.586978,2026-08-25 11:39:18.206424,38.6,39.3
u01,overbooked,1,h0494,2026-08-25 17:30:00,17,1,party,False,5,3,driving,23.2,False,2026-08-25 17:06:48.338617,2026-08-25 17:13:10.277340,2026-08-25 17:35:17.821736,6.4,5.3
u13,rain_hater,1,h0494,2026-08-25 17:30:00,17,1,party,False,5,3,driving,20.9,False,2026-08-25 17:09:03.720738,2026-08-25 17:13:20.232655,2026-08-25 17:37:13.124639,4.3,7.2
u17,unpredictable,1,h0494,2026-08-25 17:30:00,17,1,party,False,5,3,driving,17.5,False,2026-08-25 17:12:30.839760,2026-08-25 17:20:31.810988,2026-08-25 17:37:51.621081,8.0,7.9
u02,improving,2,h0743,2026-08-26 10:30:00,10,2,sports,False,4,5,walking,5.2,False,2026-08-26 10:24:47.093538,2026-08-26 10:27:06.074033,2026-08-26 10:32:02.831873,2.3,2.0
u06,overbooked,2,h0743,2026-08-26 10:30:00,10,2,sports,False,4,5,driving,33.5,True,2026-08-26 09:56:32.970554,2026-08-26 10:14:25.744788,2026-08-26 10:51:37.419775,17.9,21.6
u10,punctual,2,h0743,2026-08-26 10:30:00,10,2,sports,False,4,5,cycling,18.8,False,2026-08-26 10:11:13.663620,2026-08-26 10:11:19.864107,2026-08-26 10:30:59.226786,0.1,1.0
u14,punctual,2,h0743,2026-08-26 10:30:00,10,2,sports,False,4,5,walking,12.4,True,2026-08-26 10:17:34.222189,2026-08-26 10:24:34.274144,2026-08-26 10:36:10.405008,7.0,6.2
u18,always_early,2,h0743,2026-08-26 10:30:00,10,2,sports,False,4,5,cycling,24.6,False,2026-08-26 10:05:23.281251,2026-08-26 10:02:48.537537,2026-08-26 10:25:59.978894,-2.6,-4.0
u01,overbooked,1,h0496,2026-08-28 16:30:00,16,4,food,True,4,4,driving,28.9,False,2026-08-28 16:01:08.792558,2026-08-28 16:05:00.617748,2026-08-28 16:34:19.902629,3.9,4.3
u05,chronically_late,1,h0496,2026-08-28 16:30:00,16,4,food,True,4,4,cycling,12.7,False,2026-08-28 16:17:19.453880,2026-08-28 16:33:41.485422,2026-08-28 16:47:19.181670,16.4,17.3
u13,rain_hater,1,h0496,2026-08-28 16:30:00,16,4,food,True,4,4,driving,25.5,False,2026-08-28 16:04:28.068975,2026-08-28 16:19:53.161907,2026-08-28 16:45:29.554134,15.4,15.5
u21,always_early,1,h0496,2026-08-28 16:30:00,16,4,food,True,4,4,driving,31.0,False,2026-08-28 15:58:59.727196,2026-08-28 16:01:54.857276,2026-08-28 16:33:24.944813,2.9,3.4
u03,improving,3,h0997,2026-08-28 19:30:00,19,4,coffee,True,5,6,driving,11.1,False,2026-08-28 19:18:51.225650,2026-08-28 19:24:21.945102,2026-08-28 19:35:26.550322,5.5,5.4
u07,unpredictable,3,h0997,2026-08-28 19:30:00,19,4,coffee,True,5,6,driving,22.3,False,2026-08-28 19:07:40.579887,2026-08-28 19:21:36.176282,2026-08-28 19:49:29.856909,13.9,19.5
u11,always_early,3,h0997,2026-08-28 19:30:00,19,4,coffee,True,5,6,driving,26.1,True,2026-08-28 19:03:54.350169,2026-08-28 19:05:44.502485,2026-08-28 19:33:17.462868,1.8,3.3
u15,morning_struggler,3,h0997,2026-08-28 19:30:00,19,4,coffee,True,5,6,walking,13.1,False,2026-08-28 19:16:56.737870,2026-08-28 19:20:47.899529,2026-08-28 19:33:49.919261,3.9,3.8
u19,punctual,3,h0997,2026-08-28 19:30:00,19,4,coffee,True,5,6,driving,25.1,False,2026-08-28 19:04:52.656868,2026-08-28 19:10:14.140590,2026-08-28 19:38:46.929881,5.4,8.8
u23,chronically_late,3,h0997,2026-08-28 19:30:00,19,4,coffee,True,5,6,walking,10.0,False,2026-08-28 19:19:57.096632,2026-08-28 19:39:50.894598,2026-08-28 19:49:48.097479,19.9,19.8
u05,chronically_late,1,h0495,2026-08-28 20:00:00,20,4,sports,True,2,4,cycling,18.5,True,2026-08-28 19:41:32.003349,2026-08-28 20:06:09.193342,2026-08-28 20:25:27.038737,24.6,25.5
u09,morning_struggler,1,h0495,2026-08-28 20:00:00,20,4,sports,True,2,4,cycling,20.8,True,2026-08-28 19:39:09.161492,2026-08-28 19:45:40.473697,2026-08-28 20:06:59.476680,6.5,7.0
u13,rain_hater,1,h0495,2026-08-28 20:00:00,20,4,sports,True,2,4,driving,16.4,False,2026-08-28 19:43:35.019559,2026-08-28 19:53:57.109528,2026-08-28 20:13:30.539453,10.4,13.5
u21,always_early,1,h0495,2026-08-28 20:00:00,20,4,sports,True,2,4,driving,25.0,False,2026-08-28 19:35:01.083963,2026-08-28 19:32:36.930009,2026-08-28 20:00:01.546832,-2.4,0.0
u02,improving,2,h0744,2026-08-28 22:30:00,22,4,sports,True,6,5,walking,9.7,True,2026-08-28 22:20:15.495044,2026-08-28 22:26:49.692999,2026-08-28 22:36:39.597438,6.6,6.7
u06,overbooked,2,h0744,2026-08-28 22:30:00,22,4,sports,True,6,5,driving,25.8,False,2026-08-28 22:04:10.485329,2026-08-28 22:13:00.600953,2026-08-28 22:38:56.269590,8.8,8.9
u10,punctual,2,h0744,2026-08-28 22:30:00,22,4,sports,True,6,5,cycling,15.7,False,2026-08-28 22:14:20.735736,2026-08-28 22:18:06.468301,2026-08-28 22:36:37.308187,3.8,6.6
u14,punctual,2,h0744,2026-08-28 22:30:00,22,4,sports,True,6,5,walking,7.9,False,2026-08-28 22:22:03.118547,2026-08-28 22:27:05.267809,2026-08-28 22:35:11.857121,5.0,5.2
u22,rain_hater,2,h0744,2026-08-28 22:30:00,22,4,sports,True,6,5,walking,23.9,True,2026-08-28 22:06:05.751466,2026-08-28 22:20:37.855751,2026-08-28 22:47:52.592451,14.5,17.9
u01,overbooked,1,h0497,2026-08-29 09:30:00,9,5,party,False,3,5,driving,39.8,True,2026-08-29 08:50:13.225544,2026-08-29 09:12:50.007555,2026-08-29 09:57:36.835981,22.6,27.6
u05,chronically_late,1,h0497,2026-08-29 09:30:00,9,5,party,False,3,5,cycling,12.9,False,2026-08-29 09:17:08.106582,2026-08-29 09:30:29.507909,2026-08-29 09:43:26.125147,13.4,13.4
u09,morning_struggler,1,h0497,2026-08-29 09:30:00,9,5,party,False,3,5,cycling,21.9,False,2026-08-29 09:08:06.441644,2026-08-29 09:28:32.583898,2026-08-29 09:52:40.401429,20.4,22.7
u13,rain_hater,1,h0497,2026-08-29 09:30:00,9,5,party,False,3,5,driving,35.5,False,2026-08-29 08:54:32.693489,2026-08-29 08:59:37.753052,2026-08-29 09:32:35.169352,5.1,2.6
u21,always_early,1,h0497,2026-08-29 09:30:00,9,5,party,False,3,5,driving,17.2,True,2026-08-29 09:12:45.104104,2026-08-29 09:17:55.607684,2026-08-29 09:36:43.466125,5.2,6.7
u00,overbooked,0,h0249,2026-08-29 11:00:00,11,5,sports,True,3,4,cycling,11.9,True,2026-08-29 10:48:07.896459,2026-08-29 11:07:41.133698,2026-08-29 11:21:03.552551,19.6,21.1
u08,chronically_late,0,h0249,2026-08-29 11:00:00,11,5,sports,True,3,4,driving,29.4,False,2026-08-29 10:30:38.536367,2026-08-29 10:45:28.813416,2026-08-29 11:17:20.765077,14.8,17.3
u12,improving,0,h0249,2026-08-29 11:00:00,11,5,sports,True,3,4,walking,17.8,False,2026-08-29 10:42:10.722764,2026-08-29 10:48:04.822655,2026-08-29 11:08:59.849809,5.9,9.0
u20,unpredictable,0,h0249,2026-08-29 11:00:00,11,5,sports,True,3,4,driving,22.6,False,2026-08-29 10:37:24.977797,2026-08-29 10:41:07.256521,2026-08-29 11:06:09.044288,3.7,6.2
u02,improving,2,h0745,2026-08-29 16:00:00,16,5,food,False,2,4,walking,13.3,False,2026-08-29 15:46:44.842482,2026-08-29 15:47:41.499442,2026-08-29 16:02:14.513799,0.9,2.2
u10,punctual,2,h0745,2026-08-29 16:00:00,16,5,food,False,2,4,cycling,21.5,False,2026-08-29 15:38:30.994963,2026-08-29 15:43:10.782389,2026-08-29 16:06:19.629667,4.7,6.3
u14,punctual,2,h0745,2026-08-29 16:00:00,16,5,food,False,2,4,walking,23.8,True,2026-08-29 15:36:12.191437,2026-08-29 15:38:22.918114,2026-08-29 16:00:56.730850,2.2,0.9
u18,always_early,2,h0745,2026-08-29 16:00:00,16,5,food,False,2,4,cycling,12.6,False,2026-08-29 15:47:21.771768,2026-08-29 15:44:20.565843,2026-08-29 15:56:29.326400,-3.0,-3.5
u03,improving,3,h0998,2026-08-29 19:00:00,19,5,study,False,4,4,driving,32.4,False,2026-08-29 18:27:33.127715,2026-08-29 18:36:21.139095,2026-08-29 19:12:43.948304,8.8,12.7
u15,morning_struggler,3,h0998,2026-08-29 19:00:00,19,5,study,False,4,4,walking,22.6,False,2026-08-29 18:37:26.553390,2026-08-29 18:42:34.255106,2026-08-29 19:04:01.808273,5.1,4.0
u19,punctual,3,h0998,2026-08-29 19:00:00,19,5,study,False,4,4,driving,12.2,False,2026-08-29 18:47:48.006869,2026-08-29 18:47:13.896719,2026-08-29 19:00:15.349986,-0.6,0.3
u23,chronically_late,3,h0998,2026-08-29 19:00:00,19,5,study,False,4,4,walking,21.9,False,2026-08-29 18:38:04.858218,2026-08-29 18:44:29.086083,2026-08-29 19:05:40.736601,6.4,5.7
u01,overbooked,1,h0499,2026-08-30 15:00:00,15,6,sports,True,0,5,driving,18.3,False,2026-08-30 14:41:41.015156,2026-08-30 14:46:32.319747,2026-08-30 15:08:16.767011,4.9,8.3
u05,chronically_late,1,h0499,2026-08-30 15:00:00,15,6,sports,True,0,5,cycling,11.5,False,2026-08-30 14:48:29.445001,2026-08-30 15:02:01.654411,2026-08-30 15:15:38.750949,13.5,15.6
u09,morning_struggler,1,h0499,2026-08-30 15:00:00,15,6,sports,True,0,5,cycling,17.9,False,2026-08-30 14:42:06.935320,2026-08-30 14:46:55.966184,2026-08-30 15:07:55.768639,4.8,7.9
u17,unpredictable,1,h0499,2026-08-30 15:00:00,15,6,sports,True,0,5,driving,30.4,False,2026-08-30 14:29:37.391977,2026-08-30 14:34:02.758066,2026-08-30 15:09:23.837946,4.4,9.4
u21,always_early,1,h0499,2026-08-30 15:00:00,15,6,sports,True,0,5,driving,31.6,False,2026-08-30 14:28:25.001455,2026-08-30 14:28:06.365386,2026-08-30 15:00:49.209774,-0.3,0.8
u02,improving,2,h0746,2026-08-30 18:30:00,18,6,sports,True,6,4,walking,25.0,False,2026-08-30 18:05:00.529221,2026-08-30 18:13:51.999147,2026-08-30 18:39:36.034321,8.9,9.6
u06,overbooked,2,h0746,2026-08-30 18:30:00,18,6,sports,True,6,4,driving,38.7,False,2026-08-30 17:51:17.924341,2026-08-30 18:04:53.202677,2026-08-30 18:53:18.137426,13.6,23.3
u18,always_early,2,h0746,2026-08-30 18:30:00,18,6,sports,True,6,4,cycling,15.7,False,2026-08-30 18:14:15.928928,2026-08-30 18:13:30.398300,2026-08-30 18:32:32.256200,-0.8,2.5
u22,rain_hater,2,h0746,2026-08-30 18:30:00,18,6,sports,True,6,4,walking,15.1,False,2026-08-30 18:14:55.915497,2026-08-30 18:27:23.566910,2026-08-30 18:43:04.061313,12.5,13.1
u01,overbooked,1,h0498,2026-08-30 20:00:00,20,6,food,False,0,6,driving,17.6,True,2026-08-30 19:42:24.447510,2026-08-30 20:00:27.807907,2026-08-30 20:18:22.823273,18.1,18.4
u05,chronically_late,1,h0498,2026-08-30 20:00:00,20,6,food,False,0,6,cycling,7.3,True,2026-08-30 19:52:41.024227,2026-08-30 20:04:07.128455,2026-08-30 20:10:49.701224,11.4,10.8
u09,morning_struggler,1,h0498,2026-08-30 20:00:00,20,6,food,False,0,6,cycling,17.2,False,2026-08-30 19:42:47.234024,2026-08-30 19:43:35.038795,2026-08-30 20:00:02.039850,0.8,0.0
u13,rain_hater,1,h0498,2026-08-30 20:00:00,20,6,food,False,0,6,driving,20.1,False,2026-08-30 19:39:56.021701,2026-08-30 19:41:56.707512,2026-08-30 20:03:15.633237,2.0,3.3
u17,unpredictable,1,h0498,2026-08-30 20:00:00,20,6,food,False,0,6,driving,15.2,True,2026-08-30 19:44:45.316767,2026-08-30 19:50:31.525924,2026-08-30 20:05:33.749345,5.8,5.6
u21,always_early,1,h0498,2026-08-30 20:00:00,20,6,food,False,0,6,driving,29.4,False,2026-08-30 19:30:35.908252,2026-08-30 19:25:45.344966,2026-08-30 19:54:45.854869,-4.8,-5.2
u02,improving,2,h0747,2026-08-31 09:30:00,9,0,coffee,True,2,6,walking,19.7,False,2026-08-31 09:10:18.073296,2026-08-31 09:16:27.234857,2026-08-31 09:37:24.299560,6.2,7.4
u06,overbooked,2,h0747,2026-08-31 09:30:00,9,0,coffee,True,2,6,driving,18.2,False,2026-08-31 09:11:50.397465,2026-08-31 09:17:02.322776,2026-08-31 09:38:10.984791,5.2,8.2
u10,punctual,2,h0747,2026-08-31 09:30:00,9,0,coffee,True,2,6,cycling,7.1,False,2026-08-31 09:22:54.496379,2026-08-31 09:29:09.526862,2026-08-31 09:36:26.679044,6.3,6.4
u14,punctual,2,h0747,2026-08-31 09:30:00,9,0,coffee,True,2,6,walking,14.6,False,2026-08-31 09:15:21.979344,2026-08-31 09:19:42.562735,2026-08-31 09:37:03.222861,4.3,7.1
u18,always_early,2,h0747,2026-08-31 09:30:00,9,0,coffee,True,2,6,cycling,20.0,True,2026-08-31 09:09:58.112140,2026-08-31 09:14:36.542073,2026-08-31 09:36:18.946698,4.6,6.3
u22,rain_hater,2,h0747,2026-08-31 09:30:00,9,0,coffee,True,2,6,walking,14.3,False,2026-08-31 09:15:44.816208,2026-08-31 09:28:29.659557,2026-08-31 09:44:54.697503,12.7,14.9
u02,improving,2,h0749,2026-08-31 12:00:00,12,0,sports,False,1,6,walking,19.0,True,2026-08-31 11:40:57.608106,2026-08-31 11:47:17.991492,2026-08-31 12:05:52.901905,6.3,5.9
u06,overbooked,2,h0749,2026-08-31 12:00:00,12,0,sports,False,1,6,driving,16.7,False,2026-08-31 11:43:18.075194,2026-08-31 11:43:16.675538,2026-08-31 12:02:19.291486,-0.0,2.3
u07,unpredictable,3,h0999,2026-08-31 12:00:00,12,0,study,False,4,4,driving,26.7,False,2026-08-31 11:33:19.701027,2026-08-31 11:38:05.750164,2026-08-31 12:08:37.991253,4.8,8.6
u10,punctual,2,h0749,2026-08-31 12:00:00,12,0,sports,False,1,6,cycling,15.3,False,2026-08-31 11:44:41.660540,2026-08-31 11:43:51.185333,2026-08-31 11:59:00.883920,-0.8,-1.0
u11,always_early,3,h0999,2026-08-31 12:00:00,12,0,study,False,4,4,driving,21.0,False,2026-08-31 11:38:59.038817,2026-08-31 11:37:34.097142,2026-08-31 11:57:32.664310,-1.4,-2.5
u14,punctual,2,h0749,2026-08-31 12:00:00,12,0,sports,False,1,6,walking,24.8,False,2026-08-31 11:35:11.185160,2026-08-31 11:35:11.739168,2026-08-31 11:58:01.090559,0.0,-2.0
u15,morning_struggler,3,h0999,2026-08-31 12:00:00,12,0,study,False,4,4,walking,10.3,False,2026-08-31 11:49:40.830439,2026-08-31 11:51:36.316475,2026-08-31 12:02:42.504221,1.9,2.7
u18,always_early,2,h0749,2026-08-31 12:00:00,12,0,sports,False,1,6,cycling,24.6,False,2026-08-31 11:35:26.715885,2026-08-31 11:33:10.373646,2026-08-31 11:59:24.624661,-2.3,-0.6
u19,punctual,3,h0999,2026-08-31 12:00:00,12,0,study,False,4,4,driving,8.4,True,2026-08-31 11:51:35.004474,2026-08-31 11:57:44.854109,2026-08-31 12:05:40.526089,6.2,5.7
u22,rain_hater,2,h0749,2026-08-31 12:00:00,12,0,sports,False,1,6,walking,20.6,True,2026-08-31 11:39:26.137579,2026-08-31 11:45:02.248279,2026-08-31 12:08:38.288246,5.6,8.6
u02,improving,2,h0748,2026-08-31 17:00:00,17,0,food,False,7,6,walking,14.5,False,2026-08-31 16:45:27.484221,2026-08-31 16:53:45.843261,2026-08-31 17:07:34.865737,8.3,7.6
u06,overbooked,2,h0748,2026-08-31 17:00:00,17,0,food,False,7,6,driving,37.4,True,2026-08-31 16:22:37.677947,2026-08-31 16:42:28.770905,2026-08-31 17:22:51.493268,19.9,22.9
u10,punctual,2,h0748,2026-08-31 17:00:00,17,0,food,False,7,6,cycling,23.0,False,2026-08-31 16:37:01.963475,2026-08-31 16:40:03.329897,2026-08-31 17:02:13.876222,3.0,2.2
u14,punctual,2,h0748,2026-08-31 17:00:00,17,0,food,False,7,6,walking,9.9,False,2026-08-31 16:50:05.946666,2026-08-31 16:52:47.749753,2026-08-31 17:01:43.249877,2.7,1.7
u18,always_early,2,h0748,2026-08-31 17:00:00,17,0,food,False,7,6,cycling,6.3,False,2026-08-31 16:53:40.039267,2026-08-31 16:51:35.672471,2026-08-31 16:58:09.350023,-2.1,-1.8
u22,rain_hater,2,h0748,2026-08-31 17:00:00,17,0,food,False,7,6,walking,5.4,False,2026-08-31 16:54:36.647233,2026-08-31 17:00:14.944095,2026-08-31 17:05:45.493452,5.6,5.8
