timestamp,origin,destination,traffic_minutes,static_minutes,traffic_ratio,distance_meters
2026-09-26T00:18:00.483729-04:00,"Georgia Institute of Technology, Atlanta, GA","Hartsfield-Jackson Atlanta International Airport, Atlanta, GA",13.33,15.25,0.874,18129
2026-09-26T00:18:00.969207-04:00,"Georgia Institute of Technology, Atlanta, GA","Lenox Square, Atlanta, GA",12.85,15.25,0.843,13438
2026-09-26T00:18:01.571685-04:00,"Georgia Institute of Technology, Atlanta, GA","Atlantic Station, Atlanta, GA",3.67,3.57,1.028,1264
2026-09-26T00:56:55.808755-04:00,"Georgia Institute of Technology, Atlanta, GA","Hartsfield-Jackson Atlanta International Airport, Atlanta, GA",13.07,15.25,0.857,18129
2026-09-26T00:56:56.246146-04:00,"Georgia Institute of Technology, Atlanta, GA","Lenox Square, Atlanta, GA",12.83,13.33,0.963,13438
2026-09-26T00:56:56.704063-04:00,"Georgia Institute of Technology, Atlanta, GA","Atlantic Station, Atlanta, GA",3.53,3.98,0.887,1306
2026-09-26T01:00:44.953757-04:00,"Georgia Institute of Technology, Atlanta, GA","Hartsfield-Jackson Atlanta International Airport, Atlanta, GA",13.02,15.25,0.854,18129
2026-09-26T01:00:45.419577-04:00,"Georgia Institute of Technology, Atlanta, GA","Lenox Square, Atlanta, GA",12.72,15.25,0.834,13438
2026-09-26T01:00:45.867814-04:00,"Georgia Institute of Technology, Atlanta, GA","Atlantic Station, Atlanta, GA",3.43,3.57,0.963,1264
2026-09-26T01:05:46.357577-04:00,"Georgia Institute of Technology, Atlanta, GA","Hartsfield-Jackson Atlanta International Airport, Atlanta, GA",12.93,15.25,0.848,18129
2026-09-26T01:05:46.758699-04:00,"Georgia Institute of Technology, Atlanta, GA","Lenox Square, Atlanta, GA",12.82,15.25,0.84,13438
2026-09-26T01:05:47.210732-04:00,"Georgia Institute of Technology, Atlanta, GA","Atlantic Station, Atlanta, GA",3.32,3.57,0.93,1264
2026-09-26T01:10:47.630911-04:00,"Georgia Institute of Technology, Atlanta, GA","Hartsfield-Jackson Atlanta International Airport, Atlanta, GA",12.85,15.25,0.843,18129
2026-09-26T01:10:47.990398-04:00,"Georgia Institute of Technology, Atlanta, GA","Lenox Square, Atlanta, GA",12.9,15.25,0.846,13438
2026-09-26T01:10:48.372833-04:00,"Georgia Institute of Technology, Atlanta, GA","Atlantic Station, Atlanta, GA",3.28,3.57,0.921,1264
2026-09-26T01:15:48.922691-04:00,"Georgia Institute of Technology, Atlanta, GA","Hartsfield-Jackson Atlanta International Airport, Atlanta, GA",13.02,15.25,0.854,18129
2026-09-26T01:15:49.487698-04:00,"Georgia Institute of Technology, Atlanta, GA","Lenox Square, Atlanta, GA",12.83,13.33,0.963,13438
2026-09-26T01:15:50.043129-04:00,"Georgia Institute of Technology, Atlanta, GA","Atlantic Station, Atlanta, GA",3.32,3.57,0.93,1264
2026-09-26T01:19:13.366409-04:00,"Georgia Institute of Technology, Atlanta, GA","Hartsfield-Jackson Atlanta International Airport, Atlanta, GA",12.95,15.25,0.849,18129
2026-09-26T01:19:13.719912-04:00,"Georgia Institute of Technology, Atlanta, GA","Lenox Square, Atlanta, GA",12.73,15.25,0.835,13438
2026-09-26T01:19:14.054775-04:00,"Georgia Institute of Technology, Atlanta, GA","Atlantic Station, Atlanta, GA",3.32,3.57,0.93,1264
2026-09-26T01:26:02.501937-04:00,"Georgia Institute of Technology, Atlanta, GA","Hartsfield-Jackson Atlanta International Airport, Atlanta, GA",12.87,15.25,0.844,18129
2026-09-26T01:26:02.820129-04:00,"Georgia Institute of Technology, Atlanta, GA","Lenox Square, Atlanta, GA",12.53,15.25,0.822,13438
2026-09-26T01:26:03.169610-04:00,"Georgia Institute of Technology, Atlanta, GA","Atlantic Station, Atlanta, GA",3.38,3.8,0.89,1306
2026-09-26T01:31:03.593344-04:00,"Georgia Institute of Technology, Atlanta, GA","Hartsfield-Jackson Atlanta International Airport, Atlanta, GA",12.83,15.25,0.842,18129
2026-09-26T01:31:03.985272-04:00,"Georgia Institute of Technology, Atlanta, GA","Lenox Square, Atlanta, GA",12.6,15.25,0.826,13438
2026-09-26T01:31:04.398205-04:00,"Georgia Institute of Technology, Atlanta, GA","Atlantic Station, Atlanta, GA",3.6,5.12,0.704,1932
2026-09-26T01:31:49.284694-04:00,"Georgia Institute of Technology, Atlanta, GA","Hartsfield-Jackson Atlanta International Airport, Atlanta, GA",12.83,13.23,0.97,18129
2026-09-26T01:31:49.613356-04:00,"Georgia Institute of Technology, Atlanta, GA","Lenox Square, Atlanta, GA",12.5,15.25,0.82,13438
2026-09-26T01:31:49.868332-04:00,"Georgia Institute of Technology, Atlanta, GA","Atlantic Station, Atlanta, GA",3.6,5.12,0.704,1932
2026-09-26T01:34:00.908821-04:00,"Georgia Institute of Technology, Atlanta, GA","Hartsfield-Jackson Atlanta International Airport, Atlanta, GA",12.73,15.25,0.835,18129
2026-09-26T01:34:01.320285-04:00,"Georgia Institute of Technology, Atlanta, GA","Lenox Square, Atlanta, GA",12.58,15.25,0.825,13438
2026-09-26T01:34:01.674840-04:00,"Georgia Institute of Technology, Atlanta, GA","Atlantic Station, Atlanta, GA",3.78,4.88,0.775,1890
2026-09-26T01:34:53.945472-04:00,"Hartsfield-Jackson Atlanta International Airport, Atlanta, GA","Downtown Atlanta, Atlanta, GA",15.08,17.75,0.85,17733
2026-09-26T01:34:54.285916-04:00,"Downtown Atlanta, Atlanta, GA","Hartsfield-Jackson Atlanta International Airport, Atlanta, GA",11.8,13.45,0.877,14157
2026-09-26T01:34:54.672036-04:00,"Hartsfield-Jackson Atlanta International Airport, Atlanta, GA","Midtown Atlanta, Atlanta, GA",15.72,20.23,0.777,21952
2026-09-26T01:34:55.018759-04:00,"Midtown Atlanta, Atlanta, GA","Hartsfield-Jackson Atlanta International Airport, Atlanta, GA",15.03,17.68,0.85,18363
2026-09-26T01:34:55.430882-04:00,"Hartsfield-Jackson Atlanta International Airport, Atlanta, GA","Buckhead, Atlanta, GA",23.47,30.75,0.763,28388
2026-09-26T01:34:55.742785-04:00,"Buckhead, Atlanta, GA","Hartsfield-Jackson Atlanta International Airport, Atlanta, GA",19.75,24.83,0.795,26234
2026-09-26T01:34:56.072062-04:00,"Hartsfield-Jackson Atlanta International Airport, Atlanta, GA","Georgia Institute of Technology, Atlanta, GA",15.55,18.77,0.829,21893
2026-09-26T01:34:56.372018-04:00,"Georgia Institute of Technology, Atlanta, GA","Hartsfield-Jackson Atlanta International Airport, Atlanta, GA",12.78,15.25,0.838,18129
2026-09-26T01:34:56.739251-04:00,"Hartsfield-Jackson Atlanta International Airport, Atlanta, GA","Perimeter Center, Atlanta, GA",26.2,29.92,0.876,41153
2026-09-26T01:34:57.071726-04:00,"Perimeter Center, Atlanta, GA","Hartsfield-Jackson Atlanta International Airport, Atlanta, GA",24.77,28.37,0.873,37631
2026-09-26T01:34:57.422039-04:00,"Downtown Atlanta, Atlanta, GA","Midtown Atlanta, Atlanta, GA",9.28,12.33,0.753,3196
2026-09-26T01:34:57.755898-04:00,"Midtown Atlanta, Atlanta, GA","Downtown Atlanta, Atlanta, GA",7.38,10.83,0.682,3558
2026-09-26T01:34:58.154671-04:00,"Midtown Atlanta, Atlanta, GA","Buckhead, Atlanta, GA",11.13,16.42,0.678,7014
2026-09-26T01:34:58.504435-04:00,"Buckhead, Atlanta, GA","Midtown Atlanta, Atlanta, GA",10.05,15.92,0.631,7035
2026-09-26T01:34:58.837695-04:00,"Downtown Atlanta, Atlanta, GA","Buckhead, Atlanta, GA",15.2,21.28,0.714,11530
2026-09-26T01:34:59.159676-04:00,"Buckhead, Atlanta, GA","Downtown Atlanta, Atlanta, GA",13.02,18.12,0.718,12313
2026-09-26T01:34:59.621358-04:00,"Downtown Atlanta, Atlanta, GA","Decatur, GA",224.35,221.52,1.013,382498
2026-09-26T01:35:00.070971-04:00,"Decatur, GA","Downtown Atlanta, Atlanta, GA",223.17,221.77,1.006,381508
2026-09-26T01:35:00.538059-04:00,"Midtown Atlanta, Atlanta, GA","Decatur, GA",227.43,225.75,1.007,386704
2026-09-26T01:35:00.937497-04:00,"Decatur, GA","Midtown Atlanta, Atlanta, GA",224.28,224.77,0.998,385729
2026-09-26T01:35:01.255184-04:00,"Buckhead, Atlanta, GA","Perimeter Center, Atlanta, GA",12.28,14.97,0.821,12406
2026-09-26T01:35:01.555780-04:00,"Perimeter Center, Atlanta, GA","Buckhead, Atlanta, GA",13.53,15.42,0.878,12573
2026-09-26T01:35:01.891667-04:00,"Downtown Atlanta, Atlanta, GA","Perimeter Center, Atlanta, GA",17.93,20.45,0.877,24295
2026-09-26T01:35:02.155012-04:00,"Perimeter Center, Atlanta, GA","Downtown Atlanta, Atlanta, GA",18.0,21.65,0.831,23709
2026-09-26T01:35:02.536722-04:00,"Marietta, GA","Downtown Atlanta, Atlanta, GA",22.55,26.8,0.841,31312
2026-09-26T01:35:02.904101-04:00,"Downtown Atlanta, Atlanta, GA","Marietta, GA",25.52,28.65,0.891,31461
2026-09-26T01:35:03.254076-04:00,"Marietta, GA","Midtown Atlanta, Atlanta, GA",21.95,25.88,0.848,28533
2026-09-26T01:35:03.554090-04:00,"Midtown Atlanta, Atlanta, GA","Marietta, GA",24.0,27.28,0.88,27798
2026-09-26T01:35:03.925785-04:00,"Sandy Springs, GA","Midtown Atlanta, Atlanta, GA",18.47,22.38,0.825,20483
2026-09-26T01:35:04.288701-04:00,"Midtown Atlanta, Atlanta, GA","Sandy Springs, GA",20.75,24.58,0.844,22109
2026-09-26T01:35:04.572371-04:00,"Sandy Springs, GA","Downtown Atlanta, Atlanta, GA",19.25,23.75,0.811,25468
2026-09-26T01:35:04.872345-04:00,"Downtown Atlanta, Atlanta, GA","Sandy Springs, GA",20.52,23.52,0.872,26102
2026-09-26T01:35:05.254256-04:00,"Dunwoody, GA","Midtown Atlanta, Atlanta, GA",18.78,22.5,0.835,22818
2026-09-26T01:35:05.539713-04:00,"Midtown Atlanta, Atlanta, GA","Dunwoody, GA",21.25,26.4,0.805,22081
2026-09-26T01:35:05.904656-04:00,"Duluth, GA","Midtown Atlanta, Atlanta, GA",29.17,35.5,0.822,40528
2026-09-26T01:35:06.333307-04:00,"Midtown Atlanta, Atlanta, GA","Duluth, GA",30.4,36.18,0.84,39278
2026-09-26T01:35:06.704403-04:00,"Lawrenceville, GA","Midtown Atlanta, Atlanta, GA",38.45,45.7,0.841,49219
2026-09-26T01:35:07.022331-04:00,"Midtown Atlanta, Atlanta, GA","Lawrenceville, GA",33.57,39.0,0.861,47075
2026-09-26T01:36:34.351148-04:00,"Hartsfield-Jackson Atlanta International Airport, 6000 N Terminal Pkwy, Atlanta, GA 30320","Centennial Olympic Park, 265 Park Ave W NW, Atlanta, GA 30313",15.82,19.9,0.795,19222
2026-09-26T01:36:34.666469-04:00,"Centennial Olympic Park, 265 Park Ave W NW, Atlanta, GA 30313","Hartsfield-Jackson Atlanta International Airport, 6000 N Terminal Pkwy, Atlanta, GA 30320",17.88,21.37,0.837,20603
2026-09-26T01:36:34.992208-04:00,"Hartsfield-Jackson Atlanta International Airport, 6000 N Terminal Pkwy, Atlanta, GA 30320","Atlantic Station, 1380 Atlantic Dr NW, Atlanta, GA 30363",14.5,17.65,0.822,20738
2026-09-26T01:36:35.303684-04:00,"Atlantic Station, 1380 Atlantic Dr NW, Atlanta, GA 30363","Hartsfield-Jackson Atlanta International Airport, 6000 N Terminal Pkwy, Atlanta, GA 30320",18.05,20.82,0.867,22362
2026-09-26T01:36:35.689213-04:00,"Hartsfield-Jackson Atlanta International Airport, 6000 N Terminal Pkwy, Atlanta, GA 30320","Lenox Square, 3393 Peachtree Rd NE, Atlanta, GA 30326",22.17,26.68,0.831,30389
2026-09-26T01:36:35.966929-04:00,"Lenox Square, 3393 Peachtree Rd NE, Atlanta, GA 30326","Hartsfield-Jackson Atlanta International Airport, 6000 N Terminal Pkwy, Atlanta, GA 30320",26.53,31.65,0.838,31254
2026-09-26T01:36:36.334609-04:00,"Hartsfield-Jackson Atlanta International Airport, 6000 N Terminal Pkwy, Atlanta, GA 30320","Georgia Institute of Technology, 225 North Ave NW, Atlanta, GA 30332",14.9,18.33,0.813,19942
2026-09-26T01:36:36.651253-04:00,"Georgia Institute of Technology, 225 North Ave NW, Atlanta, GA 30332","Hartsfield-Jackson Atlanta International Airport, 6000 N Terminal Pkwy, Atlanta, GA 30320",16.9,19.35,0.873,21527
2026-09-26T01:36:37.150261-04:00,"Hartsfield-Jackson Atlanta International Airport, 6000 N Terminal Pkwy, Atlanta, GA 30320","Perimeter Mall, 4400 Ashford Dunwoody Rd, Dunwoody, GA 30346",25.25,29.77,0.848,38355
2026-09-26T01:36:37.434308-04:00,"Perimeter Mall, 4400 Ashford Dunwoody Rd, Dunwoody, GA 30346","Hartsfield-Jackson Atlanta International Airport, 6000 N Terminal Pkwy, Atlanta, GA 30320",27.18,30.57,0.889,39879
2026-09-26T01:36:37.717831-04:00,"Centennial Olympic Park, 265 Park Ave W NW, Atlanta, GA 30313","Atlantic Station, 1380 Atlantic Dr NW, Atlanta, GA 30363",6.9,9.47,0.729,4638
2026-09-26T01:36:37.969782-04:00,"Atlantic Station, 1380 Atlantic Dr NW, Atlanta, GA 30363","Centennial Olympic Park, 265 Park Ave W NW, Atlanta, GA 30313",8.33,10.77,0.774,4561
2026-09-26T01:36:38.233822-04:00,"Atlantic Station, 1380 Atlantic Dr NW, Atlanta, GA 30363","Lenox Square, 3393 Peachtree Rd NE, Atlanta, GA 30326",14.95,18.3,0.817,11191
2026-09-26T01:36:38.533582-04:00,"Lenox Square, 3393 Peachtree Rd NE, Atlanta, GA 30326","Atlantic Station, 1380 Atlantic Dr NW, Atlanta, GA 30363",12.02,14.62,0.822,9563
2026-09-26T01:36:38.800175-04:00,"Centennial Olympic Park, 265 Park Ave W NW, Atlanta, GA 30313","Lenox Square, 3393 Peachtree Rd NE, Atlanta, GA 30326",14.57,18.5,0.787,14288
2026-09-26T01:36:39.117670-04:00,"Lenox Square, 3393 Peachtree Rd NE, Atlanta, GA 30326","Centennial Olympic Park, 265 Park Ave W NW, Atlanta, GA 30313",16.75,21.6,0.775,13453
2026-09-26T01:36:39.500532-04:00,"Centennial Olympic Park, 265 Park Ave W NW, Atlanta, GA 30313","Decatur Square, 101 E Court Square, Decatur, GA 30030",17.93,23.52,0.763,11097
2026-09-26T01:36:39.817896-04:00,"Decatur Square, 101 E Court Square, Decatur, GA 30030","Centennial Olympic Park, 265 Park Ave W NW, Atlanta, GA 30313",19.45,24.6,0.791,11103
2026-09-26T01:36:40.118456-04:00,"Atlantic Station, 1380 Atlantic Dr NW, Atlanta, GA 30363","Decatur Square, 101 E Court Square, Decatur, GA 30030",17.83,23.27,0.766,13972
2026-09-26T01:36:40.399443-04:00,"Decatur Square, 101 E Court Square, Decatur, GA 30030","Atlantic Station, 1380 Atlantic Dr NW, Atlanta, GA 30363",17.63,24.0,0.735,13857
2026-09-26T01:36:40.684716-04:00,"Lenox Square, 3393 Peachtree Rd NE, Atlanta, GA 30326","Perimeter Mall, 4400 Ashford Dunwoody Rd, Dunwoody, GA 30346",12.17,14.42,0.844,10907
2026-09-26T01:36:40.987600-04:00,"Perimeter Mall, 4400 Ashford Dunwoody Rd, Dunwoody, GA 30346","Lenox Square, 3393 Peachtree Rd NE, Atlanta, GA 30326",11.4,12.75,0.894,10932
2026-09-26T01:36:41.300449-04:00,"Centennial Olympic Park, 265 Park Ave W NW, Atlanta, GA 30313","Perimeter Mall, 4400 Ashford Dunwoody Rd, Dunwoody, GA 30346",17.62,21.57,0.817,22255
2026-09-26T01:36:41.584103-04:00,"Perimeter Mall, 4400 Ashford Dunwoody Rd, Dunwoody, GA 30346","Centennial Olympic Park, 265 Park Ave W NW, Atlanta, GA 30313",17.4,20.52,0.848,22079
2026-09-26T01:36:41.974685-04:00,"Marietta Square, 205 Lawrence St, Marietta, GA 30060","Centennial Olympic Park, 265 Park Ave W NW, Atlanta, GA 30313",23.48,27.28,0.861,30942
2026-09-26T01:36:42.271063-04:00,"Centennial Olympic Park, 265 Park Ave W NW, Atlanta, GA 30313","Marietta Square, 205 Lawrence St, Marietta, GA 30060",24.08,27.98,0.861,30864
2026-09-26T01:36:42.517075-04:00,"Marietta Square, 205 Lawrence St, Marietta, GA 30060","Atlantic Station, 1380 Atlantic Dr NW, Atlanta, GA 30363",19.13,20.53,0.932,27515
2026-09-26T01:36:42.834199-04:00,"Atlantic Station, 1380 Atlantic Dr NW, Atlanta, GA 30363","Marietta Square, 205 Lawrence St, Marietta, GA 30060",22.0,24.27,0.907,27201
2026-09-26T01:36:43.167102-04:00,"City Springs, 1 Galambos Way, Sandy Springs, GA 30328","Atlantic Station, 1380 Atlantic Dr NW, Atlanta, GA 30363",14.05,16.82,0.835,18884
2026-09-26T01:36:43.484151-04:00,"Atlantic Station, 1380 Atlantic Dr NW, Atlanta, GA 30363","City Springs, 1 Galambos Way, Sandy Springs, GA 30328",18.57,21.58,0.86,23501
2026-09-26T01:36:43.750933-04:00,"City Springs, 1 Galambos Way, Sandy Springs, GA 30328","Centennial Olympic Park, 265 Park Ave W NW, Atlanta, GA 30313",18.78,23.78,0.79,22774
2026-09-26T01:36:44.100871-04:00,"Centennial Olympic Park, 265 Park Ave W NW, Atlanta, GA 30313","City Springs, 1 Galambos Way, Sandy Springs, GA 30328",18.48,23.07,0.801,23706
2026-09-26T01:36:44.557935-04:00,"Dunwoody Village, 5485 Chamblee Dunwoody Rd, Dunwoody, GA 30338","Atlantic Station, 1380 Atlantic Dr NW, Atlanta, GA 30363",15.3,17.45,0.877,21116
2026-09-26T01:36:44.830869-04:00,"Atlantic Station, 1380 Atlantic Dr NW, Atlanta, GA 30363","Dunwoody Village, 5485 Chamblee Dunwoody Rd, Dunwoody, GA 30338",20.98,24.62,0.852,24893
2026-09-26T01:36:45.207675-04:00,"Gas South District, 6400 Sugarloaf Pkwy, Duluth, GA 30097","Atlantic Station, 1380 Atlantic Dr NW, Atlanta, GA 30363",24.15,26.08,0.926,38579
2026-09-26T01:36:45.538441-04:00,"Atlantic Station, 1380 Atlantic Dr NW, Atlanta, GA 30363","Gas South District, 6400 Sugarloaf Pkwy, Duluth, GA 30097",28.33,31.53,0.899,40816
2026-09-26T01:36:45.960447-04:00,"Lawrenceville Lawn, 210 Luckie St, Lawrenceville, GA 30046","Atlantic Station, 1380 Atlantic Dr NW, Atlanta, GA 30363",34.78,40.2,0.865,46889
2026-09-26T01:36:46.352536-04:00,"Atlantic Station, 1380 Atlantic Dr NW, Atlanta, GA 30363","Lawrenceville Lawn, 210 Luckie St, Lawrenceville, GA 30046",33.3,37.0,0.9,47409
2026-09-26T01:51:46.811969-04:00,"Hartsfield-Jackson Atlanta International Airport, 6000 N Terminal Pkwy, Atlanta, GA 30320","Centennial Olympic Park, 265 Park Ave W NW, Atlanta, GA 30313",15.75,19.9,0.791,19222
2026-09-26T01:51:47.149388-04:00,"Centennial Olympic Park, 265 Park Ave W NW, Atlanta, GA 30313","Hartsfield-Jackson Atlanta International Airport, 6000 N Terminal Pkwy, Atlanta, GA 30320",17.88,21.37,0.837,20603
2026-09-26T01:51:47.539997-04:00,"Hartsfield-Jackson Atlanta International Airport, 6000 N Terminal Pkwy, Atlanta, GA 30320","Atlantic Station, 1380 Atlantic Dr NW, Atlanta, GA 30363",14.5,14.68,0.988,20738
2026-09-26T01:51:47.839032-04:00,"Atlantic Station, 1380 Atlantic Dr NW, Atlanta, GA 30363","Hartsfield-Jackson Atlanta International Airport, 6000 N Terminal Pkwy, Atlanta, GA 30320",18.07,20.82,0.868,22362
2026-09-26T01:51:48.239818-04:00,"Hartsfield-Jackson Atlanta International Airport, 6000 N Terminal Pkwy, Atlanta, GA 30320","Lenox Square, 3393 Peachtree Rd NE, Atlanta, GA 30326",22.17,26.68,0.831,30389
2026-09-26T01:51:48.649665-04:00,"Lenox Square, 3393 Peachtree Rd NE, Atlanta, GA 30326","Hartsfield-Jackson Atlanta International Airport, 6000 N Terminal Pkwy, Atlanta, GA 30320",26.53,31.65,0.838,31254
2026-09-26T01:51:49.039649-04:00,"Hartsfield-Jackson Atlanta International Airport, 6000 N Terminal Pkwy, Atlanta, GA 30320","Georgia Institute of Technology, 225 North Ave NW, Atlanta, GA 30332",14.92,18.33,0.814,19942
2026-09-26T01:51:49.394539-04:00,"Georgia Institute of Technology, 225 North Ave NW, Atlanta, GA 30332","Hartsfield-Jackson Atlanta International Airport, 6000 N Terminal Pkwy, Atlanta, GA 30320",16.72,19.35,0.864,21527
2026-09-26T01:51:49.772859-04:00,"Hartsfield-Jackson Atlanta International Airport, 6000 N Terminal Pkwy, Atlanta, GA 30320","Perimeter Mall, 4400 Ashford Dunwoody Rd, Dunwoody, GA 30346",25.27,29.77,0.849,38355
2026-09-26T01:51:50.173377-04:00,"Perimeter Mall, 4400 Ashford Dunwoody Rd, Dunwoody, GA 30346","Hartsfield-Jackson Atlanta International Airport, 6000 N Terminal Pkwy, Atlanta, GA 30320",27.27,30.57,0.892,39879
2026-09-26T01:51:50.489334-04:00,"Centennial Olympic Park, 265 Park Ave W NW, Atlanta, GA 30313","Atlantic Station, 1380 Atlantic Dr NW, Atlanta, GA 30363",6.88,9.47,0.727,4638
2026-09-26T01:51:50.841703-04:00,"Atlantic Station, 1380 Atlantic Dr NW, Atlanta, GA 30363","Centennial Olympic Park, 265 Park Ave W NW, Atlanta, GA 30313",8.25,10.77,0.766,4561
2026-09-26T01:51:51.138886-04:00,"Atlantic Station, 1380 Atlantic Dr NW, Atlanta, GA 30363","Lenox Square, 3393 Peachtree Rd NE, Atlanta, GA 30326",14.85,18.3,0.811,11191
2026-09-26T01:51:51.455588-04:00,"Lenox Square, 3393 Peachtree Rd NE, Atlanta, GA 30326","Atlantic Station, 1380 Atlantic Dr NW, Atlanta, GA 30363",12.03,14.62,0.823,9563
2026-09-26T01:51:51.806264-04:00,"Centennial Olympic Park, 265 Park Ave W NW, Atlanta, GA 30313","Lenox Square, 3393 Peachtree Rd NE, Atlanta, GA 30326",14.57,18.5,0.787,14288
2026-09-26T01:51:52.165502-04:00,"Lenox Square, 3393 Peachtree Rd NE, Atlanta, GA 30326","Centennial Olympic Park, 265 Park Ave W NW, Atlanta, GA 30313",16.77,21.6,0.776,13453
2026-09-26T01:51:52.600229-04:00,"Centennial Olympic Park, 265 Park Ave W NW, Atlanta, GA 30313","Decatur Square, 101 E Court Square, Decatur, GA 30030",17.97,23.52,0.764,11097
2026-09-26T01:51:52.873341-04:00,"Decatur Square, 101 E Court Square, Decatur, GA 30030","Centennial Olympic Park, 265 Park Ave W NW, Atlanta, GA 30313",19.35,27.68,0.699,10952
2026-09-26T01:51:53.189166-04:00,"Atlantic Station, 1380 Atlantic Dr NW, Atlanta, GA 30363","Decatur Square, 101 E Court Square, Decatur, GA 30030",17.92,23.27,0.77,13972
2026-09-26T01:51:53.456315-04:00,"Decatur Square, 101 E Court Square, Decatur, GA 30030","Atlantic Station, 1380 Atlantic Dr NW, Atlanta, GA 30363",17.67,24.0,0.736,13857
2026-09-26T01:51:53.789463-04:00,"Lenox Square, 3393 Peachtree Rd NE, Atlanta, GA 30326","Perimeter Mall, 4400 Ashford Dunwoody Rd, Dunwoody, GA 30346",12.12,14.42,0.84,10907
2026-09-26T01:51:54.059131-04:00,"Perimeter Mall, 4400 Ashford Dunwoody Rd, Dunwoody, GA 30346","Lenox Square, 3393 Peachtree Rd NE, Atlanta, GA 30326",11.5,12.75,0.902,10932
2026-09-26T01:51:54.339465-04:00,"Centennial Olympic Park, 265 Park Ave W NW, Atlanta, GA 30313","Perimeter Mall, 4400 Ashford Dunwoody Rd, Dunwoody, GA 30346",17.62,21.57,0.817,22255
2026-09-26T01:51:54.631295-04:00,"Perimeter Mall, 4400 Ashford Dunwoody Rd, Dunwoody, GA 30346","Centennial Olympic Park, 265 Park Ave W NW, Atlanta, GA 30313",17.45,20.52,0.851,22079
2026-09-26T01:51:55.059117-04:00,"Marietta Square, 205 Lawrence St, Marietta, GA 30060","Centennial Olympic Park, 265 Park Ave W NW, Atlanta, GA 30313",23.57,27.28,0.864,30942
2026-09-26T01:51:55.406346-04:00,"Centennial Olympic Park, 265 Park Ave W NW, Atlanta, GA 30313","Marietta Square, 205 Lawrence St, Marietta, GA 30060",24.22,27.98,0.865,30864
2026-09-26T01:51:55.706585-04:00,"Marietta Square, 205 Lawrence St, Marietta, GA 30060","Atlantic Station, 1380 Atlantic Dr NW, Atlanta, GA 30363",19.12,20.53,0.931,27515
2026-09-26T01:51:56.005962-04:00,"Atlantic Station, 1380 Atlantic Dr NW, Atlanta, GA 30363","Marietta Square, 205 Lawrence St, Marietta, GA 30060",22.1,24.27,0.911,27201
2026-09-26T01:51:56.339106-04:00,"City Springs, 1 Galambos Way, Sandy Springs, GA 30328","Atlantic Station, 1380 Atlantic Dr NW, Atlanta, GA 30363",14.02,16.82,0.833,18884
2026-09-26T01:51:56.672896-04:00,"Atlantic Station, 1380 Atlantic Dr NW, Atlanta, GA 30363","City Springs, 1 Galambos Way, Sandy Springs, GA 30328",18.55,21.58,0.859,23501
2026-09-26T01:51:56.958051-04:00,"City Springs, 1 Galambos Way, Sandy Springs, GA 30328","Centennial Olympic Park, 265 Park Ave W NW, Atlanta, GA 30313",18.72,23.78,0.787,22774
2026-09-26T01:51:57.293235-04:00,"Centennial Olympic Park, 265 Park Ave W NW, Atlanta, GA 30313","City Springs, 1 Galambos Way, Sandy Springs, GA 30328",18.48,23.07,0.801,23706
2026-09-26T01:51:57.689396-04:00,"Dunwoody Village, 5485 Chamblee Dunwoody Rd, Dunwoody, GA 30338","Atlantic Station, 1380 Atlantic Dr NW, Atlanta, GA 30363",15.38,17.45,0.882,21116
2026-09-26T01:51:58.038710-04:00,"Atlantic Station, 1380 Atlantic Dr NW, Atlanta, GA 30363","Dunwoody Village, 5485 Chamblee Dunwoody Rd, Dunwoody, GA 30338",21.1,24.62,0.857,24893
2026-09-26T01:51:58.387450-04:00,"Gas South District, 6400 Sugarloaf Pkwy, Duluth, GA 30097","Atlantic Station, 1380 Atlantic Dr NW, Atlanta, GA 30363",24.25,24.58,0.986,38579
2026-09-26T01:51:58.688724-04:00,"Atlantic Station, 1380 Atlantic Dr NW, Atlanta, GA 30363","Gas South District, 6400 Sugarloaf Pkwy, Duluth, GA 30097",28.22,30.4,0.928,40364
2026-09-26T01:51:59.106799-04:00,"Lawrenceville Lawn, 210 Luckie St, Lawrenceville, GA 30046","Atlantic Station, 1380 Atlantic Dr NW, Atlanta, GA 30363",34.8,40.2,0.866,46889
2026-09-26T01:51:59.389466-04:00,"Atlantic Station, 1380 Atlantic Dr NW, Atlanta, GA 30363","Lawrenceville Lawn, 210 Luckie St, Lawrenceville, GA 30046",33.2,37.0,0.897,47409
2026-09-26T10:27:25.400527-04:00,"6000 N Terminal Pkwy, Atlanta, GA 30320","1380 Atlantic Dr NW, Atlanta, GA 30363",21.85,18.35,1.191,20917
2026-09-26T10:27:26.100847-04:00,"1380 Atlantic Dr NW, Atlanta, GA 30363","6000 N Terminal Pkwy, Atlanta, GA 30320",25.88,24.75,1.046,22561
2026-09-26T10:27:26.668901-04:00,"6000 N Terminal Pkwy, Atlanta, GA 30320","3393 Peachtree Rd NE, Atlanta, GA 30326",28.95,25.32,1.144,29954
2026-09-26T10:27:27.327032-04:00,"3393 Peachtree Rd NE, Atlanta, GA 30326","6000 N Terminal Pkwy, Atlanta, GA 30320",34.73,32.25,1.077,31173
2026-09-26T10:27:27.938802-04:00,"6000 N Terminal Pkwy, Atlanta, GA 30320","225 North Ave NW, Atlanta, GA 30332",22.9,19.63,1.166,18926
2026-09-26T10:27:28.577755-04:00,"225 North Ave NW, Atlanta, GA 30332","6000 N Terminal Pkwy, Atlanta, GA 30320",23.88,23.0,1.038,21085
2026-09-26T10:27:29.127317-04:00,"265 Park Ave W NW, Atlanta, GA 30313","1380 Atlantic Dr NW, Atlanta, GA 30363",10.42,10.6,0.983,4925
2026-09-26T10:27:29.535971-04:00,"1380 Atlantic Dr NW, Atlanta, GA 30363","265 Park Ave W NW, Atlanta, GA 30313",13.78,15.23,0.905,5209
2026-09-26T10:27:30.124914-04:00,"265 Park Ave W NW, Atlanta, GA 30313","3393 Peachtree Rd NE, Atlanta, GA 30326",17.32,17.57,0.986,13962
2026-09-26T10:27:30.827444-04:00,"3393 Peachtree Rd NE, Atlanta, GA 30326","265 Park Ave W NW, Atlanta, GA 30313",23.2,19.68,1.179,12990
2026-09-26T10:27:31.594635-04:00,"265 Park Ave W NW, Atlanta, GA 30313","225 North Ave NW, Atlanta, GA 30332",7.65,7.35,1.041,2086
2026-09-26T10:27:32.139250-04:00,"225 North Ave NW, Atlanta, GA 30332","265 Park Ave W NW, Atlanta, GA 30313",8.72,8.72,1.0,2067
2026-09-26T10:27:32.564754-04:00,"1380 Atlantic Dr NW, Atlanta, GA 30363","3393 Peachtree Rd NE, Atlanta, GA 30326",17.17,17.63,0.974,10266
2026-09-26T10:27:33.050907-04:00,"3393 Peachtree Rd NE, Atlanta, GA 30326","1380 Atlantic Dr NW, Atlanta, GA 30363",15.5,15.38,1.008,9873
2026-09-26T10:27:33.583115-04:00,"1380 Atlantic Dr NW, Atlanta, GA 30363","225 North Ave NW, Atlanta, GA 30332",9.72,10.47,0.928,2985
2026-09-26T10:27:34.034986-04:00,"225 North Ave NW, Atlanta, GA 30332","1380 Atlantic Dr NW, Atlanta, GA 30363",10.13,9.97,1.017,4547
2026-09-26T10:27:34.493210-04:00,"3393 Peachtree Rd NE, Atlanta, GA 30326","225 North Ave NW, Atlanta, GA 30332",19.42,19.82,0.98,11615
2026-09-26T10:27:34.920526-04:00,"225 North Ave NW, Atlanta, GA 30332","3393 Peachtree Rd NE, Atlanta, GA 30326",17.03,16.93,1.006,13584
2026-09-26T10:27:35.409400-04:00,"4400 Ashford Dunwoody Rd, Dunwoody, GA 30346","3393 Peachtree Rd NE, Atlanta, GA 30326",15.08,14.83,1.017,11803
2026-09-26T10:27:35.892364-04:00,"3393 Peachtree Rd NE, Atlanta, GA 30326","4400 Ashford Dunwoody Rd, Dunwoody, GA 30346",15.37,15.77,0.975,11689
2026-09-26T10:27:36.456788-04:00,"101 E Court Square, Decatur, GA 30030","225 North Ave NW, Atlanta, GA 30332",25.42,25.1,1.013,10208
2026-09-26T10:27:36.953951-04:00,"225 North Ave NW, Atlanta, GA 30332","101 E Court Square, Decatur, GA 30030",22.97,23.7,0.969,10272
2026-09-26T10:27:37.453730-04:00,"205 Lawrence St, Marietta, GA 30060","225 North Ave NW, Atlanta, GA 30332",24.92,25.72,0.969,27514
2026-09-26T10:27:37.892929-04:00,"225 North Ave NW, Atlanta, GA 30332","205 Lawrence St, Marietta, GA 30060",25.98,27.07,0.96,30385
2026-09-26T10:27:38.411176-04:00,"1 Galambos Way, Sandy Springs, GA 30328","3393 Peachtree Rd NE, Atlanta, GA 30326",17.7,16.1,1.099,11682
2026-09-26T10:27:38.907810-04:00,"3393 Peachtree Rd NE, Atlanta, GA 30326","1 Galambos Way, Sandy Springs, GA 30328",18.45,17.03,1.083,12587
2026-09-26T10:27:39.342910-04:00,"5485 Chamblee Dunwoody Rd, Dunwoody, GA 30338","3393 Peachtree Rd NE, Atlanta, GA 30326",16.05,16.02,1.002,13634
2026-09-26T10:27:39.703981-04:00,"3393 Peachtree Rd NE, Atlanta, GA 30326","5485 Chamblee Dunwoody Rd, Dunwoody, GA 30338",17.37,17.13,1.014,13651
2026-09-26T10:27:40.176317-04:00,"6400 Sugarloaf Pkwy, Duluth, GA 30097","225 North Ave NW, Atlanta, GA 30332",32.12,31.93,1.006,40710
2026-09-26T10:27:40.574444-04:00,"225 North Ave NW, Atlanta, GA 30332","6400 Sugarloaf Pkwy, Duluth, GA 30097",35.85,36.97,0.97,42787
2026-09-26T10:27:41.041535-04:00,"210 Luckie St, Lawrenceville, GA 30046","225 North Ave NW, Atlanta, GA 30332",40.35,39.97,1.01,48320
2026-09-26T10:27:41.502974-04:00,"225 North Ave NW, Atlanta, GA 30332","210 Luckie St, Lawrenceville, GA 30046",41.15,38.53,1.068,49395
2026-09-26T10:27:41.960368-04:00,"101 E Court Square, Decatur, GA 30030","265 Park Ave W NW, Atlanta, GA 30313",24.87,25.3,0.983,11294
2026-09-26T10:27:42.419158-04:00,"265 Park Ave W NW, Atlanta, GA 30313","101 E Court Square, Decatur, GA 30030",23.47,24.2,0.97,11439
2026-09-26T10:27:42.814238-04:00,"205 Lawrence St, Marietta, GA 30060","265 Park Ave W NW, Atlanta, GA 30313",28.48,25.63,1.111,28905
2026-09-26T10:27:43.268738-04:00,"265 Park Ave W NW, Atlanta, GA 30313","205 Lawrence St, Marietta, GA 30060",26.6,27.7,0.96,30762
2026-09-26T10:28:09.575368-04:00,"6000 N Terminal Pkwy, Atlanta, GA 30320","265 Park Ave W NW, Atlanta, GA 30313",21.37,17.67,1.209,18823
2026-09-26T10:28:10.008766-04:00,"265 Park Ave W NW, Atlanta, GA 30313","6000 N Terminal Pkwy, Atlanta, GA 30320",21.72,22.95,0.946,19742
2026-09-26T10:28:10.441630-04:00,"6000 N Terminal Pkwy, Atlanta, GA 30320","1380 Atlantic Dr NW, Atlanta, GA 30363",21.92,18.35,1.194,20917
2026-09-26T10:28:10.828277-04:00,"1380 Atlantic Dr NW, Atlanta, GA 30363","6000 N Terminal Pkwy, Atlanta, GA 30320",26.05,25.08,1.039,22840
2026-09-26T10:28:11.227973-04:00,"6000 N Terminal Pkwy, Atlanta, GA 30320","3393 Peachtree Rd NE, Atlanta, GA 30326",28.85,25.32,1.14,29954
2026-09-26T10:28:11.624573-04:00,"3393 Peachtree Rd NE, Atlanta, GA 30326","6000 N Terminal Pkwy, Atlanta, GA 30320",34.85,32.25,1.081,31173
2026-09-26T10:28:12.033729-04:00,"6000 N Terminal Pkwy, Atlanta, GA 30320","225 North Ave NW, Atlanta, GA 30332",22.88,19.63,1.166,18926
2026-09-26T10:28:12.429365-04:00,"225 North Ave NW, Atlanta, GA 30332","6000 N Terminal Pkwy, Atlanta, GA 30320",22.98,22.77,1.01,21070
2026-09-26T10:28:12.843177-04:00,"265 Park Ave W NW, Atlanta, GA 30313","1380 Atlantic Dr NW, Atlanta, GA 30363",10.15,10.6,0.958,4925
2026-09-26T10:28:13.176939-04:00,"1380 Atlantic Dr NW, Atlanta, GA 30363","265 Park Ave W NW, Atlanta, GA 30313",13.67,13.75,0.994,5209
2026-09-26T10:28:13.641323-04:00,"265 Park Ave W NW, Atlanta, GA 30313","3393 Peachtree Rd NE, Atlanta, GA 30326",17.2,17.85,0.964,14215
2026-09-26T10:28:14.076664-04:00,"3393 Peachtree Rd NE, Atlanta, GA 30326","265 Park Ave W NW, Atlanta, GA 30313",23.55,19.68,1.196,12990
2026-09-26T10:28:14.480045-04:00,"265 Park Ave W NW, Atlanta, GA 30313","225 North Ave NW, Atlanta, GA 30332",7.95,8.17,0.973,2086
2026-09-26T10:28:14.831121-04:00,"225 North Ave NW, Atlanta, GA 30332","265 Park Ave W NW, Atlanta, GA 30313",8.3,8.72,0.952,2067
2026-09-26T10:28:15.212150-04:00,"1380 Atlantic Dr NW, Atlanta, GA 30363","3393 Peachtree Rd NE, Atlanta, GA 30326",17.1,17.63,0.97,10266
2026-09-26T10:28:15.609573-04:00,"3393 Peachtree Rd NE, Atlanta, GA 30326","1380 Atlantic Dr NW, Atlanta, GA 30363",15.68,15.38,1.02,9873
2026-09-26T10:28:16.001762-04:00,"1380 Atlantic Dr NW, Atlanta, GA 30363","225 North Ave NW, Atlanta, GA 30332",9.63,10.47,0.92,2985
2026-09-26T10:28:16.408132-04:00,"225 North Ave NW, Atlanta, GA 30332","1380 Atlantic Dr NW, Atlanta, GA 30363",9.47,9.73,0.973,4532
2026-09-26T10:28:16.813080-04:00,"3393 Peachtree Rd NE, Atlanta, GA 30326","225 North Ave NW, Atlanta, GA 30332",19.57,19.82,0.987,11615
2026-09-26T10:28:17.160367-04:00,"225 North Ave NW, Atlanta, GA 30332","3393 Peachtree Rd NE, Atlanta, GA 30326",16.88,16.93,0.997,13584
2026-09-26T10:28:17.552849-04:00,"4400 Ashford Dunwoody Rd, Dunwoody, GA 30346","3393 Peachtree Rd NE, Atlanta, GA 30326",15.28,14.95,1.022,11941
2026-09-26T10:28:17.978613-04:00,"3393 Peachtree Rd NE, Atlanta, GA 30326","4400 Ashford Dunwoody Rd, Dunwoody, GA 30346",15.32,15.77,0.971,11689
2026-09-26T10:28:18.360390-04:00,"101 E Court Square, Decatur, GA 30030","225 North Ave NW, Atlanta, GA 30332",26.2,26.92,0.973,10208
2026-09-26T10:28:18.751873-04:00,"225 North Ave NW, Atlanta, GA 30332","101 E Court Square, Decatur, GA 30030",22.33,23.47,0.952,10257
2026-09-26T10:28:19.125753-04:00,"205 Lawrence St, Marietta, GA 30060","225 North Ave NW, Atlanta, GA 30332",25.42,26.1,0.974,29167
2026-09-26T10:28:19.515422-04:00,"225 North Ave NW, Atlanta, GA 30332","205 Lawrence St, Marietta, GA 30060",25.77,26.83,0.96,30369
2026-09-26T10:28:20.301782-04:00,"1 Galambos Way, Sandy Springs, GA 30328","3393 Peachtree Rd NE, Atlanta, GA 30326",17.48,16.22,1.078,11820
2026-09-26T10:28:20.691779-04:00,"3393 Peachtree Rd NE, Atlanta, GA 30326","1 Galambos Way, Sandy Springs, GA 30328",18.0,18.83,0.956,13941
2026-09-26T10:28:21.045365-04:00,"5485 Chamblee Dunwoody Rd, Dunwoody, GA 30338","3393 Peachtree Rd NE, Atlanta, GA 30326",15.97,16.12,0.991,13772
2026-09-26T10:28:21.406082-04:00,"3393 Peachtree Rd NE, Atlanta, GA 30326","5485 Chamblee Dunwoody Rd, Dunwoody, GA 30338",17.7,18.3,0.967,13673
2026-09-26T10:28:21.843042-04:00,"6400 Sugarloaf Pkwy, Duluth, GA 30097","225 North Ave NW, Atlanta, GA 30332",32.27,31.93,1.01,40710
2026-09-26T10:28:22.248980-04:00,"225 North Ave NW, Atlanta, GA 30332","6400 Sugarloaf Pkwy, Duluth, GA 30097",34.82,32.07,1.086,42772
2026-09-26T10:28:22.717866-04:00,"210 Luckie St, Lawrenceville, GA 30046","225 North Ave NW, Atlanta, GA 30332",40.4,39.97,1.011,48320
2026-09-26T10:28:23.044483-04:00,"225 North Ave NW, Atlanta, GA 30332","210 Luckie St, Lawrenceville, GA 30046",40.38,41.37,0.976,49379
2026-09-26T10:28:23.529198-04:00,"101 E Court Square, Decatur, GA 30030","265 Park Ave W NW, Atlanta, GA 30313",24.92,25.3,0.985,11294
2026-09-26T10:28:24.067089-04:00,"265 Park Ave W NW, Atlanta, GA 30313","101 E Court Square, Decatur, GA 30030",23.77,24.2,0.982,11439
2026-09-26T10:28:24.507679-04:00,"205 Lawrence St, Marietta, GA 30060","265 Park Ave W NW, Atlanta, GA 30313",29.32,26.02,1.127,30558
2026-09-26T10:28:24.926467-04:00,"265 Park Ave W NW, Atlanta, GA 30313","205 Lawrence St, Marietta, GA 30060",26.45,27.67,0.956,30878
2026-09-26T10:28:48.178096-04:00,"6000 N Terminal Pkwy, Atlanta, GA 30320","265 Park Ave W NW, Atlanta, GA 30313",21.5,17.67,1.217,18823
2026-09-26T10:28:48.550428-04:00,"265 Park Ave W NW, Atlanta, GA 30313","6000 N Terminal Pkwy, Atlanta, GA 30320",22.22,22.3,0.996,20616
2026-09-26T10:28:48.918741-04:00,"6000 N Terminal Pkwy, Atlanta, GA 30320","1380 Atlantic Dr NW, Atlanta, GA 30363",22.18,18.35,1.209,20917
2026-09-26T10:28:49.336628-04:00,"1380 Atlantic Dr NW, Atlanta, GA 30363","6000 N Terminal Pkwy, Atlanta, GA 30320",26.52,24.75,1.071,22561
2026-09-26T10:28:49.757951-04:00,"6000 N Terminal Pkwy, Atlanta, GA 30320","3393 Peachtree Rd NE, Atlanta, GA 30326",28.83,25.32,1.139,29954
2026-09-26T10:28:50.088834-04:00,"3393 Peachtree Rd NE, Atlanta, GA 30326","6000 N Terminal Pkwy, Atlanta, GA 30320",35.4,35.8,0.989,31173
2026-09-26T10:28:50.457382-04:00,"6000 N Terminal Pkwy, Atlanta, GA 30320","225 North Ave NW, Atlanta, GA 30332",23.17,19.63,1.18,18926
2026-09-26T10:28:50.835898-04:00,"225 North Ave NW, Atlanta, GA 30332","6000 N Terminal Pkwy, Atlanta, GA 30320",23.15,22.77,1.017,21070
2026-09-26T10:28:51.173969-04:00,"265 Park Ave W NW, Atlanta, GA 30313","1380 Atlantic Dr NW, Atlanta, GA 30363",9.93,10.57,0.94,5041
2026-09-26T10:28:51.590844-04:00,"1380 Atlantic Dr NW, Atlanta, GA 30363","265 Park Ave W NW, Atlanta, GA 30313",13.8,13.75,1.004,5209
2026-09-26T10:28:51.941583-04:00,"265 Park Ave W NW, Atlanta, GA 30313","3393 Peachtree Rd NE, Atlanta, GA 30326",16.5,17.65,0.935,14216
2026-09-26T10:28:52.368497-04:00,"3393 Peachtree Rd NE, Atlanta, GA 30326","265 Park Ave W NW, Atlanta, GA 30313",23.9,19.68,1.214,12990
2026-09-26T10:28:52.724178-04:00,"265 Park Ave W NW, Atlanta, GA 30313","225 North Ave NW, Atlanta, GA 30332",7.72,7.35,1.05,2086
2026-09-26T10:28:53.108045-04:00,"225 North Ave NW, Atlanta, GA 30332","265 Park Ave W NW, Atlanta, GA 30313",8.3,8.72,0.952,2067
2026-09-26T10:28:53.516286-04:00,"1380 Atlantic Dr NW, Atlanta, GA 30363","3393 Peachtree Rd NE, Atlanta, GA 30326",17.15,17.63,0.973,10266
2026-09-26T10:28:53.902782-04:00,"3393 Peachtree Rd NE, Atlanta, GA 30326","1380 Atlantic Dr NW, Atlanta, GA 30363",15.92,15.38,1.035,9873
2026-09-26T10:28:54.273754-04:00,"1380 Atlantic Dr NW, Atlanta, GA 30363","225 North Ave NW, Atlanta, GA 30332",9.65,10.47,0.922,2985
2026-09-26T10:28:54.612134-04:00,"225 North Ave NW, Atlanta, GA 30332","1380 Atlantic Dr NW, Atlanta, GA 30363",9.6,9.73,0.986,4532
2026-09-26T10:28:55.007465-04:00,"3393 Peachtree Rd NE, Atlanta, GA 30326","225 North Ave NW, Atlanta, GA 30332",19.83,19.82,1.001,11615
2026-09-26T10:28:55.387837-04:00,"225 North Ave NW, Atlanta, GA 30332","3393 Peachtree Rd NE, Atlanta, GA 30326",16.15,16.82,0.96,13707
2026-09-26T10:28:55.756819-04:00,"4400 Ashford Dunwoody Rd, Dunwoody, GA 30346","3393 Peachtree Rd NE, Atlanta, GA 30326",14.73,14.95,0.986,11941
2026-09-26T10:28:56.120592-04:00,"3393 Peachtree Rd NE, Atlanta, GA 30326","4400 Ashford Dunwoody Rd, Dunwoody, GA 30346",15.4,15.77,0.977,11689
2026-09-26T10:28:56.495682-04:00,"101 E Court Square, Decatur, GA 30030","225 North Ave NW, Atlanta, GA 30332",26.17,25.1,1.042,10208
2026-09-26T10:28:56.878689-04:00,"225 North Ave NW, Atlanta, GA 30332","101 E Court Square, Decatur, GA 30030",22.73,23.7,0.959,10272
2026-09-26T10:28:57.234539-04:00,"205 Lawrence St, Marietta, GA 30060","225 North Ave NW, Atlanta, GA 30332",25.43,26.1,0.974,29167
2026-09-26T10:28:57.693098-04:00,"225 North Ave NW, Atlanta, GA 30332","205 Lawrence St, Marietta, GA 30060",25.83,26.83,0.963,30369
2026-09-26T10:28:58.057248-04:00,"1 Galambos Way, Sandy Springs, GA 30328","3393 Peachtree Rd NE, Atlanta, GA 30326",17.1,16.22,1.054,11820
2026-09-26T10:28:58.483156-04:00,"3393 Peachtree Rd NE, Atlanta, GA 30326","1 Galambos Way, Sandy Springs, GA 30328",18.02,18.83,0.957,13941
2026-09-26T10:28:58.850722-04:00,"5485 Chamblee Dunwoody Rd, Dunwoody, GA 30338","3393 Peachtree Rd NE, Atlanta, GA 30326",15.6,16.12,0.968,13772
2026-09-26T10:28:59.200159-04:00,"3393 Peachtree Rd NE, Atlanta, GA 30326","5485 Chamblee Dunwoody Rd, Dunwoody, GA 30338",17.7,18.3,0.967,13673
2026-09-26T10:28:59.623099-04:00,"6400 Sugarloaf Pkwy, Duluth, GA 30097","225 North Ave NW, Atlanta, GA 30332",32.42,31.93,1.015,40710
2026-09-26T10:29:00.063691-04:00,"225 North Ave NW, Atlanta, GA 30332","6400 Sugarloaf Pkwy, Duluth, GA 30097",34.25,32.07,1.068,42772
2026-09-26T10:29:00.419949-04:00,"210 Luckie St, Lawrenceville, GA 30046","225 North Ave NW, Atlanta, GA 30332",40.57,39.97,1.015,48320
2026-09-26T10:29:00.867488-04:00,"225 North Ave NW, Atlanta, GA 30332","210 Luckie St, Lawrenceville, GA 30046",39.62,38.3,1.034,49380
2026-09-26T10:29:01.256663-04:00,"101 E Court Square, Decatur, GA 30030","265 Park Ave W NW, Atlanta, GA 30313",24.9,25.3,0.984,11294
2026-09-26T10:29:01.685180-04:00,"265 Park Ave W NW, Atlanta, GA 30313","101 E Court Square, Decatur, GA 30030",24.02,25.77,0.932,11067
2026-09-26T10:29:02.090244-04:00,"205 Lawrence St, Marietta, GA 30060","265 Park Ave W NW, Atlanta, GA 30313",29.3,26.02,1.126,30558
2026-09-26T10:29:02.506869-04:00,"265 Park Ave W NW, Atlanta, GA 30313","205 Lawrence St, Marietta, GA 30060",26.18,26.75,0.979,30625
2026-09-26T10:34:03.051699-04:00,"6000 N Terminal Pkwy, Atlanta, GA 30320","265 Park Ave W NW, Atlanta, GA 30313",22.27,17.67,1.26,18823
2026-09-26T10:34:03.697231-04:00,"265 Park Ave W NW, Atlanta, GA 30313","6000 N Terminal Pkwy, Atlanta, GA 30320",21.68,22.95,0.945,19742
2026-09-26T10:34:04.264619-04:00,"6000 N Terminal Pkwy, Atlanta, GA 30320","1380 Atlantic Dr NW, Atlanta, GA 30363",22.82,18.35,1.243,20917
2026-09-26T10:34:04.857548-04:00,"1380 Atlantic Dr NW, Atlanta, GA 30363","6000 N Terminal Pkwy, Atlanta, GA 30320",26.32,24.75,1.063,22561
2026-09-26T10:34:05.464341-04:00,"6000 N Terminal Pkwy, Atlanta, GA 30320","3393 Peachtree Rd NE, Atlanta, GA 30326",29.53,25.32,1.167,29954
2026-09-26T10:34:06.081254-04:00,"3393 Peachtree Rd NE, Atlanta, GA 30326","6000 N Terminal Pkwy, Atlanta, GA 30320",38.68,32.25,1.199,31173
2026-09-26T10:34:06.671358-04:00,"6000 N Terminal Pkwy, Atlanta, GA 30320","225 North Ave NW, Atlanta, GA 30332",23.8,19.63,1.212,18926
2026-09-26T10:34:07.244365-04:00,"225 North Ave NW, Atlanta, GA 30332","6000 N Terminal Pkwy, Atlanta, GA 30320",23.55,23.0,1.024,21085
2026-09-26T10:34:07.772028-04:00,"265 Park Ave W NW, Atlanta, GA 30313","1380 Atlantic Dr NW, Atlanta, GA 30363",9.82,10.57,0.929,5041
2026-09-26T10:34:08.312786-04:00,"1380 Atlantic Dr NW, Atlanta, GA 30363","265 Park Ave W NW, Atlanta, GA 30313",14.13,14.9,0.949,5209
2026-09-26T10:34:08.930496-04:00,"265 Park Ave W NW, Atlanta, GA 30313","3393 Peachtree Rd NE, Atlanta, GA 30326",16.57,17.53,0.945,14078
2026-09-26T10:34:09.447868-04:00,"3393 Peachtree Rd NE, Atlanta, GA 30326","265 Park Ave W NW, Atlanta, GA 30313",24.92,25.43,0.98,13123
2026-09-26T10:34:10.009860-04:00,"265 Park Ave W NW, Atlanta, GA 30313","225 North Ave NW, Atlanta, GA 30332",8.55,7.35,1.163,2086
2026-09-26T10:34:10.615957-04:00,"225 North Ave NW, Atlanta, GA 30332","265 Park Ave W NW, Atlanta, GA 30313",8.4,8.72,0.964,2067
2026-09-26T10:34:11.244642-04:00,"1380 Atlantic Dr NW, Atlanta, GA 30363","3393 Peachtree Rd NE, Atlanta, GA 30326",16.9,17.63,0.958,10266
2026-09-26T10:34:11.839440-04:00,"3393 Peachtree Rd NE, Atlanta, GA 30326","1380 Atlantic Dr NW, Atlanta, GA 30363",17.18,16.83,1.021,10329
2026-09-26T10:34:12.393960-04:00,"1380 Atlantic Dr NW, Atlanta, GA 30363","225 North Ave NW, Atlanta, GA 30332",9.52,10.47,0.909,2985
2026-09-26T10:34:12.947674-04:00,"225 North Ave NW, Atlanta, GA 30332","1380 Atlantic Dr NW, Atlanta, GA 30363",10.1,9.97,1.013,4547
2026-09-26T10:34:13.520448-04:00,"3393 Peachtree Rd NE, Atlanta, GA 30326","225 North Ave NW, Atlanta, GA 30332",22.25,22.28,0.999,12041
2026-09-26T10:34:14.131660-04:00,"225 North Ave NW, Atlanta, GA 30332","3393 Peachtree Rd NE, Atlanta, GA 30326",16.22,16.7,0.971,13569
2026-09-26T10:34:14.804257-04:00,"4400 Ashford Dunwoody Rd, Dunwoody, GA 30346","3393 Peachtree Rd NE, Atlanta, GA 30326",15.0,14.83,1.011,11803
2026-09-26T10:34:15.451383-04:00,"3393 Peachtree Rd NE, Atlanta, GA 30326","4400 Ashford Dunwoody Rd, Dunwoody, GA 30346",15.63,15.77,0.992,11689
2026-09-26T10:34:16.063505-04:00,"101 E Court Square, Decatur, GA 30030","225 North Ave NW, Atlanta, GA 30332",25.4,25.77,0.986,10404
2026-09-26T10:34:16.614444-04:00,"225 North Ave NW, Atlanta, GA 30332","101 E Court Square, Decatur, GA 30030",23.33,23.7,0.985,10272
2026-09-26T10:34:17.186654-04:00,"205 Lawrence St, Marietta, GA 30060","225 North Ave NW, Atlanta, GA 30332",25.38,26.1,0.973,29167
2026-09-26T10:34:17.810381-04:00,"225 North Ave NW, Atlanta, GA 30332","205 Lawrence St, Marietta, GA 30060",26.33,27.07,0.973,30385
2026-09-26T10:34:18.369728-04:00,"1 Galambos Way, Sandy Springs, GA 30328","3393 Peachtree Rd NE, Atlanta, GA 30326",17.68,16.1,1.098,11682
2026-09-26T10:34:18.910300-04:00,"3393 Peachtree Rd NE, Atlanta, GA 30326","1 Galambos Way, Sandy Springs, GA 30328",18.1,17.03,1.063,12587
2026-09-26T10:34:19.503747-04:00,"5485 Chamblee Dunwoody Rd, Dunwoody, GA 30338","3393 Peachtree Rd NE, Atlanta, GA 30326",15.77,16.02,0.984,13634
2026-09-26T10:34:20.063484-04:00,"3393 Peachtree Rd NE, Atlanta, GA 30326","5485 Chamblee Dunwoody Rd, Dunwoody, GA 30338",18.02,18.3,0.985,13673
2026-09-26T10:34:20.736902-04:00,"6400 Sugarloaf Pkwy, Duluth, GA 30097","225 North Ave NW, Atlanta, GA 30332",33.1,31.93,1.037,40710
2026-09-26T10:34:21.322909-04:00,"225 North Ave NW, Atlanta, GA 30332","6400 Sugarloaf Pkwy, Duluth, GA 30097",34.32,32.27,1.064,42368
2026-09-26T10:34:21.947562-04:00,"210 Luckie St, Lawrenceville, GA 30046","225 North Ave NW, Atlanta, GA 30332",41.1,39.97,1.028,48320
2026-09-26T10:34:22.601592-04:00,"225 North Ave NW, Atlanta, GA 30332","210 Luckie St, Lawrenceville, GA 30046",38.83,38.3,1.014,49380
2026-09-26T10:34:23.247575-04:00,"101 E Court Square, Decatur, GA 30030","265 Park Ave W NW, Atlanta, GA 30313",25.3,25.3,1.0,11294
2026-09-26T10:34:23.813894-04:00,"265 Park Ave W NW, Atlanta, GA 30313","101 E Court Square, Decatur, GA 30030",23.1,24.2,0.955,11439
2026-09-26T10:34:24.430900-04:00,"205 Lawrence St, Marietta, GA 30060","265 Park Ave W NW, Atlanta, GA 30313",29.57,26.02,1.136,30558
2026-09-26T10:34:25.046600-04:00,"265 Park Ave W NW, Atlanta, GA 30313","205 Lawrence St, Marietta, GA 30060",26.12,27.67,0.944,30878
2026-09-26T10:39:25.726851-04:00,"6000 N Terminal Pkwy, Atlanta, GA 30320","265 Park Ave W NW, Atlanta, GA 30313",21.97,17.67,1.243,18823
2026-09-26T10:39:26.331841-04:00,"265 Park Ave W NW, Atlanta, GA 30313","6000 N Terminal Pkwy, Atlanta, GA 30320",22.1,21.38,1.034,20362
2026-09-26T10:39:26.937186-04:00,"6000 N Terminal Pkwy, Atlanta, GA 30320","1380 Atlantic Dr NW, Atlanta, GA 30363",22.67,22.83,0.993,20917
2026-09-26T10:39:27.569563-04:00,"1380 Atlantic Dr NW, Atlanta, GA 30363","6000 N Terminal Pkwy, Atlanta, GA 30320",25.08,26.55,0.945,22561
2026-09-26T10:39:28.174085-04:00,"6000 N Terminal Pkwy, Atlanta, GA 30320","3393 Peachtree Rd NE, Atlanta, GA 30326",29.5,25.32,1.165,29954
2026-09-26T10:39:28.774972-04:00,"3393 Peachtree Rd NE, Atlanta, GA 30326","6000 N Terminal Pkwy, Atlanta, GA 30320",38.88,32.25,1.206,31173
2026-09-26T10:39:29.358668-04:00,"6000 N Terminal Pkwy, Atlanta, GA 30320","225 North Ave NW, Atlanta, GA 30332",23.55,19.63,1.199,18926
2026-09-26T10:39:29.935047-04:00,"225 North Ave NW, Atlanta, GA 30332","6000 N Terminal Pkwy, Atlanta, GA 30320",22.92,23.0,0.996,21085
2026-09-26T10:39:30.522894-04:00,"265 Park Ave W NW, Atlanta, GA 30313","1380 Atlantic Dr NW, Atlanta, GA 30363",10.15,9.65,1.052,4787
2026-09-26T10:39:31.108522-04:00,"1380 Atlantic Dr NW, Atlanta, GA 30363","265 Park Ave W NW, Atlanta, GA 30313",13.72,15.53,0.883,4574
2026-09-26T10:39:31.677967-04:00,"265 Park Ave W NW, Atlanta, GA 30313","3393 Peachtree Rd NE, Atlanta, GA 30326",17.02,16.62,1.024,13824
2026-09-26T10:39:32.258695-04:00,"3393 Peachtree Rd NE, Atlanta, GA 30326","265 Park Ave W NW, Atlanta, GA 30313",25.73,25.43,1.012,13123
2026-09-26T10:39:32.855400-04:00,"265 Park Ave W NW, Atlanta, GA 30313","225 North Ave NW, Atlanta, GA 30332",7.67,7.35,1.043,2086
2026-09-26T10:39:33.439631-04:00,"225 North Ave NW, Atlanta, GA 30332","265 Park Ave W NW, Atlanta, GA 30313",8.4,8.72,0.964,2067
2026-09-26T10:39:34.072461-04:00,"1380 Atlantic Dr NW, Atlanta, GA 30363","3393 Peachtree Rd NE, Atlanta, GA 30326",16.77,17.63,0.951,10266
2026-09-26T10:39:34.624310-04:00,"3393 Peachtree Rd NE, Atlanta, GA 30326","1380 Atlantic Dr NW, Atlanta, GA 30363",18.13,16.83,1.077,10329
2026-09-26T10:39:35.168488-04:00,"1380 Atlantic Dr NW, Atlanta, GA 30363","225 North Ave NW, Atlanta, GA 30332",9.45,10.47,0.903,2985
2026-09-26T10:39:35.692030-04:00,"225 North Ave NW, Atlanta, GA 30332","1380 Atlantic Dr NW, Atlanta, GA 30363",9.85,9.97,0.988,4547
2026-09-26T10:39:36.286501-04:00,"3393 Peachtree Rd NE, Atlanta, GA 30326","225 North Ave NW, Atlanta, GA 30332",23.2,22.28,1.041,12041
2026-09-26T10:39:36.864525-04:00,"225 North Ave NW, Atlanta, GA 30332","3393 Peachtree Rd NE, Atlanta, GA 30326",16.75,16.93,0.989,13584
2026-09-26T10:39:37.455977-04:00,"4400 Ashford Dunwoody Rd, Dunwoody, GA 30346","3393 Peachtree Rd NE, Atlanta, GA 30326",15.12,14.83,1.019,11803
2026-09-26T10:39:38.015380-04:00,"3393 Peachtree Rd NE, Atlanta, GA 30326","4400 Ashford Dunwoody Rd, Dunwoody, GA 30346",15.52,15.77,0.984,11689
2026-09-26T10:39:38.593142-04:00,"101 E Court Square, Decatur, GA 30030","225 North Ave NW, Atlanta, GA 30332",25.45,25.77,0.988,10404
2026-09-26T10:39:39.196949-04:00,"225 North Ave NW, Atlanta, GA 30332","101 E Court Square, Decatur, GA 30030",23.03,23.7,0.972,10272
2026-09-26T10:39:39.810654-04:00,"205 Lawrence St, Marietta, GA 30060","225 North Ave NW, Atlanta, GA 30332",25.27,25.72,0.983,27514
2026-09-26T10:39:40.446184-04:00,"225 North Ave NW, Atlanta, GA 30332","205 Lawrence St, Marietta, GA 30060",26.23,27.07,0.969,30385
2026-09-26T10:39:41.003611-04:00,"1 Galambos Way, Sandy Springs, GA 30328","3393 Peachtree Rd NE, Atlanta, GA 30326",17.15,16.1,1.065,11682
2026-09-26T10:39:41.622139-04:00,"3393 Peachtree Rd NE, Atlanta, GA 30326","1 Galambos Way, Sandy Springs, GA 30328",17.85,17.03,1.048,12587
2026-09-26T10:39:42.249364-04:00,"5485 Chamblee Dunwoody Rd, Dunwoody, GA 30338","3393 Peachtree Rd NE, Atlanta, GA 30326",16.03,16.02,1.001,13634
2026-09-26T10:39:42.778757-04:00,"3393 Peachtree Rd NE, Atlanta, GA 30326","5485 Chamblee Dunwoody Rd, Dunwoody, GA 30338",17.22,17.13,1.005,13651
2026-09-26T10:39:43.372729-04:00,"6400 Sugarloaf Pkwy, Duluth, GA 30097","225 North Ave NW, Atlanta, GA 30332",33.77,31.93,1.057,40710
2026-09-26T10:39:44.035232-04:00,"225 North Ave NW, Atlanta, GA 30332","6400 Sugarloaf Pkwy, Duluth, GA 30097",33.83,32.27,1.049,42368
2026-09-26T10:39:44.644044-04:00,"210 Luckie St, Lawrenceville, GA 30046","225 North Ave NW, Atlanta, GA 30332",41.93,39.97,1.049,48320
2026-09-26T10:39:45.290273-04:00,"225 North Ave NW, Atlanta, GA 30332","210 Luckie St, Lawrenceville, GA 30046",38.88,38.53,1.009,49395
2026-09-26T10:39:45.886762-04:00,"101 E Court Square, Decatur, GA 30030","265 Park Ave W NW, Atlanta, GA 30313",25.3,25.3,1.0,11294
2026-09-26T10:39:46.474865-04:00,"265 Park Ave W NW, Atlanta, GA 30313","101 E Court Square, Decatur, GA 30030",23.35,24.2,0.965,11439
2026-09-26T10:39:47.047295-04:00,"205 Lawrence St, Marietta, GA 30060","265 Park Ave W NW, Atlanta, GA 30313",29.33,25.63,1.144,28905
2026-09-26T10:39:47.722412-04:00,"265 Park Ave W NW, Atlanta, GA 30313","205 Lawrence St, Marietta, GA 30060",26.55,26.75,0.993,30625
2026-09-26T10:44:48.458554-04:00,"6000 N Terminal Pkwy, Atlanta, GA 30320","265 Park Ave W NW, Atlanta, GA 30313",21.63,17.67,1.225,18823
2026-09-26T10:44:49.088691-04:00,"265 Park Ave W NW, Atlanta, GA 30313","6000 N Terminal Pkwy, Atlanta, GA 30320",22.25,22.3,0.998,20616
2026-09-26T10:44:49.631686-04:00,"6000 N Terminal Pkwy, Atlanta, GA 30320","1380 Atlantic Dr NW, Atlanta, GA 30363",22.22,18.35,1.211,20917
2026-09-26T10:44:50.198269-04:00,"1380 Atlantic Dr NW, Atlanta, GA 30363","6000 N Terminal Pkwy, Atlanta, GA 30320",24.78,24.68,1.004,22562
2026-09-26T10:44:50.820525-04:00,"6000 N Terminal Pkwy, Atlanta, GA 30320","3393 Peachtree Rd NE, Atlanta, GA 30326",29.05,25.32,1.147,29954
2026-09-26T10:44:51.440214-04:00,"3393 Peachtree Rd NE, Atlanta, GA 30326","6000 N Terminal Pkwy, Atlanta, GA 30320",38.37,32.25,1.19,31173
2026-09-26T10:44:52.080130-04:00,"6000 N Terminal Pkwy, Atlanta, GA 30320","225 North Ave NW, Atlanta, GA 30332",23.22,19.63,1.183,18926
2026-09-26T10:44:52.644737-04:00,"225 North Ave NW, Atlanta, GA 30332","6000 N Terminal Pkwy, Atlanta, GA 30320",23.03,23.0,1.001,21085
2026-09-26T10:44:53.260561-04:00,"265 Park Ave W NW, Atlanta, GA 30313","1380 Atlantic Dr NW, Atlanta, GA 30363",10.42,9.65,1.079,4787
2026-09-26T10:44:53.850900-04:00,"1380 Atlantic Dr NW, Atlanta, GA 30363","265 Park Ave W NW, Atlanta, GA 30313",13.88,13.37,1.039,5127
2026-09-26T10:44:54.419883-04:00,"265 Park Ave W NW, Atlanta, GA 30313","3393 Peachtree Rd NE, Atlanta, GA 30326",17.33,16.62,1.043,13824
2026-09-26T10:44:54.990962-04:00,"3393 Peachtree Rd NE, Atlanta, GA 30326","265 Park Ave W NW, Atlanta, GA 30313",26.48,25.43,1.041,13123
2026-09-26T10:44:55.531607-04:00,"265 Park Ave W NW, Atlanta, GA 30313","225 North Ave NW, Atlanta, GA 30332",7.77,7.35,1.057,2086
2026-09-26T10:44:56.109789-04:00,"225 North Ave NW, Atlanta, GA 30332","265 Park Ave W NW, Atlanta, GA 30313",8.77,8.72,1.006,2067
2026-09-26T10:44:56.722800-04:00,"1380 Atlantic Dr NW, Atlanta, GA 30363","3393 Peachtree Rd NE, Atlanta, GA 30326",16.63,17.58,0.946,10266
2026-09-26T10:44:57.382795-04:00,"3393 Peachtree Rd NE, Atlanta, GA 30326","1380 Atlantic Dr NW, Atlanta, GA 30363",18.52,16.83,1.1,10329
2026-09-26T10:44:58.001727-04:00,"1380 Atlantic Dr NW, Atlanta, GA 30363","225 North Ave NW, Atlanta, GA 30332",9.42,10.4,0.905,2986
2026-09-26T10:44:58.630204-04:00,"225 North Ave NW, Atlanta, GA 30332","1380 Atlantic Dr NW, Atlanta, GA 30363",10.02,10.53,0.951,4547
2026-09-26T10:44:59.298343-04:00,"3393 Peachtree Rd NE, Atlanta, GA 30326","225 North Ave NW, Atlanta, GA 30332",22.52,19.82,1.136,11615
2026-09-26T10:44:59.838764-04:00,"225 North Ave NW, Atlanta, GA 30332","3393 Peachtree Rd NE, Atlanta, GA 30326",16.88,16.93,0.997,13584
2026-09-26T10:45:00.546306-04:00,"4400 Ashford Dunwoody Rd, Dunwoody, GA 30346","3393 Peachtree Rd NE, Atlanta, GA 30326",15.22,14.83,1.026,11803
2026-09-26T10:45:01.160832-04:00,"3393 Peachtree Rd NE, Atlanta, GA 30326","4400 Ashford Dunwoody Rd, Dunwoody, GA 30346",15.53,15.77,0.985,11689
2026-09-26T10:45:01.824154-04:00,"101 E Court Square, Decatur, GA 30030","225 North Ave NW, Atlanta, GA 30332",26.08,25.1,1.039,10208
2026-09-26T10:45:02.388649-04:00,"225 North Ave NW, Atlanta, GA 30332","101 E Court Square, Decatur, GA 30030",22.95,23.7,0.968,10272
2026-09-26T10:45:03.033069-04:00,"205 Lawrence St, Marietta, GA 30060","225 North Ave NW, Atlanta, GA 30332",25.82,26.1,0.989,29167
2026-09-26T10:45:03.599654-04:00,"225 North Ave NW, Atlanta, GA 30332","205 Lawrence St, Marietta, GA 30060",26.23,26.83,0.978,30369
2026-09-26T10:45:04.254623-04:00,"1 Galambos Way, Sandy Springs, GA 30328","3393 Peachtree Rd NE, Atlanta, GA 30326",17.63,16.1,1.095,11682
2026-09-26T10:45:04.861873-04:00,"3393 Peachtree Rd NE, Atlanta, GA 30326","1 Galambos Way, Sandy Springs, GA 30328",18.08,17.03,1.062,12587
2026-09-26T10:45:05.446964-04:00,"5485 Chamblee Dunwoody Rd, Dunwoody, GA 30338","3393 Peachtree Rd NE, Atlanta, GA 30326",16.0,16.02,0.999,13634
2026-09-26T10:45:06.004316-04:00,"3393 Peachtree Rd NE, Atlanta, GA 30326","5485 Chamblee Dunwoody Rd, Dunwoody, GA 30338",17.13,17.13,1.0,13651
2026-09-26T10:45:06.680494-04:00,"6400 Sugarloaf Pkwy, Duluth, GA 30097","225 North Ave NW, Atlanta, GA 30332",33.68,31.93,1.055,40710
2026-09-26T10:45:07.327583-04:00,"225 North Ave NW, Atlanta, GA 30332","6400 Sugarloaf Pkwy, Duluth, GA 30097",32.82,32.03,1.024,42352
2026-09-26T10:45:07.980556-04:00,"210 Luckie St, Lawrenceville, GA 30046","225 North Ave NW, Atlanta, GA 30332",42.52,39.97,1.064,48320
2026-09-26T10:45:08.627730-04:00,"225 North Ave NW, Atlanta, GA 30332","210 Luckie St, Lawrenceville, GA 30046",38.37,38.53,0.996,49395
2026-09-26T10:45:09.178869-04:00,"101 E Court Square, Decatur, GA 30030","265 Park Ave W NW, Atlanta, GA 30313",25.28,25.3,0.999,11294
2026-09-26T10:45:09.738236-04:00,"265 Park Ave W NW, Atlanta, GA 30313","101 E Court Square, Decatur, GA 30030",23.5,24.2,0.971,11439
2026-09-26T10:45:10.278452-04:00,"205 Lawrence St, Marietta, GA 30060","265 Park Ave W NW, Atlanta, GA 30313",29.85,26.02,1.147,30558
2026-09-26T10:45:10.827678-04:00,"265 Park Ave W NW, Atlanta, GA 30313","205 Lawrence St, Marietta, GA 30060",26.67,27.73,0.962,30625
2026-09-26T10:50:11.534258-04:00,"6000 N Terminal Pkwy, Atlanta, GA 30320","265 Park Ave W NW, Atlanta, GA 30313",23.0,17.67,1.302,18823
2026-09-26T10:50:12.242253-04:00,"265 Park Ave W NW, Atlanta, GA 30313","6000 N Terminal Pkwy, Atlanta, GA 30320",22.22,21.38,1.039,20362
2026-09-26T10:50:12.912421-04:00,"6000 N Terminal Pkwy, Atlanta, GA 30320","1380 Atlantic Dr NW, Atlanta, GA 30363",23.73,18.35,1.293,20917
2026-09-26T10:50:13.621219-04:00,"1380 Atlantic Dr NW, Atlanta, GA 30363","6000 N Terminal Pkwy, Atlanta, GA 30320",25.67,24.75,1.037,22561
2026-09-26T10:50:14.198255-04:00,"6000 N Terminal Pkwy, Atlanta, GA 30320","3393 Peachtree Rd NE, Atlanta, GA 30326",30.33,25.32,1.198,29954
2026-09-26T10:50:14.819927-04:00,"3393 Peachtree Rd NE, Atlanta, GA 30326","6000 N Terminal Pkwy, Atlanta, GA 30320",38.6,32.25,1.197,31173
2026-09-26T10:50:15.443130-04:00,"6000 N Terminal Pkwy, Atlanta, GA 30320","225 North Ave NW, Atlanta, GA 30332",24.55,19.63,1.25,18926
2026-09-26T10:50:16.128145-04:00,"225 North Ave NW, Atlanta, GA 30332","6000 N Terminal Pkwy, Atlanta, GA 30320",23.1,22.77,1.015,21070
2026-09-26T10:50:16.687383-04:00,"265 Park Ave W NW, Atlanta, GA 30313","1380 Atlantic Dr NW, Atlanta, GA 30363",10.25,9.65,1.062,4787
2026-09-26T10:50:17.357022-04:00,"1380 Atlantic Dr NW, Atlanta, GA 30363","265 Park Ave W NW, Atlanta, GA 30313",14.15,13.37,1.059,5127
2026-09-26T10:50:17.963766-04:00,"265 Park Ave W NW, Atlanta, GA 30313","3393 Peachtree Rd NE, Atlanta, GA 30326",16.97,16.62,1.021,13824
2026-09-26T10:50:18.574570-04:00,"3393 Peachtree Rd NE, Atlanta, GA 30326","265 Park Ave W NW, Atlanta, GA 30313",26.12,25.43,1.027,13123
2026-09-26T10:50:19.080412-04:00,"265 Park Ave W NW, Atlanta, GA 30313","225 North Ave NW, Atlanta, GA 30332",7.38,7.35,1.005,2086
2026-09-26T10:50:19.598153-04:00,"225 North Ave NW, Atlanta, GA 30332","265 Park Ave W NW, Atlanta, GA 30313",8.67,8.72,0.994,2067
2026-09-26T10:50:20.160644-04:00,"1380 Atlantic Dr NW, Atlanta, GA 30363","3393 Peachtree Rd NE, Atlanta, GA 30326",17.0,17.78,0.956,10265
2026-09-26T10:50:20.783831-04:00,"3393 Peachtree Rd NE, Atlanta, GA 30326","1380 Atlantic Dr NW, Atlanta, GA 30363",18.0,16.83,1.069,10329
2026-09-26T10:50:21.386694-04:00,"1380 Atlantic Dr NW, Atlanta, GA 30363","225 North Ave NW, Atlanta, GA 30332",9.62,10.47,0.919,2985
2026-09-26T10:50:22.037043-04:00,"225 North Ave NW, Atlanta, GA 30332","1380 Atlantic Dr NW, Atlanta, GA 30363",9.82,9.73,1.009,4532
2026-09-26T10:50:22.643204-04:00,"3393 Peachtree Rd NE, Atlanta, GA 30326","225 North Ave NW, Atlanta, GA 30332",22.73,19.82,1.147,11615
2026-09-26T10:50:23.300597-04:00,"225 North Ave NW, Atlanta, GA 30332","3393 Peachtree Rd NE, Atlanta, GA 30326",16.57,16.7,0.992,13569
2026-09-26T10:50:23.895325-04:00,"4400 Ashford Dunwoody Rd, Dunwoody, GA 30346","3393 Peachtree Rd NE, Atlanta, GA 30326",15.02,14.83,1.012,11803
2026-09-26T10:50:24.621991-04:00,"3393 Peachtree Rd NE, Atlanta, GA 30326","4400 Ashford Dunwoody Rd, Dunwoody, GA 30346",15.43,15.77,0.979,11689
2026-09-26T10:50:25.227749-04:00,"101 E Court Square, Decatur, GA 30030","225 North Ave NW, Atlanta, GA 30332",25.32,25.77,0.983,10404
2026-09-26T10:50:25.828635-04:00,"225 North Ave NW, Atlanta, GA 30332","101 E Court Square, Decatur, GA 30030",22.65,23.47,0.965,10257
2026-09-26T10:50:26.351839-04:00,"205 Lawrence St, Marietta, GA 30060","225 North Ave NW, Atlanta, GA 30332",25.88,26.1,0.992,29167
2026-09-26T10:50:27.037440-04:00,"225 North Ave NW, Atlanta, GA 30332","205 Lawrence St, Marietta, GA 30060",26.1,26.83,0.973,30369
2026-09-26T10:50:27.618899-04:00,"1 Galambos Way, Sandy Springs, GA 30328","3393 Peachtree Rd NE, Atlanta, GA 30326",17.03,16.8,1.014,13507
2026-09-26T10:50:28.220455-04:00,"3393 Peachtree Rd NE, Atlanta, GA 30326","1 Galambos Way, Sandy Springs, GA 30328",18.02,17.03,1.058,12587
2026-09-26T10:50:28.771090-04:00,"5485 Chamblee Dunwoody Rd, Dunwoody, GA 30338","3393 Peachtree Rd NE, Atlanta, GA 30326",15.82,16.02,0.988,13634
2026-09-26T10:50:29.304412-04:00,"3393 Peachtree Rd NE, Atlanta, GA 30326","5485 Chamblee Dunwoody Rd, Dunwoody, GA 30338",17.42,17.13,1.017,13651
2026-09-26T10:50:29.989994-04:00,"6400 Sugarloaf Pkwy, Duluth, GA 30097","225 North Ave NW, Atlanta, GA 30332",34.12,31.93,1.068,40710
2026-09-26T10:50:30.651289-04:00,"225 North Ave NW, Atlanta, GA 30332","6400 Sugarloaf Pkwy, Duluth, GA 30097",33.52,32.07,1.045,42772
2026-09-26T10:50:31.251071-04:00,"210 Luckie St, Lawrenceville, GA 30046","225 North Ave NW, Atlanta, GA 30332",43.52,39.97,1.089,48320
2026-09-26T10:50:31.870016-04:00,"225 North Ave NW, Atlanta, GA 30332","210 Luckie St, Lawrenceville, GA 30046",38.93,38.3,1.017,49380
2026-09-26T10:50:32.437130-04:00,"101 E Court Square, Decatur, GA 30030","265 Park Ave W NW, Atlanta, GA 30313",25.93,25.3,1.025,11294
2026-09-26T10:50:32.985109-04:00,"265 Park Ave W NW, Atlanta, GA 30313","101 E Court Square, Decatur, GA 30030",24.05,22.6,1.064,11974
2026-09-26T10:50:33.522698-04:00,"205 Lawrence St, Marietta, GA 30060","265 Park Ave W NW, Atlanta, GA 30313",29.8,26.02,1.145,30558
2026-09-26T10:50:34.119268-04:00,"265 Park Ave W NW, Atlanta, GA 30313","205 Lawrence St, Marietta, GA 30060",26.6,27.48,0.968,30625
2026-09-26T10:55:34.691559-04:00,"6000 N Terminal Pkwy, Atlanta, GA 30320","265 Park Ave W NW, Atlanta, GA 30313",22.58,17.67,1.278,18823
2026-09-26T10:55:35.298086-04:00,"265 Park Ave W NW, Atlanta, GA 30313","6000 N Terminal Pkwy, Atlanta, GA 30320",21.57,22.95,0.94,19742
2026-09-26T10:55:35.810611-04:00,"6000 N Terminal Pkwy, Atlanta, GA 30320","1380 Atlantic Dr NW, Atlanta, GA 30363",23.25,23.17,1.004,20917
2026-09-26T10:55:36.395822-04:00,"1380 Atlantic Dr NW, Atlanta, GA 30363","6000 N Terminal Pkwy, Atlanta, GA 30320",25.4,25.08,1.013,22840
2026-09-26T10:55:37.024280-04:00,"6000 N Terminal Pkwy, Atlanta, GA 30320","3393 Peachtree Rd NE, Atlanta, GA 30326",30.17,25.32,1.192,29954
2026-09-26T10:55:37.655579-04:00,"3393 Peachtree Rd NE, Atlanta, GA 30326","6000 N Terminal Pkwy, Atlanta, GA 30320",37.55,32.25,1.164,31173
2026-09-26T10:55:38.275787-04:00,"6000 N Terminal Pkwy, Atlanta, GA 30320","225 North Ave NW, Atlanta, GA 30332",24.23,19.63,1.234,18926
2026-09-26T10:55:38.846217-04:00,"225 North Ave NW, Atlanta, GA 30332","6000 N Terminal Pkwy, Atlanta, GA 30320",22.95,22.77,1.008,21070
2026-09-26T10:55:39.409516-04:00,"265 Park Ave W NW, Atlanta, GA 30313","1380 Atlantic Dr NW, Atlanta, GA 30363",10.25,9.65,1.062,4787
2026-09-26T10:55:40.020229-04:00,"1380 Atlantic Dr NW, Atlanta, GA 30363","265 Park Ave W NW, Atlanta, GA 30313",13.88,13.37,1.039,5127
2026-09-26T10:55:40.624254-04:00,"265 Park Ave W NW, Atlanta, GA 30313","3393 Peachtree Rd NE, Atlanta, GA 30326",17.03,16.62,1.025,13824
2026-09-26T10:55:41.259417-04:00,"3393 Peachtree Rd NE, Atlanta, GA 30326","265 Park Ave W NW, Atlanta, GA 30313",25.77,19.68,1.309,12990
2026-09-26T10:55:41.928428-04:00,"265 Park Ave W NW, Atlanta, GA 30313","225 North Ave NW, Atlanta, GA 30332",7.48,7.35,1.018,2086
2026-09-26T10:55:42.508711-04:00,"225 North Ave NW, Atlanta, GA 30332","265 Park Ave W NW, Atlanta, GA 30313",8.75,8.72,1.004,2067
2026-09-26T10:55:43.097101-04:00,"1380 Atlantic Dr NW, Atlanta, GA 30363","3393 Peachtree Rd NE, Atlanta, GA 30326",16.92,17.63,0.959,10266
2026-09-26T10:55:43.657030-04:00,"3393 Peachtree Rd NE, Atlanta, GA 30326","1380 Atlantic Dr NW, Atlanta, GA 30363",17.77,15.38,1.155,9873
2026-09-26T10:55:44.212739-04:00,"1380 Atlantic Dr NW, Atlanta, GA 30363","225 North Ave NW, Atlanta, GA 30332",9.23,10.8,0.855,3264
2026-09-26T10:55:44.824877-04:00,"225 North Ave NW, Atlanta, GA 30332","1380 Atlantic Dr NW, Atlanta, GA 30363",10.45,9.97,1.048,4547
2026-09-26T10:55:45.474599-04:00,"3393 Peachtree Rd NE, Atlanta, GA 30326","225 North Ave NW, Atlanta, GA 30332",21.73,19.82,1.097,11615
2026-09-26T10:55:46.074717-04:00,"225 North Ave NW, Atlanta, GA 30332","3393 Peachtree Rd NE, Atlanta, GA 30326",16.55,16.7,0.991,13569
2026-09-26T10:55:46.771035-04:00,"4400 Ashford Dunwoody Rd, Dunwoody, GA 30346","3393 Peachtree Rd NE, Atlanta, GA 30326",15.03,14.83,1.013,11803
2026-09-26T10:55:47.410509-04:00,"3393 Peachtree Rd NE, Atlanta, GA 30326","4400 Ashford Dunwoody Rd, Dunwoody, GA 30346",15.8,15.77,1.002,11689
2026-09-26T10:55:48.112216-04:00,"101 E Court Square, Decatur, GA 30030","225 North Ave NW, Atlanta, GA 30332",25.08,25.77,0.973,10404
2026-09-26T10:55:48.723901-04:00,"225 North Ave NW, Atlanta, GA 30332","101 E Court Square, Decatur, GA 30030",23.02,23.47,0.981,10257
2026-09-26T10:55:49.416980-04:00,"205 Lawrence St, Marietta, GA 30060","225 North Ave NW, Atlanta, GA 30332",25.95,26.1,0.994,29167
2026-09-26T10:55:50.036540-04:00,"225 North Ave NW, Atlanta, GA 30332","205 Lawrence St, Marietta, GA 30060",26.65,27.07,0.985,30385
2026-09-26T10:55:50.661193-04:00,"1 Galambos Way, Sandy Springs, GA 30328","3393 Peachtree Rd NE, Atlanta, GA 30326",17.47,16.8,1.04,13507
2026-09-26T10:55:51.260657-04:00,"3393 Peachtree Rd NE, Atlanta, GA 30326","1 Galambos Way, Sandy Springs, GA 30328",18.37,18.83,0.975,13941
2026-09-26T10:55:51.873856-04:00,"5485 Chamblee Dunwoody Rd, Dunwoody, GA 30338","3393 Peachtree Rd NE, Atlanta, GA 30326",15.92,16.02,0.994,13634
2026-09-26T10:55:52.500536-04:00,"3393 Peachtree Rd NE, Atlanta, GA 30326","5485 Chamblee Dunwoody Rd, Dunwoody, GA 30338",17.58,17.13,1.026,13651
2026-09-26T10:55:53.102466-04:00,"6400 Sugarloaf Pkwy, Duluth, GA 30097","225 North Ave NW, Atlanta, GA 30332",34.22,31.93,1.072,40710
2026-09-26T10:55:53.748662-04:00,"225 North Ave NW, Atlanta, GA 30332","6400 Sugarloaf Pkwy, Duluth, GA 30097",32.72,32.07,1.02,42772
2026-09-26T10:55:54.431326-04:00,"210 Luckie St, Lawrenceville, GA 30046","225 North Ave NW, Atlanta, GA 30332",43.47,39.97,1.088,48320
2026-09-26T10:55:55.114692-04:00,"225 North Ave NW, Atlanta, GA 30332","210 Luckie St, Lawrenceville, GA 30046",38.28,38.3,1.0,49380
2026-09-26T10:55:55.728599-04:00,"101 E Court Square, Decatur, GA 30030","265 Park Ave W NW, Atlanta, GA 30313",24.72,24.82,0.996,12195
2026-09-26T10:55:56.366505-04:00,"265 Park Ave W NW, Atlanta, GA 30313","101 E Court Square, Decatur, GA 30030",23.5,24.2,0.971,11439
2026-09-26T10:55:57.034420-04:00,"205 Lawrence St, Marietta, GA 30060","265 Park Ave W NW, Atlanta, GA 30313",29.85,26.02,1.147,30558
2026-09-26T10:55:57.688217-04:00,"265 Park Ave W NW, Atlanta, GA 30313","205 Lawrence St, Marietta, GA 30060",26.47,26.75,0.989,30625
2026-09-26T11:00:58.236734-04:00,"6000 N Terminal Pkwy, Atlanta, GA 30320","265 Park Ave W NW, Atlanta, GA 30313",22.07,22.08,0.999,18822
2026-09-26T11:00:58.812812-04:00,"265 Park Ave W NW, Atlanta, GA 30313","6000 N Terminal Pkwy, Atlanta, GA 30320",21.97,22.95,0.957,19742
2026-09-26T11:00:59.433416-04:00,"6000 N Terminal Pkwy, Atlanta, GA 30320","1380 Atlantic Dr NW, Atlanta, GA 30363",22.88,18.35,1.247,20917
2026-09-26T11:00:59.999029-04:00,"1380 Atlantic Dr NW, Atlanta, GA 30363","6000 N Terminal Pkwy, Atlanta, GA 30320",25.47,25.08,1.015,22840
2026-09-26T11:01:00.597722-04:00,"6000 N Terminal Pkwy, Atlanta, GA 30320","3393 Peachtree Rd NE, Atlanta, GA 30326",30.12,25.32,1.19,29954
2026-09-26T11:01:01.116061-04:00,"3393 Peachtree Rd NE, Atlanta, GA 30326","6000 N Terminal Pkwy, Atlanta, GA 30320",38.95,32.25,1.208,31173
2026-09-26T11:01:01.709536-04:00,"6000 N Terminal Pkwy, Atlanta, GA 30320","225 North Ave NW, Atlanta, GA 30332",23.98,19.63,1.222,18926
2026-09-26T11:01:02.237718-04:00,"225 North Ave NW, Atlanta, GA 30332","6000 N Terminal Pkwy, Atlanta, GA 30320",24.7,22.77,1.085,21070
2026-09-26T11:01:02.769108-04:00,"265 Park Ave W NW, Atlanta, GA 30313","1380 Atlantic Dr NW, Atlanta, GA 30363",10.5,9.65,1.088,4787
2026-09-26T11:01:03.315520-04:00,"1380 Atlantic Dr NW, Atlanta, GA 30363","265 Park Ave W NW, Atlanta, GA 30313",13.67,13.37,1.022,5127
2026-09-26T11:01:03.871359-04:00,"265 Park Ave W NW, Atlanta, GA 30313","3393 Peachtree Rd NE, Atlanta, GA 30326",17.6,16.62,1.059,13824
2026-09-26T11:01:04.392424-04:00,"3393 Peachtree Rd NE, Atlanta, GA 30326","265 Park Ave W NW, Atlanta, GA 30313",25.65,25.43,1.009,13123
2026-09-26T11:01:04.902301-04:00,"265 Park Ave W NW, Atlanta, GA 30313","225 North Ave NW, Atlanta, GA 30332",7.62,7.35,1.036,2086
2026-09-26T11:01:05.397982-04:00,"225 North Ave NW, Atlanta, GA 30332","265 Park Ave W NW, Atlanta, GA 30313",8.45,8.72,0.969,2067
2026-09-26T11:01:05.932384-04:00,"1380 Atlantic Dr NW, Atlanta, GA 30363","3393 Peachtree Rd NE, Atlanta, GA 30326",17.35,17.63,0.984,10266
2026-09-26T11:01:06.484056-04:00,"3393 Peachtree Rd NE, Atlanta, GA 30326","1380 Atlantic Dr NW, Atlanta, GA 30363",17.67,16.83,1.05,10329
2026-09-26T11:01:06.981602-04:00,"1380 Atlantic Dr NW, Atlanta, GA 30363","225 North Ave NW, Atlanta, GA 30332",9.15,10.8,0.847,3264
2026-09-26T11:01:07.481551-04:00,"225 North Ave NW, Atlanta, GA 30332","1380 Atlantic Dr NW, Atlanta, GA 30363",10.18,10.6,0.961,4547
2026-09-26T11:01:08.001162-04:00,"3393 Peachtree Rd NE, Atlanta, GA 30326","225 North Ave NW, Atlanta, GA 30332",22.57,19.82,1.139,11615
2026-09-26T11:01:08.556564-04:00,"225 North Ave NW, Atlanta, GA 30332","3393 Peachtree Rd NE, Atlanta, GA 30326",17.25,16.93,1.019,13584
2026-09-26T11:01:09.127157-04:00,"4400 Ashford Dunwoody Rd, Dunwoody, GA 30346","3393 Peachtree Rd NE, Atlanta, GA 30326",15.18,14.83,1.024,11803
2026-09-26T11:01:09.930773-04:00,"3393 Peachtree Rd NE, Atlanta, GA 30326","4400 Ashford Dunwoody Rd, Dunwoody, GA 30346",15.85,15.77,1.005,11689
2026-09-26T11:01:10.571989-04:00,"101 E Court Square, Decatur, GA 30030","225 North Ave NW, Atlanta, GA 30332",24.95,25.77,0.968,10404
2026-09-26T11:01:11.185036-04:00,"225 North Ave NW, Atlanta, GA 30332","101 E Court Square, Decatur, GA 30030",22.87,23.47,0.974,10257
2026-09-26T11:01:11.917145-04:00,"205 Lawrence St, Marietta, GA 30060","225 North Ave NW, Atlanta, GA 30332",25.87,26.1,0.991,29167
2026-09-26T11:01:12.448621-04:00,"225 North Ave NW, Atlanta, GA 30332","205 Lawrence St, Marietta, GA 30060",26.52,27.07,0.98,30385
2026-09-26T11:01:12.947385-04:00,"1 Galambos Way, Sandy Springs, GA 30328","3393 Peachtree Rd NE, Atlanta, GA 30326",17.4,16.8,1.036,13507
2026-09-26T11:01:13.481533-04:00,"3393 Peachtree Rd NE, Atlanta, GA 30326","1 Galambos Way, Sandy Springs, GA 30328",18.23,18.83,0.968,13941
2026-09-26T11:01:14.065618-04:00,"5485 Chamblee Dunwoody Rd, Dunwoody, GA 30338","3393 Peachtree Rd NE, Atlanta, GA 30326",15.92,16.02,0.994,13634
2026-09-26T11:01:14.713119-04:00,"3393 Peachtree Rd NE, Atlanta, GA 30326","5485 Chamblee Dunwoody Rd, Dunwoody, GA 30338",17.62,17.13,1.028,13651
2026-09-26T11:01:15.350330-04:00,"6400 Sugarloaf Pkwy, Duluth, GA 30097","225 North Ave NW, Atlanta, GA 30332",34.63,31.93,1.085,40710
2026-09-26T11:01:15.903027-04:00,"225 North Ave NW, Atlanta, GA 30332","6400 Sugarloaf Pkwy, Duluth, GA 30097",34.4,34.7,0.991,42787
2026-09-26T11:01:16.786112-04:00,"210 Luckie St, Lawrenceville, GA 30046","225 North Ave NW, Atlanta, GA 30332",43.73,39.97,1.094,48320
2026-09-26T11:01:17.382550-04:00,"225 North Ave NW, Atlanta, GA 30332","210 Luckie St, Lawrenceville, GA 30046",39.53,38.3,1.032,49380
2026-09-26T11:01:17.949920-04:00,"101 E Court Square, Decatur, GA 30030","265 Park Ave W NW, Atlanta, GA 30313",24.77,24.82,0.998,12195
2026-09-26T11:01:18.515175-04:00,"265 Park Ave W NW, Atlanta, GA 30313","101 E Court Square, Decatur, GA 30030",23.52,24.2,0.972,11439
2026-09-26T11:01:19.081142-04:00,"205 Lawrence St, Marietta, GA 30060","265 Park Ave W NW, Atlanta, GA 30313",29.53,26.02,1.135,30558
2026-09-26T11:01:19.626007-04:00,"265 Park Ave W NW, Atlanta, GA 30313","205 Lawrence St, Marietta, GA 30060",26.85,26.75,1.004,30625
2026-09-26T11:06:20.283090-04:00,"6000 N Terminal Pkwy, Atlanta, GA 30320","265 Park Ave W NW, Atlanta, GA 30313",21.53,17.67,1.219,18823
2026-09-26T11:06:20.831673-04:00,"265 Park Ave W NW, Atlanta, GA 30313","6000 N Terminal Pkwy, Atlanta, GA 30320",21.57,22.95,0.94,19742
2026-09-26T11:06:21.329201-04:00,"6000 N Terminal Pkwy, Atlanta, GA 30320","1380 Atlantic Dr NW, Atlanta, GA 30363",22.43,18.35,1.223,20917
2026-09-26T11:06:21.873333-04:00,"1380 Atlantic Dr NW, Atlanta, GA 30363","6000 N Terminal Pkwy, Atlanta, GA 30320",25.45,25.08,1.015,22840
2026-09-26T11:06:22.405114-04:00,"6000 N Terminal Pkwy, Atlanta, GA 30320","3393 Peachtree Rd NE, Atlanta, GA 30326",29.45,25.32,1.163,29954
2026-09-26T11:06:22.995646-04:00,"3393 Peachtree Rd NE, Atlanta, GA 30326","6000 N Terminal Pkwy, Atlanta, GA 30320",38.28,32.25,1.187,31173
2026-09-26T11:06:23.556460-04:00,"6000 N Terminal Pkwy, Atlanta, GA 30320","225 North Ave NW, Atlanta, GA 30332",23.62,19.63,1.203,18926
2026-09-26T11:06:24.124706-04:00,"225 North Ave NW, Atlanta, GA 30332","6000 N Terminal Pkwy, Atlanta, GA 30320",24.77,23.95,1.034,21079
2026-09-26T11:06:24.696160-04:00,"265 Park Ave W NW, Atlanta, GA 30313","1380 Atlantic Dr NW, Atlanta, GA 30363",10.32,9.65,1.069,4787
2026-09-26T11:06:25.272881-04:00,"1380 Atlantic Dr NW, Atlanta, GA 30363","265 Park Ave W NW, Atlanta, GA 30313",13.7,13.37,1.025,5127
2026-09-26T11:06:25.835355-04:00,"265 Park Ave W NW, Atlanta, GA 30313","3393 Peachtree Rd NE, Atlanta, GA 30326",17.08,16.62,1.028,13824
2026-09-26T11:06:26.490632-04:00,"3393 Peachtree Rd NE, Atlanta, GA 30326","265 Park Ave W NW, Atlanta, GA 30313",26.15,25.43,1.028,13123
2026-09-26T11:06:27.007875-04:00,"265 Park Ave W NW, Atlanta, GA 30313","225 North Ave NW, Atlanta, GA 30332",8.13,7.35,1.107,2086
2026-09-26T11:06:27.560314-04:00,"225 North Ave NW, Atlanta, GA 30332","265 Park Ave W NW, Atlanta, GA 30313",8.62,8.42,1.024,2214
2026-09-26T11:06:28.125176-04:00,"1380 Atlantic Dr NW, Atlanta, GA 30363","3393 Peachtree Rd NE, Atlanta, GA 30326",17.38,17.63,0.986,10266
2026-09-26T11:06:28.691469-04:00,"3393 Peachtree Rd NE, Atlanta, GA 30326","1380 Atlantic Dr NW, Atlanta, GA 30363",17.83,16.83,1.059,10329
2026-09-26T11:06:29.260565-04:00,"1380 Atlantic Dr NW, Atlanta, GA 30363","225 North Ave NW, Atlanta, GA 30332",9.22,10.8,0.853,3264
2026-09-26T11:06:29.809701-04:00,"225 North Ave NW, Atlanta, GA 30332","1380 Atlantic Dr NW, Atlanta, GA 30363",10.2,9.97,1.023,4547
2026-09-26T11:06:30.421217-04:00,"3393 Peachtree Rd NE, Atlanta, GA 30326","225 North Ave NW, Atlanta, GA 30332",23.03,22.28,1.034,12041
2026-09-26T11:06:30.939824-04:00,"225 North Ave NW, Atlanta, GA 30332","3393 Peachtree Rd NE, Atlanta, GA 30326",16.95,16.93,1.001,13584
2026-09-26T11:06:31.453589-04:00,"4400 Ashford Dunwoody Rd, Dunwoody, GA 30346","3393 Peachtree Rd NE, Atlanta, GA 30326",15.07,14.83,1.016,11803
2026-09-26T11:06:31.971649-04:00,"3393 Peachtree Rd NE, Atlanta, GA 30326","4400 Ashford Dunwoody Rd, Dunwoody, GA 30346",15.77,15.77,1.0,11689
2026-09-26T11:06:32.505054-04:00,"101 E Court Square, Decatur, GA 30030","225 North Ave NW, Atlanta, GA 30332",25.32,25.77,0.983,10404
2026-09-26T11:06:33.041058-04:00,"225 North Ave NW, Atlanta, GA 30332","101 E Court Square, Decatur, GA 30030",23.42,23.7,0.988,10272
2026-09-26T11:06:33.556920-04:00,"205 Lawrence St, Marietta, GA 30060","225 North Ave NW, Atlanta, GA 30332",25.8,26.1,0.989,29167
2026-09-26T11:06:34.055570-04:00,"225 North Ave NW, Atlanta, GA 30332","205 Lawrence St, Marietta, GA 30060",26.27,27.07,0.97,30385
2026-09-26T11:06:34.658361-04:00,"1 Galambos Way, Sandy Springs, GA 30328","3393 Peachtree Rd NE, Atlanta, GA 30326",18.07,16.8,1.075,13507
2026-09-26T11:06:35.188358-04:00,"3393 Peachtree Rd NE, Atlanta, GA 30326","1 Galambos Way, Sandy Springs, GA 30328",18.38,18.83,0.976,13941
2026-09-26T11:06:35.716816-04:00,"5485 Chamblee Dunwoody Rd, Dunwoody, GA 30338","3393 Peachtree Rd NE, Atlanta, GA 30326",16.05,16.02,1.002,13634
2026-09-26T11:06:36.265011-04:00,"3393 Peachtree Rd NE, Atlanta, GA 30326","5485 Chamblee Dunwoody Rd, Dunwoody, GA 30338",17.73,17.13,1.035,13651
2026-09-26T11:06:36.847950-04:00,"6400 Sugarloaf Pkwy, Duluth, GA 30097","225 North Ave NW, Atlanta, GA 30332",35.08,31.93,1.099,40710
2026-09-26T11:06:37.371608-04:00,"225 North Ave NW, Atlanta, GA 30332","6400 Sugarloaf Pkwy, Duluth, GA 30097",34.3,32.3,1.062,42778
2026-09-26T11:06:37.936161-04:00,"210 Luckie St, Lawrenceville, GA 30046","225 North Ave NW, Atlanta, GA 30332",44.88,39.97,1.123,48320
2026-09-26T11:06:38.514396-04:00,"225 North Ave NW, Atlanta, GA 30332","210 Luckie St, Lawrenceville, GA 30046",40.38,38.73,1.043,49390
2026-09-26T11:06:39.132482-04:00,"101 E Court Square, Decatur, GA 30030","265 Park Ave W NW, Atlanta, GA 30313",26.25,25.3,1.038,11294
2026-09-26T11:06:39.735809-04:00,"265 Park Ave W NW, Atlanta, GA 30313","101 E Court Square, Decatur, GA 30030",23.17,24.2,0.957,11439
2026-09-26T11:06:40.296888-04:00,"205 Lawrence St, Marietta, GA 30060","265 Park Ave W NW, Atlanta, GA 30313",29.83,26.02,1.147,30558
2026-09-26T11:06:40.866087-04:00,"265 Park Ave W NW, Atlanta, GA 30313","205 Lawrence St, Marietta, GA 30060",26.53,27.3,0.972,30625
2026-09-26T11:11:41.648011-04:00,"6000 N Terminal Pkwy, Atlanta, GA 30320","265 Park Ave W NW, Atlanta, GA 30313",22.12,17.67,1.252,18823
2026-09-26T11:11:42.212668-04:00,"265 Park Ave W NW, Atlanta, GA 30313","6000 N Terminal Pkwy, Atlanta, GA 30320",21.45,22.95,0.935,19742
2026-09-26T11:11:42.782119-04:00,"6000 N Terminal Pkwy, Atlanta, GA 30320","1380 Atlantic Dr NW, Atlanta, GA 30363",23.08,18.35,1.258,20917
2026-09-26T11:11:43.370240-04:00,"1380 Atlantic Dr NW, Atlanta, GA 30363","6000 N Terminal Pkwy, Atlanta, GA 30320",25.73,24.75,1.04,22561
2026-09-26T11:11:43.912150-04:00,"6000 N Terminal Pkwy, Atlanta, GA 30320","3393 Peachtree Rd NE, Atlanta, GA 30326",30.12,25.32,1.19,29954
2026-09-26T11:11:44.530950-04:00,"3393 Peachtree Rd NE, Atlanta, GA 30326","6000 N Terminal Pkwy, Atlanta, GA 30320",38.78,30.67,1.265,32013
2026-09-26T11:11:45.056181-04:00,"6000 N Terminal Pkwy, Atlanta, GA 30320","225 North Ave NW, Atlanta, GA 30332",24.08,19.63,1.227,18926
2026-09-26T11:11:45.579083-04:00,"225 North Ave NW, Atlanta, GA 30332","6000 N Terminal Pkwy, Atlanta, GA 30320",25.13,23.0,1.093,21085
2026-09-26T11:11:46.136494-04:00,"265 Park Ave W NW, Atlanta, GA 30313","1380 Atlantic Dr NW, Atlanta, GA 30363",10.57,9.65,1.095,4787
2026-09-26T11:11:46.645346-04:00,"1380 Atlantic Dr NW, Atlanta, GA 30363","265 Park Ave W NW, Atlanta, GA 30313",13.88,14.83,0.936,5127
2026-09-26T11:11:47.196507-04:00,"265 Park Ave W NW, Atlanta, GA 30313","3393 Peachtree Rd NE, Atlanta, GA 30326",17.32,16.62,1.042,13824
2026-09-26T11:11:47.737297-04:00,"3393 Peachtree Rd NE, Atlanta, GA 30326","265 Park Ave W NW, Atlanta, GA 30313",26.42,27.02,0.978,13123
2026-09-26T11:11:48.318378-04:00,"265 Park Ave W NW, Atlanta, GA 30313","225 North Ave NW, Atlanta, GA 30332",7.83,7.35,1.066,2086
2026-09-26T11:11:48.895614-04:00,"225 North Ave NW, Atlanta, GA 30332","265 Park Ave W NW, Atlanta, GA 30313",8.6,8.72,0.987,2067
2026-09-26T11:11:49.388379-04:00,"1380 Atlantic Dr NW, Atlanta, GA 30363","3393 Peachtree Rd NE, Atlanta, GA 30326",17.0,17.63,0.964,10266
2026-09-26T11:11:49.884721-04:00,"3393 Peachtree Rd NE, Atlanta, GA 30326","1380 Atlantic Dr NW, Atlanta, GA 30363",17.93,16.83,1.065,10329
2026-09-26T11:11:50.411143-04:00,"1380 Atlantic Dr NW, Atlanta, GA 30363","225 North Ave NW, Atlanta, GA 30332",9.68,10.47,0.925,2985
2026-09-26T11:11:50.961709-04:00,"225 North Ave NW, Atlanta, GA 30332","1380 Atlantic Dr NW, Atlanta, GA 30363",10.48,9.97,1.052,4547
2026-09-26T11:11:51.502393-04:00,"3393 Peachtree Rd NE, Atlanta, GA 30326","225 North Ave NW, Atlanta, GA 30332",22.83,19.82,1.152,11615
2026-09-26T11:11:52.034496-04:00,"225 North Ave NW, Atlanta, GA 30332","3393 Peachtree Rd NE, Atlanta, GA 30326",17.27,16.93,1.02,13584
2026-09-26T11:11:52.545113-04:00,"4400 Ashford Dunwoody Rd, Dunwoody, GA 30346","3393 Peachtree Rd NE, Atlanta, GA 30326",15.27,15.4,0.991,11873
2026-09-26T11:11:53.092263-04:00,"3393 Peachtree Rd NE, Atlanta, GA 30326","4400 Ashford Dunwoody Rd, Dunwoody, GA 30346",15.88,15.77,1.007,11689
2026-09-26T11:11:53.647740-04:00,"101 E Court Square, Decatur, GA 30030","225 North Ave NW, Atlanta, GA 30332",25.32,25.1,1.009,10208
2026-09-26T11:11:54.210609-04:00,"225 North Ave NW, Atlanta, GA 30332","101 E Court Square, Decatur, GA 30030",23.73,23.7,1.001,10272
2026-09-26T11:11:54.811597-04:00,"205 Lawrence St, Marietta, GA 30060","225 North Ave NW, Atlanta, GA 30332",26.67,26.1,1.022,29167
2026-09-26T11:11:55.378177-04:00,"225 North Ave NW, Atlanta, GA 30332","205 Lawrence St, Marietta, GA 30060",26.75,27.07,0.988,30385
2026-09-26T11:11:55.885009-04:00,"1 Galambos Way, Sandy Springs, GA 30328","3393 Peachtree Rd NE, Atlanta, GA 30326",18.1,16.8,1.077,13507
2026-09-26T11:11:56.418746-04:00,"3393 Peachtree Rd NE, Atlanta, GA 30326","1 Galambos Way, Sandy Springs, GA 30328",18.38,18.83,0.976,13941
2026-09-26T11:11:56.956500-04:00,"5485 Chamblee Dunwoody Rd, Dunwoody, GA 30338","3393 Peachtree Rd NE, Atlanta, GA 30326",16.15,16.02,1.008,13634
2026-09-26T11:11:57.464740-04:00,"3393 Peachtree Rd NE, Atlanta, GA 30326","5485 Chamblee Dunwoody Rd, Dunwoody, GA 30338",17.92,17.13,1.046,13651
2026-09-26T11:11:58.049334-04:00,"6400 Sugarloaf Pkwy, Duluth, GA 30097","225 North Ave NW, Atlanta, GA 30332",34.75,31.93,1.088,40710
2026-09-26T11:11:58.531145-04:00,"225 North Ave NW, Atlanta, GA 30332","6400 Sugarloaf Pkwy, Duluth, GA 30097",34.52,32.3,1.069,42778
2026-09-26T11:11:59.128478-04:00,"210 Luckie St, Lawrenceville, GA 30046","225 North Ave NW, Atlanta, GA 30332",43.98,39.97,1.101,48320
2026-09-26T11:11:59.695536-04:00,"225 North Ave NW, Atlanta, GA 30332","210 Luckie St, Lawrenceville, GA 30046",41.72,38.73,1.077,49390
2026-09-26T11:12:00.228575-04:00,"101 E Court Square, Decatur, GA 30030","265 Park Ave W NW, Atlanta, GA 30313",25.77,25.3,1.018,11294
2026-09-26T11:12:00.821939-04:00,"265 Park Ave W NW, Atlanta, GA 30313","101 E Court Square, Decatur, GA 30030",23.23,24.2,0.96,11439
2026-09-26T11:12:01.344882-04:00,"205 Lawrence St, Marietta, GA 30060","265 Park Ave W NW, Atlanta, GA 30313",31.25,26.02,1.201,30558
2026-09-26T11:12:01.895352-04:00,"265 Park Ave W NW, Atlanta, GA 30313","205 Lawrence St, Marietta, GA 30060",27.0,26.75,1.009,30625
2026-09-26T11:17:02.456933-04:00,"6000 N Terminal Pkwy, Atlanta, GA 30320","265 Park Ave W NW, Atlanta, GA 30313",21.87,17.67,1.238,18823
2026-09-26T11:17:02.947317-04:00,"265 Park Ave W NW, Atlanta, GA 30313","6000 N Terminal Pkwy, Atlanta, GA 30320",21.72,22.95,0.946,19742
2026-09-26T11:17:03.590420-04:00,"6000 N Terminal Pkwy, Atlanta, GA 30320","1380 Atlantic Dr NW, Atlanta, GA 30363",22.58,22.77,0.992,20917
2026-09-26T11:17:04.141720-04:00,"1380 Atlantic Dr NW, Atlanta, GA 30363","6000 N Terminal Pkwy, Atlanta, GA 30320",26.3,25.08,1.049,22840
2026-09-26T11:17:04.747467-04:00,"6000 N Terminal Pkwy, Atlanta, GA 30320","3393 Peachtree Rd NE, Atlanta, GA 30326",30.08,25.32,1.188,29954
2026-09-26T11:17:05.304939-04:00,"3393 Peachtree Rd NE, Atlanta, GA 30326","6000 N Terminal Pkwy, Atlanta, GA 30320",38.15,32.25,1.183,31173
2026-09-26T11:17:05.881728-04:00,"6000 N Terminal Pkwy, Atlanta, GA 30320","225 North Ave NW, Atlanta, GA 30332",23.67,19.63,1.205,18926
2026-09-26T11:17:06.440264-04:00,"225 North Ave NW, Atlanta, GA 30332","6000 N Terminal Pkwy, Atlanta, GA 30320",23.78,23.0,1.034,21085
2026-09-26T11:17:06.937489-04:00,"265 Park Ave W NW, Atlanta, GA 30313","1380 Atlantic Dr NW, Atlanta, GA 30363",11.32,9.65,1.173,4787
2026-09-26T11:17:07.469826-04:00,"1380 Atlantic Dr NW, Atlanta, GA 30363","265 Park Ave W NW, Atlanta, GA 30313",13.68,14.7,0.931,5127
2026-09-26T11:17:08.006519-04:00,"265 Park Ave W NW, Atlanta, GA 30313","3393 Peachtree Rd NE, Atlanta, GA 30326",18.4,16.62,1.107,13824
2026-09-26T11:17:08.537474-04:00,"3393 Peachtree Rd NE, Atlanta, GA 30326","265 Park Ave W NW, Atlanta, GA 30313",26.13,19.68,1.328,12990
2026-09-26T11:17:09.053793-04:00,"265 Park Ave W NW, Atlanta, GA 30313","225 North Ave NW, Atlanta, GA 30332",8.38,7.35,1.141,2086
2026-09-26T11:17:09.565088-04:00,"225 North Ave NW, Atlanta, GA 30332","265 Park Ave W NW, Atlanta, GA 30313",8.78,8.72,1.008,2067
2026-09-26T11:17:10.053585-04:00,"1380 Atlantic Dr NW, Atlanta, GA 30363","3393 Peachtree Rd NE, Atlanta, GA 30326",17.0,17.63,0.964,10266
2026-09-26T11:17:10.573193-04:00,"3393 Peachtree Rd NE, Atlanta, GA 30326","1380 Atlantic Dr NW, Atlanta, GA 30363",17.33,15.38,1.127,9873
2026-09-26T11:17:11.086510-04:00,"1380 Atlantic Dr NW, Atlanta, GA 30363","225 North Ave NW, Atlanta, GA 30332",9.33,10.8,0.864,3264
2026-09-26T11:17:11.660055-04:00,"225 North Ave NW, Atlanta, GA 30332","1380 Atlantic Dr NW, Atlanta, GA 30363",10.22,9.97,1.025,4547
2026-09-26T11:17:12.238779-04:00,"3393 Peachtree Rd NE, Atlanta, GA 30326","225 North Ave NW, Atlanta, GA 30332",21.37,19.82,1.078,11615
2026-09-26T11:17:12.770935-04:00,"225 North Ave NW, Atlanta, GA 30332","3393 Peachtree Rd NE, Atlanta, GA 30326",17.27,16.93,1.02,13584
2026-09-26T11:17:13.370586-04:00,"4400 Ashford Dunwoody Rd, Dunwoody, GA 30346","3393 Peachtree Rd NE, Atlanta, GA 30326",15.45,14.83,1.042,11803
2026-09-26T11:17:13.953891-04:00,"3393 Peachtree Rd NE, Atlanta, GA 30326","4400 Ashford Dunwoody Rd, Dunwoody, GA 30346",15.92,15.77,1.01,11689
2026-09-26T11:17:14.720211-04:00,"101 E Court Square, Decatur, GA 30030","225 North Ave NW, Atlanta, GA 30332",25.63,26.6,0.964,10208
2026-09-26T11:17:15.285843-04:00,"225 North Ave NW, Atlanta, GA 30332","101 E Court Square, Decatur, GA 30030",23.83,23.7,1.006,10272
2026-09-26T11:17:15.933060-04:00,"205 Lawrence St, Marietta, GA 30060","225 North Ave NW, Atlanta, GA 30332",27.03,26.1,1.036,29167
2026-09-26T11:17:16.503216-04:00,"225 North Ave NW, Atlanta, GA 30332","205 Lawrence St, Marietta, GA 30060",26.47,27.07,0.978,30385
2026-09-26T11:17:17.068462-04:00,"1 Galambos Way, Sandy Springs, GA 30328","3393 Peachtree Rd NE, Atlanta, GA 30326",17.52,16.8,1.043,13507
2026-09-26T11:17:17.612070-04:00,"3393 Peachtree Rd NE, Atlanta, GA 30326","1 Galambos Way, Sandy Springs, GA 30328",18.33,18.83,0.973,13941
2026-09-26T11:17:18.203759-04:00,"5485 Chamblee Dunwoody Rd, Dunwoody, GA 30338","3393 Peachtree Rd NE, Atlanta, GA 30326",16.43,16.02,1.026,13634
2026-09-26T11:17:18.754327-04:00,"3393 Peachtree Rd NE, Atlanta, GA 30326","5485 Chamblee Dunwoody Rd, Dunwoody, GA 30338",17.9,17.13,1.045,13651
2026-09-26T11:17:19.369896-04:00,"6400 Sugarloaf Pkwy, Duluth, GA 30097","225 North Ave NW, Atlanta, GA 30332",33.75,32.48,1.039,40756
2026-09-26T11:17:19.953588-04:00,"225 North Ave NW, Atlanta, GA 30332","6400 Sugarloaf Pkwy, Duluth, GA 30097",34.0,32.3,1.053,42778
2026-09-26T11:17:20.603675-04:00,"210 Luckie St, Lawrenceville, GA 30046","225 North Ave NW, Atlanta, GA 30332",42.87,40.52,1.058,48366
2026-09-26T11:17:21.278418-04:00,"225 North Ave NW, Atlanta, GA 30332","210 Luckie St, Lawrenceville, GA 30046",41.6,38.53,1.08,49395
2026-09-26T11:17:21.863599-04:00,"101 E Court Square, Decatur, GA 30030","265 Park Ave W NW, Atlanta, GA 30313",25.1,25.3,0.992,11294
2026-09-26T11:17:22.387231-04:00,"265 Park Ave W NW, Atlanta, GA 30313","101 E Court Square, Decatur, GA 30030",23.75,24.13,0.984,11227
2026-09-26T11:17:22.953697-04:00,"205 Lawrence St, Marietta, GA 30060","265 Park Ave W NW, Atlanta, GA 30313",31.5,26.02,1.211,30558
2026-09-26T11:17:23.482772-04:00,"265 Park Ave W NW, Atlanta, GA 30313","205 Lawrence St, Marietta, GA 30060",27.62,26.75,1.032,30625
2026-09-26T11:22:24.162669-04:00,"6000 N Terminal Pkwy, Atlanta, GA 30320","265 Park Ave W NW, Atlanta, GA 30313",22.7,19.2,1.182,16477
2026-09-26T11:22:24.753321-04:00,"265 Park Ave W NW, Atlanta, GA 30313","6000 N Terminal Pkwy, Atlanta, GA 30320",22.17,21.38,1.037,20362
2026-09-26T11:22:25.320174-04:00,"6000 N Terminal Pkwy, Atlanta, GA 30320","1380 Atlantic Dr NW, Atlanta, GA 30363",23.43,18.35,1.277,20917
2026-09-26T11:22:25.994868-04:00,"1380 Atlantic Dr NW, Atlanta, GA 30363","6000 N Terminal Pkwy, Atlanta, GA 30320",26.12,24.75,1.055,22561
2026-09-26T11:22:26.690095-04:00,"6000 N Terminal Pkwy, Atlanta, GA 30320","3393 Peachtree Rd NE, Atlanta, GA 30326",30.85,25.32,1.219,29954
2026-09-26T11:22:27.626782-04:00,"3393 Peachtree Rd NE, Atlanta, GA 30326","6000 N Terminal Pkwy, Atlanta, GA 30320",37.52,32.25,1.163,31173
2026-09-26T11:22:28.487885-04:00,"6000 N Terminal Pkwy, Atlanta, GA 30320","225 North Ave NW, Atlanta, GA 30332",24.4,19.63,1.243,18926
2026-09-26T11:22:29.077779-04:00,"225 North Ave NW, Atlanta, GA 30332","6000 N Terminal Pkwy, Atlanta, GA 30320",22.98,23.0,0.999,21085
2026-09-26T11:22:29.816704-04:00,"265 Park Ave W NW, Atlanta, GA 30313","1380 Atlantic Dr NW, Atlanta, GA 30363",10.62,9.65,1.1,4787
2026-09-26T11:22:30.623724-04:00,"1380 Atlantic Dr NW, Atlanta, GA 30363","265 Park Ave W NW, Atlanta, GA 30313",13.92,13.37,1.041,5127
2026-09-26T11:22:31.284111-04:00,"265 Park Ave W NW, Atlanta, GA 30313","3393 Peachtree Rd NE, Atlanta, GA 30326",17.78,16.62,1.07,13824
2026-09-26T11:22:32.237239-04:00,"3393 Peachtree Rd NE, Atlanta, GA 30326","265 Park Ave W NW, Atlanta, GA 30313",26.15,19.68,1.329,12990
2026-09-26T11:22:32.872809-04:00,"265 Park Ave W NW, Atlanta, GA 30313","225 North Ave NW, Atlanta, GA 30332",7.3,7.35,0.993,2086
2026-09-26T11:22:33.574097-04:00,"225 North Ave NW, Atlanta, GA 30332","265 Park Ave W NW, Atlanta, GA 30313",8.65,8.72,0.992,2067
2026-09-26T11:22:34.367757-04:00,"1380 Atlantic Dr NW, Atlanta, GA 30363","3393 Peachtree Rd NE, Atlanta, GA 30326",17.17,17.63,0.974,10266
2026-09-26T11:22:35.038771-04:00,"3393 Peachtree Rd NE, Atlanta, GA 30326","1380 Atlantic Dr NW, Atlanta, GA 30363",17.52,15.38,1.139,9873
2026-09-26T11:22:35.861031-04:00,"1380 Atlantic Dr NW, Atlanta, GA 30363","225 North Ave NW, Atlanta, GA 30332",9.48,10.8,0.878,3264
2026-09-26T11:22:36.479695-04:00,"225 North Ave NW, Atlanta, GA 30332","1380 Atlantic Dr NW, Atlanta, GA 30363",10.12,9.97,1.015,4547
2026-09-26T11:22:37.179829-04:00,"3393 Peachtree Rd NE, Atlanta, GA 30326","225 North Ave NW, Atlanta, GA 30332",21.68,19.82,1.094,11615
2026-09-26T11:22:37.932370-04:00,"225 North Ave NW, Atlanta, GA 30332","3393 Peachtree Rd NE, Atlanta, GA 30326",17.22,16.93,1.017,13584
2026-09-26T11:22:38.675814-04:00,"4400 Ashford Dunwoody Rd, Dunwoody, GA 30346","3393 Peachtree Rd NE, Atlanta, GA 30326",15.33,14.83,1.034,11803
2026-09-26T11:22:39.525961-04:00,"3393 Peachtree Rd NE, Atlanta, GA 30326","4400 Ashford Dunwoody Rd, Dunwoody, GA 30346",15.9,15.77,1.008,11689
2026-09-26T11:22:40.360105-04:00,"101 E Court Square, Decatur, GA 30030","225 North Ave NW, Atlanta, GA 30332",25.67,25.77,0.996,10404
2026-09-26T11:22:41.045604-04:00,"225 North Ave NW, Atlanta, GA 30332","101 E Court Square, Decatur, GA 30030",23.57,23.7,0.994,10272
2026-09-26T11:22:41.825470-04:00,"205 Lawrence St, Marietta, GA 30060","225 North Ave NW, Atlanta, GA 30332",27.15,26.1,1.04,29167
2026-09-26T11:22:42.416501-04:00,"225 North Ave NW, Atlanta, GA 30332","205 Lawrence St, Marietta, GA 30060",26.47,27.07,0.978,30385
2026-09-26T11:22:43.215231-04:00,"1 Galambos Way, Sandy Springs, GA 30328","3393 Peachtree Rd NE, Atlanta, GA 30326",17.57,16.8,1.046,13507
2026-09-26T11:22:43.845652-04:00,"3393 Peachtree Rd NE, Atlanta, GA 30326","1 Galambos Way, Sandy Springs, GA 30328",18.27,18.98,0.962,13941
2026-09-26T11:22:44.613663-04:00,"5485 Chamblee Dunwoody Rd, Dunwoody, GA 30338","3393 Peachtree Rd NE, Atlanta, GA 30326",16.27,17.15,0.948,13634
2026-09-26T11:22:45.393563-04:00,"3393 Peachtree Rd NE, Atlanta, GA 30326","5485 Chamblee Dunwoody Rd, Dunwoody, GA 30338",17.47,17.13,1.019,13651
2026-09-26T11:22:46.029790-04:00,"6400 Sugarloaf Pkwy, Duluth, GA 30097","225 North Ave NW, Atlanta, GA 30332",34.37,32.48,1.058,40756
2026-09-26T11:22:46.885113-04:00,"225 North Ave NW, Atlanta, GA 30332","6400 Sugarloaf Pkwy, Duluth, GA 30097",33.37,32.3,1.033,42787
2026-09-26T11:22:47.625717-04:00,"210 Luckie St, Lawrenceville, GA 30046","225 North Ave NW, Atlanta, GA 30332",43.97,40.52,1.085,48366
2026-09-26T11:22:48.543607-04:00,"225 North Ave NW, Atlanta, GA 30332","210 Luckie St, Lawrenceville, GA 30046",41.07,38.73,1.06,49390
2026-09-26T11:22:49.203245-04:00,"101 E Court Square, Decatur, GA 30030","265 Park Ave W NW, Atlanta, GA 30313",25.1,25.3,0.992,11294
2026-09-26T11:22:49.874311-04:00,"265 Park Ave W NW, Atlanta, GA 30313","101 E Court Square, Decatur, GA 30030",23.57,22.6,1.043,11974
2026-09-26T11:22:50.732247-04:00,"205 Lawrence St, Marietta, GA 30060","265 Park Ave W NW, Atlanta, GA 30313",31.43,26.02,1.208,30558
2026-09-26T11:22:51.690622-04:00,"265 Park Ave W NW, Atlanta, GA 30313","205 Lawrence St, Marietta, GA 30060",26.72,26.75,0.999,30625
2026-09-26T11:27:52.323531-04:00,"6000 N Terminal Pkwy, Atlanta, GA 30320","265 Park Ave W NW, Atlanta, GA 30313",22.55,22.95,0.983,16477
2026-09-26T11:27:53.278546-04:00,"265 Park Ave W NW, Atlanta, GA 30313","6000 N Terminal Pkwy, Atlanta, GA 30320",21.6,21.38,1.01,20362
2026-09-26T11:27:53.839533-04:00,"6000 N Terminal Pkwy, Atlanta, GA 30320","1380 Atlantic Dr NW, Atlanta, GA 30363",23.52,18.35,1.282,20917
2026-09-26T11:27:54.433379-04:00,"1380 Atlantic Dr NW, Atlanta, GA 30363","6000 N Terminal Pkwy, Atlanta, GA 30320",27.33,24.75,1.104,22561
2026-09-26T11:27:54.980840-04:00,"6000 N Terminal Pkwy, Atlanta, GA 30320","3393 Peachtree Rd NE, Atlanta, GA 30326",31.42,25.32,1.241,29954
2026-09-26T11:27:55.584585-04:00,"3393 Peachtree Rd NE, Atlanta, GA 30326","6000 N Terminal Pkwy, Atlanta, GA 30320",37.88,32.25,1.175,31173
2026-09-26T11:27:56.105772-04:00,"6000 N Terminal Pkwy, Atlanta, GA 30320","225 North Ave NW, Atlanta, GA 30332",24.27,19.63,1.236,18926
2026-09-26T11:27:56.644232-04:00,"225 North Ave NW, Atlanta, GA 30332","6000 N Terminal Pkwy, Atlanta, GA 30320",23.22,23.0,1.009,21085
2026-09-26T11:27:57.184531-04:00,"265 Park Ave W NW, Atlanta, GA 30313","1380 Atlantic Dr NW, Atlanta, GA 30363",10.23,9.65,1.06,4787
2026-09-26T11:27:57.737115-04:00,"1380 Atlantic Dr NW, Atlanta, GA 30363","265 Park Ave W NW, Atlanta, GA 30313",14.33,13.37,1.072,5127
2026-09-26T11:27:58.235446-04:00,"265 Park Ave W NW, Atlanta, GA 30313","3393 Peachtree Rd NE, Atlanta, GA 30326",17.95,16.62,1.08,13824
2026-09-26T11:27:58.772664-04:00,"3393 Peachtree Rd NE, Atlanta, GA 30326","265 Park Ave W NW, Atlanta, GA 30313",26.37,25.43,1.037,13123
2026-09-26T11:27:59.286594-04:00,"265 Park Ave W NW, Atlanta, GA 30313","225 North Ave NW, Atlanta, GA 30332",7.0,7.35,0.952,2086
2026-09-26T11:27:59.843809-04:00,"225 North Ave NW, Atlanta, GA 30332","265 Park Ave W NW, Atlanta, GA 30313",8.83,8.72,1.013,2067
2026-09-26T11:28:00.516676-04:00,"1380 Atlantic Dr NW, Atlanta, GA 30363","3393 Peachtree Rd NE, Atlanta, GA 30326",17.28,17.63,0.98,10266
2026-09-26T11:28:01.050391-04:00,"3393 Peachtree Rd NE, Atlanta, GA 30326","1380 Atlantic Dr NW, Atlanta, GA 30363",17.72,15.38,1.152,9873
2026-09-26T11:28:01.765799-04:00,"1380 Atlantic Dr NW, Atlanta, GA 30363","225 North Ave NW, Atlanta, GA 30332",10.08,10.47,0.963,2985
2026-09-26T11:28:02.366796-04:00,"225 North Ave NW, Atlanta, GA 30332","1380 Atlantic Dr NW, Atlanta, GA 30363",10.53,9.97,1.057,4547
2026-09-26T11:28:02.917161-04:00,"3393 Peachtree Rd NE, Atlanta, GA 30326","225 North Ave NW, Atlanta, GA 30332",22.08,19.82,1.114,11615
2026-09-26T11:28:03.455203-04:00,"225 North Ave NW, Atlanta, GA 30332","3393 Peachtree Rd NE, Atlanta, GA 30326",18.28,16.93,1.08,13584
2026-09-26T11:28:03.988080-04:00,"4400 Ashford Dunwoody Rd, Dunwoody, GA 30346","3393 Peachtree Rd NE, Atlanta, GA 30326",16.25,15.4,1.055,11873
2026-09-26T11:28:04.521247-04:00,"3393 Peachtree Rd NE, Atlanta, GA 30326","4400 Ashford Dunwoody Rd, Dunwoody, GA 30346",15.87,15.77,1.006,11689
2026-09-26T11:28:05.096561-04:00,"101 E Court Square, Decatur, GA 30030","225 North Ave NW, Atlanta, GA 30332",25.83,25.6,1.009,10507
2026-09-26T11:28:05.702098-04:00,"225 North Ave NW, Atlanta, GA 30332","101 E Court Square, Decatur, GA 30030",23.48,23.7,0.991,10272
2026-09-26T11:28:06.299584-04:00,"205 Lawrence St, Marietta, GA 30060","225 North Ave NW, Atlanta, GA 30332",27.38,26.1,1.049,29167
2026-09-26T11:28:06.849662-04:00,"225 North Ave NW, Atlanta, GA 30332","205 Lawrence St, Marietta, GA 30060",26.72,27.07,0.987,30385
2026-09-26T11:28:07.400765-04:00,"1 Galambos Way, Sandy Springs, GA 30328","3393 Peachtree Rd NE, Atlanta, GA 30326",18.25,16.8,1.086,13507
2026-09-26T11:28:08.081302-04:00,"3393 Peachtree Rd NE, Atlanta, GA 30326","1 Galambos Way, Sandy Springs, GA 30328",18.3,18.83,0.972,13941
2026-09-26T11:28:08.713579-04:00,"5485 Chamblee Dunwoody Rd, Dunwoody, GA 30338","3393 Peachtree Rd NE, Atlanta, GA 30326",17.17,16.02,1.072,13634
2026-09-26T11:28:09.239520-04:00,"3393 Peachtree Rd NE, Atlanta, GA 30326","5485 Chamblee Dunwoody Rd, Dunwoody, GA 30338",17.43,17.13,1.018,13651
2026-09-26T11:28:09.784084-04:00,"6400 Sugarloaf Pkwy, Duluth, GA 30097","225 North Ave NW, Atlanta, GA 30332",34.72,32.48,1.069,40756
2026-09-26T11:28:10.317259-04:00,"225 North Ave NW, Atlanta, GA 30332","6400 Sugarloaf Pkwy, Duluth, GA 30097",33.4,32.3,1.034,42778
2026-09-26T11:28:10.978120-04:00,"210 Luckie St, Lawrenceville, GA 30046","225 North Ave NW, Atlanta, GA 30332",45.12,39.97,1.129,48320
2026-09-26T11:28:11.534608-04:00,"225 North Ave NW, Atlanta, GA 30332","210 Luckie St, Lawrenceville, GA 30046",41.13,38.73,1.062,49390
2026-09-26T11:28:12.128660-04:00,"101 E Court Square, Decatur, GA 30030","265 Park Ave W NW, Atlanta, GA 30313",24.95,25.3,0.986,11294
2026-09-26T11:28:12.714951-04:00,"265 Park Ave W NW, Atlanta, GA 30313","101 E Court Square, Decatur, GA 30030",23.5,22.6,1.04,11974
2026-09-26T11:28:13.331264-04:00,"205 Lawrence St, Marietta, GA 30060","265 Park Ave W NW, Atlanta, GA 30313",31.17,26.02,1.198,30558
2026-09-26T11:28:13.867317-04:00,"265 Park Ave W NW, Atlanta, GA 30313","205 Lawrence St, Marietta, GA 30060",27.0,26.75,1.009,30625
2026-09-26T11:33:14.598034-04:00,"6000 N Terminal Pkwy, Atlanta, GA 30320","265 Park Ave W NW, Atlanta, GA 30313",23.18,17.67,1.312,18823
2026-09-26T11:33:15.140991-04:00,"265 Park Ave W NW, Atlanta, GA 30313","6000 N Terminal Pkwy, Atlanta, GA 30320",22.57,21.38,1.055,20362
2026-09-26T11:33:15.788616-04:00,"6000 N Terminal Pkwy, Atlanta, GA 30320","1380 Atlantic Dr NW, Atlanta, GA 30363",23.97,18.35,1.306,20917
2026-09-26T11:33:16.341081-04:00,"1380 Atlantic Dr NW, Atlanta, GA 30363","6000 N Terminal Pkwy, Atlanta, GA 30320",26.88,25.08,1.072,22840
2026-09-26T11:33:17.006409-04:00,"6000 N Terminal Pkwy, Atlanta, GA 30320","3393 Peachtree Rd NE, Atlanta, GA 30326",32.13,25.32,1.269,29954
2026-09-26T11:33:17.645926-04:00,"3393 Peachtree Rd NE, Atlanta, GA 30326","6000 N Terminal Pkwy, Atlanta, GA 30320",38.95,32.25,1.208,31173
2026-09-26T11:33:18.323784-04:00,"6000 N Terminal Pkwy, Atlanta, GA 30320","225 North Ave NW, Atlanta, GA 30332",24.6,25.28,0.973,18926
2026-09-26T11:33:18.874607-04:00,"225 North Ave NW, Atlanta, GA 30332","6000 N Terminal Pkwy, Atlanta, GA 30320",23.95,23.0,1.041,21085
2026-09-26T11:33:19.430900-04:00,"265 Park Ave W NW, Atlanta, GA 30313","1380 Atlantic Dr NW, Atlanta, GA 30363",10.6,9.65,1.098,4787
2026-09-26T11:33:19.932904-04:00,"1380 Atlantic Dr NW, Atlanta, GA 30363","265 Park Ave W NW, Atlanta, GA 30313",14.1,13.37,1.055,5127
2026-09-26T11:33:20.465354-04:00,"265 Park Ave W NW, Atlanta, GA 30313","3393 Peachtree Rd NE, Atlanta, GA 30326",19.08,19.13,0.997,13824
2026-09-26T11:33:21.058213-04:00,"3393 Peachtree Rd NE, Atlanta, GA 30326","265 Park Ave W NW, Atlanta, GA 30313",27.25,25.43,1.071,13123
2026-09-26T11:33:21.548595-04:00,"265 Park Ave W NW, Atlanta, GA 30313","225 North Ave NW, Atlanta, GA 30332",7.1,7.35,0.966,2086
2026-09-26T11:33:22.224465-04:00,"225 North Ave NW, Atlanta, GA 30332","265 Park Ave W NW, Atlanta, GA 30313",9.22,8.72,1.057,2067
2026-09-26T11:33:22.806111-04:00,"1380 Atlantic Dr NW, Atlanta, GA 30363","3393 Peachtree Rd NE, Atlanta, GA 30326",17.07,17.63,0.968,10266
2026-09-26T11:33:23.412985-04:00,"3393 Peachtree Rd NE, Atlanta, GA 30326","1380 Atlantic Dr NW, Atlanta, GA 30363",18.4,16.83,1.093,10329
2026-09-26T11:33:23.922103-04:00,"1380 Atlantic Dr NW, Atlanta, GA 30363","225 North Ave NW, Atlanta, GA 30332",9.42,10.8,0.872,3264
2026-09-26T11:33:24.540322-04:00,"225 North Ave NW, Atlanta, GA 30332","1380 Atlantic Dr NW, Atlanta, GA 30363",10.7,9.97,1.074,4547
2026-09-26T11:33:25.067350-04:00,"3393 Peachtree Rd NE, Atlanta, GA 30326","225 North Ave NW, Atlanta, GA 30332",23.47,22.28,1.053,12041
2026-09-26T11:33:25.611892-04:00,"225 North Ave NW, Atlanta, GA 30332","3393 Peachtree Rd NE, Atlanta, GA 30326",19.23,16.93,1.136,13584
2026-09-26T11:33:26.224685-04:00,"4400 Ashford Dunwoody Rd, Dunwoody, GA 30346","3393 Peachtree Rd NE, Atlanta, GA 30326",17.13,15.4,1.113,11873
2026-09-26T11:33:26.814974-04:00,"3393 Peachtree Rd NE, Atlanta, GA 30326","4400 Ashford Dunwoody Rd, Dunwoody, GA 30346",15.75,15.77,0.999,11689
2026-09-26T11:33:27.456236-04:00,"101 E Court Square, Decatur, GA 30030","225 North Ave NW, Atlanta, GA 30332",25.95,25.77,1.007,10404
2026-09-26T11:33:28.140567-04:00,"225 North Ave NW, Atlanta, GA 30332","101 E Court Square, Decatur, GA 30030",23.62,23.7,0.996,10272
2026-09-26T11:33:28.821956-04:00,"205 Lawrence St, Marietta, GA 30060","225 North Ave NW, Atlanta, GA 30332",27.62,26.1,1.058,29167
2026-09-26T11:33:29.406763-04:00,"225 North Ave NW, Atlanta, GA 30332","205 Lawrence St, Marietta, GA 30060",26.62,27.07,0.983,30385
2026-09-26T11:33:30.009245-04:00,"1 Galambos Way, Sandy Springs, GA 30328","3393 Peachtree Rd NE, Atlanta, GA 30326",19.95,16.8,1.188,13507
2026-09-26T11:33:30.593535-04:00,"3393 Peachtree Rd NE, Atlanta, GA 30326","1 Galambos Way, Sandy Springs, GA 30328",18.12,18.83,0.962,13941
2026-09-26T11:33:31.239883-04:00,"5485 Chamblee Dunwoody Rd, Dunwoody, GA 30338","3393 Peachtree Rd NE, Atlanta, GA 30326",17.92,16.02,1.119,13634
2026-09-26T11:33:31.805977-04:00,"3393 Peachtree Rd NE, Atlanta, GA 30326","5485 Chamblee Dunwoody Rd, Dunwoody, GA 30338",17.33,17.13,1.012,13651
2026-09-26T11:33:32.484592-04:00,"6400 Sugarloaf Pkwy, Duluth, GA 30097","225 North Ave NW, Atlanta, GA 30332",36.07,31.93,1.129,40710
2026-09-26T11:33:33.058193-04:00,"225 North Ave NW, Atlanta, GA 30332","6400 Sugarloaf Pkwy, Duluth, GA 30097",33.65,32.3,1.042,42778
2026-09-26T11:33:33.672688-04:00,"210 Luckie St, Lawrenceville, GA 30046","225 North Ave NW, Atlanta, GA 30332",45.17,39.97,1.13,48320
2026-09-26T11:33:34.279214-04:00,"225 North Ave NW, Atlanta, GA 30332","210 Luckie St, Lawrenceville, GA 30046",41.4,38.73,1.069,49390
2026-09-26T11:33:34.838429-04:00,"101 E Court Square, Decatur, GA 30030","265 Park Ave W NW, Atlanta, GA 30313",25.43,25.3,1.005,11294
2026-09-26T11:33:35.468476-04:00,"265 Park Ave W NW, Atlanta, GA 30313","101 E Court Square, Decatur, GA 30030",23.57,24.27,0.971,11439
2026-09-26T11:33:36.054637-04:00,"205 Lawrence St, Marietta, GA 30060","265 Park Ave W NW, Atlanta, GA 30313",31.38,26.02,1.206,30558
2026-09-26T11:33:36.705257-04:00,"265 Park Ave W NW, Atlanta, GA 30313","205 Lawrence St, Marietta, GA 30060",26.6,26.75,0.994,30625
2026-09-26T11:38:37.272718-04:00,"6000 N Terminal Pkwy, Atlanta, GA 30320","265 Park Ave W NW, Atlanta, GA 30313",23.25,17.67,1.316,18823
2026-09-26T11:38:37.865628-04:00,"265 Park Ave W NW, Atlanta, GA 30313","6000 N Terminal Pkwy, Atlanta, GA 30320",22.07,22.95,0.962,19742
2026-09-26T11:38:38.457653-04:00,"6000 N Terminal Pkwy, Atlanta, GA 30320","1380 Atlantic Dr NW, Atlanta, GA 30363",24.22,25.12,0.964,20917
2026-09-26T11:38:39.113765-04:00,"1380 Atlantic Dr NW, Atlanta, GA 30363","6000 N Terminal Pkwy, Atlanta, GA 30320",26.03,25.08,1.038,22840
2026-09-26T11:38:39.671250-04:00,"6000 N Terminal Pkwy, Atlanta, GA 30320","3393 Peachtree Rd NE, Atlanta, GA 30326",32.13,25.32,1.269,29954
2026-09-26T11:38:40.272876-04:00,"3393 Peachtree Rd NE, Atlanta, GA 30326","6000 N Terminal Pkwy, Atlanta, GA 30320",40.63,32.25,1.26,31173
2026-09-26T11:38:40.996440-04:00,"6000 N Terminal Pkwy, Atlanta, GA 30320","225 North Ave NW, Atlanta, GA 30332",24.87,19.63,1.267,18926
2026-09-26T11:38:41.637121-04:00,"225 North Ave NW, Atlanta, GA 30332","6000 N Terminal Pkwy, Atlanta, GA 30320",23.43,23.0,1.019,21085
2026-09-26T11:38:42.213545-04:00,"265 Park Ave W NW, Atlanta, GA 30313","1380 Atlantic Dr NW, Atlanta, GA 30363",11.0,9.65,1.14,4787
2026-09-26T11:38:42.749931-04:00,"1380 Atlantic Dr NW, Atlanta, GA 30363","265 Park Ave W NW, Atlanta, GA 30313",14.92,13.37,1.116,5127
2026-09-26T11:38:43.253808-04:00,"265 Park Ave W NW, Atlanta, GA 30313","3393 Peachtree Rd NE, Atlanta, GA 30326",20.07,18.37,1.093,12863
2026-09-26T11:38:43.946609-04:00,"3393 Peachtree Rd NE, Atlanta, GA 30326","265 Park Ave W NW, Atlanta, GA 30313",28.07,18.1,1.551,13831
2026-09-26T11:38:44.496090-04:00,"265 Park Ave W NW, Atlanta, GA 30313","225 North Ave NW, Atlanta, GA 30332",7.4,7.35,1.007,2086
2026-09-26T11:38:45.095359-04:00,"225 North Ave NW, Atlanta, GA 30332","265 Park Ave W NW, Atlanta, GA 30313",8.98,8.72,1.031,2067
2026-09-26T11:38:45.645598-04:00,"1380 Atlantic Dr NW, Atlanta, GA 30363","3393 Peachtree Rd NE, Atlanta, GA 30326",17.35,17.63,0.984,10266
2026-09-26T11:38:46.230929-04:00,"3393 Peachtree Rd NE, Atlanta, GA 30326","1380 Atlantic Dr NW, Atlanta, GA 30363",19.23,13.8,1.394,10713
2026-09-26T11:38:46.779614-04:00,"1380 Atlantic Dr NW, Atlanta, GA 30363","225 North Ave NW, Atlanta, GA 30332",10.15,10.47,0.97,2985
2026-09-26T11:38:47.336709-04:00,"225 North Ave NW, Atlanta, GA 30332","1380 Atlantic Dr NW, Atlanta, GA 30363",11.27,11.48,0.981,3461
2026-09-26T11:38:48.006232-04:00,"3393 Peachtree Rd NE, Atlanta, GA 30326","225 North Ave NW, Atlanta, GA 30332",25.28,19.82,1.276,11615
2026-09-26T11:38:48.528435-04:00,"225 North Ave NW, Atlanta, GA 30332","3393 Peachtree Rd NE, Atlanta, GA 30326",19.88,18.68,1.064,12623
2026-09-26T11:38:49.101157-04:00,"4400 Ashford Dunwoody Rd, Dunwoody, GA 30346","3393 Peachtree Rd NE, Atlanta, GA 30326",16.87,15.4,1.095,11873
2026-09-26T11:38:49.680737-04:00,"3393 Peachtree Rd NE, Atlanta, GA 30326","4400 Ashford Dunwoody Rd, Dunwoody, GA 30346",15.75,15.77,0.999,11689
2026-09-26T11:38:50.201200-04:00,"101 E Court Square, Decatur, GA 30030","225 North Ave NW, Atlanta, GA 30332",26.17,27.2,0.962,10404
2026-09-26T11:38:50.813405-04:00,"225 North Ave NW, Atlanta, GA 30332","101 E Court Square, Decatur, GA 30030",23.6,24.62,0.959,10272
2026-09-26T11:38:51.332737-04:00,"205 Lawrence St, Marietta, GA 30060","225 North Ave NW, Atlanta, GA 30332",27.2,27.52,0.988,29167
2026-09-26T11:38:51.913590-04:00,"225 North Ave NW, Atlanta, GA 30332","205 Lawrence St, Marietta, GA 30060",27.0,27.07,0.998,30385
2026-09-26T11:38:52.481254-04:00,"1 Galambos Way, Sandy Springs, GA 30328","3393 Peachtree Rd NE, Atlanta, GA 30326",20.27,16.8,1.206,13507
2026-09-26T11:38:53.136709-04:00,"3393 Peachtree Rd NE, Atlanta, GA 30326","1 Galambos Way, Sandy Springs, GA 30328",18.3,18.83,0.972,13941
2026-09-26T11:38:53.812365-04:00,"5485 Chamblee Dunwoody Rd, Dunwoody, GA 30338","3393 Peachtree Rd NE, Atlanta, GA 30326",17.6,16.02,1.099,13634
2026-09-26T11:38:54.438664-04:00,"3393 Peachtree Rd NE, Atlanta, GA 30326","5485 Chamblee Dunwoody Rd, Dunwoody, GA 30338",17.33,17.13,1.012,13651
2026-09-26T11:38:55.007346-04:00,"6400 Sugarloaf Pkwy, Duluth, GA 30097","225 North Ave NW, Atlanta, GA 30332",35.48,36.08,0.983,40710
2026-09-26T11:38:55.528274-04:00,"225 North Ave NW, Atlanta, GA 30332","6400 Sugarloaf Pkwy, Duluth, GA 30097",33.7,32.3,1.043,42778
2026-09-26T11:38:56.093588-04:00,"210 Luckie St, Lawrenceville, GA 30046","225 North Ave NW, Atlanta, GA 30332",44.67,39.97,1.118,48320
2026-09-26T11:38:56.630728-04:00,"225 North Ave NW, Atlanta, GA 30332","210 Luckie St, Lawrenceville, GA 30046",41.72,38.53,1.083,49395
2026-09-26T11:38:57.248524-04:00,"101 E Court Square, Decatur, GA 30030","265 Park Ave W NW, Atlanta, GA 30313",26.08,25.3,1.031,11294
2026-09-26T11:38:57.833097-04:00,"265 Park Ave W NW, Atlanta, GA 30313","101 E Court Square, Decatur, GA 30030",24.68,24.13,1.023,11227
2026-09-26T11:38:58.329511-04:00,"205 Lawrence St, Marietta, GA 30060","265 Park Ave W NW, Atlanta, GA 30313",30.53,26.02,1.174,30558
2026-09-26T11:38:58.891847-04:00,"265 Park Ave W NW, Atlanta, GA 30313","205 Lawrence St, Marietta, GA 30060",27.13,26.75,1.014,30625
2026-09-26T11:43:59.484671-04:00,"6000 N Terminal Pkwy, Atlanta, GA 30320","265 Park Ave W NW, Atlanta, GA 30313",25.87,17.67,1.464,18823
2026-09-26T11:44:00.061588-04:00,"265 Park Ave W NW, Atlanta, GA 30313","6000 N Terminal Pkwy, Atlanta, GA 30320",21.72,22.95,0.946,19742
2026-09-26T11:44:00.709493-04:00,"6000 N Terminal Pkwy, Atlanta, GA 30320","1380 Atlantic Dr NW, Atlanta, GA 30363",26.6,18.35,1.45,20917
2026-09-26T11:44:01.308484-04:00,"1380 Atlantic Dr NW, Atlanta, GA 30363","6000 N Terminal Pkwy, Atlanta, GA 30320",26.65,25.08,1.062,22840
2026-09-26T11:44:01.920501-04:00,"6000 N Terminal Pkwy, Atlanta, GA 30320","3393 Peachtree Rd NE, Atlanta, GA 30326",34.38,25.42,1.353,30092
2026-09-26T11:44:02.518893-04:00,"3393 Peachtree Rd NE, Atlanta, GA 30326","6000 N Terminal Pkwy, Atlanta, GA 30320",38.2,30.67,1.246,32013
2026-09-26T11:44:03.066809-04:00,"6000 N Terminal Pkwy, Atlanta, GA 30320","225 North Ave NW, Atlanta, GA 30332",27.17,19.63,1.384,18926
2026-09-26T11:44:03.739012-04:00,"225 North Ave NW, Atlanta, GA 30332","6000 N Terminal Pkwy, Atlanta, GA 30320",23.23,23.0,1.01,21085
2026-09-26T11:44:04.393259-04:00,"265 Park Ave W NW, Atlanta, GA 30313","1380 Atlantic Dr NW, Atlanta, GA 30363",11.37,10.6,1.072,4925
2026-09-26T11:44:04.900778-04:00,"1380 Atlantic Dr NW, Atlanta, GA 30363","265 Park Ave W NW, Atlanta, GA 30313",14.4,13.37,1.077,5127
2026-09-26T11:44:05.435925-04:00,"265 Park Ave W NW, Atlanta, GA 30313","3393 Peachtree Rd NE, Atlanta, GA 30326",18.9,17.67,1.07,14099
2026-09-26T11:44:05.989970-04:00,"3393 Peachtree Rd NE, Atlanta, GA 30326","265 Park Ave W NW, Atlanta, GA 30313",27.55,18.1,1.522,13831
2026-09-26T11:44:06.470311-04:00,"265 Park Ave W NW, Atlanta, GA 30313","225 North Ave NW, Atlanta, GA 30332",7.82,7.35,1.063,2086
2026-09-26T11:44:07.093632-04:00,"225 North Ave NW, Atlanta, GA 30332","265 Park Ave W NW, Atlanta, GA 30313",8.88,8.72,1.019,2067
2026-09-26T11:44:07.736425-04:00,"1380 Atlantic Dr NW, Atlanta, GA 30363","3393 Peachtree Rd NE, Atlanta, GA 30326",17.87,17.58,1.016,10266
2026-09-26T11:44:08.345937-04:00,"3393 Peachtree Rd NE, Atlanta, GA 30326","1380 Atlantic Dr NW, Atlanta, GA 30363",19.07,13.8,1.382,10713
2026-09-26T11:44:08.881382-04:00,"1380 Atlantic Dr NW, Atlanta, GA 30363","225 North Ave NW, Atlanta, GA 30332",9.67,10.8,0.895,3264
2026-09-26T11:44:09.420425-04:00,"225 North Ave NW, Atlanta, GA 30332","1380 Atlantic Dr NW, Atlanta, GA 30363",11.1,9.97,1.114,4547
2026-09-26T11:44:09.937067-04:00,"3393 Peachtree Rd NE, Atlanta, GA 30326","225 North Ave NW, Atlanta, GA 30332",23.18,18.23,1.271,12456
2026-09-26T11:44:10.514266-04:00,"225 North Ave NW, Atlanta, GA 30332","3393 Peachtree Rd NE, Atlanta, GA 30326",18.4,17.05,1.079,13722
2026-09-26T11:44:11.137338-04:00,"4400 Ashford Dunwoody Rd, Dunwoody, GA 30346","3393 Peachtree Rd NE, Atlanta, GA 30326",17.07,16.03,1.064,12079
2026-09-26T11:44:11.774566-04:00,"3393 Peachtree Rd NE, Atlanta, GA 30326","4400 Ashford Dunwoody Rd, Dunwoody, GA 30346",15.63,15.77,0.992,11689
2026-09-26T11:44:12.437975-04:00,"101 E Court Square, Decatur, GA 30030","225 North Ave NW, Atlanta, GA 30332",27.03,25.77,1.049,10404
2026-09-26T11:44:13.056182-04:00,"225 North Ave NW, Atlanta, GA 30332","101 E Court Square, Decatur, GA 30030",23.8,23.7,1.004,10272
2026-09-26T11:44:13.688997-04:00,"205 Lawrence St, Marietta, GA 30060","225 North Ave NW, Atlanta, GA 30332",28.12,26.1,1.077,29167
2026-09-26T11:44:14.304440-04:00,"225 North Ave NW, Atlanta, GA 30332","205 Lawrence St, Marietta, GA 30060",26.55,27.07,0.981,30385
2026-09-26T11:44:14.870090-04:00,"1 Galambos Way, Sandy Springs, GA 30328","3393 Peachtree Rd NE, Atlanta, GA 30326",19.45,16.8,1.158,13507
2026-09-26T11:44:15.453579-04:00,"3393 Peachtree Rd NE, Atlanta, GA 30326","1 Galambos Way, Sandy Springs, GA 30328",18.33,18.83,0.973,13941
2026-09-26T11:44:15.949474-04:00,"5485 Chamblee Dunwoody Rd, Dunwoody, GA 30338","3393 Peachtree Rd NE, Atlanta, GA 30326",17.92,16.65,1.076,13840
2026-09-26T11:44:16.486963-04:00,"3393 Peachtree Rd NE, Atlanta, GA 30326","5485 Chamblee Dunwoody Rd, Dunwoody, GA 30338",17.18,17.13,1.003,13651
2026-09-26T11:44:17.070931-04:00,"6400 Sugarloaf Pkwy, Duluth, GA 30097","225 North Ave NW, Atlanta, GA 30332",35.82,31.93,1.122,40710
2026-09-26T11:44:17.623164-04:00,"225 North Ave NW, Atlanta, GA 30332","6400 Sugarloaf Pkwy, Duluth, GA 30097",33.87,32.3,1.049,42787
2026-09-26T11:44:18.136290-04:00,"210 Luckie St, Lawrenceville, GA 30046","225 North Ave NW, Atlanta, GA 30332",45.15,39.97,1.13,48320
2026-09-26T11:44:18.747261-04:00,"225 North Ave NW, Atlanta, GA 30332","210 Luckie St, Lawrenceville, GA 30046",42.25,38.53,1.096,49395
2026-09-26T11:44:19.336848-04:00,"101 E Court Square, Decatur, GA 30030","265 Park Ave W NW, Atlanta, GA 30313",25.65,25.3,1.014,11294
2026-09-26T11:44:19.844689-04:00,"265 Park Ave W NW, Atlanta, GA 30313","101 E Court Square, Decatur, GA 30030",23.93,24.2,0.989,11439
2026-09-26T11:44:20.403641-04:00,"205 Lawrence St, Marietta, GA 30060","265 Park Ave W NW, Atlanta, GA 30313",31.47,26.02,1.209,30558
2026-09-26T11:44:20.952940-04:00,"265 Park Ave W NW, Atlanta, GA 30313","205 Lawrence St, Marietta, GA 30060",27.68,26.75,1.035,30625
2026-09-26T11:49:21.755948-04:00,"6000 N Terminal Pkwy, Atlanta, GA 30320","265 Park Ave W NW, Atlanta, GA 30313",25.2,17.67,1.426,18823
2026-09-26T11:49:22.383887-04:00,"265 Park Ave W NW, Atlanta, GA 30313","6000 N Terminal Pkwy, Atlanta, GA 30320",21.97,22.95,0.957,19742
2026-09-26T11:49:22.993978-04:00,"6000 N Terminal Pkwy, Atlanta, GA 30320","1380 Atlantic Dr NW, Atlanta, GA 30363",25.9,18.35,1.411,20917
2026-09-26T11:49:23.577978-04:00,"1380 Atlantic Dr NW, Atlanta, GA 30363","6000 N Terminal Pkwy, Atlanta, GA 30320",26.58,25.08,1.06,22840
2026-09-26T11:49:24.307533-04:00,"6000 N Terminal Pkwy, Atlanta, GA 30320","3393 Peachtree Rd NE, Atlanta, GA 30326",33.07,25.32,1.306,29954
2026-09-26T11:49:24.950450-04:00,"3393 Peachtree Rd NE, Atlanta, GA 30326","6000 N Terminal Pkwy, Atlanta, GA 30320",38.78,30.67,1.265,32013
2026-09-26T11:49:25.548290-04:00,"6000 N Terminal Pkwy, Atlanta, GA 30320","225 North Ave NW, Atlanta, GA 30332",26.32,19.63,1.34,18926
2026-09-26T11:49:26.137040-04:00,"225 North Ave NW, Atlanta, GA 30332","6000 N Terminal Pkwy, Atlanta, GA 30320",24.03,23.0,1.045,21085
2026-09-26T11:49:26.748800-04:00,"265 Park Ave W NW, Atlanta, GA 30313","1380 Atlantic Dr NW, Atlanta, GA 30363",11.85,11.23,1.055,4925
2026-09-26T11:49:27.270077-04:00,"1380 Atlantic Dr NW, Atlanta, GA 30363","265 Park Ave W NW, Atlanta, GA 30313",15.0,13.37,1.122,5127
2026-09-26T11:49:27.920595-04:00,"265 Park Ave W NW, Atlanta, GA 30313","3393 Peachtree Rd NE, Atlanta, GA 30326",18.1,17.57,1.03,13962
2026-09-26T11:49:28.513583-04:00,"3393 Peachtree Rd NE, Atlanta, GA 30326","265 Park Ave W NW, Atlanta, GA 30313",27.77,28.57,0.972,13831
2026-09-26T11:49:29.058237-04:00,"265 Park Ave W NW, Atlanta, GA 30313","225 North Ave NW, Atlanta, GA 30332",7.98,7.92,1.008,2086
2026-09-26T11:49:29.692002-04:00,"225 North Ave NW, Atlanta, GA 30332","265 Park Ave W NW, Atlanta, GA 30313",9.4,8.72,1.078,2067
2026-09-26T11:49:30.294709-04:00,"1380 Atlantic Dr NW, Atlanta, GA 30363","3393 Peachtree Rd NE, Atlanta, GA 30326",18.13,17.63,1.028,10266
2026-09-26T11:49:30.833489-04:00,"3393 Peachtree Rd NE, Atlanta, GA 30326","1380 Atlantic Dr NW, Atlanta, GA 30363",19.4,13.8,1.406,10713
2026-09-26T11:49:31.448843-04:00,"1380 Atlantic Dr NW, Atlanta, GA 30363","225 North Ave NW, Atlanta, GA 30332",9.6,10.8,0.889,3264
2026-09-26T11:49:32.083404-04:00,"225 North Ave NW, Atlanta, GA 30332","1380 Atlantic Dr NW, Atlanta, GA 30363",11.05,12.05,0.917,3461
2026-09-26T11:49:32.667414-04:00,"3393 Peachtree Rd NE, Atlanta, GA 30326","225 North Ave NW, Atlanta, GA 30332",23.22,18.23,1.273,12456
2026-09-26T11:49:33.314853-04:00,"225 North Ave NW, Atlanta, GA 30332","3393 Peachtree Rd NE, Atlanta, GA 30326",18.15,16.93,1.072,13584
2026-09-26T11:49:33.940008-04:00,"4400 Ashford Dunwoody Rd, Dunwoody, GA 30346","3393 Peachtree Rd NE, Atlanta, GA 30326",16.33,15.4,1.061,11873
2026-09-26T11:49:34.526458-04:00,"3393 Peachtree Rd NE, Atlanta, GA 30326","4400 Ashford Dunwoody Rd, Dunwoody, GA 30346",15.57,15.77,0.987,11689
2026-09-26T11:49:35.143711-04:00,"101 E Court Square, Decatur, GA 30030","225 North Ave NW, Atlanta, GA 30332",27.33,25.77,1.061,10404
2026-09-26T11:49:35.710313-04:00,"225 North Ave NW, Atlanta, GA 30332","101 E Court Square, Decatur, GA 30030",23.82,23.7,1.005,10272
2026-09-26T11:49:36.313249-04:00,"205 Lawrence St, Marietta, GA 30060","225 North Ave NW, Atlanta, GA 30332",28.72,26.1,1.1,29167
2026-09-26T11:49:36.843107-04:00,"225 North Ave NW, Atlanta, GA 30332","205 Lawrence St, Marietta, GA 30060",26.55,27.07,0.981,30385
2026-09-26T11:49:37.518457-04:00,"1 Galambos Way, Sandy Springs, GA 30328","3393 Peachtree Rd NE, Atlanta, GA 30326",19.28,16.8,1.148,13507
2026-09-26T11:49:38.043702-04:00,"3393 Peachtree Rd NE, Atlanta, GA 30326","1 Galambos Way, Sandy Springs, GA 30328",18.57,18.83,0.986,13941
2026-09-26T11:49:38.614947-04:00,"5485 Chamblee Dunwoody Rd, Dunwoody, GA 30338","3393 Peachtree Rd NE, Atlanta, GA 30326",17.25,17.88,0.965,13634
2026-09-26T11:49:39.176947-04:00,"3393 Peachtree Rd NE, Atlanta, GA 30326","5485 Chamblee Dunwoody Rd, Dunwoody, GA 30338",17.08,17.13,0.997,13651
2026-09-26T11:49:39.786878-04:00,"6400 Sugarloaf Pkwy, Duluth, GA 30097","225 North Ave NW, Atlanta, GA 30332",36.43,31.93,1.141,40710
2026-09-26T11:49:40.448590-04:00,"225 North Ave NW, Atlanta, GA 30332","6400 Sugarloaf Pkwy, Duluth, GA 30097",33.83,32.3,1.047,42787
2026-09-26T11:49:41.082536-04:00,"210 Luckie St, Lawrenceville, GA 30046","225 North Ave NW, Atlanta, GA 30332",46.13,39.97,1.154,48320
2026-09-26T11:49:41.776069-04:00,"225 North Ave NW, Atlanta, GA 30332","210 Luckie St, Lawrenceville, GA 30046",41.3,38.53,1.072,49395
2026-09-26T11:49:42.342375-04:00,"101 E Court Square, Decatur, GA 30030","265 Park Ave W NW, Atlanta, GA 30313",25.65,25.3,1.014,11294
2026-09-26T11:49:42.948591-04:00,"265 Park Ave W NW, Atlanta, GA 30313","101 E Court Square, Decatur, GA 30030",23.77,24.2,0.982,11439
2026-09-26T11:49:43.636576-04:00,"205 Lawrence St, Marietta, GA 30060","265 Park Ave W NW, Atlanta, GA 30313",32.32,26.02,1.242,30558
2026-09-26T11:49:44.208309-04:00,"265 Park Ave W NW, Atlanta, GA 30313","205 Lawrence St, Marietta, GA 30060",26.52,27.7,0.957,30762
2026-09-26T11:54:45.035236-04:00,"6000 N Terminal Pkwy, Atlanta, GA 30320","265 Park Ave W NW, Atlanta, GA 30313",24.97,17.67,1.413,18823
2026-09-26T11:54:45.574804-04:00,"265 Park Ave W NW, Atlanta, GA 30313","6000 N Terminal Pkwy, Atlanta, GA 30320",22.28,23.18,0.961,19742
2026-09-26T11:54:46.157699-04:00,"6000 N Terminal Pkwy, Atlanta, GA 30320","1380 Atlantic Dr NW, Atlanta, GA 30363",25.75,18.35,1.403,20917
2026-09-26T11:54:46.729719-04:00,"1380 Atlantic Dr NW, Atlanta, GA 30363","6000 N Terminal Pkwy, Atlanta, GA 30320",25.78,25.08,1.028,22840
2026-09-26T11:54:47.553443-04:00,"6000 N Terminal Pkwy, Atlanta, GA 30320","3393 Peachtree Rd NE, Atlanta, GA 30326",33.15,25.32,1.309,29954
2026-09-26T11:54:48.158479-04:00,"3393 Peachtree Rd NE, Atlanta, GA 30326","6000 N Terminal Pkwy, Atlanta, GA 30320",39.47,30.67,1.287,32013
2026-09-26T11:54:48.667866-04:00,"6000 N Terminal Pkwy, Atlanta, GA 30320","225 North Ave NW, Atlanta, GA 30332",26.3,19.63,1.34,18926
2026-09-26T11:54:49.301823-04:00,"225 North Ave NW, Atlanta, GA 30332","6000 N Terminal Pkwy, Atlanta, GA 30320",23.95,23.0,1.041,21085
2026-09-26T11:54:49.886588-04:00,"265 Park Ave W NW, Atlanta, GA 30313","1380 Atlantic Dr NW, Atlanta, GA 30363",11.0,10.6,1.038,4925
2026-09-26T11:54:50.420380-04:00,"1380 Atlantic Dr NW, Atlanta, GA 30363","265 Park Ave W NW, Atlanta, GA 30313",14.02,13.75,1.019,5209
2026-09-26T11:54:50.969163-04:00,"265 Park Ave W NW, Atlanta, GA 30313","3393 Peachtree Rd NE, Atlanta, GA 30326",18.43,17.57,1.049,13962
2026-09-26T11:54:51.598908-04:00,"3393 Peachtree Rd NE, Atlanta, GA 30326","265 Park Ave W NW, Atlanta, GA 30313",28.33,18.1,1.565,13831
2026-09-26T11:54:52.117310-04:00,"265 Park Ave W NW, Atlanta, GA 30313","225 North Ave NW, Atlanta, GA 30332",8.25,8.22,1.004,2339
2026-09-26T11:54:52.679718-04:00,"225 North Ave NW, Atlanta, GA 30332","265 Park Ave W NW, Atlanta, GA 30313",9.0,8.72,1.033,2067
2026-09-26T11:54:53.196694-04:00,"1380 Atlantic Dr NW, Atlanta, GA 30363","3393 Peachtree Rd NE, Atlanta, GA 30326",18.82,17.63,1.067,10266
2026-09-26T11:54:53.768951-04:00,"3393 Peachtree Rd NE, Atlanta, GA 30326","1380 Atlantic Dr NW, Atlanta, GA 30363",20.18,13.8,1.463,10713
2026-09-26T11:54:54.367115-04:00,"1380 Atlantic Dr NW, Atlanta, GA 30363","225 North Ave NW, Atlanta, GA 30332",9.33,10.8,0.864,3264
2026-09-26T11:54:54.947313-04:00,"225 North Ave NW, Atlanta, GA 30332","1380 Atlantic Dr NW, Atlanta, GA 30363",11.1,11.48,0.967,3461
2026-09-26T11:54:55.517257-04:00,"3393 Peachtree Rd NE, Atlanta, GA 30326","225 North Ave NW, Atlanta, GA 30332",24.37,18.23,1.336,12456
2026-09-26T11:54:56.171730-04:00,"225 North Ave NW, Atlanta, GA 30332","3393 Peachtree Rd NE, Atlanta, GA 30326",18.32,16.93,1.082,13584
2026-09-26T11:54:56.753014-04:00,"4400 Ashford Dunwoody Rd, Dunwoody, GA 30346","3393 Peachtree Rd NE, Atlanta, GA 30326",16.42,15.4,1.066,11873
2026-09-26T11:54:57.463053-04:00,"3393 Peachtree Rd NE, Atlanta, GA 30326","4400 Ashford Dunwoody Rd, Dunwoody, GA 30346",15.65,15.77,0.993,11689
2026-09-26T11:54:58.017708-04:00,"101 E Court Square, Decatur, GA 30030","225 North Ave NW, Atlanta, GA 30332",26.45,25.2,1.05,10194
2026-09-26T11:54:58.666999-04:00,"225 North Ave NW, Atlanta, GA 30332","101 E Court Square, Decatur, GA 30030",24.22,23.7,1.022,10272
2026-09-26T11:54:59.245025-04:00,"205 Lawrence St, Marietta, GA 30060","225 North Ave NW, Atlanta, GA 30332",29.33,26.1,1.124,29167
2026-09-26T11:54:59.811012-04:00,"225 North Ave NW, Atlanta, GA 30332","205 Lawrence St, Marietta, GA 30060",26.5,27.07,0.979,30385
2026-09-26T11:55:00.350971-04:00,"1 Galambos Way, Sandy Springs, GA 30328","3393 Peachtree Rd NE, Atlanta, GA 30326",19.23,16.8,1.145,13507
2026-09-26T11:55:00.932119-04:00,"3393 Peachtree Rd NE, Atlanta, GA 30326","1 Galambos Way, Sandy Springs, GA 30328",18.15,18.83,0.964,13941
2026-09-26T11:55:01.446858-04:00,"5485 Chamblee Dunwoody Rd, Dunwoody, GA 30338","3393 Peachtree Rd NE, Atlanta, GA 30326",17.25,16.02,1.077,13634
2026-09-26T11:55:02.051519-04:00,"3393 Peachtree Rd NE, Atlanta, GA 30326","5485 Chamblee Dunwoody Rd, Dunwoody, GA 30338",17.1,17.13,0.998,13651
2026-09-26T11:55:02.684054-04:00,"6400 Sugarloaf Pkwy, Duluth, GA 30097","225 North Ave NW, Atlanta, GA 30332",36.97,31.93,1.158,40710
2026-09-26T11:55:03.234501-04:00,"225 North Ave NW, Atlanta, GA 30332","6400 Sugarloaf Pkwy, Duluth, GA 30097",33.65,32.3,1.042,42787
2026-09-26T11:55:03.851077-04:00,"210 Luckie St, Lawrenceville, GA 30046","225 North Ave NW, Atlanta, GA 30332",46.77,39.97,1.17,48320
2026-09-26T11:55:04.426134-04:00,"225 North Ave NW, Atlanta, GA 30332","210 Luckie St, Lawrenceville, GA 30046",40.35,38.53,1.047,49395
2026-09-26T11:55:05.033330-04:00,"101 E Court Square, Decatur, GA 30030","265 Park Ave W NW, Atlanta, GA 30313",25.75,25.3,1.018,11294
2026-09-26T11:55:05.567606-04:00,"265 Park Ave W NW, Atlanta, GA 30313","101 E Court Square, Decatur, GA 30030",24.17,24.2,0.999,11439
2026-09-26T11:55:06.152479-04:00,"205 Lawrence St, Marietta, GA 30060","265 Park Ave W NW, Atlanta, GA 30313",32.9,26.02,1.265,30558
2026-09-26T11:55:06.701068-04:00,"265 Park Ave W NW, Atlanta, GA 30313","205 Lawrence St, Marietta, GA 30060",26.67,27.7,0.963,30762
2026-09-26T12:00:07.325075-04:00,"6000 N Terminal Pkwy, Atlanta, GA 30320","265 Park Ave W NW, Atlanta, GA 30313",25.73,17.67,1.457,18823
2026-09-26T12:00:07.844041-04:00,"265 Park Ave W NW, Atlanta, GA 30313","6000 N Terminal Pkwy, Atlanta, GA 30320",22.35,22.95,0.974,19742
2026-09-26T12:00:08.442385-04:00,"6000 N Terminal Pkwy, Atlanta, GA 30320","1380 Atlantic Dr NW, Atlanta, GA 30363",26.62,18.35,1.45,20917
2026-09-26T12:00:08.957566-04:00,"1380 Atlantic Dr NW, Atlanta, GA 30363","6000 N Terminal Pkwy, Atlanta, GA 30320",25.7,27.25,0.943,22840
2026-09-26T12:00:09.518756-04:00,"6000 N Terminal Pkwy, Atlanta, GA 30320","3393 Peachtree Rd NE, Atlanta, GA 30326",33.98,25.32,1.342,29954
2026-09-26T12:00:10.036874-04:00,"3393 Peachtree Rd NE, Atlanta, GA 30326","6000 N Terminal Pkwy, Atlanta, GA 30320",40.63,30.67,1.325,32013
2026-09-26T12:00:10.636430-04:00,"6000 N Terminal Pkwy, Atlanta, GA 30320","225 North Ave NW, Atlanta, GA 30332",27.23,19.63,1.387,18926
2026-09-26T12:00:11.228667-04:00,"225 North Ave NW, Atlanta, GA 30332","6000 N Terminal Pkwy, Atlanta, GA 30320",24.22,23.0,1.053,21085
2026-09-26T12:00:11.720369-04:00,"265 Park Ave W NW, Atlanta, GA 30313","1380 Atlantic Dr NW, Atlanta, GA 30363",11.12,10.6,1.049,4925
2026-09-26T12:00:12.259005-04:00,"1380 Atlantic Dr NW, Atlanta, GA 30363","265 Park Ave W NW, Atlanta, GA 30313",14.23,13.75,1.035,5209
2026-09-26T12:00:12.823093-04:00,"265 Park Ave W NW, Atlanta, GA 30313","3393 Peachtree Rd NE, Atlanta, GA 30326",18.38,17.57,1.046,13962
2026-09-26T12:00:13.420613-04:00,"3393 Peachtree Rd NE, Atlanta, GA 30326","265 Park Ave W NW, Atlanta, GA 30313",29.13,18.1,1.61,13831
2026-09-26T12:00:14.006084-04:00,"265 Park Ave W NW, Atlanta, GA 30313","225 North Ave NW, Atlanta, GA 30332",7.82,8.1,0.965,2382
2026-09-26T12:00:14.540991-04:00,"225 North Ave NW, Atlanta, GA 30332","265 Park Ave W NW, Atlanta, GA 30313",9.62,8.72,1.103,2067
2026-09-26T12:00:15.122698-04:00,"1380 Atlantic Dr NW, Atlanta, GA 30363","3393 Peachtree Rd NE, Atlanta, GA 30326",18.35,17.63,1.041,10266
2026-09-26T12:00:15.646557-04:00,"3393 Peachtree Rd NE, Atlanta, GA 30326","1380 Atlantic Dr NW, Atlanta, GA 30363",21.22,20.9,1.015,8869
2026-09-26T12:00:16.206284-04:00,"1380 Atlantic Dr NW, Atlanta, GA 30363","225 North Ave NW, Atlanta, GA 30332",9.32,10.8,0.863,3264
2026-09-26T12:00:16.800405-04:00,"225 North Ave NW, Atlanta, GA 30332","1380 Atlantic Dr NW, Atlanta, GA 30363",10.97,9.97,1.1,4547
2026-09-26T12:00:17.384503-04:00,"3393 Peachtree Rd NE, Atlanta, GA 30326","225 North Ave NW, Atlanta, GA 30332",25.62,18.23,1.405,12456
2026-09-26T12:00:17.972954-04:00,"225 North Ave NW, Atlanta, GA 30332","3393 Peachtree Rd NE, Atlanta, GA 30326",18.3,16.93,1.081,13584
2026-09-26T12:00:18.495230-04:00,"4400 Ashford Dunwoody Rd, Dunwoody, GA 30346","3393 Peachtree Rd NE, Atlanta, GA 30326",16.3,15.4,1.058,11873
2026-09-26T12:00:19.044751-04:00,"3393 Peachtree Rd NE, Atlanta, GA 30326","4400 Ashford Dunwoody Rd, Dunwoody, GA 30346",15.8,15.77,1.002,11689
2026-09-26T12:00:19.711083-04:00,"101 E Court Square, Decatur, GA 30030","225 North Ave NW, Atlanta, GA 30332",27.43,25.77,1.065,10404
2026-09-26T12:00:20.306384-04:00,"225 North Ave NW, Atlanta, GA 30332","101 E Court Square, Decatur, GA 30030",24.98,23.7,1.054,10272
2026-09-26T12:00:20.872902-04:00,"205 Lawrence St, Marietta, GA 30060","225 North Ave NW, Atlanta, GA 30332",29.28,26.1,1.122,29167
2026-09-26T12:00:21.572725-04:00,"225 North Ave NW, Atlanta, GA 30332","205 Lawrence St, Marietta, GA 30060",26.65,27.07,0.985,30385
2026-09-26T12:00:22.106762-04:00,"1 Galambos Way, Sandy Springs, GA 30328","3393 Peachtree Rd NE, Atlanta, GA 30326",19.03,16.8,1.133,13507
2026-09-26T12:00:22.722937-04:00,"3393 Peachtree Rd NE, Atlanta, GA 30326","1 Galambos Way, Sandy Springs, GA 30328",18.58,18.83,0.987,13941
2026-09-26T12:00:23.285710-04:00,"5485 Chamblee Dunwoody Rd, Dunwoody, GA 30338","3393 Peachtree Rd NE, Atlanta, GA 30326",17.28,16.02,1.079,13634
2026-09-26T12:00:23.872835-04:00,"3393 Peachtree Rd NE, Atlanta, GA 30326","5485 Chamblee Dunwoody Rd, Dunwoody, GA 30338",17.38,17.13,1.015,13651
2026-09-26T12:00:24.473474-04:00,"6400 Sugarloaf Pkwy, Duluth, GA 30097","225 North Ave NW, Atlanta, GA 30332",36.6,31.93,1.146,40710
2026-09-26T12:00:25.139469-04:00,"225 North Ave NW, Atlanta, GA 30332","6400 Sugarloaf Pkwy, Duluth, GA 30097",34.3,32.3,1.062,42787
2026-09-26T12:00:25.782456-04:00,"210 Luckie St, Lawrenceville, GA 30046","225 North Ave NW, Atlanta, GA 30332",48.12,39.97,1.204,48320
2026-09-26T12:00:26.432625-04:00,"225 North Ave NW, Atlanta, GA 30332","210 Luckie St, Lawrenceville, GA 30046",41.32,38.53,1.072,49395
2026-09-26T12:00:26.956202-04:00,"101 E Court Square, Decatur, GA 30030","265 Park Ave W NW, Atlanta, GA 30313",26.58,25.3,1.051,11294
2026-09-26T12:00:27.506031-04:00,"265 Park Ave W NW, Atlanta, GA 30313","101 E Court Square, Decatur, GA 30030",24.23,24.2,1.001,11439
2026-09-26T12:00:28.039725-04:00,"205 Lawrence St, Marietta, GA 30060","265 Park Ave W NW, Atlanta, GA 30313",32.7,26.02,1.257,30558
2026-09-26T12:00:28.650428-04:00,"265 Park Ave W NW, Atlanta, GA 30313","205 Lawrence St, Marietta, GA 30060",26.72,27.7,0.965,30762
2026-09-26T12:05:29.207449-04:00,"6000 N Terminal Pkwy, Atlanta, GA 30320","265 Park Ave W NW, Atlanta, GA 30313",25.68,17.67,1.454,18823
2026-09-26T12:05:29.894876-04:00,"265 Park Ave W NW, Atlanta, GA 30313","6000 N Terminal Pkwy, Atlanta, GA 30320",22.33,22.95,0.973,19742
2026-09-26T12:05:30.476164-04:00,"6000 N Terminal Pkwy, Atlanta, GA 30320","1380 Atlantic Dr NW, Atlanta, GA 30363",26.83,27.37,0.981,20917
2026-09-26T12:05:31.166250-04:00,"1380 Atlantic Dr NW, Atlanta, GA 30363","6000 N Terminal Pkwy, Atlanta, GA 30320",27.35,25.08,1.09,22840
2026-09-26T12:05:31.748184-04:00,"6000 N Terminal Pkwy, Atlanta, GA 30320","3393 Peachtree Rd NE, Atlanta, GA 30326",34.42,25.32,1.359,29954
2026-09-26T12:05:32.327106-04:00,"3393 Peachtree Rd NE, Atlanta, GA 30326","6000 N Terminal Pkwy, Atlanta, GA 30320",41.02,32.25,1.272,31173
2026-09-26T12:05:33.025393-04:00,"6000 N Terminal Pkwy, Atlanta, GA 30320","225 North Ave NW, Atlanta, GA 30332",26.87,20.07,1.339,19282
2026-09-26T12:05:33.626896-04:00,"225 North Ave NW, Atlanta, GA 30332","6000 N Terminal Pkwy, Atlanta, GA 30320",24.9,23.0,1.083,21085
2026-09-26T12:05:34.227773-04:00,"265 Park Ave W NW, Atlanta, GA 30313","1380 Atlantic Dr NW, Atlanta, GA 30363",10.92,10.6,1.03,4925
2026-09-26T12:05:34.731328-04:00,"1380 Atlantic Dr NW, Atlanta, GA 30363","265 Park Ave W NW, Atlanta, GA 30313",14.55,13.37,1.089,5127
2026-09-26T12:05:35.323959-04:00,"265 Park Ave W NW, Atlanta, GA 30313","3393 Peachtree Rd NE, Atlanta, GA 30326",18.57,17.57,1.057,13962
2026-09-26T12:05:35.958598-04:00,"3393 Peachtree Rd NE, Atlanta, GA 30326","265 Park Ave W NW, Atlanta, GA 30313",29.25,19.68,1.486,12990
2026-09-26T12:05:36.488692-04:00,"265 Park Ave W NW, Atlanta, GA 30313","225 North Ave NW, Atlanta, GA 30332",8.37,8.1,1.033,2382
2026-09-26T12:05:37.131660-04:00,"225 North Ave NW, Atlanta, GA 30332","265 Park Ave W NW, Atlanta, GA 30313",9.38,8.72,1.076,2067
2026-09-26T12:05:37.781147-04:00,"1380 Atlantic Dr NW, Atlanta, GA 30363","3393 Peachtree Rd NE, Atlanta, GA 30326",18.1,17.63,1.026,10266
2026-09-26T12:05:38.515406-04:00,"3393 Peachtree Rd NE, Atlanta, GA 30326","1380 Atlantic Dr NW, Atlanta, GA 30363",20.78,16.83,1.235,10329
2026-09-26T12:05:39.066347-04:00,"1380 Atlantic Dr NW, Atlanta, GA 30363","225 North Ave NW, Atlanta, GA 30332",9.45,10.8,0.875,3264
2026-09-26T12:05:39.580137-04:00,"225 North Ave NW, Atlanta, GA 30332","1380 Atlantic Dr NW, Atlanta, GA 30363",11.02,11.4,0.966,4547
2026-09-26T12:05:40.163977-04:00,"3393 Peachtree Rd NE, Atlanta, GA 30326","225 North Ave NW, Atlanta, GA 30332",25.77,19.82,1.3,11615
2026-09-26T12:05:40.685717-04:00,"225 North Ave NW, Atlanta, GA 30332","3393 Peachtree Rd NE, Atlanta, GA 30326",18.82,16.93,1.111,13584
2026-09-26T12:05:41.348202-04:00,"4400 Ashford Dunwoody Rd, Dunwoody, GA 30346","3393 Peachtree Rd NE, Atlanta, GA 30326",16.52,15.4,1.073,11873
2026-09-26T12:05:41.882131-04:00,"3393 Peachtree Rd NE, Atlanta, GA 30326","4400 Ashford Dunwoody Rd, Dunwoody, GA 30346",16.05,15.77,1.018,11689
2026-09-26T12:05:42.576667-04:00,"101 E Court Square, Decatur, GA 30030","225 North Ave NW, Atlanta, GA 30332",28.12,25.1,1.12,10208
2026-09-26T12:05:43.173139-04:00,"225 North Ave NW, Atlanta, GA 30332","101 E Court Square, Decatur, GA 30030",24.22,23.47,1.032,10257
2026-09-26T12:05:43.831742-04:00,"205 Lawrence St, Marietta, GA 30060","225 North Ave NW, Atlanta, GA 30332",30.82,26.1,1.181,29167
2026-09-26T12:05:44.380146-04:00,"225 North Ave NW, Atlanta, GA 30332","205 Lawrence St, Marietta, GA 30060",26.82,27.07,0.991,30385
2026-09-26T12:05:45.099376-04:00,"1 Galambos Way, Sandy Springs, GA 30328","3393 Peachtree Rd NE, Atlanta, GA 30326",18.82,16.8,1.12,13507
2026-09-26T12:05:45.642115-04:00,"3393 Peachtree Rd NE, Atlanta, GA 30326","1 Galambos Way, Sandy Springs, GA 30328",18.45,18.83,0.98,13941
2026-09-26T12:05:46.381207-04:00,"5485 Chamblee Dunwoody Rd, Dunwoody, GA 30338","3393 Peachtree Rd NE, Atlanta, GA 30326",17.33,16.02,1.082,13634
2026-09-26T12:05:46.964013-04:00,"3393 Peachtree Rd NE, Atlanta, GA 30326","5485 Chamblee Dunwoody Rd, Dunwoody, GA 30338",17.5,17.13,1.021,13651
2026-09-26T12:05:47.547011-04:00,"6400 Sugarloaf Pkwy, Duluth, GA 30097","225 North Ave NW, Atlanta, GA 30332",35.87,31.93,1.123,40710
2026-09-26T12:05:48.082246-04:00,"225 North Ave NW, Atlanta, GA 30332","6400 Sugarloaf Pkwy, Duluth, GA 30097",34.35,32.07,1.071,42772
2026-09-26T12:05:48.714337-04:00,"210 Luckie St, Lawrenceville, GA 30046","225 North Ave NW, Atlanta, GA 30332",47.97,39.97,1.2,48320
2026-09-26T12:05:49.322625-04:00,"225 North Ave NW, Atlanta, GA 30332","210 Luckie St, Lawrenceville, GA 30046",41.5,38.3,1.084,49380
2026-09-26T12:05:49.907209-04:00,"101 E Court Square, Decatur, GA 30030","265 Park Ave W NW, Atlanta, GA 30313",26.27,25.3,1.038,11294
2026-09-26T12:05:50.463044-04:00,"265 Park Ave W NW, Atlanta, GA 30313","101 E Court Square, Decatur, GA 30030",24.12,24.2,0.997,11439
2026-09-26T12:05:50.928792-04:00,"205 Lawrence St, Marietta, GA 30060","265 Park Ave W NW, Atlanta, GA 30313",33.42,34.28,0.975,30558
2026-09-26T12:05:51.451494-04:00,"265 Park Ave W NW, Atlanta, GA 30313","205 Lawrence St, Marietta, GA 30060",26.68,27.7,0.963,30762
2026-09-26T12:10:51.872263-04:00,"6000 N Terminal Pkwy, Atlanta, GA 30320","265 Park Ave W NW, Atlanta, GA 30313",25.42,17.67,1.439,18823
2026-09-26T12:10:52.738722-04:00,"265 Park Ave W NW, Atlanta, GA 30313","6000 N Terminal Pkwy, Atlanta, GA 30320",22.42,22.95,0.977,19742
2026-09-26T12:10:53.097397-04:00,"6000 N Terminal Pkwy, Atlanta, GA 30320","1380 Atlantic Dr NW, Atlanta, GA 30363",26.63,18.35,1.451,20917
2026-09-26T12:10:53.615076-04:00,"1380 Atlantic Dr NW, Atlanta, GA 30363","6000 N Terminal Pkwy, Atlanta, GA 30320",27.92,25.08,1.113,22840
2026-09-26T12:10:53.988508-04:00,"6000 N Terminal Pkwy, Atlanta, GA 30320","3393 Peachtree Rd NE, Atlanta, GA 30326",33.98,25.32,1.342,29954
2026-09-26T12:10:54.411449-04:00,"3393 Peachtree Rd NE, Atlanta, GA 30326","6000 N Terminal Pkwy, Atlanta, GA 30320",38.55,32.25,1.195,31173
2026-09-26T12:10:54.918479-04:00,"6000 N Terminal Pkwy, Atlanta, GA 30320","225 North Ave NW, Atlanta, GA 30332",26.8,20.07,1.336,19282
2026-09-26T12:10:55.437979-04:00,"225 North Ave NW, Atlanta, GA 30332","6000 N Terminal Pkwy, Atlanta, GA 30320",25.38,23.0,1.104,21085
2026-09-26T12:10:56.092640-04:00,"265 Park Ave W NW, Atlanta, GA 30313","1380 Atlantic Dr NW, Atlanta, GA 30363",11.13,10.6,1.05,4925
2026-09-26T12:10:56.621108-04:00,"1380 Atlantic Dr NW, Atlanta, GA 30363","265 Park Ave W NW, Atlanta, GA 30313",14.28,13.75,1.039,5209
2026-09-26T12:10:57.082245-04:00,"265 Park Ave W NW, Atlanta, GA 30313","3393 Peachtree Rd NE, Atlanta, GA 30326",18.3,17.57,1.042,13962
2026-09-26T12:10:57.537932-04:00,"3393 Peachtree Rd NE, Atlanta, GA 30326","265 Park Ave W NW, Atlanta, GA 30313",26.67,19.68,1.355,12990
2026-09-26T12:10:58.104586-04:00,"265 Park Ave W NW, Atlanta, GA 30313","225 North Ave NW, Atlanta, GA 30332",8.05,8.1,0.994,2382
2026-09-26T12:10:58.586150-04:00,"225 North Ave NW, Atlanta, GA 30332","265 Park Ave W NW, Atlanta, GA 30313",9.17,8.72,1.052,2067
2026-09-26T12:10:59.137997-04:00,"1380 Atlantic Dr NW, Atlanta, GA 30363","3393 Peachtree Rd NE, Atlanta, GA 30326",17.8,17.63,1.009,10266
2026-09-26T12:10:59.553974-04:00,"3393 Peachtree Rd NE, Atlanta, GA 30326","1380 Atlantic Dr NW, Atlanta, GA 30363",19.22,16.83,1.142,10329
2026-09-26T12:10:59.960246-04:00,"1380 Atlantic Dr NW, Atlanta, GA 30363","225 North Ave NW, Atlanta, GA 30332",9.52,10.8,0.881,3264
2026-09-26T12:11:00.346077-04:00,"225 North Ave NW, Atlanta, GA 30332","1380 Atlantic Dr NW, Atlanta, GA 30363",10.63,9.97,1.067,4547
2026-09-26T12:11:00.688212-04:00,"3393 Peachtree Rd NE, Atlanta, GA 30326","225 North Ave NW, Atlanta, GA 30332",23.98,19.82,1.21,11615
2026-09-26T12:11:01.084374-04:00,"225 North Ave NW, Atlanta, GA 30332","3393 Peachtree Rd NE, Atlanta, GA 30326",17.9,16.93,1.057,13584
2026-09-26T12:11:01.454737-04:00,"4400 Ashford Dunwoody Rd, Dunwoody, GA 30346","3393 Peachtree Rd NE, Atlanta, GA 30326",16.35,15.4,1.062,11873
2026-09-26T12:11:01.804638-04:00,"3393 Peachtree Rd NE, Atlanta, GA 30326","4400 Ashford Dunwoody Rd, Dunwoody, GA 30346",15.87,15.77,1.006,11689
2026-09-26T12:11:02.270902-04:00,"101 E Court Square, Decatur, GA 30030","225 North Ave NW, Atlanta, GA 30332",27.72,25.1,1.104,10208
2026-09-26T12:11:02.699823-04:00,"225 North Ave NW, Atlanta, GA 30332","101 E Court Square, Decatur, GA 30030",24.88,23.7,1.05,10272
2026-09-26T12:11:03.103953-04:00,"205 Lawrence St, Marietta, GA 30060","225 North Ave NW, Atlanta, GA 30332",30.83,26.1,1.181,29167
2026-09-26T12:11:03.532765-04:00,"225 North Ave NW, Atlanta, GA 30332","205 Lawrence St, Marietta, GA 30060",26.6,27.07,0.983,30385
2026-09-26T12:11:03.923885-04:00,"1 Galambos Way, Sandy Springs, GA 30328","3393 Peachtree Rd NE, Atlanta, GA 30326",18.4,16.8,1.095,13507
2026-09-26T12:11:04.338383-04:00,"3393 Peachtree Rd NE, Atlanta, GA 30326","1 Galambos Way, Sandy Springs, GA 30328",18.6,18.83,0.988,13941
2026-09-26T12:11:04.719267-04:00,"5485 Chamblee Dunwoody Rd, Dunwoody, GA 30338","3393 Peachtree Rd NE, Atlanta, GA 30326",17.05,16.02,1.065,13634
2026-09-26T12:11:05.121541-04:00,"3393 Peachtree Rd NE, Atlanta, GA 30326","5485 Chamblee Dunwoody Rd, Dunwoody, GA 30338",17.4,17.13,1.016,13651
2026-09-26T12:11:05.524761-04:00,"6400 Sugarloaf Pkwy, Duluth, GA 30097","225 North Ave NW, Atlanta, GA 30332",36.47,31.93,1.142,40710
2026-09-26T12:11:05.917065-04:00,"225 North Ave NW, Atlanta, GA 30332","6400 Sugarloaf Pkwy, Duluth, GA 30097",34.45,32.3,1.067,42787
2026-09-26T12:11:06.371903-04:00,"210 Luckie St, Lawrenceville, GA 30046","225 North Ave NW, Atlanta, GA 30332",47.87,39.97,1.198,48320
2026-09-26T12:11:06.802438-04:00,"225 North Ave NW, Atlanta, GA 30332","210 Luckie St, Lawrenceville, GA 30046",41.37,38.53,1.074,49395
2026-09-26T12:11:07.238560-04:00,"101 E Court Square, Decatur, GA 30030","265 Park Ave W NW, Atlanta, GA 30313",26.5,25.3,1.047,11294
2026-09-26T12:11:07.645984-04:00,"265 Park Ave W NW, Atlanta, GA 30313","101 E Court Square, Decatur, GA 30030",24.78,24.2,1.024,11439
2026-09-26T12:11:08.033881-04:00,"205 Lawrence St, Marietta, GA 30060","265 Park Ave W NW, Atlanta, GA 30313",33.83,26.02,1.3,30558
2026-09-26T12:11:08.404916-04:00,"265 Park Ave W NW, Atlanta, GA 30313","205 Lawrence St, Marietta, GA 30060",27.02,27.7,0.975,30762
2026-09-26T12:16:08.799303-04:00,"6000 N Terminal Pkwy, Atlanta, GA 30320","265 Park Ave W NW, Atlanta, GA 30313",25.13,17.67,1.423,18823
2026-09-26T12:16:09.738207-04:00,"265 Park Ave W NW, Atlanta, GA 30313","6000 N Terminal Pkwy, Atlanta, GA 30320",23.07,22.95,1.005,19742
2026-09-26T12:16:10.212153-04:00,"6000 N Terminal Pkwy, Atlanta, GA 30320","1380 Atlantic Dr NW, Atlanta, GA 30363",26.47,18.35,1.442,20917
2026-09-26T12:16:10.587400-04:00,"1380 Atlantic Dr NW, Atlanta, GA 30363","6000 N Terminal Pkwy, Atlanta, GA 30320",28.8,25.08,1.148,22840
2026-09-26T12:16:10.977226-04:00,"6000 N Terminal Pkwy, Atlanta, GA 30320","3393 Peachtree Rd NE, Atlanta, GA 30326",33.9,25.32,1.339,29954
2026-09-26T12:16:11.383064-04:00,"3393 Peachtree Rd NE, Atlanta, GA 30326","6000 N Terminal Pkwy, Atlanta, GA 30320",40.27,32.25,1.249,31173
2026-09-26T12:16:11.760737-04:00,"6000 N Terminal Pkwy, Atlanta, GA 30320","225 North Ave NW, Atlanta, GA 30332",27.22,20.08,1.355,19637
2026-09-26T12:16:12.160335-04:00,"225 North Ave NW, Atlanta, GA 30332","6000 N Terminal Pkwy, Atlanta, GA 30320",26.17,23.0,1.138,21085
2026-09-26T12:16:12.510938-04:00,"265 Park Ave W NW, Atlanta, GA 30313","1380 Atlantic Dr NW, Atlanta, GA 30363",10.98,10.6,1.036,4925
2026-09-26T12:16:12.878693-04:00,"1380 Atlantic Dr NW, Atlanta, GA 30363","265 Park Ave W NW, Atlanta, GA 30313",14.8,13.75,1.076,5209
2026-09-26T12:16:13.193699-04:00,"265 Park Ave W NW, Atlanta, GA 30313","3393 Peachtree Rd NE, Atlanta, GA 30326",18.08,17.57,1.029,13962
2026-09-26T12:16:13.627988-04:00,"3393 Peachtree Rd NE, Atlanta, GA 30326","265 Park Ave W NW, Atlanta, GA 30313",27.73,19.68,1.409,12990
2026-09-26T12:16:14.040314-04:00,"265 Park Ave W NW, Atlanta, GA 30313","225 North Ave NW, Atlanta, GA 30332",8.1,8.1,1.0,2382
2026-09-26T12:16:14.377149-04:00,"225 North Ave NW, Atlanta, GA 30332","265 Park Ave W NW, Atlanta, GA 30313",8.88,8.72,1.019,2067
2026-09-26T12:16:14.743841-04:00,"1380 Atlantic Dr NW, Atlanta, GA 30363","3393 Peachtree Rd NE, Atlanta, GA 30326",18.33,17.83,1.028,10567
2026-09-26T12:16:15.135095-04:00,"3393 Peachtree Rd NE, Atlanta, GA 30326","1380 Atlantic Dr NW, Atlanta, GA 30363",20.23,16.83,1.202,10329
2026-09-26T12:16:15.562237-04:00,"1380 Atlantic Dr NW, Atlanta, GA 30363","225 North Ave NW, Atlanta, GA 30332",9.73,10.8,0.901,3264
2026-09-26T12:16:15.905711-04:00,"225 North Ave NW, Atlanta, GA 30332","1380 Atlantic Dr NW, Atlanta, GA 30363",11.05,9.97,1.109,4547
2026-09-26T12:16:16.275442-04:00,"3393 Peachtree Rd NE, Atlanta, GA 30326","225 North Ave NW, Atlanta, GA 30332",25.1,19.82,1.267,11615
2026-09-26T12:16:16.609580-04:00,"225 North Ave NW, Atlanta, GA 30332","3393 Peachtree Rd NE, Atlanta, GA 30326",18.07,18.93,0.954,13584
2026-09-26T12:16:16.960771-04:00,"4400 Ashford Dunwoody Rd, Dunwoody, GA 30346","3393 Peachtree Rd NE, Atlanta, GA 30326",16.45,15.4,1.068,11873
2026-09-26T12:16:17.347649-04:00,"3393 Peachtree Rd NE, Atlanta, GA 30326","4400 Ashford Dunwoody Rd, Dunwoody, GA 30346",16.33,15.77,1.036,11689
2026-09-26T12:16:17.768017-04:00,"101 E Court Square, Decatur, GA 30030","225 North Ave NW, Atlanta, GA 30332",27.63,25.77,1.072,10404
2026-09-26T12:16:18.243511-04:00,"225 North Ave NW, Atlanta, GA 30332","101 E Court Square, Decatur, GA 30030",24.95,23.7,1.053,10272
2026-09-26T12:16:18.643361-04:00,"205 Lawrence St, Marietta, GA 30060","225 North Ave NW, Atlanta, GA 30332",31.08,26.1,1.191,29167
2026-09-26T12:16:19.043305-04:00,"225 North Ave NW, Atlanta, GA 30332","205 Lawrence St, Marietta, GA 30060",26.9,27.07,0.994,30385
2026-09-26T12:16:19.391881-04:00,"1 Galambos Way, Sandy Springs, GA 30328","3393 Peachtree Rd NE, Atlanta, GA 30326",18.95,16.8,1.128,13507
2026-09-26T12:16:19.710167-04:00,"3393 Peachtree Rd NE, Atlanta, GA 30326","1 Galambos Way, Sandy Springs, GA 30328",18.45,18.83,0.98,13941
2026-09-26T12:16:20.071965-04:00,"5485 Chamblee Dunwoody Rd, Dunwoody, GA 30338","3393 Peachtree Rd NE, Atlanta, GA 30326",16.98,16.02,1.06,13634
2026-09-26T12:16:20.444961-04:00,"3393 Peachtree Rd NE, Atlanta, GA 30326","5485 Chamblee Dunwoody Rd, Dunwoody, GA 30338",17.2,17.13,1.004,13651
2026-09-26T12:16:20.844102-04:00,"6400 Sugarloaf Pkwy, Duluth, GA 30097","225 North Ave NW, Atlanta, GA 30332",41.53,31.93,1.301,40710
2026-09-26T12:16:21.293452-04:00,"225 North Ave NW, Atlanta, GA 30332","6400 Sugarloaf Pkwy, Duluth, GA 30097",34.2,32.3,1.059,42787
2026-09-26T12:16:21.693435-04:00,"210 Luckie St, Lawrenceville, GA 30046","225 North Ave NW, Atlanta, GA 30332",51.15,39.97,1.28,48320
2026-09-26T12:16:22.161898-04:00,"225 North Ave NW, Atlanta, GA 30332","210 Luckie St, Lawrenceville, GA 30046",41.1,38.53,1.067,49395
2026-09-26T12:16:22.545998-04:00,"101 E Court Square, Decatur, GA 30030","265 Park Ave W NW, Atlanta, GA 30313",26.48,25.3,1.047,11294
2026-09-26T12:16:22.981900-04:00,"265 Park Ave W NW, Atlanta, GA 30313","101 E Court Square, Decatur, GA 30030",24.65,24.2,1.019,11439
2026-09-26T12:16:23.445749-04:00,"205 Lawrence St, Marietta, GA 30060","265 Park Ave W NW, Atlanta, GA 30313",33.78,26.02,1.299,30558
2026-09-26T12:16:23.896558-04:00,"265 Park Ave W NW, Atlanta, GA 30313","205 Lawrence St, Marietta, GA 30060",26.87,27.7,0.97,30762
2026-09-26T12:21:24.389725-04:00,"6000 N Terminal Pkwy, Atlanta, GA 30320","265 Park Ave W NW, Atlanta, GA 30313",25.43,25.48,0.998,18822
2026-09-26T12:21:24.826553-04:00,"265 Park Ave W NW, Atlanta, GA 30313","6000 N Terminal Pkwy, Atlanta, GA 30320",23.87,22.95,1.04,19742
2026-09-26T12:21:25.316247-04:00,"6000 N Terminal Pkwy, Atlanta, GA 30320","1380 Atlantic Dr NW, Atlanta, GA 30363",26.98,26.57,1.016,20917
2026-09-26T12:21:25.687113-04:00,"1380 Atlantic Dr NW, Atlanta, GA 30363","6000 N Terminal Pkwy, Atlanta, GA 30320",28.5,25.08,1.136,22840
2026-09-26T12:21:26.124616-04:00,"6000 N Terminal Pkwy, Atlanta, GA 30320","3393 Peachtree Rd NE, Atlanta, GA 30326",34.48,25.32,1.362,29954
2026-09-26T12:21:26.627152-04:00,"3393 Peachtree Rd NE, Atlanta, GA 30326","6000 N Terminal Pkwy, Atlanta, GA 30320",38.87,30.67,1.267,32013
2026-09-26T12:21:27.051910-04:00,"6000 N Terminal Pkwy, Atlanta, GA 30320","225 North Ave NW, Atlanta, GA 30332",27.02,20.07,1.346,19282
2026-09-26T12:21:27.545351-04:00,"225 North Ave NW, Atlanta, GA 30332","6000 N Terminal Pkwy, Atlanta, GA 30320",24.57,23.0,1.068,21085
2026-09-26T12:21:27.906449-04:00,"265 Park Ave W NW, Atlanta, GA 30313","1380 Atlantic Dr NW, Atlanta, GA 30363",11.28,10.6,1.064,4925
2026-09-26T12:21:28.301707-04:00,"1380 Atlantic Dr NW, Atlanta, GA 30363","265 Park Ave W NW, Atlanta, GA 30313",15.33,14.1,1.087,5460
2026-09-26T12:21:28.655613-04:00,"265 Park Ave W NW, Atlanta, GA 30313","3393 Peachtree Rd NE, Atlanta, GA 30326",18.55,17.57,1.056,13962
2026-09-26T12:21:28.984972-04:00,"3393 Peachtree Rd NE, Atlanta, GA 30326","265 Park Ave W NW, Atlanta, GA 30313",26.63,18.1,1.471,13831
2026-09-26T12:21:29.379799-04:00,"265 Park Ave W NW, Atlanta, GA 30313","225 North Ave NW, Atlanta, GA 30332",8.13,8.1,1.004,2382
2026-09-26T12:21:29.816730-04:00,"225 North Ave NW, Atlanta, GA 30332","265 Park Ave W NW, Atlanta, GA 30313",8.73,8.72,1.002,2067
2026-09-26T12:21:30.175623-04:00,"1380 Atlantic Dr NW, Atlanta, GA 30363","3393 Peachtree Rd NE, Atlanta, GA 30326",18.27,17.63,1.036,10266
2026-09-26T12:21:30.646931-04:00,"3393 Peachtree Rd NE, Atlanta, GA 30326","1380 Atlantic Dr NW, Atlanta, GA 30363",20.68,16.83,1.229,10329
2026-09-26T12:21:30.985611-04:00,"1380 Atlantic Dr NW, Atlanta, GA 30363","225 North Ave NW, Atlanta, GA 30332",10.02,10.8,0.927,3264
2026-09-26T12:21:31.336650-04:00,"225 North Ave NW, Atlanta, GA 30332","1380 Atlantic Dr NW, Atlanta, GA 30363",11.15,9.97,1.119,4547
2026-09-26T12:21:31.735131-04:00,"3393 Peachtree Rd NE, Atlanta, GA 30326","225 North Ave NW, Atlanta, GA 30332",24.38,17.13,1.423,13065
2026-09-26T12:21:32.177429-04:00,"225 North Ave NW, Atlanta, GA 30332","3393 Peachtree Rd NE, Atlanta, GA 30326",18.42,16.93,1.088,13584
2026-09-26T12:21:32.669331-04:00,"4400 Ashford Dunwoody Rd, Dunwoody, GA 30346","3393 Peachtree Rd NE, Atlanta, GA 30326",16.55,15.4,1.075,11873
2026-09-26T12:21:33.091566-04:00,"3393 Peachtree Rd NE, Atlanta, GA 30326","4400 Ashford Dunwoody Rd, Dunwoody, GA 30346",16.55,15.77,1.05,11689
2026-09-26T12:21:33.523762-04:00,"101 E Court Square, Decatur, GA 30030","225 North Ave NW, Atlanta, GA 30332",27.53,25.77,1.069,10404
2026-09-26T12:21:33.902405-04:00,"225 North Ave NW, Atlanta, GA 30332","101 E Court Square, Decatur, GA 30030",24.92,23.7,1.051,10272
2026-09-26T12:21:34.337571-04:00,"205 Lawrence St, Marietta, GA 30060","225 North Ave NW, Atlanta, GA 30332",30.68,26.1,1.176,29167
2026-09-26T12:21:34.755952-04:00,"225 North Ave NW, Atlanta, GA 30332","205 Lawrence St, Marietta, GA 30060",27.08,27.07,1.001,30385
2026-09-26T12:21:35.199747-04:00,"1 Galambos Way, Sandy Springs, GA 30328","3393 Peachtree Rd NE, Atlanta, GA 30326",19.23,16.8,1.145,13507
2026-09-26T12:21:35.634853-04:00,"3393 Peachtree Rd NE, Atlanta, GA 30326","1 Galambos Way, Sandy Springs, GA 30328",18.68,18.83,0.992,13941
2026-09-26T12:21:36.115542-04:00,"5485 Chamblee Dunwoody Rd, Dunwoody, GA 30338","3393 Peachtree Rd NE, Atlanta, GA 30326",17.23,16.02,1.076,13634
2026-09-26T12:21:36.567977-04:00,"3393 Peachtree Rd NE, Atlanta, GA 30326","5485 Chamblee Dunwoody Rd, Dunwoody, GA 30338",17.48,17.13,1.02,13651
2026-09-26T12:21:37.150364-04:00,"6400 Sugarloaf Pkwy, Duluth, GA 30097","225 North Ave NW, Atlanta, GA 30332",39.88,31.93,1.249,40710
2026-09-26T12:21:37.553645-04:00,"225 North Ave NW, Atlanta, GA 30332","6400 Sugarloaf Pkwy, Duluth, GA 30097",34.5,32.3,1.068,42787
2026-09-26T12:21:38.034882-04:00,"210 Luckie St, Lawrenceville, GA 30046","225 North Ave NW, Atlanta, GA 30332",49.68,39.97,1.243,48320
2026-09-26T12:21:38.470497-04:00,"225 North Ave NW, Atlanta, GA 30332","210 Luckie St, Lawrenceville, GA 30046",41.28,38.53,1.071,49395
2026-09-26T12:21:38.855609-04:00,"101 E Court Square, Decatur, GA 30030","265 Park Ave W NW, Atlanta, GA 30313",26.2,25.3,1.036,11294
2026-09-26T12:21:39.223815-04:00,"265 Park Ave W NW, Atlanta, GA 30313","101 E Court Square, Decatur, GA 30030",24.3,24.13,1.007,11227
2026-09-26T12:21:39.620276-04:00,"205 Lawrence St, Marietta, GA 30060","265 Park Ave W NW, Atlanta, GA 30313",33.48,26.02,1.287,30558
2026-09-26T12:21:40.002295-04:00,"265 Park Ave W NW, Atlanta, GA 30313","205 Lawrence St, Marietta, GA 30060",27.27,27.7,0.984,30762
2026-09-26T12:26:40.341963-04:00,"6000 N Terminal Pkwy, Atlanta, GA 30320","265 Park Ave W NW, Atlanta, GA 30313",25.85,17.67,1.463,18823
2026-09-26T12:26:40.749742-04:00,"265 Park Ave W NW, Atlanta, GA 30313","6000 N Terminal Pkwy, Atlanta, GA 30320",23.48,22.33,1.051,20499
2026-09-26T12:26:41.112944-04:00,"6000 N Terminal Pkwy, Atlanta, GA 30320","1380 Atlantic Dr NW, Atlanta, GA 30363",27.47,18.35,1.497,20917
2026-09-26T12:26:41.535756-04:00,"1380 Atlantic Dr NW, Atlanta, GA 30363","6000 N Terminal Pkwy, Atlanta, GA 30320",27.78,25.08,1.108,22840
2026-09-26T12:26:41.993847-04:00,"6000 N Terminal Pkwy, Atlanta, GA 30320","3393 Peachtree Rd NE, Atlanta, GA 30326",34.87,25.32,1.377,29954
2026-09-26T12:26:42.375971-04:00,"3393 Peachtree Rd NE, Atlanta, GA 30326","6000 N Terminal Pkwy, Atlanta, GA 30320",37.3,30.67,1.216,32013
2026-09-26T12:26:42.842354-04:00,"6000 N Terminal Pkwy, Atlanta, GA 30320","225 North Ave NW, Atlanta, GA 30332",28.32,20.08,1.41,19637
2026-09-26T12:26:43.241222-04:00,"225 North Ave NW, Atlanta, GA 30332","6000 N Terminal Pkwy, Atlanta, GA 30320",24.53,23.0,1.067,21085
2026-09-26T12:26:43.626851-04:00,"265 Park Ave W NW, Atlanta, GA 30313","1380 Atlantic Dr NW, Atlanta, GA 30363",11.88,10.6,1.121,4925
2026-09-26T12:26:44.003661-04:00,"1380 Atlantic Dr NW, Atlanta, GA 30363","265 Park Ave W NW, Atlanta, GA 30313",15.23,14.1,1.08,5460
2026-09-26T12:26:44.427857-04:00,"265 Park Ave W NW, Atlanta, GA 30313","3393 Peachtree Rd NE, Atlanta, GA 30326",19.03,17.57,1.083,13962
2026-09-26T12:26:44.777955-04:00,"3393 Peachtree Rd NE, Atlanta, GA 30326","265 Park Ave W NW, Atlanta, GA 30313",24.73,18.1,1.366,13831
2026-09-26T12:26:45.125048-04:00,"265 Park Ave W NW, Atlanta, GA 30313","225 North Ave NW, Atlanta, GA 30332",7.95,8.1,0.981,2382
2026-09-26T12:26:45.474241-04:00,"225 North Ave NW, Atlanta, GA 30332","265 Park Ave W NW, Atlanta, GA 30313",8.65,8.72,0.992,2067
2026-09-26T12:26:45.830079-04:00,"1380 Atlantic Dr NW, Atlanta, GA 30363","3393 Peachtree Rd NE, Atlanta, GA 30326",18.3,17.88,1.023,10567
2026-09-26T12:26:46.172193-04:00,"3393 Peachtree Rd NE, Atlanta, GA 30326","1380 Atlantic Dr NW, Atlanta, GA 30363",17.25,13.8,1.25,10713
2026-09-26T12:26:46.555193-04:00,"1380 Atlantic Dr NW, Atlanta, GA 30363","225 North Ave NW, Atlanta, GA 30332",9.92,10.8,0.918,3264
2026-09-26T12:26:46.960024-04:00,"225 North Ave NW, Atlanta, GA 30332","1380 Atlantic Dr NW, Atlanta, GA 30363",11.53,11.48,1.004,3461
2026-09-26T12:26:47.323711-04:00,"3393 Peachtree Rd NE, Atlanta, GA 30326","225 North Ave NW, Atlanta, GA 30332",21.5,18.23,1.179,12456
2026-09-26T12:26:47.692853-04:00,"225 North Ave NW, Atlanta, GA 30332","3393 Peachtree Rd NE, Atlanta, GA 30326",18.55,16.93,1.095,13584
2026-09-26T12:26:48.078712-04:00,"4400 Ashford Dunwoody Rd, Dunwoody, GA 30346","3393 Peachtree Rd NE, Atlanta, GA 30326",16.17,15.4,1.05,11873
2026-09-26T12:26:48.515169-04:00,"3393 Peachtree Rd NE, Atlanta, GA 30326","4400 Ashford Dunwoody Rd, Dunwoody, GA 30346",16.43,15.77,1.042,11689
2026-09-26T12:26:48.875382-04:00,"101 E Court Square, Decatur, GA 30030","225 North Ave NW, Atlanta, GA 30332",27.77,25.77,1.078,10404
2026-09-26T12:26:49.258850-04:00,"225 North Ave NW, Atlanta, GA 30332","101 E Court Square, Decatur, GA 30030",24.82,23.7,1.047,10272
2026-09-26T12:26:49.653824-04:00,"205 Lawrence St, Marietta, GA 30060","225 North Ave NW, Atlanta, GA 30332",31.38,26.1,1.202,29167
2026-09-26T12:26:50.025227-04:00,"225 North Ave NW, Atlanta, GA 30332","205 Lawrence St, Marietta, GA 30060",27.45,27.07,1.014,30385
2026-09-26T12:26:50.478240-04:00,"1 Galambos Way, Sandy Springs, GA 30328","3393 Peachtree Rd NE, Atlanta, GA 30326",19.73,16.8,1.175,13507
2026-09-26T12:26:50.858767-04:00,"3393 Peachtree Rd NE, Atlanta, GA 30326","1 Galambos Way, Sandy Springs, GA 30328",19.05,18.83,1.012,13941
2026-09-26T12:26:51.208250-04:00,"5485 Chamblee Dunwoody Rd, Dunwoody, GA 30338","3393 Peachtree Rd NE, Atlanta, GA 30326",16.88,16.02,1.054,13634
2026-09-26T12:26:51.583314-04:00,"3393 Peachtree Rd NE, Atlanta, GA 30326","5485 Chamblee Dunwoody Rd, Dunwoody, GA 30338",17.52,17.13,1.022,13651
2026-09-26T12:26:51.975153-04:00,"6400 Sugarloaf Pkwy, Duluth, GA 30097","225 North Ave NW, Atlanta, GA 30332",37.22,31.93,1.165,40710
2026-09-26T12:26:52.408424-04:00,"225 North Ave NW, Atlanta, GA 30332","6400 Sugarloaf Pkwy, Duluth, GA 30097",34.3,32.3,1.062,42787
2026-09-26T12:26:52.792603-04:00,"210 Luckie St, Lawrenceville, GA 30046","225 North Ave NW, Atlanta, GA 30332",47.77,39.97,1.195,48320
2026-09-26T12:26:53.175416-04:00,"225 North Ave NW, Atlanta, GA 30332","210 Luckie St, Lawrenceville, GA 30046",41.05,38.53,1.065,49395
2026-09-26T12:26:53.591976-04:00,"101 E Court Square, Decatur, GA 30030","265 Park Ave W NW, Atlanta, GA 30313",26.28,25.3,1.039,11294
2026-09-26T12:26:54.009021-04:00,"265 Park Ave W NW, Atlanta, GA 30313","101 E Court Square, Decatur, GA 30030",24.88,24.13,1.031,11227
2026-09-26T12:26:54.484037-04:00,"205 Lawrence St, Marietta, GA 30060","265 Park Ave W NW, Atlanta, GA 30313",34.93,26.02,1.343,30558
2026-09-26T12:26:54.924533-04:00,"265 Park Ave W NW, Atlanta, GA 30313","205 Lawrence St, Marietta, GA 30060",27.98,27.7,1.01,30762
2026-09-26T12:31:55.547930-04:00,"6000 N Terminal Pkwy, Atlanta, GA 30320","265 Park Ave W NW, Atlanta, GA 30313",24.58,17.67,1.392,18823
2026-09-26T12:31:56.216505-04:00,"265 Park Ave W NW, Atlanta, GA 30313","6000 N Terminal Pkwy, Atlanta, GA 30320",23.83,24.08,0.99,18182
2026-09-26T12:31:56.783214-04:00,"6000 N Terminal Pkwy, Atlanta, GA 30320","1380 Atlantic Dr NW, Atlanta, GA 30363",26.05,18.35,1.42,20917
2026-09-26T12:31:57.326673-04:00,"1380 Atlantic Dr NW, Atlanta, GA 30363","6000 N Terminal Pkwy, Atlanta, GA 30320",28.63,25.08,1.142,22840
2026-09-26T12:31:57.815316-04:00,"6000 N Terminal Pkwy, Atlanta, GA 30320","3393 Peachtree Rd NE, Atlanta, GA 30326",33.42,25.32,1.32,29954
2026-09-26T12:31:58.355798-04:00,"3393 Peachtree Rd NE, Atlanta, GA 30326","6000 N Terminal Pkwy, Atlanta, GA 30320",37.38,30.67,1.219,32013
2026-09-26T12:31:58.915298-04:00,"6000 N Terminal Pkwy, Atlanta, GA 30320","225 North Ave NW, Atlanta, GA 30332",26.58,20.07,1.325,19282
2026-09-26T12:31:59.567364-04:00,"225 North Ave NW, Atlanta, GA 30332","6000 N Terminal Pkwy, Atlanta, GA 30320",25.25,23.0,1.098,21085
2026-09-26T12:32:00.157438-04:00,"265 Park Ave W NW, Atlanta, GA 30313","1380 Atlantic Dr NW, Atlanta, GA 30363",12.75,10.6,1.203,4925
2026-09-26T12:32:00.708695-04:00,"1380 Atlantic Dr NW, Atlanta, GA 30363","265 Park Ave W NW, Atlanta, GA 30313",14.87,13.75,1.081,5209
2026-09-26T12:32:01.232429-04:00,"265 Park Ave W NW, Atlanta, GA 30313","3393 Peachtree Rd NE, Atlanta, GA 30326",19.93,17.57,1.135,13962
2026-09-26T12:32:01.765877-04:00,"3393 Peachtree Rd NE, Atlanta, GA 30326","265 Park Ave W NW, Atlanta, GA 30313",24.65,18.1,1.362,13831
2026-09-26T12:32:02.333342-04:00,"265 Park Ave W NW, Atlanta, GA 30313","225 North Ave NW, Atlanta, GA 30332",7.98,8.1,0.986,2382
2026-09-26T12:32:02.867187-04:00,"225 North Ave NW, Atlanta, GA 30332","265 Park Ave W NW, Atlanta, GA 30313",8.68,8.72,0.996,2067
2026-09-26T12:32:03.440139-04:00,"1380 Atlantic Dr NW, Atlanta, GA 30363","3393 Peachtree Rd NE, Atlanta, GA 30326",18.13,17.88,1.014,10567
2026-09-26T12:32:03.913834-04:00,"3393 Peachtree Rd NE, Atlanta, GA 30326","1380 Atlantic Dr NW, Atlanta, GA 30363",17.33,13.8,1.256,10713
2026-09-26T12:32:04.385334-04:00,"1380 Atlantic Dr NW, Atlanta, GA 30363","225 North Ave NW, Atlanta, GA 30332",9.8,10.8,0.907,3264
2026-09-26T12:32:04.867064-04:00,"225 North Ave NW, Atlanta, GA 30332","1380 Atlantic Dr NW, Atlanta, GA 30363",11.33,11.48,0.987,3461
2026-09-26T12:32:05.374776-04:00,"3393 Peachtree Rd NE, Atlanta, GA 30326","225 North Ave NW, Atlanta, GA 30332",21.45,18.23,1.176,12456
2026-09-26T12:32:05.755429-04:00,"225 North Ave NW, Atlanta, GA 30332","3393 Peachtree Rd NE, Atlanta, GA 30326",20.02,16.93,1.182,13584
2026-09-26T12:32:06.157030-04:00,"4400 Ashford Dunwoody Rd, Dunwoody, GA 30346","3393 Peachtree Rd NE, Atlanta, GA 30326",16.45,15.4,1.068,11873
2026-09-26T12:32:06.554030-04:00,"3393 Peachtree Rd NE, Atlanta, GA 30326","4400 Ashford Dunwoody Rd, Dunwoody, GA 30346",16.4,15.77,1.04,11689
2026-09-26T12:32:06.955364-04:00,"101 E Court Square, Decatur, GA 30030","225 North Ave NW, Atlanta, GA 30332",27.2,28.7,0.948,10404
2026-09-26T12:32:07.322036-04:00,"225 North Ave NW, Atlanta, GA 30332","101 E Court Square, Decatur, GA 30030",25.67,23.7,1.083,10272
2026-09-26T12:32:07.688557-04:00,"205 Lawrence St, Marietta, GA 30060","225 North Ave NW, Atlanta, GA 30332",33.42,26.1,1.28,29167
2026-09-26T12:32:08.082071-04:00,"225 North Ave NW, Atlanta, GA 30332","205 Lawrence St, Marietta, GA 30060",26.98,28.48,0.947,29306
2026-09-26T12:32:08.416411-04:00,"1 Galambos Way, Sandy Springs, GA 30328","3393 Peachtree Rd NE, Atlanta, GA 30326",20.68,16.8,1.231,13507
2026-09-26T12:32:08.833242-04:00,"3393 Peachtree Rd NE, Atlanta, GA 30326","1 Galambos Way, Sandy Springs, GA 30328",19.0,18.83,1.009,13941
2026-09-26T12:32:09.200236-04:00,"5485 Chamblee Dunwoody Rd, Dunwoody, GA 30338","3393 Peachtree Rd NE, Atlanta, GA 30326",17.15,16.02,1.071,13634
2026-09-26T12:32:09.577465-04:00,"3393 Peachtree Rd NE, Atlanta, GA 30326","5485 Chamblee Dunwoody Rd, Dunwoody, GA 30338",17.55,17.13,1.024,13651
2026-09-26T12:32:09.930537-04:00,"6400 Sugarloaf Pkwy, Duluth, GA 30097","225 North Ave NW, Atlanta, GA 30332",38.57,31.93,1.208,40710
2026-09-26T12:32:10.297279-04:00,"225 North Ave NW, Atlanta, GA 30332","6400 Sugarloaf Pkwy, Duluth, GA 30097",36.2,32.3,1.121,42787
2026-09-26T12:32:10.696868-04:00,"210 Luckie St, Lawrenceville, GA 30046","225 North Ave NW, Atlanta, GA 30332",47.88,39.97,1.198,48320
2026-09-26T12:32:11.071375-04:00,"225 North Ave NW, Atlanta, GA 30332","210 Luckie St, Lawrenceville, GA 30046",42.85,38.53,1.112,49395
2026-09-26T12:32:11.460953-04:00,"101 E Court Square, Decatur, GA 30030","265 Park Ave W NW, Atlanta, GA 30313",26.42,25.3,1.044,11294
2026-09-26T12:32:11.847590-04:00,"265 Park Ave W NW, Atlanta, GA 30313","101 E Court Square, Decatur, GA 30030",24.38,24.13,1.01,11227
2026-09-26T12:32:12.241062-04:00,"205 Lawrence St, Marietta, GA 30060","265 Park Ave W NW, Atlanta, GA 30313",36.5,26.02,1.403,30558
2026-09-26T12:32:12.642001-04:00,"265 Park Ave W NW, Atlanta, GA 30313","205 Lawrence St, Marietta, GA 30060",28.52,27.7,1.029,30762
2026-09-26T12:37:13.421112-04:00,"6000 N Terminal Pkwy, Atlanta, GA 30320","265 Park Ave W NW, Atlanta, GA 30313",24.18,17.67,1.369,18823
2026-09-26T12:37:14.027086-04:00,"265 Park Ave W NW, Atlanta, GA 30313","6000 N Terminal Pkwy, Atlanta, GA 30320",22.78,22.33,1.02,20499
2026-09-26T12:37:14.609482-04:00,"6000 N Terminal Pkwy, Atlanta, GA 30320","1380 Atlantic Dr NW, Atlanta, GA 30363",26.0,18.35,1.417,20917
2026-09-26T12:37:15.254325-04:00,"1380 Atlantic Dr NW, Atlanta, GA 30363","6000 N Terminal Pkwy, Atlanta, GA 30320",27.33,25.08,1.09,22840
2026-09-26T12:37:15.888888-04:00,"6000 N Terminal Pkwy, Atlanta, GA 30320","3393 Peachtree Rd NE, Atlanta, GA 30326",33.33,25.32,1.317,29954
2026-09-26T12:37:16.439935-04:00,"3393 Peachtree Rd NE, Atlanta, GA 30326","6000 N Terminal Pkwy, Atlanta, GA 30320",36.17,30.67,1.179,32013
2026-09-26T12:37:17.051001-04:00,"6000 N Terminal Pkwy, Atlanta, GA 30320","225 North Ave NW, Atlanta, GA 30332",26.28,20.07,1.31,19282
2026-09-26T12:37:17.692156-04:00,"225 North Ave NW, Atlanta, GA 30332","6000 N Terminal Pkwy, Atlanta, GA 30320",23.98,23.0,1.043,21085
2026-09-26T12:37:18.177017-04:00,"265 Park Ave W NW, Atlanta, GA 30313","1380 Atlantic Dr NW, Atlanta, GA 30363",11.6,10.6,1.094,4925
2026-09-26T12:37:18.750278-04:00,"1380 Atlantic Dr NW, Atlanta, GA 30363","265 Park Ave W NW, Atlanta, GA 30313",14.75,13.75,1.073,5209
2026-09-26T12:37:19.339246-04:00,"265 Park Ave W NW, Atlanta, GA 30313","3393 Peachtree Rd NE, Atlanta, GA 30326",18.8,17.57,1.07,13962
2026-09-26T12:37:19.966908-04:00,"3393 Peachtree Rd NE, Atlanta, GA 30326","265 Park Ave W NW, Atlanta, GA 30313",24.05,18.1,1.329,13831
2026-09-26T12:37:20.472958-04:00,"265 Park Ave W NW, Atlanta, GA 30313","225 North Ave NW, Atlanta, GA 30332",8.1,7.35,1.102,2086
2026-09-26T12:37:20.997534-04:00,"225 North Ave NW, Atlanta, GA 30332","265 Park Ave W NW, Atlanta, GA 30313",8.73,8.72,1.002,2067
2026-09-26T12:37:21.605443-04:00,"1380 Atlantic Dr NW, Atlanta, GA 30363","3393 Peachtree Rd NE, Atlanta, GA 30326",18.48,17.63,1.048,10266
2026-09-26T12:37:22.123309-04:00,"3393 Peachtree Rd NE, Atlanta, GA 30326","1380 Atlantic Dr NW, Atlanta, GA 30363",17.3,13.8,1.254,10713
2026-09-26T12:37:22.664913-04:00,"1380 Atlantic Dr NW, Atlanta, GA 30363","225 North Ave NW, Atlanta, GA 30332",10.12,10.8,0.937,3264
2026-09-26T12:37:23.287089-04:00,"225 North Ave NW, Atlanta, GA 30332","1380 Atlantic Dr NW, Atlanta, GA 30363",12.18,11.48,1.061,3461
2026-09-26T12:37:24.240412-04:00,"3393 Peachtree Rd NE, Atlanta, GA 30326","225 North Ave NW, Atlanta, GA 30332",21.6,18.23,1.185,12456
2026-09-26T12:37:24.896975-04:00,"225 North Ave NW, Atlanta, GA 30332","3393 Peachtree Rd NE, Atlanta, GA 30326",18.63,16.93,1.1,13584
2026-09-26T12:37:25.488309-04:00,"4400 Ashford Dunwoody Rd, Dunwoody, GA 30346","3393 Peachtree Rd NE, Atlanta, GA 30326",16.52,16.93,0.975,11873
2026-09-26T12:37:25.995084-04:00,"3393 Peachtree Rd NE, Atlanta, GA 30326","4400 Ashford Dunwoody Rd, Dunwoody, GA 30346",16.37,15.77,1.038,11689
2026-09-26T12:37:26.656111-04:00,"101 E Court Square, Decatur, GA 30030","225 North Ave NW, Atlanta, GA 30332",27.77,25.77,1.078,10404
2026-09-26T12:37:27.234164-04:00,"225 North Ave NW, Atlanta, GA 30332","101 E Court Square, Decatur, GA 30030",24.87,23.7,1.049,10272
2026-09-26T12:37:27.941821-04:00,"205 Lawrence St, Marietta, GA 30060","225 North Ave NW, Atlanta, GA 30332",34.4,26.1,1.318,29167
2026-09-26T12:37:28.491299-04:00,"225 North Ave NW, Atlanta, GA 30332","205 Lawrence St, Marietta, GA 30060",27.1,28.48,0.951,29306
2026-09-26T12:37:29.155626-04:00,"1 Galambos Way, Sandy Springs, GA 30328","3393 Peachtree Rd NE, Atlanta, GA 30326",19.67,16.8,1.171,13507
2026-09-26T12:37:29.793167-04:00,"3393 Peachtree Rd NE, Atlanta, GA 30326","1 Galambos Way, Sandy Springs, GA 30328",19.02,18.83,1.01,13941
2026-09-26T12:37:30.399431-04:00,"5485 Chamblee Dunwoody Rd, Dunwoody, GA 30338","3393 Peachtree Rd NE, Atlanta, GA 30326",17.38,16.02,1.085,13634
2026-09-26T12:37:30.924720-04:00,"3393 Peachtree Rd NE, Atlanta, GA 30326","5485 Chamblee Dunwoody Rd, Dunwoody, GA 30338",17.52,17.13,1.022,13651
2026-09-26T12:37:31.543416-04:00,"6400 Sugarloaf Pkwy, Duluth, GA 30097","225 North Ave NW, Atlanta, GA 30332",38.38,38.77,0.99,40694
2026-09-26T12:37:32.106140-04:00,"225 North Ave NW, Atlanta, GA 30332","6400 Sugarloaf Pkwy, Duluth, GA 30097",34.75,32.3,1.076,42787
2026-09-26T12:37:32.772737-04:00,"210 Luckie St, Lawrenceville, GA 30046","225 North Ave NW, Atlanta, GA 30332",47.47,39.97,1.188,48320
2026-09-26T12:37:33.354783-04:00,"225 North Ave NW, Atlanta, GA 30332","210 Luckie St, Lawrenceville, GA 30046",41.43,38.53,1.075,49395
2026-09-26T12:37:33.934657-04:00,"101 E Court Square, Decatur, GA 30030","265 Park Ave W NW, Atlanta, GA 30313",26.8,25.3,1.059,11294
2026-09-26T12:37:34.505645-04:00,"265 Park Ave W NW, Atlanta, GA 30313","101 E Court Square, Decatur, GA 30030",24.53,24.2,1.014,11439
2026-09-26T12:37:35.055505-04:00,"205 Lawrence St, Marietta, GA 30060","265 Park Ave W NW, Atlanta, GA 30313",36.45,26.02,1.401,30558
2026-09-26T12:37:35.722389-04:00,"265 Park Ave W NW, Atlanta, GA 30313","205 Lawrence St, Marietta, GA 30060",27.48,27.7,0.992,30762
2026-09-26T12:42:36.179010-04:00,"6000 N Terminal Pkwy, Atlanta, GA 30320","265 Park Ave W NW, Atlanta, GA 30313",25.45,25.85,0.985,16352
2026-09-26T12:42:36.647749-04:00,"265 Park Ave W NW, Atlanta, GA 30313","6000 N Terminal Pkwy, Atlanta, GA 30320",23.73,22.95,1.034,19742
2026-09-26T12:42:37.046144-04:00,"6000 N Terminal Pkwy, Atlanta, GA 30320","1380 Atlantic Dr NW, Atlanta, GA 30363",27.03,18.35,1.473,20917
2026-09-26T12:42:37.498935-04:00,"1380 Atlantic Dr NW, Atlanta, GA 30363","6000 N Terminal Pkwy, Atlanta, GA 30320",27.97,25.08,1.115,22840
2026-09-26T12:42:37.980479-04:00,"6000 N Terminal Pkwy, Atlanta, GA 30320","3393 Peachtree Rd NE, Atlanta, GA 30326",34.5,25.32,1.363,29954
2026-09-26T12:42:38.380996-04:00,"3393 Peachtree Rd NE, Atlanta, GA 30326","6000 N Terminal Pkwy, Atlanta, GA 30320",38.1,30.67,1.242,32013
2026-09-26T12:42:38.774057-04:00,"6000 N Terminal Pkwy, Atlanta, GA 30320","225 North Ave NW, Atlanta, GA 30332",27.45,20.07,1.368,19282
2026-09-26T12:42:39.128131-04:00,"225 North Ave NW, Atlanta, GA 30332","6000 N Terminal Pkwy, Atlanta, GA 30320",24.93,23.0,1.084,21085
2026-09-26T12:42:39.511341-04:00,"265 Park Ave W NW, Atlanta, GA 30313","1380 Atlantic Dr NW, Atlanta, GA 30363",11.22,10.6,1.058,4925
2026-09-26T12:42:39.890520-04:00,"1380 Atlantic Dr NW, Atlanta, GA 30363","265 Park Ave W NW, Atlanta, GA 30313",14.83,13.75,1.079,5209
2026-09-26T12:42:40.269896-04:00,"265 Park Ave W NW, Atlanta, GA 30313","3393 Peachtree Rd NE, Atlanta, GA 30326",18.58,17.57,1.058,13962
2026-09-26T12:42:40.612231-04:00,"3393 Peachtree Rd NE, Atlanta, GA 30326","265 Park Ave W NW, Atlanta, GA 30313",25.5,18.1,1.409,13831
2026-09-26T12:42:40.945044-04:00,"265 Park Ave W NW, Atlanta, GA 30313","225 North Ave NW, Atlanta, GA 30332",8.32,7.35,1.132,2086
2026-09-26T12:42:41.312382-04:00,"225 North Ave NW, Atlanta, GA 30332","265 Park Ave W NW, Atlanta, GA 30313",8.78,8.72,1.008,2067
2026-09-26T12:42:41.643071-04:00,"1380 Atlantic Dr NW, Atlanta, GA 30363","3393 Peachtree Rd NE, Atlanta, GA 30326",18.6,17.63,1.055,10266
2026-09-26T12:42:42.020460-04:00,"3393 Peachtree Rd NE, Atlanta, GA 30326","1380 Atlantic Dr NW, Atlanta, GA 30363",17.88,13.8,1.296,10713
2026-09-26T12:42:42.331172-04:00,"1380 Atlantic Dr NW, Atlanta, GA 30363","225 North Ave NW, Atlanta, GA 30332",10.05,11.27,0.892,3446
2026-09-26T12:42:42.676654-04:00,"225 North Ave NW, Atlanta, GA 30332","1380 Atlantic Dr NW, Atlanta, GA 30363",10.92,9.97,1.095,4547
2026-09-26T12:42:43.089073-04:00,"3393 Peachtree Rd NE, Atlanta, GA 30326","225 North Ave NW, Atlanta, GA 30332",22.52,18.23,1.235,12456
2026-09-26T12:42:43.714646-04:00,"225 North Ave NW, Atlanta, GA 30332","3393 Peachtree Rd NE, Atlanta, GA 30326",18.28,16.93,1.08,13584
2026-09-26T12:42:44.278959-04:00,"4400 Ashford Dunwoody Rd, Dunwoody, GA 30346","3393 Peachtree Rd NE, Atlanta, GA 30326",16.45,15.4,1.068,11873
2026-09-26T12:42:44.888200-04:00,"3393 Peachtree Rd NE, Atlanta, GA 30326","4400 Ashford Dunwoody Rd, Dunwoody, GA 30346",16.48,15.77,1.045,11689
2026-09-26T12:42:45.457024-04:00,"101 E Court Square, Decatur, GA 30030","225 North Ave NW, Atlanta, GA 30332",27.43,25.77,1.065,10404
2026-09-26T12:42:46.037762-04:00,"225 North Ave NW, Atlanta, GA 30332","101 E Court Square, Decatur, GA 30030",24.95,23.7,1.053,10272
2026-09-26T12:42:46.606628-04:00,"205 Lawrence St, Marietta, GA 30060","225 North Ave NW, Atlanta, GA 30332",35.33,26.1,1.354,29167
2026-09-26T12:42:47.108549-04:00,"225 North Ave NW, Atlanta, GA 30332","205 Lawrence St, Marietta, GA 30060",27.0,28.15,0.959,30385
2026-09-26T12:42:47.885271-04:00,"1 Galambos Way, Sandy Springs, GA 30328","3393 Peachtree Rd NE, Atlanta, GA 30326",19.63,16.8,1.169,13507
2026-09-26T12:42:48.496368-04:00,"3393 Peachtree Rd NE, Atlanta, GA 30326","1 Galambos Way, Sandy Springs, GA 30328",19.08,18.83,1.013,13941
2026-09-26T12:42:49.028992-04:00,"5485 Chamblee Dunwoody Rd, Dunwoody, GA 30338","3393 Peachtree Rd NE, Atlanta, GA 30326",17.42,16.02,1.087,13634
2026-09-26T12:42:49.604379-04:00,"3393 Peachtree Rd NE, Atlanta, GA 30326","5485 Chamblee Dunwoody Rd, Dunwoody, GA 30338",17.42,17.13,1.017,13651
2026-09-26T12:42:50.177679-04:00,"6400 Sugarloaf Pkwy, Duluth, GA 30097","225 North Ave NW, Atlanta, GA 30332",38.47,31.93,1.205,40710
2026-09-26T12:42:50.744826-04:00,"225 North Ave NW, Atlanta, GA 30332","6400 Sugarloaf Pkwy, Duluth, GA 30097",34.1,32.3,1.056,42787
2026-09-26T12:42:51.305660-04:00,"210 Luckie St, Lawrenceville, GA 30046","225 North Ave NW, Atlanta, GA 30332",47.12,39.97,1.179,48320
2026-09-26T12:42:51.861169-04:00,"225 North Ave NW, Atlanta, GA 30332","210 Luckie St, Lawrenceville, GA 30046",40.88,38.53,1.061,49395
2026-09-26T12:42:52.367802-04:00,"101 E Court Square, Decatur, GA 30030","265 Park Ave W NW, Atlanta, GA 30313",26.48,25.3,1.047,11294
2026-09-26T12:42:52.910918-04:00,"265 Park Ave W NW, Atlanta, GA 30313","101 E Court Square, Decatur, GA 30030",24.18,24.13,1.002,11227
2026-09-26T12:42:53.454196-04:00,"205 Lawrence St, Marietta, GA 30060","265 Park Ave W NW, Atlanta, GA 30313",36.68,29.97,1.224,29774
2026-09-26T12:42:54.011798-04:00,"265 Park Ave W NW, Atlanta, GA 30313","205 Lawrence St, Marietta, GA 30060",27.2,27.7,0.982,30762
2026-09-26T12:47:54.602865-04:00,"6000 N Terminal Pkwy, Atlanta, GA 30320","265 Park Ave W NW, Atlanta, GA 30313",26.27,19.22,1.367,16352
2026-09-26T12:47:55.275740-04:00,"265 Park Ave W NW, Atlanta, GA 30313","6000 N Terminal Pkwy, Atlanta, GA 30320",22.55,22.95,0.983,19742
2026-09-26T12:47:55.829304-04:00,"6000 N Terminal Pkwy, Atlanta, GA 30320","1380 Atlantic Dr NW, Atlanta, GA 30363",28.25,18.35,1.54,20917
2026-09-26T12:47:56.335255-04:00,"1380 Atlantic Dr NW, Atlanta, GA 30363","6000 N Terminal Pkwy, Atlanta, GA 30320",27.85,25.08,1.11,22840
2026-09-26T12:47:56.929429-04:00,"6000 N Terminal Pkwy, Atlanta, GA 30320","3393 Peachtree Rd NE, Atlanta, GA 30326",36.05,25.32,1.424,29954
2026-09-26T12:47:57.507032-04:00,"3393 Peachtree Rd NE, Atlanta, GA 30326","6000 N Terminal Pkwy, Atlanta, GA 30320",38.28,32.25,1.187,31173
2026-09-26T12:47:58.086588-04:00,"6000 N Terminal Pkwy, Atlanta, GA 30320","225 North Ave NW, Atlanta, GA 30332",28.88,20.07,1.439,19282
2026-09-26T12:47:58.727233-04:00,"225 North Ave NW, Atlanta, GA 30332","6000 N Terminal Pkwy, Atlanta, GA 30320",24.77,23.0,1.077,21085
2026-09-26T12:47:59.385707-04:00,"265 Park Ave W NW, Atlanta, GA 30313","1380 Atlantic Dr NW, Atlanta, GA 30363",11.98,9.65,1.242,4787
2026-09-26T12:47:59.919881-04:00,"1380 Atlantic Dr NW, Atlanta, GA 30363","265 Park Ave W NW, Atlanta, GA 30313",15.07,14.1,1.069,5460
2026-09-26T12:48:00.420208-04:00,"265 Park Ave W NW, Atlanta, GA 30313","3393 Peachtree Rd NE, Atlanta, GA 30326",18.6,17.57,1.059,13962
2026-09-26T12:48:00.995943-04:00,"3393 Peachtree Rd NE, Atlanta, GA 30326","265 Park Ave W NW, Atlanta, GA 30313",26.35,19.68,1.339,12990
2026-09-26T12:48:01.530399-04:00,"265 Park Ave W NW, Atlanta, GA 30313","225 North Ave NW, Atlanta, GA 30332",7.98,7.35,1.086,2086
2026-09-26T12:48:02.119238-04:00,"225 North Ave NW, Atlanta, GA 30332","265 Park Ave W NW, Atlanta, GA 30313",8.95,8.72,1.027,2067
2026-09-26T12:48:02.669190-04:00,"1380 Atlantic Dr NW, Atlanta, GA 30363","3393 Peachtree Rd NE, Atlanta, GA 30326",18.23,17.63,1.034,10266
2026-09-26T12:48:03.270420-04:00,"3393 Peachtree Rd NE, Atlanta, GA 30326","1380 Atlantic Dr NW, Atlanta, GA 30363",18.72,16.83,1.112,10329
2026-09-26T12:48:03.852086-04:00,"1380 Atlantic Dr NW, Atlanta, GA 30363","225 North Ave NW, Atlanta, GA 30332",10.15,11.27,0.901,3446
2026-09-26T12:48:04.369569-04:00,"225 North Ave NW, Atlanta, GA 30332","1380 Atlantic Dr NW, Atlanta, GA 30363",10.8,9.97,1.084,4547
2026-09-26T12:48:04.969983-04:00,"3393 Peachtree Rd NE, Atlanta, GA 30326","225 North Ave NW, Atlanta, GA 30332",23.95,19.82,1.209,11615
2026-09-26T12:48:05.618837-04:00,"225 North Ave NW, Atlanta, GA 30332","3393 Peachtree Rd NE, Atlanta, GA 30326",18.32,16.93,1.082,13584
2026-09-26T12:48:06.203900-04:00,"4400 Ashford Dunwoody Rd, Dunwoody, GA 30346","3393 Peachtree Rd NE, Atlanta, GA 30326",16.58,15.4,1.077,11873
2026-09-26T12:48:06.729987-04:00,"3393 Peachtree Rd NE, Atlanta, GA 30326","4400 Ashford Dunwoody Rd, Dunwoody, GA 30346",17.0,15.77,1.078,11689
2026-09-26T12:48:07.301349-04:00,"101 E Court Square, Decatur, GA 30030","225 North Ave NW, Atlanta, GA 30332",27.17,25.77,1.054,10404
2026-09-26T12:48:07.863684-04:00,"225 North Ave NW, Atlanta, GA 30332","101 E Court Square, Decatur, GA 30030",25.1,23.7,1.059,10272
2026-09-26T12:48:08.447833-04:00,"205 Lawrence St, Marietta, GA 30060","225 North Ave NW, Atlanta, GA 30332",35.58,26.1,1.363,29167
2026-09-26T12:48:09.023622-04:00,"225 North Ave NW, Atlanta, GA 30332","205 Lawrence St, Marietta, GA 30060",27.13,27.07,1.002,30385
2026-09-26T12:48:09.596822-04:00,"1 Galambos Way, Sandy Springs, GA 30328","3393 Peachtree Rd NE, Atlanta, GA 30326",19.6,16.8,1.167,13507
2026-09-26T12:48:10.155134-04:00,"3393 Peachtree Rd NE, Atlanta, GA 30326","1 Galambos Way, Sandy Springs, GA 30328",18.87,19.63,0.961,13941
2026-09-26T12:48:10.671164-04:00,"5485 Chamblee Dunwoody Rd, Dunwoody, GA 30338","3393 Peachtree Rd NE, Atlanta, GA 30326",17.55,16.02,1.096,13634
2026-09-26T12:48:11.285158-04:00,"3393 Peachtree Rd NE, Atlanta, GA 30326","5485 Chamblee Dunwoody Rd, Dunwoody, GA 30338",17.55,17.13,1.024,13651
2026-09-26T12:48:11.864065-04:00,"6400 Sugarloaf Pkwy, Duluth, GA 30097","225 North Ave NW, Atlanta, GA 30332",38.7,31.93,1.212,40710
2026-09-26T12:48:12.497680-04:00,"225 North Ave NW, Atlanta, GA 30332","6400 Sugarloaf Pkwy, Duluth, GA 30097",34.28,32.3,1.061,42787
2026-09-26T12:48:13.034957-04:00,"210 Luckie St, Lawrenceville, GA 30046","225 North Ave NW, Atlanta, GA 30332",47.42,39.97,1.186,48320
2026-09-26T12:48:13.615921-04:00,"225 North Ave NW, Atlanta, GA 30332","210 Luckie St, Lawrenceville, GA 30046",41.03,38.53,1.065,49395
2026-09-26T12:48:14.167525-04:00,"101 E Court Square, Decatur, GA 30030","265 Park Ave W NW, Atlanta, GA 30313",27.0,25.3,1.067,11294
2026-09-26T12:48:14.684931-04:00,"265 Park Ave W NW, Atlanta, GA 30313","101 E Court Square, Decatur, GA 30030",23.72,24.13,0.983,11227
2026-09-26T12:48:15.277646-04:00,"205 Lawrence St, Marietta, GA 30060","265 Park Ave W NW, Atlanta, GA 30313",36.38,30.35,1.199,29856
2026-09-26T12:48:15.861994-04:00,"265 Park Ave W NW, Atlanta, GA 30313","205 Lawrence St, Marietta, GA 30060",27.3,27.7,0.986,30762
2026-09-26T12:53:16.565104-04:00,"6000 N Terminal Pkwy, Atlanta, GA 30320","265 Park Ave W NW, Atlanta, GA 30313",25.13,19.22,1.308,16352
2026-09-26T12:53:17.131998-04:00,"265 Park Ave W NW, Atlanta, GA 30313","6000 N Terminal Pkwy, Atlanta, GA 30320",23.25,22.95,1.013,19742
2026-09-26T12:53:17.752436-04:00,"6000 N Terminal Pkwy, Atlanta, GA 30320","1380 Atlantic Dr NW, Atlanta, GA 30363",26.53,18.35,1.446,20917
2026-09-26T12:53:18.341876-04:00,"1380 Atlantic Dr NW, Atlanta, GA 30363","6000 N Terminal Pkwy, Atlanta, GA 30320",28.42,26.47,1.074,22909
2026-09-26T12:53:19.004275-04:00,"6000 N Terminal Pkwy, Atlanta, GA 30320","3393 Peachtree Rd NE, Atlanta, GA 30326",34.45,25.32,1.361,29954
2026-09-26T12:53:19.602151-04:00,"3393 Peachtree Rd NE, Atlanta, GA 30326","6000 N Terminal Pkwy, Atlanta, GA 30320",39.43,32.25,1.223,31173
2026-09-26T12:53:20.195107-04:00,"6000 N Terminal Pkwy, Atlanta, GA 30320","225 North Ave NW, Atlanta, GA 30332",27.17,20.07,1.354,19282
2026-09-26T12:53:20.824946-04:00,"225 North Ave NW, Atlanta, GA 30332","6000 N Terminal Pkwy, Atlanta, GA 30320",25.3,23.0,1.1,21085
2026-09-26T12:53:21.424793-04:00,"265 Park Ave W NW, Atlanta, GA 30313","1380 Atlantic Dr NW, Atlanta, GA 30363",11.02,9.65,1.142,4787
2026-09-26T12:53:22.020817-04:00,"1380 Atlantic Dr NW, Atlanta, GA 30363","265 Park Ave W NW, Atlanta, GA 30313",14.97,13.75,1.088,5209
2026-09-26T12:53:22.578247-04:00,"265 Park Ave W NW, Atlanta, GA 30313","3393 Peachtree Rd NE, Atlanta, GA 30326",18.83,16.62,1.133,13824
2026-09-26T12:53:23.185062-04:00,"3393 Peachtree Rd NE, Atlanta, GA 30326","265 Park Ave W NW, Atlanta, GA 30313",27.45,19.68,1.395,12990
2026-09-26T12:53:23.771015-04:00,"265 Park Ave W NW, Atlanta, GA 30313","225 North Ave NW, Atlanta, GA 30332",7.73,7.35,1.052,2086
2026-09-26T12:53:24.340041-04:00,"225 North Ave NW, Atlanta, GA 30332","265 Park Ave W NW, Atlanta, GA 30313",9.13,8.72,1.048,2067
2026-09-26T12:53:24.895590-04:00,"1380 Atlantic Dr NW, Atlanta, GA 30363","3393 Peachtree Rd NE, Atlanta, GA 30326",18.27,17.63,1.036,10266
2026-09-26T12:53:25.503168-04:00,"3393 Peachtree Rd NE, Atlanta, GA 30326","1380 Atlantic Dr NW, Atlanta, GA 30363",19.3,16.83,1.147,10329
2026-09-26T12:53:26.037501-04:00,"1380 Atlantic Dr NW, Atlanta, GA 30363","225 North Ave NW, Atlanta, GA 30332",10.73,10.8,0.994,3264
2026-09-26T12:53:26.691161-04:00,"225 North Ave NW, Atlanta, GA 30332","1380 Atlantic Dr NW, Atlanta, GA 30363",10.7,9.97,1.074,4547
2026-09-26T12:53:27.358421-04:00,"3393 Peachtree Rd NE, Atlanta, GA 30326","225 North Ave NW, Atlanta, GA 30332",25.03,22.28,1.123,12041
2026-09-26T12:53:27.981066-04:00,"225 North Ave NW, Atlanta, GA 30332","3393 Peachtree Rd NE, Atlanta, GA 30326",18.48,16.93,1.092,13584
2026-09-26T12:53:28.596618-04:00,"4400 Ashford Dunwoody Rd, Dunwoody, GA 30346","3393 Peachtree Rd NE, Atlanta, GA 30326",16.87,14.83,1.137,11803
2026-09-26T12:53:29.166576-04:00,"3393 Peachtree Rd NE, Atlanta, GA 30326","4400 Ashford Dunwoody Rd, Dunwoody, GA 30346",16.73,15.77,1.061,11689
2026-09-26T12:53:29.813310-04:00,"101 E Court Square, Decatur, GA 30030","225 North Ave NW, Atlanta, GA 30332",27.92,25.77,1.083,10404
2026-09-26T12:53:30.431312-04:00,"225 North Ave NW, Atlanta, GA 30332","101 E Court Square, Decatur, GA 30030",24.97,23.87,1.046,10450
2026-09-26T12:53:31.050090-04:00,"205 Lawrence St, Marietta, GA 30060","225 North Ave NW, Atlanta, GA 30332",34.62,28.1,1.232,28174
2026-09-26T12:53:31.735456-04:00,"225 North Ave NW, Atlanta, GA 30332","205 Lawrence St, Marietta, GA 30060",27.05,27.07,0.999,30385
2026-09-26T12:53:32.395829-04:00,"1 Galambos Way, Sandy Springs, GA 30328","3393 Peachtree Rd NE, Atlanta, GA 30326",19.32,16.8,1.15,13507
2026-09-26T12:53:32.925250-04:00,"3393 Peachtree Rd NE, Atlanta, GA 30326","1 Galambos Way, Sandy Springs, GA 30328",19.1,18.83,1.014,13941
2026-09-26T12:53:33.526399-04:00,"5485 Chamblee Dunwoody Rd, Dunwoody, GA 30338","3393 Peachtree Rd NE, Atlanta, GA 30326",17.65,16.02,1.102,13634
2026-09-26T12:53:34.111676-04:00,"3393 Peachtree Rd NE, Atlanta, GA 30326","5485 Chamblee Dunwoody Rd, Dunwoody, GA 30338",17.75,17.13,1.036,13651
2026-09-26T12:53:34.743206-04:00,"6400 Sugarloaf Pkwy, Duluth, GA 30097","225 North Ave NW, Atlanta, GA 30332",40.52,30.83,1.314,41319
2026-09-26T12:53:35.290891-04:00,"225 North Ave NW, Atlanta, GA 30332","6400 Sugarloaf Pkwy, Duluth, GA 30097",34.27,32.3,1.061,42787
2026-09-26T12:53:35.977983-04:00,"210 Luckie St, Lawrenceville, GA 30046","225 North Ave NW, Atlanta, GA 30332",48.33,39.97,1.209,48320
2026-09-26T12:53:36.533281-04:00,"225 North Ave NW, Atlanta, GA 30332","210 Luckie St, Lawrenceville, GA 30046",41.18,38.53,1.069,49395
2026-09-26T12:53:37.057977-04:00,"101 E Court Square, Decatur, GA 30030","265 Park Ave W NW, Atlanta, GA 30313",27.07,25.3,1.07,11294
2026-09-26T12:53:37.674160-04:00,"265 Park Ave W NW, Atlanta, GA 30313","101 E Court Square, Decatur, GA 30030",24.05,24.13,0.997,11227
2026-09-26T12:53:38.281825-04:00,"205 Lawrence St, Marietta, GA 30060","265 Park Ave W NW, Atlanta, GA 30313",37.07,28.02,1.323,29565
2026-09-26T12:53:38.835810-04:00,"265 Park Ave W NW, Atlanta, GA 30313","205 Lawrence St, Marietta, GA 30060",27.53,27.7,0.994,30762
2026-09-26T12:58:39.465214-04:00,"6000 N Terminal Pkwy, Atlanta, GA 30320","265 Park Ave W NW, Atlanta, GA 30313",25.85,19.6,1.319,16695
2026-09-26T12:58:40.018356-04:00,"265 Park Ave W NW, Atlanta, GA 30313","6000 N Terminal Pkwy, Atlanta, GA 30320",22.88,24.08,0.95,18182
2026-09-26T12:58:40.612051-04:00,"6000 N Terminal Pkwy, Atlanta, GA 30320","1380 Atlantic Dr NW, Atlanta, GA 30363",27.32,18.35,1.489,20917
2026-09-26T12:58:41.158855-04:00,"1380 Atlantic Dr NW, Atlanta, GA 30363","6000 N Terminal Pkwy, Atlanta, GA 30320",28.62,26.47,1.081,22909
2026-09-26T12:58:41.749783-04:00,"6000 N Terminal Pkwy, Atlanta, GA 30320","3393 Peachtree Rd NE, Atlanta, GA 30326",35.6,25.32,1.406,29954
2026-09-26T12:58:42.367945-04:00,"3393 Peachtree Rd NE, Atlanta, GA 30326","6000 N Terminal Pkwy, Atlanta, GA 30320",42.3,32.25,1.312,31173
2026-09-26T12:58:42.938355-04:00,"6000 N Terminal Pkwy, Atlanta, GA 30320","225 North Ave NW, Atlanta, GA 30332",27.98,20.07,1.395,19282
2026-09-26T12:58:43.481625-04:00,"225 North Ave NW, Atlanta, GA 30332","6000 N Terminal Pkwy, Atlanta, GA 30320",24.8,23.0,1.078,21085
2026-09-26T12:58:43.990653-04:00,"265 Park Ave W NW, Atlanta, GA 30313","1380 Atlantic Dr NW, Atlanta, GA 30363",11.87,9.65,1.23,4787
2026-09-26T12:58:44.490168-04:00,"1380 Atlantic Dr NW, Atlanta, GA 30363","265 Park Ave W NW, Atlanta, GA 30313",15.32,13.37,1.146,5127
2026-09-26T12:58:45.050527-04:00,"265 Park Ave W NW, Atlanta, GA 30313","3393 Peachtree Rd NE, Atlanta, GA 30326",20.28,16.62,1.221,13824
2026-09-26T12:58:45.671723-04:00,"3393 Peachtree Rd NE, Atlanta, GA 30326","265 Park Ave W NW, Atlanta, GA 30313",30.7,25.43,1.207,13123
2026-09-26T12:58:46.181354-04:00,"265 Park Ave W NW, Atlanta, GA 30313","225 North Ave NW, Atlanta, GA 30332",7.72,7.35,1.05,2086
2026-09-26T12:58:46.721544-04:00,"225 North Ave NW, Atlanta, GA 30332","265 Park Ave W NW, Atlanta, GA 30313",8.95,8.72,1.027,2067
2026-09-26T12:58:47.282582-04:00,"1380 Atlantic Dr NW, Atlanta, GA 30363","3393 Peachtree Rd NE, Atlanta, GA 30326",18.7,17.63,1.06,10266
2026-09-26T12:58:47.806731-04:00,"3393 Peachtree Rd NE, Atlanta, GA 30326","1380 Atlantic Dr NW, Atlanta, GA 30363",21.48,16.83,1.276,10329
2026-09-26T12:58:48.381921-04:00,"1380 Atlantic Dr NW, Atlanta, GA 30363","225 North Ave NW, Atlanta, GA 30332",10.97,10.8,1.015,3264
2026-09-26T12:58:48.924137-04:00,"225 North Ave NW, Atlanta, GA 30332","1380 Atlantic Dr NW, Atlanta, GA 30363",10.78,9.97,1.082,4547
2026-09-26T12:58:49.553445-04:00,"3393 Peachtree Rd NE, Atlanta, GA 30326","225 North Ave NW, Atlanta, GA 30332",26.98,22.28,1.211,12041
2026-09-26T12:58:50.108595-04:00,"225 North Ave NW, Atlanta, GA 30332","3393 Peachtree Rd NE, Atlanta, GA 30326",18.8,17.05,1.103,13722
2026-09-26T12:58:50.608472-04:00,"4400 Ashford Dunwoody Rd, Dunwoody, GA 30346","3393 Peachtree Rd NE, Atlanta, GA 30326",17.03,14.95,1.139,11941
2026-09-26T12:58:51.132013-04:00,"3393 Peachtree Rd NE, Atlanta, GA 30326","4400 Ashford Dunwoody Rd, Dunwoody, GA 30346",16.72,15.77,1.06,11689
2026-09-26T12:58:51.727807-04:00,"101 E Court Square, Decatur, GA 30030","225 North Ave NW, Atlanta, GA 30332",27.67,25.77,1.074,10404
2026-09-26T12:58:52.268234-04:00,"225 North Ave NW, Atlanta, GA 30332","101 E Court Square, Decatur, GA 30030",25.07,23.7,1.058,10272
2026-09-26T12:58:52.810665-04:00,"205 Lawrence St, Marietta, GA 30060","225 North Ave NW, Atlanta, GA 30332",34.62,28.1,1.232,28174
2026-09-26T12:58:53.385367-04:00,"225 North Ave NW, Atlanta, GA 30332","205 Lawrence St, Marietta, GA 30060",27.15,27.07,1.003,30385
2026-09-26T12:58:53.934596-04:00,"1 Galambos Way, Sandy Springs, GA 30328","3393 Peachtree Rd NE, Atlanta, GA 30326",21.13,16.8,1.258,13507
2026-09-26T12:58:54.531336-04:00,"3393 Peachtree Rd NE, Atlanta, GA 30326","1 Galambos Way, Sandy Springs, GA 30328",19.0,18.83,1.009,13941
2026-09-26T12:58:55.031375-04:00,"5485 Chamblee Dunwoody Rd, Dunwoody, GA 30338","3393 Peachtree Rd NE, Atlanta, GA 30326",18.18,18.05,1.007,13634
2026-09-26T12:58:55.641294-04:00,"3393 Peachtree Rd NE, Atlanta, GA 30326","5485 Chamblee Dunwoody Rd, Dunwoody, GA 30338",17.87,17.13,1.043,13651
2026-09-26T12:58:56.221834-04:00,"6400 Sugarloaf Pkwy, Duluth, GA 30097","225 North Ave NW, Atlanta, GA 30332",39.58,31.93,1.24,40710
2026-09-26T12:58:56.805078-04:00,"225 North Ave NW, Atlanta, GA 30332","6400 Sugarloaf Pkwy, Duluth, GA 30097",34.23,32.3,1.06,42787
2026-09-26T12:58:57.510686-04:00,"210 Luckie St, Lawrenceville, GA 30046","225 North Ave NW, Atlanta, GA 30332",47.62,39.97,1.191,48320
2026-09-26T12:58:58.122866-04:00,"225 North Ave NW, Atlanta, GA 30332","210 Luckie St, Lawrenceville, GA 30046",41.17,38.53,1.068,49395
2026-09-26T12:58:58.714061-04:00,"101 E Court Square, Decatur, GA 30030","265 Park Ave W NW, Atlanta, GA 30313",27.08,25.3,1.07,11294
2026-09-26T12:58:59.307294-04:00,"265 Park Ave W NW, Atlanta, GA 30313","101 E Court Square, Decatur, GA 30030",23.65,24.13,0.98,11227
2026-09-26T12:58:59.898098-04:00,"205 Lawrence St, Marietta, GA 30060","265 Park Ave W NW, Atlanta, GA 30313",38.4,26.02,1.476,30558
2026-09-26T12:59:00.477618-04:00,"265 Park Ave W NW, Atlanta, GA 30313","205 Lawrence St, Marietta, GA 30060",28.28,26.75,1.057,30625
2026-09-26T13:04:01.038539-04:00,"6000 N Terminal Pkwy, Atlanta, GA 30320","265 Park Ave W NW, Atlanta, GA 30313",26.05,19.22,1.356,16352
2026-09-26T13:04:01.623473-04:00,"265 Park Ave W NW, Atlanta, GA 30313","6000 N Terminal Pkwy, Atlanta, GA 30320",22.37,24.08,0.929,18182
2026-09-26T13:04:02.306427-04:00,"6000 N Terminal Pkwy, Atlanta, GA 30320","1380 Atlantic Dr NW, Atlanta, GA 30363",27.4,18.35,1.493,20917
2026-09-26T13:04:03.005183-04:00,"1380 Atlantic Dr NW, Atlanta, GA 30363","6000 N Terminal Pkwy, Atlanta, GA 30320",28.78,26.47,1.088,22909
2026-09-26T13:04:03.637364-04:00,"6000 N Terminal Pkwy, Atlanta, GA 30320","3393 Peachtree Rd NE, Atlanta, GA 30326",35.52,25.42,1.397,30092
2026-09-26T13:04:04.215736-04:00,"3393 Peachtree Rd NE, Atlanta, GA 30326","6000 N Terminal Pkwy, Atlanta, GA 30320",42.7,32.25,1.324,31173
2026-09-26T13:04:04.900066-04:00,"6000 N Terminal Pkwy, Atlanta, GA 30320","225 North Ave NW, Atlanta, GA 30332",28.52,28.85,0.988,18926
2026-09-26T13:04:05.491611-04:00,"225 North Ave NW, Atlanta, GA 30332","6000 N Terminal Pkwy, Atlanta, GA 30320",25.13,26.1,0.963,21085
2026-09-26T13:04:06.020179-04:00,"265 Park Ave W NW, Atlanta, GA 30313","1380 Atlantic Dr NW, Atlanta, GA 30363",11.27,10.6,1.063,4925
2026-09-26T13:04:06.619364-04:00,"1380 Atlantic Dr NW, Atlanta, GA 30363","265 Park Ave W NW, Atlanta, GA 30313",15.15,16.02,0.946,5127
2026-09-26T13:04:07.164918-04:00,"265 Park Ave W NW, Atlanta, GA 30313","3393 Peachtree Rd NE, Atlanta, GA 30326",19.47,17.67,1.102,14099
2026-09-26T13:04:07.731110-04:00,"3393 Peachtree Rd NE, Atlanta, GA 30326","265 Park Ave W NW, Atlanta, GA 30313",30.78,19.68,1.564,12990
2026-09-26T13:04:08.389535-04:00,"265 Park Ave W NW, Atlanta, GA 30313","225 North Ave NW, Atlanta, GA 30332",7.82,7.35,1.063,2086
2026-09-26T13:04:08.975484-04:00,"225 North Ave NW, Atlanta, GA 30332","265 Park Ave W NW, Atlanta, GA 30313",9.22,8.72,1.057,2067
2026-09-26T13:04:09.478876-04:00,"1380 Atlantic Dr NW, Atlanta, GA 30363","3393 Peachtree Rd NE, Atlanta, GA 30326",18.17,17.63,1.03,10266
2026-09-26T13:04:10.006222-04:00,"3393 Peachtree Rd NE, Atlanta, GA 30326","1380 Atlantic Dr NW, Atlanta, GA 30363",22.48,16.83,1.336,10329
2026-09-26T13:04:10.622640-04:00,"1380 Atlantic Dr NW, Atlanta, GA 30363","225 North Ave NW, Atlanta, GA 30332",10.4,10.93,0.951,3167
2026-09-26T13:04:11.188649-04:00,"225 North Ave NW, Atlanta, GA 30332","1380 Atlantic Dr NW, Atlanta, GA 30363",10.62,11.27,0.942,4547
2026-09-26T13:04:11.759536-04:00,"3393 Peachtree Rd NE, Atlanta, GA 30326","225 North Ave NW, Atlanta, GA 30332",27.8,22.28,1.248,12041
2026-09-26T13:04:12.403138-04:00,"225 North Ave NW, Atlanta, GA 30332","3393 Peachtree Rd NE, Atlanta, GA 30326",18.92,17.05,1.109,13722
2026-09-26T13:04:12.966120-04:00,"4400 Ashford Dunwoody Rd, Dunwoody, GA 30346","3393 Peachtree Rd NE, Atlanta, GA 30326",17.45,14.95,1.167,11941
2026-09-26T13:04:13.538608-04:00,"3393 Peachtree Rd NE, Atlanta, GA 30326","4400 Ashford Dunwoody Rd, Dunwoody, GA 30346",16.52,15.77,1.048,11689
2026-09-26T13:04:14.073383-04:00,"101 E Court Square, Decatur, GA 30030","225 North Ave NW, Atlanta, GA 30332",27.63,25.77,1.072,10404
2026-09-26T13:04:14.812790-04:00,"225 North Ave NW, Atlanta, GA 30332","101 E Court Square, Decatur, GA 30030",24.82,23.7,1.047,10272
2026-09-26T13:04:15.365325-04:00,"205 Lawrence St, Marietta, GA 30060","225 North Ave NW, Atlanta, GA 30332",35.7,26.1,1.368,29167
2026-09-26T13:04:15.917988-04:00,"225 North Ave NW, Atlanta, GA 30332","205 Lawrence St, Marietta, GA 30060",27.07,27.07,1.0,30385
2026-09-26T13:04:16.541298-04:00,"1 Galambos Way, Sandy Springs, GA 30328","3393 Peachtree Rd NE, Atlanta, GA 30326",19.53,20.5,0.953,13644
2026-09-26T13:04:17.178882-04:00,"3393 Peachtree Rd NE, Atlanta, GA 30326","1 Galambos Way, Sandy Springs, GA 30328",18.98,18.83,1.008,13941
2026-09-26T13:04:17.755323-04:00,"5485 Chamblee Dunwoody Rd, Dunwoody, GA 30338","3393 Peachtree Rd NE, Atlanta, GA 30326",18.07,16.12,1.121,13772
2026-09-26T13:04:18.260684-04:00,"3393 Peachtree Rd NE, Atlanta, GA 30326","5485 Chamblee Dunwoody Rd, Dunwoody, GA 30338",17.8,17.13,1.039,13651
2026-09-26T13:04:18.841671-04:00,"6400 Sugarloaf Pkwy, Duluth, GA 30097","225 North Ave NW, Atlanta, GA 30332",39.2,31.93,1.228,40710
2026-09-26T13:04:19.451649-04:00,"225 North Ave NW, Atlanta, GA 30332","6400 Sugarloaf Pkwy, Duluth, GA 30097",34.1,35.03,0.973,42787
2026-09-26T13:04:19.989997-04:00,"210 Luckie St, Lawrenceville, GA 30046","225 North Ave NW, Atlanta, GA 30332",47.58,39.97,1.191,48320
2026-09-26T13:04:20.589587-04:00,"225 North Ave NW, Atlanta, GA 30332","210 Luckie St, Lawrenceville, GA 30046",40.88,38.53,1.061,49395
2026-09-26T13:04:21.240798-04:00,"101 E Court Square, Decatur, GA 30030","265 Park Ave W NW, Atlanta, GA 30313",26.48,25.3,1.047,11294
2026-09-26T13:04:21.791096-04:00,"265 Park Ave W NW, Atlanta, GA 30313","101 E Court Square, Decatur, GA 30030",23.92,24.13,0.991,11227
2026-09-26T13:04:22.358031-04:00,"205 Lawrence St, Marietta, GA 30060","265 Park Ave W NW, Atlanta, GA 30313",37.02,29.97,1.235,29774
2026-09-26T13:04:22.956175-04:00,"265 Park Ave W NW, Atlanta, GA 30313","205 Lawrence St, Marietta, GA 30060",27.65,27.7,0.998,30762
2026-09-26T13:09:23.520854-04:00,"6000 N Terminal Pkwy, Atlanta, GA 30320","265 Park Ave W NW, Atlanta, GA 30313",26.68,19.22,1.389,16352
2026-09-26T13:09:24.132826-04:00,"265 Park Ave W NW, Atlanta, GA 30313","6000 N Terminal Pkwy, Atlanta, GA 30320",23.02,24.08,0.956,18182
2026-09-26T13:09:24.742747-04:00,"6000 N Terminal Pkwy, Atlanta, GA 30320","1380 Atlantic Dr NW, Atlanta, GA 30363",28.12,18.35,1.532,20917
2026-09-26T13:09:25.407364-04:00,"1380 Atlantic Dr NW, Atlanta, GA 30363","6000 N Terminal Pkwy, Atlanta, GA 30320",28.78,26.47,1.088,22909
2026-09-26T13:09:26.041200-04:00,"6000 N Terminal Pkwy, Atlanta, GA 30320","3393 Peachtree Rd NE, Atlanta, GA 30326",36.33,25.42,1.43,30092
2026-09-26T13:09:26.598430-04:00,"3393 Peachtree Rd NE, Atlanta, GA 30326","6000 N Terminal Pkwy, Atlanta, GA 30320",44.2,32.25,1.371,31173
2026-09-26T13:09:27.202093-04:00,"6000 N Terminal Pkwy, Atlanta, GA 30320","225 North Ave NW, Atlanta, GA 30332",28.83,20.07,1.437,19282
2026-09-26T13:09:27.698313-04:00,"225 North Ave NW, Atlanta, GA 30332","6000 N Terminal Pkwy, Atlanta, GA 30320",24.88,23.0,1.082,21085
2026-09-26T13:09:28.255362-04:00,"265 Park Ave W NW, Atlanta, GA 30313","1380 Atlantic Dr NW, Atlanta, GA 30363",10.92,10.6,1.03,4925
2026-09-26T13:09:28.812213-04:00,"1380 Atlantic Dr NW, Atlanta, GA 30363","265 Park Ave W NW, Atlanta, GA 30313",15.38,13.37,1.151,5127
2026-09-26T13:09:29.335046-04:00,"265 Park Ave W NW, Atlanta, GA 30313","3393 Peachtree Rd NE, Atlanta, GA 30326",19.37,17.57,1.102,13962
2026-09-26T13:09:29.900098-04:00,"3393 Peachtree Rd NE, Atlanta, GA 30326","265 Park Ave W NW, Atlanta, GA 30313",32.2,19.68,1.636,12990
2026-09-26T13:09:30.451520-04:00,"265 Park Ave W NW, Atlanta, GA 30313","225 North Ave NW, Atlanta, GA 30332",7.77,7.35,1.057,2086
2026-09-26T13:09:31.037806-04:00,"225 North Ave NW, Atlanta, GA 30332","265 Park Ave W NW, Atlanta, GA 30313",9.27,8.72,1.063,2067
2026-09-26T13:09:31.616715-04:00,"1380 Atlantic Dr NW, Atlanta, GA 30363","3393 Peachtree Rd NE, Atlanta, GA 30326",18.27,17.63,1.036,10266
2026-09-26T13:09:32.118096-04:00,"3393 Peachtree Rd NE, Atlanta, GA 30326","1380 Atlantic Dr NW, Atlanta, GA 30363",21.97,20.9,1.051,8869
2026-09-26T13:09:32.665737-04:00,"1380 Atlantic Dr NW, Atlanta, GA 30363","225 North Ave NW, Atlanta, GA 30332",10.17,10.8,0.941,3264
2026-09-26T13:09:33.196090-04:00,"225 North Ave NW, Atlanta, GA 30332","1380 Atlantic Dr NW, Atlanta, GA 30363",10.58,9.97,1.062,4547
2026-09-26T13:09:33.729741-04:00,"3393 Peachtree Rd NE, Atlanta, GA 30326","225 North Ave NW, Atlanta, GA 30332",27.28,26.35,1.035,10581
2026-09-26T13:09:34.337603-04:00,"225 North Ave NW, Atlanta, GA 30332","3393 Peachtree Rd NE, Atlanta, GA 30326",18.75,17.05,1.1,13722
2026-09-26T13:09:35.001438-04:00,"4400 Ashford Dunwoody Rd, Dunwoody, GA 30346","3393 Peachtree Rd NE, Atlanta, GA 30326",17.3,14.95,1.157,11941
2026-09-26T13:09:35.567856-04:00,"3393 Peachtree Rd NE, Atlanta, GA 30326","4400 Ashford Dunwoody Rd, Dunwoody, GA 30346",16.4,15.77,1.04,11689
2026-09-26T13:09:36.236285-04:00,"101 E Court Square, Decatur, GA 30030","225 North Ave NW, Atlanta, GA 30332",27.25,28.35,0.961,10404
2026-09-26T13:09:36.784393-04:00,"225 North Ave NW, Atlanta, GA 30332","101 E Court Square, Decatur, GA 30030",24.72,23.7,1.043,10272
2026-09-26T13:09:37.397198-04:00,"205 Lawrence St, Marietta, GA 30060","225 North Ave NW, Atlanta, GA 30332",34.82,26.1,1.334,29167
2026-09-26T13:09:37.897638-04:00,"225 North Ave NW, Atlanta, GA 30332","205 Lawrence St, Marietta, GA 30060",27.18,27.07,1.004,30385
2026-09-26T13:09:38.431310-04:00,"1 Galambos Way, Sandy Springs, GA 30328","3393 Peachtree Rd NE, Atlanta, GA 30326",19.87,16.8,1.183,13507
2026-09-26T13:09:39.018833-04:00,"3393 Peachtree Rd NE, Atlanta, GA 30326","1 Galambos Way, Sandy Springs, GA 30328",19.03,18.83,1.011,13941
2026-09-26T13:09:39.639595-04:00,"5485 Chamblee Dunwoody Rd, Dunwoody, GA 30338","3393 Peachtree Rd NE, Atlanta, GA 30326",18.43,16.12,1.144,13772
2026-09-26T13:09:40.161829-04:00,"3393 Peachtree Rd NE, Atlanta, GA 30326","5485 Chamblee Dunwoody Rd, Dunwoody, GA 30338",17.52,17.13,1.022,13651
2026-09-26T13:09:40.750245-04:00,"6400 Sugarloaf Pkwy, Duluth, GA 30097","225 North Ave NW, Atlanta, GA 30332",39.58,31.93,1.24,40710
2026-09-26T13:09:41.311358-04:00,"225 North Ave NW, Atlanta, GA 30332","6400 Sugarloaf Pkwy, Duluth, GA 30097",34.13,32.3,1.057,42787
2026-09-26T13:09:41.885891-04:00,"210 Luckie St, Lawrenceville, GA 30046","225 North Ave NW, Atlanta, GA 30332",47.97,39.97,1.2,48320
2026-09-26T13:09:42.478393-04:00,"225 North Ave NW, Atlanta, GA 30332","210 Luckie St, Lawrenceville, GA 30046",41.0,38.53,1.064,49395
2026-09-26T13:09:43.035930-04:00,"101 E Court Square, Decatur, GA 30030","265 Park Ave W NW, Atlanta, GA 30313",26.62,25.3,1.052,11294
2026-09-26T13:09:43.611647-04:00,"265 Park Ave W NW, Atlanta, GA 30313","101 E Court Square, Decatur, GA 30030",23.97,24.13,0.993,11227
2026-09-26T13:09:44.112159-04:00,"205 Lawrence St, Marietta, GA 30060","265 Park Ave W NW, Atlanta, GA 30313",37.1,26.02,1.426,30558
2026-09-26T13:09:44.676342-04:00,"265 Park Ave W NW, Atlanta, GA 30313","205 Lawrence St, Marietta, GA 30060",27.5,27.7,0.993,30762
2026-09-26T13:14:45.229056-04:00,"6000 N Terminal Pkwy, Atlanta, GA 30320","265 Park Ave W NW, Atlanta, GA 30313",27.15,19.22,1.413,16352
2026-09-26T13:14:45.719182-04:00,"265 Park Ave W NW, Atlanta, GA 30313","6000 N Terminal Pkwy, Atlanta, GA 30320",23.03,24.08,0.956,18182
2026-09-26T13:14:46.280616-04:00,"6000 N Terminal Pkwy, Atlanta, GA 30320","1380 Atlantic Dr NW, Atlanta, GA 30363",28.78,18.35,1.569,20917
2026-09-26T13:14:46.882922-04:00,"1380 Atlantic Dr NW, Atlanta, GA 30363","6000 N Terminal Pkwy, Atlanta, GA 30320",30.48,24.75,1.232,22561
2026-09-26T13:14:47.487896-04:00,"6000 N Terminal Pkwy, Atlanta, GA 30320","3393 Peachtree Rd NE, Atlanta, GA 30326",37.12,25.42,1.46,30092
2026-09-26T13:14:48.132654-04:00,"3393 Peachtree Rd NE, Atlanta, GA 30326","6000 N Terminal Pkwy, Atlanta, GA 30320",44.25,32.25,1.372,31173
2026-09-26T13:14:48.740067-04:00,"6000 N Terminal Pkwy, Atlanta, GA 30320","225 North Ave NW, Atlanta, GA 30332",29.75,19.63,1.515,18926
2026-09-26T13:14:49.339271-04:00,"225 North Ave NW, Atlanta, GA 30332","6000 N Terminal Pkwy, Atlanta, GA 30320",25.1,23.0,1.091,21085
2026-09-26T13:14:49.876822-04:00,"265 Park Ave W NW, Atlanta, GA 30313","1380 Atlantic Dr NW, Atlanta, GA 30363",10.92,10.6,1.03,4925
2026-09-26T13:14:50.424762-04:00,"1380 Atlantic Dr NW, Atlanta, GA 30363","265 Park Ave W NW, Atlanta, GA 30313",15.33,13.37,1.147,5127
2026-09-26T13:14:51.018703-04:00,"265 Park Ave W NW, Atlanta, GA 30313","3393 Peachtree Rd NE, Atlanta, GA 30326",19.17,17.67,1.085,14099
2026-09-26T13:14:51.563282-04:00,"3393 Peachtree Rd NE, Atlanta, GA 30326","265 Park Ave W NW, Atlanta, GA 30313",31.62,19.68,1.606,12990
2026-09-26T13:14:52.074413-04:00,"265 Park Ave W NW, Atlanta, GA 30313","225 North Ave NW, Atlanta, GA 30332",7.62,8.08,0.942,2086
2026-09-26T13:14:52.640905-04:00,"225 North Ave NW, Atlanta, GA 30332","265 Park Ave W NW, Atlanta, GA 30313",9.58,8.72,1.099,2067
2026-09-26T13:14:53.519269-04:00,"1380 Atlantic Dr NW, Atlanta, GA 30363","3393 Peachtree Rd NE, Atlanta, GA 30326",18.43,17.63,1.045,10266
2026-09-26T13:14:54.059939-04:00,"3393 Peachtree Rd NE, Atlanta, GA 30326","1380 Atlantic Dr NW, Atlanta, GA 30363",22.33,20.9,1.069,8869
2026-09-26T13:14:54.675145-04:00,"1380 Atlantic Dr NW, Atlanta, GA 30363","225 North Ave NW, Atlanta, GA 30332",10.35,10.93,0.947,3167
2026-09-26T13:14:55.226227-04:00,"225 North Ave NW, Atlanta, GA 30332","1380 Atlantic Dr NW, Atlanta, GA 30363",10.53,9.97,1.057,4547
2026-09-26T13:14:55.787338-04:00,"3393 Peachtree Rd NE, Atlanta, GA 30326","225 North Ave NW, Atlanta, GA 30332",27.52,26.35,1.044,10581
2026-09-26T13:14:56.333046-04:00,"225 North Ave NW, Atlanta, GA 30332","3393 Peachtree Rd NE, Atlanta, GA 30326",19.03,16.93,1.124,13584
2026-09-26T13:14:56.984333-04:00,"4400 Ashford Dunwoody Rd, Dunwoody, GA 30346","3393 Peachtree Rd NE, Atlanta, GA 30326",17.35,14.83,1.17,11803
2026-09-26T13:14:57.540040-04:00,"3393 Peachtree Rd NE, Atlanta, GA 30326","4400 Ashford Dunwoody Rd, Dunwoody, GA 30346",17.15,15.77,1.088,11689
2026-09-26T13:14:58.232456-04:00,"101 E Court Square, Decatur, GA 30030","225 North Ave NW, Atlanta, GA 30332",27.35,25.77,1.061,10404
2026-09-26T13:14:58.850965-04:00,"225 North Ave NW, Atlanta, GA 30332","101 E Court Square, Decatur, GA 30030",24.65,23.7,1.04,10272
2026-09-26T13:14:59.438576-04:00,"205 Lawrence St, Marietta, GA 30060","225 North Ave NW, Atlanta, GA 30332",33.47,26.1,1.282,29167
2026-09-26T13:15:00.024224-04:00,"225 North Ave NW, Atlanta, GA 30332","205 Lawrence St, Marietta, GA 30060",27.03,27.07,0.999,30385
2026-09-26T13:15:00.585033-04:00,"1 Galambos Way, Sandy Springs, GA 30328","3393 Peachtree Rd NE, Atlanta, GA 30326",20.18,18.23,1.107,14496
2026-09-26T13:15:01.178599-04:00,"3393 Peachtree Rd NE, Atlanta, GA 30326","1 Galambos Way, Sandy Springs, GA 30328",19.15,18.83,1.017,13941
2026-09-26T13:15:01.705579-04:00,"5485 Chamblee Dunwoody Rd, Dunwoody, GA 30338","3393 Peachtree Rd NE, Atlanta, GA 30326",17.77,16.02,1.109,13634
2026-09-26T13:15:02.221916-04:00,"3393 Peachtree Rd NE, Atlanta, GA 30326","5485 Chamblee Dunwoody Rd, Dunwoody, GA 30338",17.9,17.13,1.045,13651
2026-09-26T13:15:02.889335-04:00,"6400 Sugarloaf Pkwy, Duluth, GA 30097","225 North Ave NW, Atlanta, GA 30332",40.05,31.93,1.254,40710
2026-09-26T13:15:03.411699-04:00,"225 North Ave NW, Atlanta, GA 30332","6400 Sugarloaf Pkwy, Duluth, GA 30097",34.18,32.3,1.058,42778
2026-09-26T13:15:03.944330-04:00,"210 Luckie St, Lawrenceville, GA 30046","225 North Ave NW, Atlanta, GA 30332",48.13,39.97,1.204,48320
2026-09-26T13:15:04.557321-04:00,"225 North Ave NW, Atlanta, GA 30332","210 Luckie St, Lawrenceville, GA 30046",40.98,38.53,1.064,49395
2026-09-26T13:15:05.185291-04:00,"101 E Court Square, Decatur, GA 30030","265 Park Ave W NW, Atlanta, GA 30313",26.5,25.3,1.047,11294
2026-09-26T13:15:05.759573-04:00,"265 Park Ave W NW, Atlanta, GA 30313","101 E Court Square, Decatur, GA 30030",23.8,24.13,0.986,11227
2026-09-26T13:15:06.326973-04:00,"205 Lawrence St, Marietta, GA 30060","265 Park Ave W NW, Atlanta, GA 30313",35.07,30.35,1.155,29856
2026-09-26T13:15:06.936272-04:00,"265 Park Ave W NW, Atlanta, GA 30313","205 Lawrence St, Marietta, GA 30060",27.45,27.7,0.991,30762
2026-09-26T13:20:07.518202-04:00,"6000 N Terminal Pkwy, Atlanta, GA 30320","265 Park Ave W NW, Atlanta, GA 30313",26.65,19.22,1.387,16352
2026-09-26T13:20:08.010450-04:00,"265 Park Ave W NW, Atlanta, GA 30313","6000 N Terminal Pkwy, Atlanta, GA 30320",22.77,24.08,0.945,18182
2026-09-26T13:20:08.553982-04:00,"6000 N Terminal Pkwy, Atlanta, GA 30320","1380 Atlantic Dr NW, Atlanta, GA 30363",28.08,18.35,1.53,20917
2026-09-26T13:20:09.190269-04:00,"1380 Atlantic Dr NW, Atlanta, GA 30363","6000 N Terminal Pkwy, Atlanta, GA 30320",31.1,24.75,1.257,22561
2026-09-26T13:20:09.752753-04:00,"6000 N Terminal Pkwy, Atlanta, GA 30320","3393 Peachtree Rd NE, Atlanta, GA 30326",36.55,25.32,1.444,29954
2026-09-26T13:20:10.392970-04:00,"3393 Peachtree Rd NE, Atlanta, GA 30326","6000 N Terminal Pkwy, Atlanta, GA 30320",43.47,30.67,1.417,32013
2026-09-26T13:20:10.946293-04:00,"6000 N Terminal Pkwy, Atlanta, GA 30320","225 North Ave NW, Atlanta, GA 30332",28.97,19.63,1.475,18926
2026-09-26T13:20:11.553496-04:00,"225 North Ave NW, Atlanta, GA 30332","6000 N Terminal Pkwy, Atlanta, GA 30320",24.57,23.0,1.068,21085
2026-09-26T13:20:12.112202-04:00,"265 Park Ave W NW, Atlanta, GA 30313","1380 Atlantic Dr NW, Atlanta, GA 30363",11.3,10.6,1.066,4925
2026-09-26T13:20:12.628611-04:00,"1380 Atlantic Dr NW, Atlanta, GA 30363","265 Park Ave W NW, Atlanta, GA 30313",15.25,16.28,0.937,5127
2026-09-26T13:20:13.178803-04:00,"265 Park Ave W NW, Atlanta, GA 30313","3393 Peachtree Rd NE, Atlanta, GA 30326",19.55,17.57,1.113,13962
2026-09-26T13:20:13.784598-04:00,"3393 Peachtree Rd NE, Atlanta, GA 30326","265 Park Ave W NW, Atlanta, GA 30313",31.13,18.1,1.72,13831
2026-09-26T13:20:14.302243-04:00,"265 Park Ave W NW, Atlanta, GA 30313","225 North Ave NW, Atlanta, GA 30332",7.9,7.35,1.075,2086
2026-09-26T13:20:14.929408-04:00,"225 North Ave NW, Atlanta, GA 30332","265 Park Ave W NW, Atlanta, GA 30313",9.45,8.42,1.123,2214
2026-09-26T13:20:15.544618-04:00,"1380 Atlantic Dr NW, Atlanta, GA 30363","3393 Peachtree Rd NE, Atlanta, GA 30326",18.4,17.88,1.029,10567
2026-09-26T13:20:16.127652-04:00,"3393 Peachtree Rd NE, Atlanta, GA 30326","1380 Atlantic Dr NW, Atlanta, GA 30363",22.13,20.9,1.059,8869
2026-09-26T13:20:16.654721-04:00,"1380 Atlantic Dr NW, Atlanta, GA 30363","225 North Ave NW, Atlanta, GA 30332",10.25,10.8,0.949,3264
2026-09-26T13:20:17.203266-04:00,"225 North Ave NW, Atlanta, GA 30332","1380 Atlantic Dr NW, Atlanta, GA 30363",10.78,9.97,1.082,4547
2026-09-26T13:20:17.839208-04:00,"3393 Peachtree Rd NE, Atlanta, GA 30326","225 North Ave NW, Atlanta, GA 30332",27.45,26.35,1.042,10581
2026-09-26T13:20:18.366664-04:00,"225 North Ave NW, Atlanta, GA 30332","3393 Peachtree Rd NE, Atlanta, GA 30326",19.08,16.93,1.127,13584
2026-09-26T13:20:18.881086-04:00,"4400 Ashford Dunwoody Rd, Dunwoody, GA 30346","3393 Peachtree Rd NE, Atlanta, GA 30326",17.38,14.83,1.172,11803
2026-09-26T13:20:19.414338-04:00,"3393 Peachtree Rd NE, Atlanta, GA 30326","4400 Ashford Dunwoody Rd, Dunwoody, GA 30346",17.12,15.77,1.086,11689
2026-09-26T13:20:19.954515-04:00,"101 E Court Square, Decatur, GA 30030","225 North Ave NW, Atlanta, GA 30332",27.22,25.77,1.056,10404
2026-09-26T13:20:20.637350-04:00,"225 North Ave NW, Atlanta, GA 30332","101 E Court Square, Decatur, GA 30030",24.6,23.7,1.038,10272
2026-09-26T13:20:21.295134-04:00,"205 Lawrence St, Marietta, GA 30060","225 North Ave NW, Atlanta, GA 30332",33.47,26.1,1.282,29167
2026-09-26T13:20:21.868690-04:00,"225 North Ave NW, Atlanta, GA 30332","205 Lawrence St, Marietta, GA 30060",27.3,27.1,1.007,28974
2026-09-26T13:20:22.397371-04:00,"1 Galambos Way, Sandy Springs, GA 30328","3393 Peachtree Rd NE, Atlanta, GA 30326",19.8,20.7,0.957,13506
2026-09-26T13:20:23.043760-04:00,"3393 Peachtree Rd NE, Atlanta, GA 30326","1 Galambos Way, Sandy Springs, GA 30328",19.73,18.83,1.048,13941
2026-09-26T13:20:23.703768-04:00,"5485 Chamblee Dunwoody Rd, Dunwoody, GA 30338","3393 Peachtree Rd NE, Atlanta, GA 30326",18.0,16.02,1.124,13634
2026-09-26T13:20:24.241373-04:00,"3393 Peachtree Rd NE, Atlanta, GA 30326","5485 Chamblee Dunwoody Rd, Dunwoody, GA 30338",18.38,17.13,1.073,13651
2026-09-26T13:20:24.877433-04:00,"6400 Sugarloaf Pkwy, Duluth, GA 30097","225 North Ave NW, Atlanta, GA 30332",39.37,31.93,1.233,40710
2026-09-26T13:20:25.452284-04:00,"225 North Ave NW, Atlanta, GA 30332","6400 Sugarloaf Pkwy, Duluth, GA 30097",34.08,32.3,1.055,42778
2026-09-26T13:20:26.033311-04:00,"210 Luckie St, Lawrenceville, GA 30046","225 North Ave NW, Atlanta, GA 30332",47.4,39.97,1.186,48320
2026-09-26T13:20:26.654357-04:00,"225 North Ave NW, Atlanta, GA 30332","210 Luckie St, Lawrenceville, GA 30046",40.93,38.53,1.062,49395
2026-09-26T13:20:27.282923-04:00,"101 E Court Square, Decatur, GA 30030","265 Park Ave W NW, Atlanta, GA 30313",26.28,25.3,1.039,11294
2026-09-26T13:20:27.881469-04:00,"265 Park Ave W NW, Atlanta, GA 30313","101 E Court Square, Decatur, GA 30030",24.18,24.13,1.002,11227
2026-09-26T13:20:28.415732-04:00,"205 Lawrence St, Marietta, GA 30060","265 Park Ave W NW, Atlanta, GA 30313",33.93,30.35,1.118,29856
2026-09-26T13:20:28.933203-04:00,"265 Park Ave W NW, Atlanta, GA 30313","205 Lawrence St, Marietta, GA 30060",27.78,27.73,1.002,29352
2026-09-26T13:25:29.553371-04:00,"6000 N Terminal Pkwy, Atlanta, GA 30320","265 Park Ave W NW, Atlanta, GA 30313",26.03,19.22,1.355,16352
2026-09-26T13:25:30.222791-04:00,"265 Park Ave W NW, Atlanta, GA 30313","6000 N Terminal Pkwy, Atlanta, GA 30320",23.03,24.08,0.956,18182
2026-09-26T13:25:30.833824-04:00,"6000 N Terminal Pkwy, Atlanta, GA 30320","1380 Atlantic Dr NW, Atlanta, GA 30363",27.53,18.35,1.5,20917
2026-09-26T13:25:31.503265-04:00,"1380 Atlantic Dr NW, Atlanta, GA 30363","6000 N Terminal Pkwy, Atlanta, GA 30320",29.32,26.47,1.108,22909
2026-09-26T13:25:32.310555-04:00,"6000 N Terminal Pkwy, Atlanta, GA 30320","3393 Peachtree Rd NE, Atlanta, GA 30326",35.6,25.42,1.401,30092
2026-09-26T13:25:32.924578-04:00,"3393 Peachtree Rd NE, Atlanta, GA 30326","6000 N Terminal Pkwy, Atlanta, GA 30320",41.98,32.25,1.302,31173
2026-09-26T13:25:33.693460-04:00,"6000 N Terminal Pkwy, Atlanta, GA 30320","225 North Ave NW, Atlanta, GA 30332",28.25,19.63,1.439,18926
2026-09-26T13:25:34.383508-04:00,"225 North Ave NW, Atlanta, GA 30332","6000 N Terminal Pkwy, Atlanta, GA 30320",24.58,23.0,1.069,21085
2026-09-26T13:25:34.912194-04:00,"265 Park Ave W NW, Atlanta, GA 30313","1380 Atlantic Dr NW, Atlanta, GA 30363",11.05,10.6,1.042,4925
2026-09-26T13:25:35.468572-04:00,"1380 Atlantic Dr NW, Atlanta, GA 30363","265 Park Ave W NW, Atlanta, GA 30313",15.18,13.37,1.136,5127
2026-09-26T13:25:36.044938-04:00,"265 Park Ave W NW, Atlanta, GA 30313","3393 Peachtree Rd NE, Atlanta, GA 30326",18.83,17.67,1.066,14099
2026-09-26T13:25:36.599344-04:00,"3393 Peachtree Rd NE, Atlanta, GA 30326","265 Park Ave W NW, Atlanta, GA 30313",29.65,19.68,1.506,12990
2026-09-26T13:25:37.233912-04:00,"265 Park Ave W NW, Atlanta, GA 30313","225 North Ave NW, Atlanta, GA 30332",7.65,7.35,1.041,2086
2026-09-26T13:25:37.811050-04:00,"225 North Ave NW, Atlanta, GA 30332","265 Park Ave W NW, Atlanta, GA 30313",8.72,8.72,1.0,2067
2026-09-26T13:25:38.436742-04:00,"1380 Atlantic Dr NW, Atlanta, GA 30363","3393 Peachtree Rd NE, Atlanta, GA 30326",18.6,19.17,0.97,10265
2026-09-26T13:25:39.039393-04:00,"3393 Peachtree Rd NE, Atlanta, GA 30326","1380 Atlantic Dr NW, Atlanta, GA 30363",20.87,16.83,1.24,10329
2026-09-26T13:25:39.669382-04:00,"1380 Atlantic Dr NW, Atlanta, GA 30363","225 North Ave NW, Atlanta, GA 30332",10.7,10.47,1.022,2985
2026-09-26T13:25:40.232120-04:00,"225 North Ave NW, Atlanta, GA 30332","1380 Atlantic Dr NW, Atlanta, GA 30363",10.97,9.97,1.1,4547
2026-09-26T13:25:40.914575-04:00,"3393 Peachtree Rd NE, Atlanta, GA 30326","225 North Ave NW, Atlanta, GA 30332",26.13,19.82,1.319,11615
2026-09-26T13:25:41.416931-04:00,"225 North Ave NW, Atlanta, GA 30332","3393 Peachtree Rd NE, Atlanta, GA 30326",18.77,17.05,1.101,13722
2026-09-26T13:25:42.133069-04:00,"4400 Ashford Dunwoody Rd, Dunwoody, GA 30346","3393 Peachtree Rd NE, Atlanta, GA 30326",16.88,14.95,1.129,11941
2026-09-26T13:25:42.696084-04:00,"3393 Peachtree Rd NE, Atlanta, GA 30326","4400 Ashford Dunwoody Rd, Dunwoody, GA 30346",17.42,15.77,1.105,11689
2026-09-26T13:25:43.370998-04:00,"101 E Court Square, Decatur, GA 30030","225 North Ave NW, Atlanta, GA 30332",27.22,25.77,1.056,10404
2026-09-26T13:25:43.932029-04:00,"225 North Ave NW, Atlanta, GA 30332","101 E Court Square, Decatur, GA 30030",24.88,23.7,1.05,10272
2026-09-26T13:25:44.551114-04:00,"205 Lawrence St, Marietta, GA 30060","225 North Ave NW, Atlanta, GA 30332",34.43,26.1,1.319,29167
2026-09-26T13:25:45.191787-04:00,"225 North Ave NW, Atlanta, GA 30332","205 Lawrence St, Marietta, GA 30060",27.52,27.1,1.015,28974
2026-09-26T13:25:45.790931-04:00,"1 Galambos Way, Sandy Springs, GA 30328","3393 Peachtree Rd NE, Atlanta, GA 30326",19.58,16.9,1.159,13644
2026-09-26T13:25:46.365544-04:00,"3393 Peachtree Rd NE, Atlanta, GA 30326","1 Galambos Way, Sandy Springs, GA 30328",19.45,18.83,1.033,13941
2026-09-26T13:25:47.019147-04:00,"5485 Chamblee Dunwoody Rd, Dunwoody, GA 30338","3393 Peachtree Rd NE, Atlanta, GA 30326",17.35,16.12,1.077,13772
2026-09-26T13:25:47.593126-04:00,"3393 Peachtree Rd NE, Atlanta, GA 30326","5485 Chamblee Dunwoody Rd, Dunwoody, GA 30338",18.45,17.13,1.077,13651
2026-09-26T13:25:48.270339-04:00,"6400 Sugarloaf Pkwy, Duluth, GA 30097","225 North Ave NW, Atlanta, GA 30332",39.9,31.93,1.249,40710
2026-09-26T13:25:48.851871-04:00,"225 North Ave NW, Atlanta, GA 30332","6400 Sugarloaf Pkwy, Duluth, GA 30097",34.38,32.3,1.064,42778
2026-09-26T13:25:49.464044-04:00,"210 Luckie St, Lawrenceville, GA 30046","225 North Ave NW, Atlanta, GA 30332",48.05,39.97,1.202,48320
2026-09-26T13:25:50.092399-04:00,"225 North Ave NW, Atlanta, GA 30332","210 Luckie St, Lawrenceville, GA 30046",40.85,38.53,1.06,49395
2026-09-26T13:25:50.730447-04:00,"101 E Court Square, Decatur, GA 30030","265 Park Ave W NW, Atlanta, GA 30313",26.42,25.3,1.044,11294
2026-09-26T13:25:51.258465-04:00,"265 Park Ave W NW, Atlanta, GA 30313","101 E Court Square, Decatur, GA 30030",24.43,24.13,1.012,11227
2026-09-26T13:25:51.832117-04:00,"205 Lawrence St, Marietta, GA 30060","265 Park Ave W NW, Atlanta, GA 30313",34.78,30.35,1.146,29856
2026-09-26T13:25:52.415202-04:00,"265 Park Ave W NW, Atlanta, GA 30313","205 Lawrence St, Marietta, GA 30060",27.57,27.73,0.994,29352
2026-09-26T13:30:53.061793-04:00,"6000 N Terminal Pkwy, Atlanta, GA 30320","265 Park Ave W NW, Atlanta, GA 30313",26.52,19.22,1.38,16352
2026-09-26T13:30:53.697594-04:00,"265 Park Ave W NW, Atlanta, GA 30313","6000 N Terminal Pkwy, Atlanta, GA 30320",23.13,24.08,0.961,18182
2026-09-26T13:30:54.340708-04:00,"6000 N Terminal Pkwy, Atlanta, GA 30320","1380 Atlantic Dr NW, Atlanta, GA 30363",28.67,18.35,1.562,20917
2026-09-26T13:30:55.038227-04:00,"1380 Atlantic Dr NW, Atlanta, GA 30363","6000 N Terminal Pkwy, Atlanta, GA 30320",29.93,26.47,1.131,22909
2026-09-26T13:30:55.655804-04:00,"6000 N Terminal Pkwy, Atlanta, GA 30320","3393 Peachtree Rd NE, Atlanta, GA 30326",37.0,25.32,1.461,29954
2026-09-26T13:30:56.225073-04:00,"3393 Peachtree Rd NE, Atlanta, GA 30326","6000 N Terminal Pkwy, Atlanta, GA 30320",41.15,32.25,1.276,31173
2026-09-26T13:30:56.836401-04:00,"6000 N Terminal Pkwy, Atlanta, GA 30320","225 North Ave NW, Atlanta, GA 30332",28.98,20.07,1.444,19282
2026-09-26T13:30:57.362753-04:00,"225 North Ave NW, Atlanta, GA 30332","6000 N Terminal Pkwy, Atlanta, GA 30320",24.85,23.0,1.08,21085
2026-09-26T13:30:57.914904-04:00,"265 Park Ave W NW, Atlanta, GA 30313","1380 Atlantic Dr NW, Atlanta, GA 30363",11.33,10.6,1.069,4925
2026-09-26T13:30:58.536269-04:00,"1380 Atlantic Dr NW, Atlanta, GA 30363","265 Park Ave W NW, Atlanta, GA 30313",15.07,13.75,1.096,5209
2026-09-26T13:30:59.214445-04:00,"265 Park Ave W NW, Atlanta, GA 30313","3393 Peachtree Rd NE, Atlanta, GA 30326",19.45,17.57,1.107,13962
2026-09-26T13:30:59.841875-04:00,"3393 Peachtree Rd NE, Atlanta, GA 30326","265 Park Ave W NW, Atlanta, GA 30313",28.55,19.68,1.45,12990
2026-09-26T13:31:00.455716-04:00,"265 Park Ave W NW, Atlanta, GA 30313","225 North Ave NW, Atlanta, GA 30332",7.45,7.62,0.978,2086
2026-09-26T13:31:00.955922-04:00,"225 North Ave NW, Atlanta, GA 30332","265 Park Ave W NW, Atlanta, GA 30313",8.95,8.72,1.027,2067
2026-09-26T13:31:01.609559-04:00,"1380 Atlantic Dr NW, Atlanta, GA 30363","3393 Peachtree Rd NE, Atlanta, GA 30326",18.43,17.88,1.031,10567
2026-09-26T13:31:02.161833-04:00,"3393 Peachtree Rd NE, Atlanta, GA 30326","1380 Atlantic Dr NW, Atlanta, GA 30363",20.18,16.83,1.199,10329
2026-09-26T13:31:02.716621-04:00,"1380 Atlantic Dr NW, Atlanta, GA 30363","225 North Ave NW, Atlanta, GA 30332",10.78,10.47,1.03,2985
2026-09-26T13:31:03.315322-04:00,"225 North Ave NW, Atlanta, GA 30332","1380 Atlantic Dr NW, Atlanta, GA 30363",11.07,11.48,0.964,3461
2026-09-26T13:31:03.985350-04:00,"3393 Peachtree Rd NE, Atlanta, GA 30326","225 North Ave NW, Atlanta, GA 30332",25.6,22.28,1.149,12041
2026-09-26T13:31:04.682603-04:00,"225 North Ave NW, Atlanta, GA 30332","3393 Peachtree Rd NE, Atlanta, GA 30326",19.32,16.93,1.141,13584
2026-09-26T13:31:05.416708-04:00,"4400 Ashford Dunwoody Rd, Dunwoody, GA 30346","3393 Peachtree Rd NE, Atlanta, GA 30326",17.07,14.83,1.151,11803
2026-09-26T13:31:06.071869-04:00,"3393 Peachtree Rd NE, Atlanta, GA 30326","4400 Ashford Dunwoody Rd, Dunwoody, GA 30346",17.17,15.77,1.089,11689
2026-09-26T13:31:06.674008-04:00,"101 E Court Square, Decatur, GA 30030","225 North Ave NW, Atlanta, GA 30332",27.4,25.1,1.092,10208
2026-09-26T13:31:07.244650-04:00,"225 North Ave NW, Atlanta, GA 30332","101 E Court Square, Decatur, GA 30030",24.93,23.7,1.052,10272
2026-09-26T13:31:07.830026-04:00,"205 Lawrence St, Marietta, GA 30060","225 North Ave NW, Atlanta, GA 30332",35.38,26.1,1.356,29167
2026-09-26T13:31:08.398624-04:00,"225 North Ave NW, Atlanta, GA 30332","205 Lawrence St, Marietta, GA 30060",27.73,27.1,1.023,28974
2026-09-26T13:31:08.974773-04:00,"1 Galambos Way, Sandy Springs, GA 30328","3393 Peachtree Rd NE, Atlanta, GA 30326",20.7,18.13,1.142,14358
2026-09-26T13:31:09.491855-04:00,"3393 Peachtree Rd NE, Atlanta, GA 30326","1 Galambos Way, Sandy Springs, GA 30328",18.95,18.83,1.006,13941
2026-09-26T13:31:10.059507-04:00,"5485 Chamblee Dunwoody Rd, Dunwoody, GA 30338","3393 Peachtree Rd NE, Atlanta, GA 30326",18.02,16.12,1.118,13772
2026-09-26T13:31:10.575654-04:00,"3393 Peachtree Rd NE, Atlanta, GA 30326","5485 Chamblee Dunwoody Rd, Dunwoody, GA 30338",17.95,17.13,1.048,13651
2026-09-26T13:31:11.148039-04:00,"6400 Sugarloaf Pkwy, Duluth, GA 30097","225 North Ave NW, Atlanta, GA 30332",39.17,31.93,1.227,40710
2026-09-26T13:31:11.757803-04:00,"225 North Ave NW, Atlanta, GA 30332","6400 Sugarloaf Pkwy, Duluth, GA 30097",35.57,32.3,1.101,42778
2026-09-26T13:31:12.300493-04:00,"210 Luckie St, Lawrenceville, GA 30046","225 North Ave NW, Atlanta, GA 30332",47.6,39.97,1.191,48320
2026-09-26T13:31:12.860411-04:00,"225 North Ave NW, Atlanta, GA 30332","210 Luckie St, Lawrenceville, GA 30046",41.97,42.5,0.987,49395
2026-09-26T13:31:13.610829-04:00,"101 E Court Square, Decatur, GA 30030","265 Park Ave W NW, Atlanta, GA 30313",26.27,25.3,1.038,11294
2026-09-26T13:31:14.210371-04:00,"265 Park Ave W NW, Atlanta, GA 30313","101 E Court Square, Decatur, GA 30030",24.1,24.13,0.999,11227
2026-09-26T13:31:14.803263-04:00,"205 Lawrence St, Marietta, GA 30060","265 Park Ave W NW, Atlanta, GA 30313",38.57,26.02,1.482,30558
2026-09-26T13:31:15.410508-04:00,"265 Park Ave W NW, Atlanta, GA 30313","205 Lawrence St, Marietta, GA 30060",27.72,27.73,0.999,29352
2026-09-26T13:36:16.125302-04:00,"6000 N Terminal Pkwy, Atlanta, GA 30320","265 Park Ave W NW, Atlanta, GA 30313",27.95,19.22,1.454,16352
2026-09-26T13:36:16.710182-04:00,"265 Park Ave W NW, Atlanta, GA 30313","6000 N Terminal Pkwy, Atlanta, GA 30320",23.28,21.38,1.089,20362
2026-09-26T13:36:17.412909-04:00,"6000 N Terminal Pkwy, Atlanta, GA 30320","1380 Atlantic Dr NW, Atlanta, GA 30363",30.72,18.35,1.674,20917
2026-09-26T13:36:17.970821-04:00,"1380 Atlantic Dr NW, Atlanta, GA 30363","6000 N Terminal Pkwy, Atlanta, GA 30320",29.5,31.13,0.948,22840
2026-09-26T13:36:18.579443-04:00,"6000 N Terminal Pkwy, Atlanta, GA 30320","3393 Peachtree Rd NE, Atlanta, GA 30326",39.07,25.32,1.543,29954
2026-09-26T13:36:19.186169-04:00,"3393 Peachtree Rd NE, Atlanta, GA 30326","6000 N Terminal Pkwy, Atlanta, GA 30320",40.98,32.25,1.271,31173
2026-09-26T13:36:19.882678-04:00,"6000 N Terminal Pkwy, Atlanta, GA 30320","225 North Ave NW, Atlanta, GA 30332",30.8,20.07,1.535,19282
2026-09-26T13:36:20.495964-04:00,"225 North Ave NW, Atlanta, GA 30332","6000 N Terminal Pkwy, Atlanta, GA 30320",24.45,23.0,1.063,21085
2026-09-26T13:36:21.026196-04:00,"265 Park Ave W NW, Atlanta, GA 30313","1380 Atlantic Dr NW, Atlanta, GA 30363",11.55,9.65,1.197,4787
2026-09-26T13:36:21.657215-04:00,"1380 Atlantic Dr NW, Atlanta, GA 30363","265 Park Ave W NW, Atlanta, GA 30313",15.8,13.75,1.149,5209
2026-09-26T13:36:22.360589-04:00,"265 Park Ave W NW, Atlanta, GA 30313","3393 Peachtree Rd NE, Atlanta, GA 30326",19.7,16.62,1.186,13824
2026-09-26T13:36:22.979703-04:00,"3393 Peachtree Rd NE, Atlanta, GA 30326","265 Park Ave W NW, Atlanta, GA 30313",28.53,19.68,1.45,12990
2026-09-26T13:36:23.529405-04:00,"265 Park Ave W NW, Atlanta, GA 30313","225 North Ave NW, Atlanta, GA 30332",7.25,7.35,0.986,2086
2026-09-26T13:36:24.192669-04:00,"225 North Ave NW, Atlanta, GA 30332","265 Park Ave W NW, Atlanta, GA 30313",9.15,8.72,1.05,2067
2026-09-26T13:36:24.831783-04:00,"1380 Atlantic Dr NW, Atlanta, GA 30363","3393 Peachtree Rd NE, Atlanta, GA 30326",18.48,17.63,1.048,10266
2026-09-26T13:36:25.379106-04:00,"3393 Peachtree Rd NE, Atlanta, GA 30326","1380 Atlantic Dr NW, Atlanta, GA 30363",20.48,15.38,1.332,9873
2026-09-26T13:36:25.855514-04:00,"1380 Atlantic Dr NW, Atlanta, GA 30363","225 North Ave NW, Atlanta, GA 30332",10.57,10.8,0.978,3264
2026-09-26T13:36:26.414570-04:00,"225 North Ave NW, Atlanta, GA 30332","1380 Atlantic Dr NW, Atlanta, GA 30363",11.1,11.48,0.967,3461
2026-09-26T13:36:27.042095-04:00,"3393 Peachtree Rd NE, Atlanta, GA 30326","225 North Ave NW, Atlanta, GA 30332",25.28,19.82,1.276,11615
2026-09-26T13:36:27.605389-04:00,"225 North Ave NW, Atlanta, GA 30332","3393 Peachtree Rd NE, Atlanta, GA 30326",19.4,16.93,1.146,13584
2026-09-26T13:36:28.279754-04:00,"4400 Ashford Dunwoody Rd, Dunwoody, GA 30346","3393 Peachtree Rd NE, Atlanta, GA 30326",17.12,14.83,1.154,11803
2026-09-26T13:36:28.841780-04:00,"3393 Peachtree Rd NE, Atlanta, GA 30326","4400 Ashford Dunwoody Rd, Dunwoody, GA 30346",17.65,15.77,1.119,11689
2026-09-26T13:36:29.431383-04:00,"101 E Court Square, Decatur, GA 30030","225 North Ave NW, Atlanta, GA 30332",27.97,24.93,1.122,10311
2026-09-26T13:36:30.021390-04:00,"225 North Ave NW, Atlanta, GA 30332","101 E Court Square, Decatur, GA 30030",24.63,23.7,1.039,10272
2026-09-26T13:36:30.629103-04:00,"205 Lawrence St, Marietta, GA 30060","225 North Ave NW, Atlanta, GA 30332",35.83,26.1,1.373,29167
2026-09-26T13:36:31.279766-04:00,"225 North Ave NW, Atlanta, GA 30332","205 Lawrence St, Marietta, GA 30060",27.47,27.1,1.014,28974
2026-09-26T13:36:31.805247-04:00,"1 Galambos Way, Sandy Springs, GA 30328","3393 Peachtree Rd NE, Atlanta, GA 30326",20.18,16.8,1.201,13507
2026-09-26T13:36:32.362256-04:00,"3393 Peachtree Rd NE, Atlanta, GA 30326","1 Galambos Way, Sandy Springs, GA 30328",19.0,18.83,1.009,13941
2026-09-26T13:36:32.928870-04:00,"5485 Chamblee Dunwoody Rd, Dunwoody, GA 30338","3393 Peachtree Rd NE, Atlanta, GA 30326",17.87,16.02,1.116,13634
2026-09-26T13:36:33.479546-04:00,"3393 Peachtree Rd NE, Atlanta, GA 30326","5485 Chamblee Dunwoody Rd, Dunwoody, GA 30338",18.1,17.13,1.056,13651
2026-09-26T13:36:34.029031-04:00,"6400 Sugarloaf Pkwy, Duluth, GA 30097","225 North Ave NW, Atlanta, GA 30332",39.62,31.93,1.241,40710
2026-09-26T13:36:34.662885-04:00,"225 North Ave NW, Atlanta, GA 30332","6400 Sugarloaf Pkwy, Duluth, GA 30097",35.45,32.3,1.098,42787
2026-09-26T13:36:35.345551-04:00,"210 Luckie St, Lawrenceville, GA 30046","225 North Ave NW, Atlanta, GA 30332",48.08,39.97,1.203,48320
2026-09-26T13:36:35.970610-04:00,"225 North Ave NW, Atlanta, GA 30332","210 Luckie St, Lawrenceville, GA 30046",41.98,38.53,1.09,49395
2026-09-26T13:36:36.570961-04:00,"101 E Court Square, Decatur, GA 30030","265 Park Ave W NW, Atlanta, GA 30313",26.5,25.3,1.047,11294
2026-09-26T13:36:37.284936-04:00,"265 Park Ave W NW, Atlanta, GA 30313","101 E Court Square, Decatur, GA 30030",24.03,24.13,0.996,11227
2026-09-26T13:36:37.873027-04:00,"205 Lawrence St, Marietta, GA 30060","265 Park Ave W NW, Atlanta, GA 30313",38.8,26.02,1.491,30558
2026-09-26T13:36:38.430176-04:00,"265 Park Ave W NW, Atlanta, GA 30313","205 Lawrence St, Marietta, GA 30060",27.6,26.78,1.03,29214
2026-09-26T13:41:39.033870-04:00,"6000 N Terminal Pkwy, Atlanta, GA 30320","265 Park Ave W NW, Atlanta, GA 30313",25.13,24.72,1.017,16393
2026-09-26T13:41:39.605664-04:00,"265 Park Ave W NW, Atlanta, GA 30313","6000 N Terminal Pkwy, Atlanta, GA 30320",23.1,22.95,1.007,19742
2026-09-26T13:41:40.200469-04:00,"6000 N Terminal Pkwy, Atlanta, GA 30320","1380 Atlantic Dr NW, Atlanta, GA 30363",32.28,18.35,1.759,20917
2026-09-26T13:41:40.856358-04:00,"1380 Atlantic Dr NW, Atlanta, GA 30363","6000 N Terminal Pkwy, Atlanta, GA 30320",29.87,25.08,1.191,22840
2026-09-26T13:41:41.534342-04:00,"6000 N Terminal Pkwy, Atlanta, GA 30320","3393 Peachtree Rd NE, Atlanta, GA 30326",36.02,25.3,1.424,29995
2026-09-26T13:41:42.147041-04:00,"3393 Peachtree Rd NE, Atlanta, GA 30326","6000 N Terminal Pkwy, Atlanta, GA 30320",40.83,32.82,1.244,30918
2026-09-26T13:41:42.757385-04:00,"6000 N Terminal Pkwy, Atlanta, GA 30320","225 North Ave NW, Atlanta, GA 30332",32.38,20.07,1.614,19282
2026-09-26T13:41:43.254630-04:00,"225 North Ave NW, Atlanta, GA 30332","6000 N Terminal Pkwy, Atlanta, GA 30320",24.45,23.0,1.063,21085
2026-09-26T13:41:43.757225-04:00,"265 Park Ave W NW, Atlanta, GA 30313","1380 Atlantic Dr NW, Atlanta, GA 30363",11.62,10.6,1.096,4925
2026-09-26T13:41:44.348363-04:00,"1380 Atlantic Dr NW, Atlanta, GA 30363","265 Park Ave W NW, Atlanta, GA 30313",14.55,13.65,1.066,4358
2026-09-26T13:41:44.919873-04:00,"265 Park Ave W NW, Atlanta, GA 30313","3393 Peachtree Rd NE, Atlanta, GA 30326",19.72,16.62,1.187,13824
2026-09-26T13:41:45.456544-04:00,"3393 Peachtree Rd NE, Atlanta, GA 30326","265 Park Ave W NW, Atlanta, GA 30313",28.48,20.25,1.407,12735
2026-09-26T13:41:46.003863-04:00,"265 Park Ave W NW, Atlanta, GA 30313","225 North Ave NW, Atlanta, GA 30332",7.55,7.35,1.027,2086
2026-09-26T13:41:46.586158-04:00,"225 North Ave NW, Atlanta, GA 30332","265 Park Ave W NW, Atlanta, GA 30313",8.9,8.72,1.021,2067
2026-09-26T13:41:47.155127-04:00,"1380 Atlantic Dr NW, Atlanta, GA 30363","3393 Peachtree Rd NE, Atlanta, GA 30326",18.48,17.63,1.048,10266
2026-09-26T13:41:47.753587-04:00,"3393 Peachtree Rd NE, Atlanta, GA 30326","1380 Atlantic Dr NW, Atlanta, GA 30363",20.78,17.4,1.194,10074
2026-09-26T13:41:48.333368-04:00,"1380 Atlantic Dr NW, Atlanta, GA 30363","225 North Ave NW, Atlanta, GA 30332",10.75,10.8,0.995,3264
2026-09-26T13:41:48.936073-04:00,"225 North Ave NW, Atlanta, GA 30332","1380 Atlantic Dr NW, Atlanta, GA 30363",10.9,9.97,1.094,4547
2026-09-26T13:41:49.534025-04:00,"3393 Peachtree Rd NE, Atlanta, GA 30326","225 North Ave NW, Atlanta, GA 30332",26.32,22.85,1.152,11786
2026-09-26T13:41:50.075346-04:00,"225 North Ave NW, Atlanta, GA 30332","3393 Peachtree Rd NE, Atlanta, GA 30326",18.9,16.93,1.116,13584
2026-09-26T13:41:50.743615-04:00,"4400 Ashford Dunwoody Rd, Dunwoody, GA 30346","3393 Peachtree Rd NE, Atlanta, GA 30326",17.22,14.83,1.161,11803
2026-09-26T13:41:51.269468-04:00,"3393 Peachtree Rd NE, Atlanta, GA 30326","4400 Ashford Dunwoody Rd, Dunwoody, GA 30346",17.3,15.77,1.097,11689
2026-09-26T13:41:51.915967-04:00,"101 E Court Square, Decatur, GA 30030","225 North Ave NW, Atlanta, GA 30332",28.02,25.1,1.116,10208
2026-09-26T13:41:52.511703-04:00,"225 North Ave NW, Atlanta, GA 30332","101 E Court Square, Decatur, GA 30030",24.75,23.7,1.044,10272
2026-09-26T13:41:53.198202-04:00,"205 Lawrence St, Marietta, GA 30060","225 North Ave NW, Atlanta, GA 30332",36.12,26.1,1.384,29167
2026-09-26T13:41:53.833501-04:00,"225 North Ave NW, Atlanta, GA 30332","205 Lawrence St, Marietta, GA 30060",27.07,27.1,0.999,28974
2026-09-26T13:41:54.469656-04:00,"1 Galambos Way, Sandy Springs, GA 30328","3393 Peachtree Rd NE, Atlanta, GA 30326",20.3,16.8,1.208,13507
2026-09-26T13:41:55.153186-04:00,"3393 Peachtree Rd NE, Atlanta, GA 30326","1 Galambos Way, Sandy Springs, GA 30328",18.85,18.83,1.001,13941
2026-09-26T13:41:55.902156-04:00,"5485 Chamblee Dunwoody Rd, Dunwoody, GA 30338","3393 Peachtree Rd NE, Atlanta, GA 30326",17.87,16.02,1.116,13634
2026-09-26T13:41:56.536873-04:00,"3393 Peachtree Rd NE, Atlanta, GA 30326","5485 Chamblee Dunwoody Rd, Dunwoody, GA 30338",17.87,17.13,1.043,13651
2026-09-26T13:41:57.182569-04:00,"6400 Sugarloaf Pkwy, Duluth, GA 30097","225 North Ave NW, Atlanta, GA 30332",40.77,31.93,1.277,40710
2026-09-26T13:41:57.792300-04:00,"225 North Ave NW, Atlanta, GA 30332","6400 Sugarloaf Pkwy, Duluth, GA 30097",34.83,32.3,1.078,42787
2026-09-26T13:41:58.407270-04:00,"210 Luckie St, Lawrenceville, GA 30046","225 North Ave NW, Atlanta, GA 30332",49.22,39.97,1.231,48320
2026-09-26T13:41:59.053078-04:00,"225 North Ave NW, Atlanta, GA 30332","210 Luckie St, Lawrenceville, GA 30046",41.78,38.53,1.084,49395
2026-09-26T13:41:59.629208-04:00,"101 E Court Square, Decatur, GA 30030","265 Park Ave W NW, Atlanta, GA 30313",26.4,25.3,1.043,11294
2026-09-26T13:42:00.196239-04:00,"265 Park Ave W NW, Atlanta, GA 30313","101 E Court Square, Decatur, GA 30030",24.4,24.13,1.011,11227
2026-09-26T13:42:00.748483-04:00,"205 Lawrence St, Marietta, GA 30060","265 Park Ave W NW, Atlanta, GA 30313",38.6,26.02,1.484,30558
2026-09-26T13:42:01.393425-04:00,"265 Park Ave W NW, Atlanta, GA 30313","205 Lawrence St, Marietta, GA 30060",27.88,26.78,1.041,29214
2026-09-26T13:47:02.133802-04:00,"6000 N Terminal Pkwy, Atlanta, GA 30320","265 Park Ave W NW, Atlanta, GA 30313",29.3,19.22,1.525,16352
2026-09-26T13:47:02.751848-04:00,"265 Park Ave W NW, Atlanta, GA 30313","6000 N Terminal Pkwy, Atlanta, GA 30320",23.15,22.95,1.009,19742
2026-09-26T13:47:03.494179-04:00,"6000 N Terminal Pkwy, Atlanta, GA 30320","1380 Atlantic Dr NW, Atlanta, GA 30363",31.18,18.35,1.699,20917
2026-09-26T13:47:04.368066-04:00,"1380 Atlantic Dr NW, Atlanta, GA 30363","6000 N Terminal Pkwy, Atlanta, GA 30320",30.55,25.08,1.218,22840
2026-09-26T13:47:05.269323-04:00,"6000 N Terminal Pkwy, Atlanta, GA 30320","3393 Peachtree Rd NE, Atlanta, GA 30326",39.48,25.32,1.56,29954
2026-09-26T13:47:06.126255-04:00,"3393 Peachtree Rd NE, Atlanta, GA 30326","6000 N Terminal Pkwy, Atlanta, GA 30320",42.62,32.82,1.299,30918
2026-09-26T13:47:06.945048-04:00,"6000 N Terminal Pkwy, Atlanta, GA 30320","225 North Ave NW, Atlanta, GA 30332",31.67,20.07,1.578,19282
2026-09-26T13:47:07.861488-04:00,"225 North Ave NW, Atlanta, GA 30332","6000 N Terminal Pkwy, Atlanta, GA 30320",25.77,23.0,1.12,21085
2026-09-26T13:47:08.562497-04:00,"265 Park Ave W NW, Atlanta, GA 30313","1380 Atlantic Dr NW, Atlanta, GA 30363",13.42,9.65,1.39,4787
2026-09-26T13:47:09.315026-04:00,"1380 Atlantic Dr NW, Atlanta, GA 30363","265 Park Ave W NW, Atlanta, GA 30313",15.32,16.22,0.945,5127
2026-09-26T13:47:10.170659-04:00,"265 Park Ave W NW, Atlanta, GA 30313","3393 Peachtree Rd NE, Atlanta, GA 30326",21.67,16.62,1.304,13824
2026-09-26T13:47:10.801862-04:00,"3393 Peachtree Rd NE, Atlanta, GA 30326","265 Park Ave W NW, Atlanta, GA 30313",30.35,20.25,1.499,12735
2026-09-26T13:47:11.434022-04:00,"265 Park Ave W NW, Atlanta, GA 30313","225 North Ave NW, Atlanta, GA 30332",7.53,7.35,1.025,2086
2026-09-26T13:47:12.028690-04:00,"225 North Ave NW, Atlanta, GA 30332","265 Park Ave W NW, Atlanta, GA 30313",8.87,8.72,1.017,2067
2026-09-26T13:47:12.638630-04:00,"1380 Atlantic Dr NW, Atlanta, GA 30363","3393 Peachtree Rd NE, Atlanta, GA 30326",18.67,17.63,1.059,10266
2026-09-26T13:47:13.273804-04:00,"3393 Peachtree Rd NE, Atlanta, GA 30326","1380 Atlantic Dr NW, Atlanta, GA 30363",22.28,17.4,1.281,10074
2026-09-26T13:47:13.810211-04:00,"1380 Atlantic Dr NW, Atlanta, GA 30363","225 North Ave NW, Atlanta, GA 30332",10.37,10.8,0.96,3264
2026-09-26T13:47:14.388690-04:00,"225 North Ave NW, Atlanta, GA 30332","1380 Atlantic Dr NW, Atlanta, GA 30363",11.23,11.48,0.978,3461
2026-09-26T13:47:15.044114-04:00,"3393 Peachtree Rd NE, Atlanta, GA 30326","225 North Ave NW, Atlanta, GA 30332",27.77,22.85,1.215,11786
2026-09-26T13:47:15.611180-04:00,"225 North Ave NW, Atlanta, GA 30332","3393 Peachtree Rd NE, Atlanta, GA 30326",19.97,17.02,1.173,13602
2026-09-26T13:47:16.186263-04:00,"4400 Ashford Dunwoody Rd, Dunwoody, GA 30346","3393 Peachtree Rd NE, Atlanta, GA 30326",17.38,14.83,1.172,11803
2026-09-26T13:47:16.875756-04:00,"3393 Peachtree Rd NE, Atlanta, GA 30326","4400 Ashford Dunwoody Rd, Dunwoody, GA 30346",17.17,15.77,1.089,11689
2026-09-26T13:47:17.520592-04:00,"101 E Court Square, Decatur, GA 30030","225 North Ave NW, Atlanta, GA 30332",28.22,24.93,1.132,10311
2026-09-26T13:47:18.128734-04:00,"225 North Ave NW, Atlanta, GA 30332","101 E Court Square, Decatur, GA 30030",25.13,23.7,1.06,10272
2026-09-26T13:47:18.745056-04:00,"205 Lawrence St, Marietta, GA 30060","225 North Ave NW, Atlanta, GA 30332",35.97,26.1,1.378,29167
2026-09-26T13:47:19.418917-04:00,"225 North Ave NW, Atlanta, GA 30332","205 Lawrence St, Marietta, GA 30060",27.8,27.18,1.023,28992
2026-09-26T13:47:19.960142-04:00,"1 Galambos Way, Sandy Springs, GA 30328","3393 Peachtree Rd NE, Atlanta, GA 30326",20.27,16.8,1.206,13507
2026-09-26T13:47:20.521429-04:00,"3393 Peachtree Rd NE, Atlanta, GA 30326","1 Galambos Way, Sandy Springs, GA 30328",18.93,18.83,1.005,13941
2026-09-26T13:47:21.106217-04:00,"5485 Chamblee Dunwoody Rd, Dunwoody, GA 30338","3393 Peachtree Rd NE, Atlanta, GA 30326",17.88,16.02,1.117,13634
2026-09-26T13:47:21.728896-04:00,"3393 Peachtree Rd NE, Atlanta, GA 30326","5485 Chamblee Dunwoody Rd, Dunwoody, GA 30338",17.88,17.13,1.044,13651
2026-09-26T13:47:22.408843-04:00,"6400 Sugarloaf Pkwy, Duluth, GA 30097","225 North Ave NW, Atlanta, GA 30332",40.05,31.93,1.254,40710
2026-09-26T13:47:23.096865-04:00,"225 North Ave NW, Atlanta, GA 30332","6400 Sugarloaf Pkwy, Duluth, GA 30097",35.1,32.38,1.084,42805
2026-09-26T13:47:23.831112-04:00,"210 Luckie St, Lawrenceville, GA 30046","225 North Ave NW, Atlanta, GA 30332",48.28,39.97,1.208,48320
2026-09-26T13:47:24.611126-04:00,"225 North Ave NW, Atlanta, GA 30332","210 Luckie St, Lawrenceville, GA 30046",41.77,38.62,1.082,49413
2026-09-26T13:47:25.221869-04:00,"101 E Court Square, Decatur, GA 30030","265 Park Ave W NW, Atlanta, GA 30313",26.67,25.3,1.054,11294
2026-09-26T13:47:25.792985-04:00,"265 Park Ave W NW, Atlanta, GA 30313","101 E Court Square, Decatur, GA 30030",23.88,24.13,0.99,11227
2026-09-26T13:47:26.349128-04:00,"205 Lawrence St, Marietta, GA 30060","265 Park Ave W NW, Atlanta, GA 30313",36.17,29.97,1.207,29774
2026-09-26T13:47:26.893342-04:00,"265 Park Ave W NW, Atlanta, GA 30313","205 Lawrence St, Marietta, GA 30060",28.53,27.73,1.029,29352
2026-09-26T13:52:27.563651-04:00,"6000 N Terminal Pkwy, Atlanta, GA 30320","265 Park Ave W NW, Atlanta, GA 30313",29.35,19.22,1.527,16352
2026-09-26T13:52:28.183658-04:00,"265 Park Ave W NW, Atlanta, GA 30313","6000 N Terminal Pkwy, Atlanta, GA 30320",23.7,24.32,0.975,18142
2026-09-26T13:52:28.761388-04:00,"6000 N Terminal Pkwy, Atlanta, GA 30320","1380 Atlantic Dr NW, Atlanta, GA 30363",31.07,18.35,1.693,20917
2026-09-26T13:52:29.370039-04:00,"1380 Atlantic Dr NW, Atlanta, GA 30363","6000 N Terminal Pkwy, Atlanta, GA 30320",31.4,24.75,1.269,22561
2026-09-26T13:52:30.068116-04:00,"6000 N Terminal Pkwy, Atlanta, GA 30320","3393 Peachtree Rd NE, Atlanta, GA 30326",39.25,25.42,1.544,30092
2026-09-26T13:52:30.708141-04:00,"3393 Peachtree Rd NE, Atlanta, GA 30326","6000 N Terminal Pkwy, Atlanta, GA 30320",46.57,32.25,1.444,31173
2026-09-26T13:52:31.252878-04:00,"6000 N Terminal Pkwy, Atlanta, GA 30320","225 North Ave NW, Atlanta, GA 30332",31.52,20.07,1.571,19282
2026-09-26T13:52:31.889289-04:00,"225 North Ave NW, Atlanta, GA 30332","6000 N Terminal Pkwy, Atlanta, GA 30320",26.55,23.95,1.109,21079
2026-09-26T13:52:32.533475-04:00,"265 Park Ave W NW, Atlanta, GA 30313","1380 Atlantic Dr NW, Atlanta, GA 30363",13.55,14.35,0.944,5409
2026-09-26T13:52:33.035691-04:00,"1380 Atlantic Dr NW, Atlanta, GA 30363","265 Park Ave W NW, Atlanta, GA 30313",15.87,13.75,1.154,5209
2026-09-26T13:52:33.633041-04:00,"265 Park Ave W NW, Atlanta, GA 30313","3393 Peachtree Rd NE, Atlanta, GA 30326",21.75,17.67,1.231,14099
2026-09-26T13:52:34.327997-04:00,"3393 Peachtree Rd NE, Atlanta, GA 30326","265 Park Ave W NW, Atlanta, GA 30313",33.35,19.68,1.694,12990
2026-09-26T13:52:34.848327-04:00,"265 Park Ave W NW, Atlanta, GA 30313","225 North Ave NW, Atlanta, GA 30332",7.73,7.35,1.052,2086
2026-09-26T13:52:35.370375-04:00,"225 North Ave NW, Atlanta, GA 30332","265 Park Ave W NW, Atlanta, GA 30313",9.17,8.72,1.052,2067
2026-09-26T13:52:35.982600-04:00,"1380 Atlantic Dr NW, Atlanta, GA 30363","3393 Peachtree Rd NE, Atlanta, GA 30326",18.73,17.63,1.062,10266
2026-09-26T13:52:36.601785-04:00,"3393 Peachtree Rd NE, Atlanta, GA 30326","1380 Atlantic Dr NW, Atlanta, GA 30363",22.4,20.9,1.072,8869
2026-09-26T13:52:37.224654-04:00,"1380 Atlantic Dr NW, Atlanta, GA 30363","225 North Ave NW, Atlanta, GA 30332",10.95,10.47,1.046,2985
2026-09-26T13:52:37.789696-04:00,"225 North Ave NW, Atlanta, GA 30332","1380 Atlantic Dr NW, Atlanta, GA 30363",11.38,11.48,0.991,3461
2026-09-26T13:52:38.371723-04:00,"3393 Peachtree Rd NE, Atlanta, GA 30326","225 North Ave NW, Atlanta, GA 30332",28.03,26.35,1.064,10581
2026-09-26T13:52:38.863592-04:00,"225 North Ave NW, Atlanta, GA 30332","3393 Peachtree Rd NE, Atlanta, GA 30326",22.13,17.12,1.293,13740
2026-09-26T13:52:39.384509-04:00,"4400 Ashford Dunwoody Rd, Dunwoody, GA 30346","3393 Peachtree Rd NE, Atlanta, GA 30326",17.27,14.95,1.155,11941
2026-09-26T13:52:40.007583-04:00,"3393 Peachtree Rd NE, Atlanta, GA 30326","4400 Ashford Dunwoody Rd, Dunwoody, GA 30346",16.75,15.77,1.062,11689
2026-09-26T13:52:40.538677-04:00,"101 E Court Square, Decatur, GA 30030","225 North Ave NW, Atlanta, GA 30332",27.95,25.1,1.114,10208
2026-09-26T13:52:41.195534-04:00,"225 North Ave NW, Atlanta, GA 30332","101 E Court Square, Decatur, GA 30030",26.05,23.7,1.099,10272
2026-09-26T13:52:41.775923-04:00,"205 Lawrence St, Marietta, GA 30060","225 North Ave NW, Atlanta, GA 30332",34.6,26.1,1.326,29167
2026-09-26T13:52:42.441108-04:00,"225 North Ave NW, Atlanta, GA 30332","205 Lawrence St, Marietta, GA 30060",27.42,28.52,0.961,27895
2026-09-26T13:52:43.178271-04:00,"1 Galambos Way, Sandy Springs, GA 30328","3393 Peachtree Rd NE, Atlanta, GA 30326",20.07,16.9,1.187,13644
2026-09-26T13:52:43.750248-04:00,"3393 Peachtree Rd NE, Atlanta, GA 30326","1 Galambos Way, Sandy Springs, GA 30328",18.82,18.83,0.999,13941
2026-09-26T13:52:44.371828-04:00,"5485 Chamblee Dunwoody Rd, Dunwoody, GA 30338","3393 Peachtree Rd NE, Atlanta, GA 30326",17.7,16.12,1.098,13772
2026-09-26T13:52:44.973922-04:00,"3393 Peachtree Rd NE, Atlanta, GA 30326","5485 Chamblee Dunwoody Rd, Dunwoody, GA 30338",17.93,17.13,1.047,13651
2026-09-26T13:52:45.591937-04:00,"6400 Sugarloaf Pkwy, Duluth, GA 30097","225 North Ave NW, Atlanta, GA 30332",40.33,31.93,1.263,40710
2026-09-26T13:52:46.164840-04:00,"225 North Ave NW, Atlanta, GA 30332","6400 Sugarloaf Pkwy, Duluth, GA 30097",37.25,32.38,1.15,42805
2026-09-26T13:52:46.697445-04:00,"210 Luckie St, Lawrenceville, GA 30046","225 North Ave NW, Atlanta, GA 30332",48.75,39.97,1.22,48320
2026-09-26T13:52:47.273643-04:00,"225 North Ave NW, Atlanta, GA 30332","210 Luckie St, Lawrenceville, GA 30046",44.1,38.62,1.142,49413
2026-09-26T13:52:47.827342-04:00,"101 E Court Square, Decatur, GA 30030","265 Park Ave W NW, Atlanta, GA 30313",26.7,25.3,1.055,11294
2026-09-26T13:52:48.432744-04:00,"265 Park Ave W NW, Atlanta, GA 30313","101 E Court Square, Decatur, GA 30030",24.37,24.13,1.01,11227
2026-09-26T13:52:48.976043-04:00,"205 Lawrence St, Marietta, GA 30060","265 Park Ave W NW, Atlanta, GA 30313",36.37,29.97,1.214,29774
2026-09-26T13:52:49.529810-04:00,"265 Park Ave W NW, Atlanta, GA 30313","205 Lawrence St, Marietta, GA 30060",29.33,30.15,0.973,29351
2026-09-26T13:57:50.236442-04:00,"6000 N Terminal Pkwy, Atlanta, GA 30320","265 Park Ave W NW, Atlanta, GA 30313",29.85,19.22,1.553,16352
2026-09-26T13:57:50.824193-04:00,"265 Park Ave W NW, Atlanta, GA 30313","6000 N Terminal Pkwy, Atlanta, GA 30320",23.32,22.33,1.044,20499
2026-09-26T13:57:51.503557-04:00,"6000 N Terminal Pkwy, Atlanta, GA 30320","1380 Atlantic Dr NW, Atlanta, GA 30363",32.3,18.35,1.76,20917
2026-09-26T13:57:52.064282-04:00,"1380 Atlantic Dr NW, Atlanta, GA 30363","6000 N Terminal Pkwy, Atlanta, GA 30320",31.52,32.87,0.959,22561
2026-09-26T13:57:52.705247-04:00,"6000 N Terminal Pkwy, Atlanta, GA 30320","3393 Peachtree Rd NE, Atlanta, GA 30326",40.6,25.32,1.604,29954
2026-09-26T13:57:53.244341-04:00,"3393 Peachtree Rd NE, Atlanta, GA 30326","6000 N Terminal Pkwy, Atlanta, GA 30320",45.3,30.67,1.477,32013
2026-09-26T13:57:53.888483-04:00,"6000 N Terminal Pkwy, Atlanta, GA 30320","225 North Ave NW, Atlanta, GA 30332",32.77,20.07,1.633,19282
2026-09-26T13:57:54.482131-04:00,"225 North Ave NW, Atlanta, GA 30332","6000 N Terminal Pkwy, Atlanta, GA 30320",25.45,23.95,1.063,21079
2026-09-26T13:57:55.053494-04:00,"265 Park Ave W NW, Atlanta, GA 30313","1380 Atlantic Dr NW, Atlanta, GA 30363",11.47,10.6,1.082,4925
2026-09-26T13:57:55.609227-04:00,"1380 Atlantic Dr NW, Atlanta, GA 30363","265 Park Ave W NW, Atlanta, GA 30313",16.42,16.93,0.969,5127
2026-09-26T13:57:56.187143-04:00,"265 Park Ave W NW, Atlanta, GA 30313","3393 Peachtree Rd NE, Atlanta, GA 30326",19.4,17.57,1.104,13962
2026-09-26T13:57:56.818655-04:00,"3393 Peachtree Rd NE, Atlanta, GA 30326","265 Park Ave W NW, Atlanta, GA 30313",32.72,28.77,1.137,12837
2026-09-26T13:57:57.352983-04:00,"265 Park Ave W NW, Atlanta, GA 30313","225 North Ave NW, Atlanta, GA 30332",9.18,7.35,1.249,2086
2026-09-26T13:57:57.892153-04:00,"225 North Ave NW, Atlanta, GA 30332","265 Park Ave W NW, Atlanta, GA 30313",9.22,8.72,1.057,2067
2026-09-26T13:57:58.461957-04:00,"1380 Atlantic Dr NW, Atlanta, GA 30363","3393 Peachtree Rd NE, Atlanta, GA 30326",18.2,17.63,1.032,10266
2026-09-26T13:57:59.039153-04:00,"3393 Peachtree Rd NE, Atlanta, GA 30326","1380 Atlantic Dr NW, Atlanta, GA 30363",22.68,20.9,1.085,8869
2026-09-26T13:57:59.597328-04:00,"1380 Atlantic Dr NW, Atlanta, GA 30363","225 North Ave NW, Atlanta, GA 30332",10.67,10.47,1.019,2985
2026-09-26T13:58:00.192718-04:00,"225 North Ave NW, Atlanta, GA 30332","1380 Atlantic Dr NW, Atlanta, GA 30363",11.5,11.48,1.001,3461
2026-09-26T13:58:00.754502-04:00,"3393 Peachtree Rd NE, Atlanta, GA 30326","225 North Ave NW, Atlanta, GA 30332",28.02,26.35,1.063,10581
2026-09-26T13:58:01.330668-04:00,"225 North Ave NW, Atlanta, GA 30332","3393 Peachtree Rd NE, Atlanta, GA 30326",20.82,16.93,1.229,13584
2026-09-26T13:58:02.006487-04:00,"4400 Ashford Dunwoody Rd, Dunwoody, GA 30346","3393 Peachtree Rd NE, Atlanta, GA 30326",17.25,14.83,1.163,11803
2026-09-26T13:58:02.591356-04:00,"3393 Peachtree Rd NE, Atlanta, GA 30326","4400 Ashford Dunwoody Rd, Dunwoody, GA 30346",16.82,15.77,1.067,11689
2026-09-26T13:58:03.184968-04:00,"101 E Court Square, Decatur, GA 30030","225 North Ave NW, Atlanta, GA 30332",28.53,25.1,1.137,10208
2026-09-26T13:58:03.826000-04:00,"225 North Ave NW, Atlanta, GA 30332","101 E Court Square, Decatur, GA 30030",25.32,23.7,1.068,10272
2026-09-26T13:58:04.444243-04:00,"205 Lawrence St, Marietta, GA 30060","225 North Ave NW, Atlanta, GA 30332",33.53,26.1,1.285,29167
2026-09-26T13:58:04.958725-04:00,"225 North Ave NW, Atlanta, GA 30332","205 Lawrence St, Marietta, GA 30060",27.4,28.52,0.961,27895
2026-09-26T13:58:05.547542-04:00,"1 Galambos Way, Sandy Springs, GA 30328","3393 Peachtree Rd NE, Atlanta, GA 30326",19.43,20.58,0.944,13506
2026-09-26T13:58:06.086518-04:00,"3393 Peachtree Rd NE, Atlanta, GA 30326","1 Galambos Way, Sandy Springs, GA 30328",19.1,18.83,1.014,13941
2026-09-26T13:58:06.742955-04:00,"5485 Chamblee Dunwoody Rd, Dunwoody, GA 30338","3393 Peachtree Rd NE, Atlanta, GA 30326",17.7,16.02,1.105,13634
2026-09-26T13:58:07.328391-04:00,"3393 Peachtree Rd NE, Atlanta, GA 30326","5485 Chamblee Dunwoody Rd, Dunwoody, GA 30338",18.05,17.13,1.054,13651
2026-09-26T13:58:07.987371-04:00,"6400 Sugarloaf Pkwy, Duluth, GA 30097","225 North Ave NW, Atlanta, GA 30332",40.23,31.93,1.26,40710
2026-09-26T13:58:08.618011-04:00,"225 North Ave NW, Atlanta, GA 30332","6400 Sugarloaf Pkwy, Duluth, GA 30097",36.23,32.3,1.122,42787
2026-09-26T13:58:09.241376-04:00,"210 Luckie St, Lawrenceville, GA 30046","225 North Ave NW, Atlanta, GA 30332",48.6,39.97,1.216,48320
2026-09-26T13:58:09.839145-04:00,"225 North Ave NW, Atlanta, GA 30332","210 Luckie St, Lawrenceville, GA 30046",43.22,38.53,1.122,49395
2026-09-26T13:58:10.405539-04:00,"101 E Court Square, Decatur, GA 30030","265 Park Ave W NW, Atlanta, GA 30313",26.77,25.3,1.058,11294
2026-09-26T13:58:10.932732-04:00,"265 Park Ave W NW, Atlanta, GA 30313","101 E Court Square, Decatur, GA 30030",25.05,24.13,1.038,11227
2026-09-26T13:58:11.477456-04:00,"205 Lawrence St, Marietta, GA 30060","265 Park Ave W NW, Atlanta, GA 30313",35.45,29.97,1.183,29774
2026-09-26T13:58:12.031060-04:00,"265 Park Ave W NW, Atlanta, GA 30313","205 Lawrence St, Marietta, GA 30060",27.5,27.73,0.992,29352
2026-09-26T14:03:12.576733-04:00,"6000 N Terminal Pkwy, Atlanta, GA 30320","265 Park Ave W NW, Atlanta, GA 30313",25.9,19.2,1.349,16393
2026-09-26T14:03:13.247833-04:00,"265 Park Ave W NW, Atlanta, GA 30313","6000 N Terminal Pkwy, Atlanta, GA 30320",22.3,22.33,0.999,20499
2026-09-26T14:03:13.862344-04:00,"6000 N Terminal Pkwy, Atlanta, GA 30320","1380 Atlantic Dr NW, Atlanta, GA 30363",28.13,18.33,1.535,20958
2026-09-26T14:03:14.447201-04:00,"1380 Atlantic Dr NW, Atlanta, GA 30363","6000 N Terminal Pkwy, Atlanta, GA 30320",30.52,26.47,1.153,22909
2026-09-26T14:03:15.128990-04:00,"6000 N Terminal Pkwy, Atlanta, GA 30320","3393 Peachtree Rd NE, Atlanta, GA 30326",36.53,25.3,1.444,29995
2026-09-26T14:03:15.727661-04:00,"3393 Peachtree Rd NE, Atlanta, GA 30326","6000 N Terminal Pkwy, Atlanta, GA 30320",47.82,30.67,1.559,32013
2026-09-26T14:03:16.396167-04:00,"6000 N Terminal Pkwy, Atlanta, GA 30320","225 North Ave NW, Atlanta, GA 30332",28.43,20.05,1.418,19324
2026-09-26T14:03:17.006046-04:00,"225 North Ave NW, Atlanta, GA 30332","6000 N Terminal Pkwy, Atlanta, GA 30320",24.18,23.0,1.051,21085
2026-09-26T14:03:17.614400-04:00,"265 Park Ave W NW, Atlanta, GA 30313","1380 Atlantic Dr NW, Atlanta, GA 30363",11.13,10.6,1.05,4925
2026-09-26T14:03:18.237302-04:00,"1380 Atlantic Dr NW, Atlanta, GA 30363","265 Park Ave W NW, Atlanta, GA 30313",15.07,13.65,1.104,4358
2026-09-26T14:03:18.835383-04:00,"265 Park Ave W NW, Atlanta, GA 30313","3393 Peachtree Rd NE, Atlanta, GA 30326",19.3,17.57,1.099,13962
2026-09-26T14:03:19.435337-04:00,"3393 Peachtree Rd NE, Atlanta, GA 30326","265 Park Ave W NW, Atlanta, GA 30313",33.43,28.77,1.162,12837
2026-09-26T14:03:20.121837-04:00,"265 Park Ave W NW, Atlanta, GA 30313","225 North Ave NW, Atlanta, GA 30332",7.28,7.35,0.991,2086
2026-09-26T14:03:20.674724-04:00,"225 North Ave NW, Atlanta, GA 30332","265 Park Ave W NW, Atlanta, GA 30313",9.55,8.42,1.135,2214
2026-09-26T14:03:21.206366-04:00,"1380 Atlantic Dr NW, Atlanta, GA 30363","3393 Peachtree Rd NE, Atlanta, GA 30326",18.58,17.63,1.054,10266
2026-09-26T14:03:21.828243-04:00,"3393 Peachtree Rd NE, Atlanta, GA 30326","1380 Atlantic Dr NW, Atlanta, GA 30363",22.65,20.9,1.084,8869
2026-09-26T14:03:22.347854-04:00,"1380 Atlantic Dr NW, Atlanta, GA 30363","225 North Ave NW, Atlanta, GA 30332",10.98,10.47,1.049,2985
2026-09-26T14:03:22.918698-04:00,"225 North Ave NW, Atlanta, GA 30332","1380 Atlantic Dr NW, Atlanta, GA 30363",11.53,11.48,1.004,3461
2026-09-26T14:03:23.617988-04:00,"3393 Peachtree Rd NE, Atlanta, GA 30326","225 North Ave NW, Atlanta, GA 30332",28.1,26.35,1.066,10581
2026-09-26T14:03:24.231401-04:00,"225 North Ave NW, Atlanta, GA 30332","3393 Peachtree Rd NE, Atlanta, GA 30326",19.62,16.93,1.158,13584
2026-09-26T14:03:24.804043-04:00,"4400 Ashford Dunwoody Rd, Dunwoody, GA 30346","3393 Peachtree Rd NE, Atlanta, GA 30326",17.48,14.83,1.179,11803
2026-09-26T14:03:25.422598-04:00,"3393 Peachtree Rd NE, Atlanta, GA 30326","4400 Ashford Dunwoody Rd, Dunwoody, GA 30346",16.77,15.77,1.063,11689
2026-09-26T14:03:26.051347-04:00,"101 E Court Square, Decatur, GA 30030","225 North Ave NW, Atlanta, GA 30332",28.18,25.1,1.123,10208
2026-09-26T14:03:26.711172-04:00,"225 North Ave NW, Atlanta, GA 30332","101 E Court Square, Decatur, GA 30030",25.02,23.7,1.056,10272
2026-09-26T14:03:27.340515-04:00,"205 Lawrence St, Marietta, GA 30060","225 North Ave NW, Atlanta, GA 30332",35.28,26.1,1.352,29167
2026-09-26T14:03:27.935929-04:00,"225 North Ave NW, Atlanta, GA 30332","205 Lawrence St, Marietta, GA 30060",27.55,27.1,1.017,28974
2026-09-26T14:03:28.490637-04:00,"1 Galambos Way, Sandy Springs, GA 30328","3393 Peachtree Rd NE, Atlanta, GA 30326",20.18,16.8,1.201,13507
2026-09-26T14:03:29.147926-04:00,"3393 Peachtree Rd NE, Atlanta, GA 30326","1 Galambos Way, Sandy Springs, GA 30328",19.1,18.83,1.014,13941
2026-09-26T14:03:29.727071-04:00,"5485 Chamblee Dunwoody Rd, Dunwoody, GA 30338","3393 Peachtree Rd NE, Atlanta, GA 30326",18.0,16.02,1.124,13634
2026-09-26T14:03:30.361972-04:00,"3393 Peachtree Rd NE, Atlanta, GA 30326","5485 Chamblee Dunwoody Rd, Dunwoody, GA 30338",18.02,17.13,1.052,13651
2026-09-26T14:03:30.923918-04:00,"6400 Sugarloaf Pkwy, Duluth, GA 30097","225 North Ave NW, Atlanta, GA 30332",41.93,31.93,1.313,40710
2026-09-26T14:03:31.491899-04:00,"225 North Ave NW, Atlanta, GA 30332","6400 Sugarloaf Pkwy, Duluth, GA 30097",35.35,32.3,1.094,42787
2026-09-26T14:03:32.111694-04:00,"210 Luckie St, Lawrenceville, GA 30046","225 North Ave NW, Atlanta, GA 30332",50.45,39.97,1.262,48320
2026-09-26T14:03:32.671374-04:00,"225 North Ave NW, Atlanta, GA 30332","210 Luckie St, Lawrenceville, GA 30046",42.17,38.53,1.094,49395
2026-09-26T14:03:33.219495-04:00,"101 E Court Square, Decatur, GA 30030","265 Park Ave W NW, Atlanta, GA 30313",27.17,25.3,1.074,11294
2026-09-26T14:03:33.953422-04:00,"265 Park Ave W NW, Atlanta, GA 30313","101 E Court Square, Decatur, GA 30030",24.5,24.2,1.012,11439
2026-09-26T14:03:34.480970-04:00,"205 Lawrence St, Marietta, GA 30060","265 Park Ave W NW, Atlanta, GA 30313",36.25,29.97,1.21,29774
2026-09-26T14:03:35.068219-04:00,"265 Park Ave W NW, Atlanta, GA 30313","205 Lawrence St, Marietta, GA 30060",26.97,27.97,0.964,29351
2026-09-26T14:08:35.725493-04:00,"6000 N Terminal Pkwy, Atlanta, GA 30320","265 Park Ave W NW, Atlanta, GA 30313",30.18,19.22,1.571,16352
2026-09-26T14:08:36.431384-04:00,"265 Park Ave W NW, Atlanta, GA 30313","6000 N Terminal Pkwy, Atlanta, GA 30320",22.5,22.33,1.007,20499
2026-09-26T14:08:37.036909-04:00,"6000 N Terminal Pkwy, Atlanta, GA 30320","1380 Atlantic Dr NW, Atlanta, GA 30363",32.93,18.35,1.795,20917
2026-09-26T14:08:37.662579-04:00,"1380 Atlantic Dr NW, Atlanta, GA 30363","6000 N Terminal Pkwy, Atlanta, GA 30320",32.05,24.75,1.295,22561
2026-09-26T14:08:38.301863-04:00,"6000 N Terminal Pkwy, Atlanta, GA 30320","3393 Peachtree Rd NE, Atlanta, GA 30326",41.0,25.32,1.619,29954
2026-09-26T14:08:38.924644-04:00,"3393 Peachtree Rd NE, Atlanta, GA 30326","6000 N Terminal Pkwy, Atlanta, GA 30320",48.97,49.97,0.98,30300
2026-09-26T14:08:39.497082-04:00,"6000 N Terminal Pkwy, Atlanta, GA 30320","225 North Ave NW, Atlanta, GA 30332",32.97,20.07,1.643,19282
2026-09-26T14:08:40.093684-04:00,"225 North Ave NW, Atlanta, GA 30332","6000 N Terminal Pkwy, Atlanta, GA 30320",24.15,23.0,1.05,21085
2026-09-26T14:08:40.633888-04:00,"265 Park Ave W NW, Atlanta, GA 30313","1380 Atlantic Dr NW, Atlanta, GA 30363",11.67,12.07,0.967,4925
2026-09-26T14:08:41.158115-04:00,"1380 Atlantic Dr NW, Atlanta, GA 30363","265 Park Ave W NW, Atlanta, GA 30313",15.33,14.03,1.093,4440
2026-09-26T14:08:41.776884-04:00,"265 Park Ave W NW, Atlanta, GA 30313","3393 Peachtree Rd NE, Atlanta, GA 30326",19.7,17.57,1.121,13962
2026-09-26T14:08:42.388351-04:00,"3393 Peachtree Rd NE, Atlanta, GA 30326","265 Park Ave W NW, Atlanta, GA 30313",33.63,29.5,1.14,11663
2026-09-26T14:08:43.008932-04:00,"265 Park Ave W NW, Atlanta, GA 30313","225 North Ave NW, Atlanta, GA 30332",7.9,7.35,1.075,2086
2026-09-26T14:08:43.534591-04:00,"225 North Ave NW, Atlanta, GA 30332","265 Park Ave W NW, Atlanta, GA 30313",9.53,8.72,1.094,2067
2026-09-26T14:08:44.097366-04:00,"1380 Atlantic Dr NW, Atlanta, GA 30363","3393 Peachtree Rd NE, Atlanta, GA 30326",19.02,17.63,1.078,10266
2026-09-26T14:08:44.734058-04:00,"3393 Peachtree Rd NE, Atlanta, GA 30326","1380 Atlantic Dr NW, Atlanta, GA 30363",22.77,20.9,1.089,8869
2026-09-26T14:08:45.264524-04:00,"1380 Atlantic Dr NW, Atlanta, GA 30363","225 North Ave NW, Atlanta, GA 30332",10.92,10.47,1.043,2985
2026-09-26T14:08:45.913280-04:00,"225 North Ave NW, Atlanta, GA 30332","1380 Atlantic Dr NW, Atlanta, GA 30363",11.55,11.48,1.006,3461
2026-09-26T14:08:46.454675-04:00,"3393 Peachtree Rd NE, Atlanta, GA 30326","225 North Ave NW, Atlanta, GA 30332",28.15,26.35,1.068,10581
2026-09-26T14:08:46.996172-04:00,"225 North Ave NW, Atlanta, GA 30332","3393 Peachtree Rd NE, Atlanta, GA 30326",19.67,16.93,1.161,13584
2026-09-26T14:08:47.679184-04:00,"4400 Ashford Dunwoody Rd, Dunwoody, GA 30346","3393 Peachtree Rd NE, Atlanta, GA 30326",17.45,14.83,1.176,11803
2026-09-26T14:08:48.283474-04:00,"3393 Peachtree Rd NE, Atlanta, GA 30326","4400 Ashford Dunwoody Rd, Dunwoody, GA 30346",17.05,15.77,1.081,11689
2026-09-26T14:08:48.862983-04:00,"101 E Court Square, Decatur, GA 30030","225 North Ave NW, Atlanta, GA 30332",28.57,25.77,1.109,10404
2026-09-26T14:08:49.510765-04:00,"225 North Ave NW, Atlanta, GA 30332","101 E Court Square, Decatur, GA 30030",25.25,23.7,1.065,10272
2026-09-26T14:08:50.108676-04:00,"205 Lawrence St, Marietta, GA 30060","225 North Ave NW, Atlanta, GA 30332",35.98,26.1,1.379,29167
2026-09-26T14:08:50.667132-04:00,"225 North Ave NW, Atlanta, GA 30332","205 Lawrence St, Marietta, GA 30060",27.6,27.1,1.018,28974
2026-09-26T14:08:51.291118-04:00,"1 Galambos Way, Sandy Springs, GA 30328","3393 Peachtree Rd NE, Atlanta, GA 30326",19.2,16.8,1.143,13507
2026-09-26T14:08:51.821382-04:00,"3393 Peachtree Rd NE, Atlanta, GA 30326","1 Galambos Way, Sandy Springs, GA 30328",19.83,18.83,1.053,13941
2026-09-26T14:08:52.449934-04:00,"5485 Chamblee Dunwoody Rd, Dunwoody, GA 30338","3393 Peachtree Rd NE, Atlanta, GA 30326",17.85,16.02,1.114,13634
2026-09-26T14:08:53.073285-04:00,"3393 Peachtree Rd NE, Atlanta, GA 30326","5485 Chamblee Dunwoody Rd, Dunwoody, GA 30338",18.32,17.13,1.069,13651
2026-09-26T14:08:53.686882-04:00,"6400 Sugarloaf Pkwy, Duluth, GA 30097","225 North Ave NW, Atlanta, GA 30332",43.05,31.93,1.348,40710
2026-09-26T14:08:54.315657-04:00,"225 North Ave NW, Atlanta, GA 30332","6400 Sugarloaf Pkwy, Duluth, GA 30097",35.65,32.3,1.104,42787
2026-09-26T14:08:54.907768-04:00,"210 Luckie St, Lawrenceville, GA 30046","225 North Ave NW, Atlanta, GA 30332",51.33,39.97,1.284,48320
2026-09-26T14:08:55.537231-04:00,"225 North Ave NW, Atlanta, GA 30332","210 Luckie St, Lawrenceville, GA 30046",42.67,38.53,1.107,49395
2026-09-26T14:08:56.137520-04:00,"101 E Court Square, Decatur, GA 30030","265 Park Ave W NW, Atlanta, GA 30313",27.8,25.3,1.099,11294
2026-09-26T14:08:56.774269-04:00,"265 Park Ave W NW, Atlanta, GA 30313","101 E Court Square, Decatur, GA 30030",24.47,24.2,1.011,11439
2026-09-26T14:08:57.385796-04:00,"205 Lawrence St, Marietta, GA 30060","265 Park Ave W NW, Atlanta, GA 30313",35.9,30.35,1.183,29856
2026-09-26T14:08:57.922526-04:00,"265 Park Ave W NW, Atlanta, GA 30313","205 Lawrence St, Marietta, GA 30060",27.75,27.73,1.001,29352
2026-09-26T14:13:58.678147-04:00,"6000 N Terminal Pkwy, Atlanta, GA 30320","265 Park Ave W NW, Atlanta, GA 30313",31.13,19.22,1.62,16352
2026-09-26T14:13:59.275491-04:00,"265 Park Ave W NW, Atlanta, GA 30313","6000 N Terminal Pkwy, Atlanta, GA 30320",22.87,22.95,0.996,19742
2026-09-26T14:13:59.988973-04:00,"6000 N Terminal Pkwy, Atlanta, GA 30320","1380 Atlantic Dr NW, Atlanta, GA 30363",33.65,18.35,1.834,20917
2026-09-26T14:14:00.606963-04:00,"1380 Atlantic Dr NW, Atlanta, GA 30363","6000 N Terminal Pkwy, Atlanta, GA 30320",31.32,29.58,1.059,23211
2026-09-26T14:14:01.294465-04:00,"6000 N Terminal Pkwy, Atlanta, GA 30320","3393 Peachtree Rd NE, Atlanta, GA 30326",42.03,25.32,1.66,29954
2026-09-26T14:14:01.845959-04:00,"3393 Peachtree Rd NE, Atlanta, GA 30326","6000 N Terminal Pkwy, Atlanta, GA 30320",48.2,43.55,1.107,30300
2026-09-26T14:14:02.449735-04:00,"6000 N Terminal Pkwy, Atlanta, GA 30320","225 North Ave NW, Atlanta, GA 30332",34.23,19.63,1.744,18926
2026-09-26T14:14:02.986981-04:00,"225 North Ave NW, Atlanta, GA 30332","6000 N Terminal Pkwy, Atlanta, GA 30320",24.53,23.0,1.067,21085
2026-09-26T14:14:03.597003-04:00,"265 Park Ave W NW, Atlanta, GA 30313","1380 Atlantic Dr NW, Atlanta, GA 30363",11.33,10.6,1.069,4925
2026-09-26T14:14:04.163437-04:00,"1380 Atlantic Dr NW, Atlanta, GA 30363","265 Park Ave W NW, Atlanta, GA 30313",15.23,13.65,1.116,4358
2026-09-26T14:14:04.701825-04:00,"265 Park Ave W NW, Atlanta, GA 30313","3393 Peachtree Rd NE, Atlanta, GA 30326",19.42,17.57,1.105,13962
2026-09-26T14:14:05.286743-04:00,"3393 Peachtree Rd NE, Atlanta, GA 30326","265 Park Ave W NW, Atlanta, GA 30313",32.65,29.5,1.107,11663
2026-09-26T14:14:05.825504-04:00,"265 Park Ave W NW, Atlanta, GA 30313","225 North Ave NW, Atlanta, GA 30332",7.75,7.35,1.054,2086
2026-09-26T14:14:06.383084-04:00,"225 North Ave NW, Atlanta, GA 30332","265 Park Ave W NW, Atlanta, GA 30313",9.57,8.72,1.098,2067
2026-09-26T14:14:07.023905-04:00,"1380 Atlantic Dr NW, Atlanta, GA 30363","3393 Peachtree Rd NE, Atlanta, GA 30326",18.3,17.63,1.038,10266
2026-09-26T14:14:07.661065-04:00,"3393 Peachtree Rd NE, Atlanta, GA 30326","1380 Atlantic Dr NW, Atlanta, GA 30363",22.6,20.9,1.081,8869
2026-09-26T14:14:08.201097-04:00,"1380 Atlantic Dr NW, Atlanta, GA 30363","225 North Ave NW, Atlanta, GA 30332",11.02,10.47,1.053,2985
2026-09-26T14:14:08.745434-04:00,"225 North Ave NW, Atlanta, GA 30332","1380 Atlantic Dr NW, Atlanta, GA 30363",11.17,11.48,0.972,3461
2026-09-26T14:14:09.399938-04:00,"3393 Peachtree Rd NE, Atlanta, GA 30326","225 North Ave NW, Atlanta, GA 30332",28.37,26.35,1.077,10581
2026-09-26T14:14:09.966525-04:00,"225 North Ave NW, Atlanta, GA 30332","3393 Peachtree Rd NE, Atlanta, GA 30326",19.35,16.93,1.143,13584
2026-09-26T14:14:10.576769-04:00,"4400 Ashford Dunwoody Rd, Dunwoody, GA 30346","3393 Peachtree Rd NE, Atlanta, GA 30326",17.27,14.83,1.164,11803
2026-09-26T14:14:11.188416-04:00,"3393 Peachtree Rd NE, Atlanta, GA 30326","4400 Ashford Dunwoody Rd, Dunwoody, GA 30346",16.98,15.77,1.077,11689
2026-09-26T14:14:11.844733-04:00,"101 E Court Square, Decatur, GA 30030","225 North Ave NW, Atlanta, GA 30332",29.05,25.1,1.157,10208
2026-09-26T14:14:12.377018-04:00,"225 North Ave NW, Atlanta, GA 30332","101 E Court Square, Decatur, GA 30030",25.02,23.7,1.056,10272
2026-09-26T14:14:13.034899-04:00,"205 Lawrence St, Marietta, GA 30060","225 North Ave NW, Atlanta, GA 30332",36.0,36.32,0.991,29167
2026-09-26T14:14:13.616641-04:00,"225 North Ave NW, Atlanta, GA 30332","205 Lawrence St, Marietta, GA 30060",27.0,28.52,0.947,27895
2026-09-26T14:14:14.219501-04:00,"1 Galambos Way, Sandy Springs, GA 30328","3393 Peachtree Rd NE, Atlanta, GA 30326",20.08,16.8,1.195,13507
2026-09-26T14:14:14.862165-04:00,"3393 Peachtree Rd NE, Atlanta, GA 30326","1 Galambos Way, Sandy Springs, GA 30328",19.38,18.83,1.029,13941
2026-09-26T14:14:15.543850-04:00,"5485 Chamblee Dunwoody Rd, Dunwoody, GA 30338","3393 Peachtree Rd NE, Atlanta, GA 30326",17.6,16.02,1.099,13634
2026-09-26T14:14:16.094331-04:00,"3393 Peachtree Rd NE, Atlanta, GA 30326","5485 Chamblee Dunwoody Rd, Dunwoody, GA 30338",18.07,17.13,1.054,13651
2026-09-26T14:14:16.762672-04:00,"6400 Sugarloaf Pkwy, Duluth, GA 30097","225 North Ave NW, Atlanta, GA 30332",44.37,31.93,1.389,40710
2026-09-26T14:14:17.338527-04:00,"225 North Ave NW, Atlanta, GA 30332","6400 Sugarloaf Pkwy, Duluth, GA 30097",35.68,32.3,1.105,42787
2026-09-26T14:14:18.031118-04:00,"210 Luckie St, Lawrenceville, GA 30046","225 North Ave NW, Atlanta, GA 30332",52.73,39.97,1.319,48320
2026-09-26T14:14:18.566595-04:00,"225 North Ave NW, Atlanta, GA 30332","210 Luckie St, Lawrenceville, GA 30046",42.77,43.38,0.986,49395
2026-09-26T14:14:19.241085-04:00,"101 E Court Square, Decatur, GA 30030","265 Park Ave W NW, Atlanta, GA 30313",27.42,25.3,1.084,11294
2026-09-26T14:14:19.841123-04:00,"265 Park Ave W NW, Atlanta, GA 30313","101 E Court Square, Decatur, GA 30030",24.63,24.2,1.018,11439
2026-09-26T14:14:20.426527-04:00,"205 Lawrence St, Marietta, GA 30060","265 Park Ave W NW, Atlanta, GA 30313",36.58,30.98,1.181,29878
2026-09-26T14:14:21.010285-04:00,"265 Park Ave W NW, Atlanta, GA 30313","205 Lawrence St, Marietta, GA 30060",27.75,27.73,1.001,29352
2026-09-26T14:19:21.448897-04:00,"6000 N Terminal Pkwy, Atlanta, GA 30320","265 Park Ave W NW, Atlanta, GA 30313",26.72,19.2,1.391,16393
2026-09-26T14:19:21.828735-04:00,"265 Park Ave W NW, Atlanta, GA 30313","6000 N Terminal Pkwy, Atlanta, GA 30320",22.82,22.95,0.994,19742
2026-09-26T14:19:22.147024-04:00,"6000 N Terminal Pkwy, Atlanta, GA 30320","1380 Atlantic Dr NW, Atlanta, GA 30363",29.08,18.33,1.586,20958
2026-09-26T14:19:22.518642-04:00,"1380 Atlantic Dr NW, Atlanta, GA 30363","6000 N Terminal Pkwy, Atlanta, GA 30320",31.62,27.05,1.169,23043
2026-09-26T14:19:22.884884-04:00,"6000 N Terminal Pkwy, Atlanta, GA 30320","3393 Peachtree Rd NE, Atlanta, GA 30326",37.43,25.3,1.48,29995
2026-09-26T14:19:23.289294-04:00,"3393 Peachtree Rd NE, Atlanta, GA 30326","6000 N Terminal Pkwy, Atlanta, GA 30320",47.42,32.82,1.445,30918
2026-09-26T14:19:23.652635-04:00,"6000 N Terminal Pkwy, Atlanta, GA 30320","225 North Ave NW, Atlanta, GA 30332",29.62,19.62,1.51,18967
2026-09-26T14:19:24.043544-04:00,"225 North Ave NW, Atlanta, GA 30332","6000 N Terminal Pkwy, Atlanta, GA 30320",26.68,23.0,1.16,21085
2026-09-26T14:19:24.449520-04:00,"265 Park Ave W NW, Atlanta, GA 30313","1380 Atlantic Dr NW, Atlanta, GA 30363",11.05,10.6,1.042,4925
2026-09-26T14:19:24.869171-04:00,"1380 Atlantic Dr NW, Atlanta, GA 30363","265 Park Ave W NW, Atlanta, GA 30313",16.12,15.53,1.038,4574
2026-09-26T14:19:25.270860-04:00,"265 Park Ave W NW, Atlanta, GA 30313","3393 Peachtree Rd NE, Atlanta, GA 30326",19.23,17.57,1.095,13962
2026-09-26T14:19:25.652025-04:00,"3393 Peachtree Rd NE, Atlanta, GA 30326","265 Park Ave W NW, Atlanta, GA 30313",32.92,29.5,1.116,11663
2026-09-26T14:19:26.090649-04:00,"265 Park Ave W NW, Atlanta, GA 30313","225 North Ave NW, Atlanta, GA 30332",8.28,7.35,1.127,2086
2026-09-26T14:19:26.562542-04:00,"225 North Ave NW, Atlanta, GA 30332","265 Park Ave W NW, Atlanta, GA 30313",9.37,8.72,1.075,2067
2026-09-26T14:19:27.085135-04:00,"1380 Atlantic Dr NW, Atlanta, GA 30363","3393 Peachtree Rd NE, Atlanta, GA 30326",18.47,17.63,1.047,10266
2026-09-26T14:19:27.663500-04:00,"3393 Peachtree Rd NE, Atlanta, GA 30326","1380 Atlantic Dr NW, Atlanta, GA 30363",22.87,20.9,1.094,8869
2026-09-26T14:19:28.267911-04:00,"1380 Atlantic Dr NW, Atlanta, GA 30363","225 North Ave NW, Atlanta, GA 30332",10.83,10.8,1.003,3264
2026-09-26T14:19:28.703518-04:00,"225 North Ave NW, Atlanta, GA 30332","1380 Atlantic Dr NW, Atlanta, GA 30363",11.05,11.48,0.962,3461
2026-09-26T14:19:29.117655-04:00,"3393 Peachtree Rd NE, Atlanta, GA 30326","225 North Ave NW, Atlanta, GA 30332",28.78,29.98,0.96,10581
2026-09-26T14:19:29.573863-04:00,"225 North Ave NW, Atlanta, GA 30332","3393 Peachtree Rd NE, Atlanta, GA 30326",19.6,16.93,1.157,13584
2026-09-26T14:19:30.091706-04:00,"4400 Ashford Dunwoody Rd, Dunwoody, GA 30346","3393 Peachtree Rd NE, Atlanta, GA 30326",17.33,14.83,1.169,11803
2026-09-26T14:19:30.684615-04:00,"3393 Peachtree Rd NE, Atlanta, GA 30326","4400 Ashford Dunwoody Rd, Dunwoody, GA 30346",16.7,15.77,1.059,11689
2026-09-26T14:19:31.151134-04:00,"101 E Court Square, Decatur, GA 30030","225 North Ave NW, Atlanta, GA 30332",29.47,25.1,1.174,10208
2026-09-26T14:19:31.516841-04:00,"225 North Ave NW, Atlanta, GA 30332","101 E Court Square, Decatur, GA 30030",25.15,23.7,1.061,10272
2026-09-26T14:19:31.916870-04:00,"205 Lawrence St, Marietta, GA 30060","225 North Ave NW, Atlanta, GA 30332",37.03,26.1,1.419,29167
2026-09-26T14:19:32.315120-04:00,"225 North Ave NW, Atlanta, GA 30332","205 Lawrence St, Marietta, GA 30060",27.4,28.52,0.961,27895
2026-09-26T14:19:32.683498-04:00,"1 Galambos Way, Sandy Springs, GA 30328","3393 Peachtree Rd NE, Atlanta, GA 30326",20.6,16.8,1.226,13507
2026-09-26T14:19:33.100542-04:00,"3393 Peachtree Rd NE, Atlanta, GA 30326","1 Galambos Way, Sandy Springs, GA 30328",19.95,19.13,1.043,14635
2026-09-26T14:19:33.483596-04:00,"5485 Chamblee Dunwoody Rd, Dunwoody, GA 30338","3393 Peachtree Rd NE, Atlanta, GA 30326",18.12,16.12,1.124,13772
2026-09-26T14:19:33.850811-04:00,"3393 Peachtree Rd NE, Atlanta, GA 30326","5485 Chamblee Dunwoody Rd, Dunwoody, GA 30338",18.4,17.13,1.074,13651
2026-09-26T14:19:34.185194-04:00,"6400 Sugarloaf Pkwy, Duluth, GA 30097","225 North Ave NW, Atlanta, GA 30332",42.18,34.95,1.207,41182
2026-09-26T14:19:34.532456-04:00,"225 North Ave NW, Atlanta, GA 30332","6400 Sugarloaf Pkwy, Duluth, GA 30097",35.38,32.3,1.095,42787
2026-09-26T14:19:34.966350-04:00,"210 Luckie St, Lawrenceville, GA 30046","225 North Ave NW, Atlanta, GA 30332",50.42,42.97,1.173,48792
2026-09-26T14:19:35.433788-04:00,"225 North Ave NW, Atlanta, GA 30332","210 Luckie St, Lawrenceville, GA 30046",42.65,38.53,1.107,49395
2026-09-26T14:19:35.829384-04:00,"101 E Court Square, Decatur, GA 30030","265 Park Ave W NW, Atlanta, GA 30313",27.12,25.3,1.072,11294
2026-09-26T14:19:36.200556-04:00,"265 Park Ave W NW, Atlanta, GA 30313","101 E Court Square, Decatur, GA 30030",24.33,24.2,1.006,11439
2026-09-26T14:19:36.733702-04:00,"205 Lawrence St, Marietta, GA 30060","265 Park Ave W NW, Atlanta, GA 30313",36.47,30.98,1.177,29878
2026-09-26T14:19:37.105594-04:00,"265 Park Ave W NW, Atlanta, GA 30313","205 Lawrence St, Marietta, GA 30060",27.4,27.73,0.988,29352
2026-09-26T14:24:37.626252-04:00,"6000 N Terminal Pkwy, Atlanta, GA 30320","265 Park Ave W NW, Atlanta, GA 30313",31.27,19.22,1.627,16352
2026-09-26T14:24:38.095251-04:00,"265 Park Ave W NW, Atlanta, GA 30313","6000 N Terminal Pkwy, Atlanta, GA 30320",23.3,22.95,1.015,19742
2026-09-26T14:24:38.560989-04:00,"6000 N Terminal Pkwy, Atlanta, GA 30320","1380 Atlantic Dr NW, Atlanta, GA 30363",33.98,18.35,1.852,20917
2026-09-26T14:24:39.082502-04:00,"1380 Atlantic Dr NW, Atlanta, GA 30363","6000 N Terminal Pkwy, Atlanta, GA 30320",33.38,24.75,1.349,22561
2026-09-26T14:24:39.599165-04:00,"6000 N Terminal Pkwy, Atlanta, GA 30320","3393 Peachtree Rd NE, Atlanta, GA 30326",42.5,25.32,1.679,29954
2026-09-26T14:24:40.283719-04:00,"3393 Peachtree Rd NE, Atlanta, GA 30326","6000 N Terminal Pkwy, Atlanta, GA 30320",47.87,32.25,1.484,31173
2026-09-26T14:24:40.754243-04:00,"6000 N Terminal Pkwy, Atlanta, GA 30320","225 North Ave NW, Atlanta, GA 30332",34.95,19.63,1.78,18926
2026-09-26T14:24:41.352299-04:00,"225 North Ave NW, Atlanta, GA 30332","6000 N Terminal Pkwy, Atlanta, GA 30320",27.47,23.95,1.147,21079
2026-09-26T14:24:41.869991-04:00,"265 Park Ave W NW, Atlanta, GA 30313","1380 Atlantic Dr NW, Atlanta, GA 30363",11.3,10.6,1.066,4925
2026-09-26T14:24:42.450181-04:00,"1380 Atlantic Dr NW, Atlanta, GA 30363","265 Park Ave W NW, Atlanta, GA 30313",14.9,14.12,1.055,4602
2026-09-26T14:24:42.985707-04:00,"265 Park Ave W NW, Atlanta, GA 30313","3393 Peachtree Rd NE, Atlanta, GA 30326",19.55,17.57,1.113,13962
2026-09-26T14:24:43.480174-04:00,"3393 Peachtree Rd NE, Atlanta, GA 30326","265 Park Ave W NW, Atlanta, GA 30313",34.42,29.5,1.167,11663
2026-09-26T14:24:44.029074-04:00,"265 Park Ave W NW, Atlanta, GA 30313","225 North Ave NW, Atlanta, GA 30332",9.45,7.35,1.286,2086
2026-09-26T14:24:44.459933-04:00,"225 North Ave NW, Atlanta, GA 30332","265 Park Ave W NW, Atlanta, GA 30313",9.38,8.72,1.076,2067
2026-09-26T14:24:45.005190-04:00,"1380 Atlantic Dr NW, Atlanta, GA 30363","3393 Peachtree Rd NE, Atlanta, GA 30326",18.62,17.63,1.056,10266
2026-09-26T14:24:45.642041-04:00,"3393 Peachtree Rd NE, Atlanta, GA 30326","1380 Atlantic Dr NW, Atlanta, GA 30363",23.55,20.9,1.127,8869
2026-09-26T14:24:46.169254-04:00,"1380 Atlantic Dr NW, Atlanta, GA 30363","225 North Ave NW, Atlanta, GA 30332",11.7,10.47,1.118,2985
2026-09-26T14:24:46.684540-04:00,"225 North Ave NW, Atlanta, GA 30332","1380 Atlantic Dr NW, Atlanta, GA 30363",11.12,11.48,0.968,3461
2026-09-26T14:24:47.229633-04:00,"3393 Peachtree Rd NE, Atlanta, GA 30326","225 North Ave NW, Atlanta, GA 30332",29.43,26.35,1.117,10581
2026-09-26T14:24:47.902755-04:00,"225 North Ave NW, Atlanta, GA 30332","3393 Peachtree Rd NE, Atlanta, GA 30326",20.1,16.93,1.187,13584
2026-09-26T14:24:48.490306-04:00,"4400 Ashford Dunwoody Rd, Dunwoody, GA 30346","3393 Peachtree Rd NE, Atlanta, GA 30326",17.48,14.83,1.179,11803
2026-09-26T14:24:48.949931-04:00,"3393 Peachtree Rd NE, Atlanta, GA 30326","4400 Ashford Dunwoody Rd, Dunwoody, GA 30346",16.43,15.77,1.042,11689
2026-09-26T14:24:49.484762-04:00,"101 E Court Square, Decatur, GA 30030","225 North Ave NW, Atlanta, GA 30332",28.82,25.77,1.118,10404
2026-09-26T14:24:49.943174-04:00,"225 North Ave NW, Atlanta, GA 30332","101 E Court Square, Decatur, GA 30030",25.9,23.7,1.093,10272
2026-09-26T14:24:50.483181-04:00,"205 Lawrence St, Marietta, GA 30060","225 North Ave NW, Atlanta, GA 30332",35.55,26.1,1.362,29167
2026-09-26T14:24:51.006554-04:00,"225 North Ave NW, Atlanta, GA 30332","205 Lawrence St, Marietta, GA 30060",27.8,28.52,0.975,27895
2026-09-26T14:24:51.489202-04:00,"1 Galambos Way, Sandy Springs, GA 30328","3393 Peachtree Rd NE, Atlanta, GA 30326",20.0,16.8,1.19,13507
2026-09-26T14:24:51.934500-04:00,"3393 Peachtree Rd NE, Atlanta, GA 30326","1 Galambos Way, Sandy Springs, GA 30328",19.12,18.83,1.015,13941
2026-09-26T14:24:52.392408-04:00,"5485 Chamblee Dunwoody Rd, Dunwoody, GA 30338","3393 Peachtree Rd NE, Atlanta, GA 30326",17.93,16.02,1.12,13634
2026-09-26T14:24:52.885692-04:00,"3393 Peachtree Rd NE, Atlanta, GA 30326","5485 Chamblee Dunwoody Rd, Dunwoody, GA 30338",18.12,17.13,1.057,13651
2026-09-26T14:24:53.472500-04:00,"6400 Sugarloaf Pkwy, Duluth, GA 30097","225 North Ave NW, Atlanta, GA 30332",42.7,34.95,1.222,41182
2026-09-26T14:24:54.021753-04:00,"225 North Ave NW, Atlanta, GA 30332","6400 Sugarloaf Pkwy, Duluth, GA 30097",36.33,36.93,0.984,42787
2026-09-26T14:24:54.570317-04:00,"210 Luckie St, Lawrenceville, GA 30046","225 North Ave NW, Atlanta, GA 30332",50.9,42.97,1.185,48792
2026-09-26T14:24:55.097375-04:00,"225 North Ave NW, Atlanta, GA 30332","210 Luckie St, Lawrenceville, GA 30046",43.47,38.53,1.128,49395
2026-09-26T14:24:55.622093-04:00,"101 E Court Square, Decatur, GA 30030","265 Park Ave W NW, Atlanta, GA 30313",27.28,25.3,1.078,11294
2026-09-26T14:24:56.152613-04:00,"265 Park Ave W NW, Atlanta, GA 30313","101 E Court Square, Decatur, GA 30030",24.83,24.13,1.029,11227
2026-09-26T14:24:56.611112-04:00,"205 Lawrence St, Marietta, GA 30060","265 Park Ave W NW, Atlanta, GA 30313",35.85,29.97,1.196,29774
2026-09-26T14:24:57.146288-04:00,"265 Park Ave W NW, Atlanta, GA 30313","205 Lawrence St, Marietta, GA 30060",27.78,28.57,0.973,29351
2026-09-26T14:29:57.631267-04:00,"6000 N Terminal Pkwy, Atlanta, GA 30320","265 Park Ave W NW, Atlanta, GA 30313",26.47,19.2,1.378,16393
2026-09-26T14:29:58.128421-04:00,"265 Park Ave W NW, Atlanta, GA 30313","6000 N Terminal Pkwy, Atlanta, GA 30320",23.57,22.95,1.027,19742
2026-09-26T14:29:58.707376-04:00,"6000 N Terminal Pkwy, Atlanta, GA 30320","1380 Atlantic Dr NW, Atlanta, GA 30363",29.67,29.58,1.003,20958
2026-09-26T14:29:59.159555-04:00,"1380 Atlantic Dr NW, Atlanta, GA 30363","6000 N Terminal Pkwy, Atlanta, GA 30320",31.03,26.47,1.173,22909
2026-09-26T14:29:59.710568-04:00,"6000 N Terminal Pkwy, Atlanta, GA 30320","3393 Peachtree Rd NE, Atlanta, GA 30326",38.08,25.3,1.505,29995
2026-09-26T14:30:00.246316-04:00,"3393 Peachtree Rd NE, Atlanta, GA 30326","6000 N Terminal Pkwy, Atlanta, GA 30320",46.67,32.82,1.422,30918
2026-09-26T14:30:00.859653-04:00,"6000 N Terminal Pkwy, Atlanta, GA 30320","225 North Ave NW, Atlanta, GA 30332",29.97,20.05,1.495,19324
2026-09-26T14:30:01.317970-04:00,"225 North Ave NW, Atlanta, GA 30332","6000 N Terminal Pkwy, Atlanta, GA 30320",27.38,23.95,1.143,21079
2026-09-26T14:30:01.847440-04:00,"265 Park Ave W NW, Atlanta, GA 30313","1380 Atlantic Dr NW, Atlanta, GA 30363",11.78,10.6,1.112,4925
2026-09-26T14:30:02.360870-04:00,"1380 Atlantic Dr NW, Atlanta, GA 30363","265 Park Ave W NW, Atlanta, GA 30313",15.45,14.47,1.068,4516
2026-09-26T14:30:02.853268-04:00,"265 Park Ave W NW, Atlanta, GA 30313","3393 Peachtree Rd NE, Atlanta, GA 30326",20.07,17.57,1.142,13962
2026-09-26T14:30:03.366369-04:00,"3393 Peachtree Rd NE, Atlanta, GA 30326","265 Park Ave W NW, Atlanta, GA 30313",34.57,19.68,1.756,12990
2026-09-26T14:30:03.887580-04:00,"265 Park Ave W NW, Atlanta, GA 30313","225 North Ave NW, Atlanta, GA 30332",10.03,7.35,1.365,2086
2026-09-26T14:30:04.410184-04:00,"225 North Ave NW, Atlanta, GA 30332","265 Park Ave W NW, Atlanta, GA 30313",9.52,8.72,1.092,2067
2026-09-26T14:30:04.871699-04:00,"1380 Atlantic Dr NW, Atlanta, GA 30363","3393 Peachtree Rd NE, Atlanta, GA 30326",18.63,19.42,0.96,10265
2026-09-26T14:30:05.388904-04:00,"3393 Peachtree Rd NE, Atlanta, GA 30326","1380 Atlantic Dr NW, Atlanta, GA 30363",23.28,17.4,1.338,10074
2026-09-26T14:30:05.899960-04:00,"1380 Atlantic Dr NW, Atlanta, GA 30363","225 North Ave NW, Atlanta, GA 30332",11.27,10.47,1.076,2985
2026-09-26T14:30:06.436791-04:00,"225 North Ave NW, Atlanta, GA 30332","1380 Atlantic Dr NW, Atlanta, GA 30363",11.12,11.48,0.968,3461
2026-09-26T14:30:06.896747-04:00,"3393 Peachtree Rd NE, Atlanta, GA 30326","225 North Ave NW, Atlanta, GA 30332",29.37,22.85,1.285,11786
2026-09-26T14:30:07.313491-04:00,"225 North Ave NW, Atlanta, GA 30332","3393 Peachtree Rd NE, Atlanta, GA 30326",20.33,16.93,1.201,13584
2026-09-26T14:30:07.835849-04:00,"4400 Ashford Dunwoody Rd, Dunwoody, GA 30346","3393 Peachtree Rd NE, Atlanta, GA 30326",17.35,14.83,1.17,11803
2026-09-26T14:30:08.369731-04:00,"3393 Peachtree Rd NE, Atlanta, GA 30326","4400 Ashford Dunwoody Rd, Dunwoody, GA 30346",16.33,15.77,1.036,11689
2026-09-26T14:30:08.884897-04:00,"101 E Court Square, Decatur, GA 30030","225 North Ave NW, Atlanta, GA 30332",28.95,25.77,1.124,10404
2026-09-26T14:30:09.359690-04:00,"225 North Ave NW, Atlanta, GA 30332","101 E Court Square, Decatur, GA 30030",26.22,23.87,1.098,10450
2026-09-26T14:30:09.949132-04:00,"205 Lawrence St, Marietta, GA 30060","225 North Ave NW, Atlanta, GA 30332",37.08,26.1,1.421,29167
2026-09-26T14:30:10.437957-04:00,"225 North Ave NW, Atlanta, GA 30332","205 Lawrence St, Marietta, GA 30060",27.58,28.52,0.967,27895
2026-09-26T14:30:10.970583-04:00,"1 Galambos Way, Sandy Springs, GA 30328","3393 Peachtree Rd NE, Atlanta, GA 30326",19.5,16.8,1.161,13507
2026-09-26T14:30:11.453529-04:00,"3393 Peachtree Rd NE, Atlanta, GA 30326","1 Galambos Way, Sandy Springs, GA 30328",19.38,18.83,1.029,13941
2026-09-26T14:30:12.009691-04:00,"5485 Chamblee Dunwoody Rd, Dunwoody, GA 30338","3393 Peachtree Rd NE, Atlanta, GA 30326",18.13,16.02,1.132,13634
2026-09-26T14:30:12.444624-04:00,"3393 Peachtree Rd NE, Atlanta, GA 30326","5485 Chamblee Dunwoody Rd, Dunwoody, GA 30338",17.88,17.13,1.044,13651
2026-09-26T14:30:13.038599-04:00,"6400 Sugarloaf Pkwy, Duluth, GA 30097","225 North Ave NW, Atlanta, GA 30332",42.1,34.95,1.205,41182
2026-09-26T14:30:13.578242-04:00,"225 North Ave NW, Atlanta, GA 30332","6400 Sugarloaf Pkwy, Duluth, GA 30097",36.58,32.3,1.133,42787
2026-09-26T14:30:14.134468-04:00,"210 Luckie St, Lawrenceville, GA 30046","225 North Ave NW, Atlanta, GA 30332",50.52,42.97,1.176,48792
2026-09-26T14:30:14.623888-04:00,"225 North Ave NW, Atlanta, GA 30332","210 Luckie St, Lawrenceville, GA 30046",43.38,38.53,1.126,49395
2026-09-26T14:30:15.092971-04:00,"101 E Court Square, Decatur, GA 30030","265 Park Ave W NW, Atlanta, GA 30313",26.95,25.3,1.065,11294
2026-09-26T14:30:15.673040-04:00,"265 Park Ave W NW, Atlanta, GA 30313","101 E Court Square, Decatur, GA 30030",24.87,24.13,1.03,11227
2026-09-26T14:30:16.323910-04:00,"205 Lawrence St, Marietta, GA 30060","265 Park Ave W NW, Atlanta, GA 30313",40.72,26.02,1.565,30558
2026-09-26T14:30:16.843692-04:00,"265 Park Ave W NW, Atlanta, GA 30313","205 Lawrence St, Marietta, GA 30060",28.25,27.73,1.019,29352
2026-09-26T14:35:17.459135-04:00,"6000 N Terminal Pkwy, Atlanta, GA 30320","265 Park Ave W NW, Atlanta, GA 30313",31.92,19.22,1.661,16352
2026-09-26T14:35:18.037090-04:00,"265 Park Ave W NW, Atlanta, GA 30313","6000 N Terminal Pkwy, Atlanta, GA 30320",24.18,24.32,0.995,18142
2026-09-26T14:35:18.554604-04:00,"6000 N Terminal Pkwy, Atlanta, GA 30320","1380 Atlantic Dr NW, Atlanta, GA 30363",34.82,18.35,1.897,20917
2026-09-26T14:35:19.190192-04:00,"1380 Atlantic Dr NW, Atlanta, GA 30363","6000 N Terminal Pkwy, Atlanta, GA 30320",31.73,25.08,1.265,22840
2026-09-26T14:35:19.690467-04:00,"6000 N Terminal Pkwy, Atlanta, GA 30320","3393 Peachtree Rd NE, Atlanta, GA 30326",42.97,25.32,1.697,29954
2026-09-26T14:35:20.195171-04:00,"3393 Peachtree Rd NE, Atlanta, GA 30326","6000 N Terminal Pkwy, Atlanta, GA 30320",47.85,32.25,1.484,31173
2026-09-26T14:35:20.664366-04:00,"6000 N Terminal Pkwy, Atlanta, GA 30320","225 North Ave NW, Atlanta, GA 30332",35.05,20.07,1.747,19282
2026-09-26T14:35:21.202478-04:00,"225 North Ave NW, Atlanta, GA 30332","6000 N Terminal Pkwy, Atlanta, GA 30320",27.28,25.32,1.078,22392
2026-09-26T14:35:21.757917-04:00,"265 Park Ave W NW, Atlanta, GA 30313","1380 Atlantic Dr NW, Atlanta, GA 30363",12.35,10.6,1.165,4925
2026-09-26T14:35:22.191205-04:00,"1380 Atlantic Dr NW, Atlanta, GA 30363","265 Park Ave W NW, Atlanta, GA 30313",15.73,16.87,0.933,4684
2026-09-26T14:35:22.652648-04:00,"265 Park Ave W NW, Atlanta, GA 30313","3393 Peachtree Rd NE, Atlanta, GA 30326",20.67,17.57,1.176,13962
2026-09-26T14:35:23.223414-04:00,"3393 Peachtree Rd NE, Atlanta, GA 30326","265 Park Ave W NW, Atlanta, GA 30313",34.83,19.68,1.77,12990
2026-09-26T14:35:23.747201-04:00,"265 Park Ave W NW, Atlanta, GA 30313","225 North Ave NW, Atlanta, GA 30332",8.95,8.1,1.105,2382
2026-09-26T14:35:24.207918-04:00,"225 North Ave NW, Atlanta, GA 30332","265 Park Ave W NW, Atlanta, GA 30313",9.38,8.72,1.076,2067
2026-09-26T14:35:24.741438-04:00,"1380 Atlantic Dr NW, Atlanta, GA 30363","3393 Peachtree Rd NE, Atlanta, GA 30326",19.12,17.63,1.084,10266
2026-09-26T14:35:25.244647-04:00,"3393 Peachtree Rd NE, Atlanta, GA 30326","1380 Atlantic Dr NW, Atlanta, GA 30363",25.1,16.83,1.491,10329
2026-09-26T14:35:25.771143-04:00,"1380 Atlantic Dr NW, Atlanta, GA 30363","225 North Ave NW, Atlanta, GA 30332",11.38,10.47,1.088,2985
2026-09-26T14:35:26.256901-04:00,"225 North Ave NW, Atlanta, GA 30332","1380 Atlantic Dr NW, Atlanta, GA 30363",11.12,11.48,0.968,3461
2026-09-26T14:35:26.839636-04:00,"3393 Peachtree Rd NE, Atlanta, GA 30326","225 North Ave NW, Atlanta, GA 30332",31.23,22.28,1.402,12041
2026-09-26T14:35:27.338225-04:00,"225 North Ave NW, Atlanta, GA 30332","3393 Peachtree Rd NE, Atlanta, GA 30326",20.77,16.93,1.226,13584
2026-09-26T14:35:27.819033-04:00,"4400 Ashford Dunwoody Rd, Dunwoody, GA 30346","3393 Peachtree Rd NE, Atlanta, GA 30326",17.37,14.83,1.171,11803
2026-09-26T14:35:28.367826-04:00,"3393 Peachtree Rd NE, Atlanta, GA 30326","4400 Ashford Dunwoody Rd, Dunwoody, GA 30346",16.37,15.77,1.038,11689
2026-09-26T14:35:28.949592-04:00,"101 E Court Square, Decatur, GA 30030","225 North Ave NW, Atlanta, GA 30332",30.33,25.77,1.177,10404
2026-09-26T14:35:29.385322-04:00,"225 North Ave NW, Atlanta, GA 30332","101 E Court Square, Decatur, GA 30030",26.05,27.07,0.962,10272
2026-09-26T14:35:29.907598-04:00,"205 Lawrence St, Marietta, GA 30060","225 North Ave NW, Atlanta, GA 30332",36.22,26.1,1.388,29167
2026-09-26T14:35:30.393738-04:00,"225 North Ave NW, Atlanta, GA 30332","205 Lawrence St, Marietta, GA 30060",27.2,28.52,0.954,27895
2026-09-26T14:35:30.895959-04:00,"1 Galambos Way, Sandy Springs, GA 30328","3393 Peachtree Rd NE, Atlanta, GA 30326",19.02,16.8,1.132,13507
2026-09-26T14:35:31.375025-04:00,"3393 Peachtree Rd NE, Atlanta, GA 30326","1 Galambos Way, Sandy Springs, GA 30328",19.03,18.83,1.011,13941
2026-09-26T14:35:31.880730-04:00,"5485 Chamblee Dunwoody Rd, Dunwoody, GA 30338","3393 Peachtree Rd NE, Atlanta, GA 30326",18.0,16.02,1.124,13634
2026-09-26T14:35:32.373877-04:00,"3393 Peachtree Rd NE, Atlanta, GA 30326","5485 Chamblee Dunwoody Rd, Dunwoody, GA 30338",17.75,17.13,1.036,13651
2026-09-26T14:35:32.874949-04:00,"6400 Sugarloaf Pkwy, Duluth, GA 30097","225 North Ave NW, Atlanta, GA 30332",43.77,34.95,1.252,41182
2026-09-26T14:35:33.400316-04:00,"225 North Ave NW, Atlanta, GA 30332","6400 Sugarloaf Pkwy, Duluth, GA 30097",37.07,32.3,1.148,42787
2026-09-26T14:35:33.948541-04:00,"210 Luckie St, Lawrenceville, GA 30046","225 North Ave NW, Atlanta, GA 30332",51.5,42.97,1.199,48792
2026-09-26T14:35:34.519761-04:00,"225 North Ave NW, Atlanta, GA 30332","210 Luckie St, Lawrenceville, GA 30046",43.85,38.62,1.136,49413
2026-09-26T14:35:34.985944-04:00,"101 E Court Square, Decatur, GA 30030","265 Park Ave W NW, Atlanta, GA 30313",26.9,25.3,1.063,11294
2026-09-26T14:35:35.506294-04:00,"265 Park Ave W NW, Atlanta, GA 30313","101 E Court Square, Decatur, GA 30030",25.98,24.13,1.077,11227
2026-09-26T14:35:36.008152-04:00,"205 Lawrence St, Marietta, GA 30060","265 Park Ave W NW, Atlanta, GA 30313",39.82,26.02,1.53,30558
2026-09-26T14:35:36.529133-04:00,"265 Park Ave W NW, Atlanta, GA 30313","205 Lawrence St, Marietta, GA 30060",28.52,27.73,1.028,29352
2026-09-26T14:40:37.078278-04:00,"6000 N Terminal Pkwy, Atlanta, GA 30320","265 Park Ave W NW, Atlanta, GA 30313",32.3,19.22,1.681,16352
2026-09-26T14:40:37.527771-04:00,"265 Park Ave W NW, Atlanta, GA 30313","6000 N Terminal Pkwy, Atlanta, GA 30320",24.13,24.98,0.966,18141
2026-09-26T14:40:38.106085-04:00,"6000 N Terminal Pkwy, Atlanta, GA 30320","1380 Atlantic Dr NW, Atlanta, GA 30363",35.18,18.35,1.917,20917
2026-09-26T14:40:38.644435-04:00,"1380 Atlantic Dr NW, Atlanta, GA 30363","6000 N Terminal Pkwy, Atlanta, GA 30320",34.0,24.75,1.374,22561
2026-09-26T14:40:39.128218-04:00,"6000 N Terminal Pkwy, Atlanta, GA 30320","3393 Peachtree Rd NE, Atlanta, GA 30326",42.95,25.32,1.697,29954
2026-09-26T14:40:39.578360-04:00,"3393 Peachtree Rd NE, Atlanta, GA 30326","6000 N Terminal Pkwy, Atlanta, GA 30320",46.93,30.67,1.53,32013
2026-09-26T14:40:40.034438-04:00,"6000 N Terminal Pkwy, Atlanta, GA 30320","225 North Ave NW, Atlanta, GA 30332",35.28,20.07,1.758,19282
2026-09-26T14:40:40.562489-04:00,"225 North Ave NW, Atlanta, GA 30332","6000 N Terminal Pkwy, Atlanta, GA 30320",26.78,23.95,1.118,21079
2026-09-26T14:40:41.069321-04:00,"265 Park Ave W NW, Atlanta, GA 30313","1380 Atlantic Dr NW, Atlanta, GA 30363",12.92,10.6,1.219,4925
2026-09-26T14:40:41.551337-04:00,"1380 Atlantic Dr NW, Atlanta, GA 30363","265 Park Ave W NW, Atlanta, GA 30313",15.82,14.03,1.127,4440
2026-09-26T14:40:42.011958-04:00,"265 Park Ave W NW, Atlanta, GA 30313","3393 Peachtree Rd NE, Atlanta, GA 30326",21.22,17.57,1.208,13962
2026-09-26T14:40:42.545124-04:00,"3393 Peachtree Rd NE, Atlanta, GA 30326","265 Park Ave W NW, Atlanta, GA 30313",34.25,18.1,1.892,13831
2026-09-26T14:40:43.045312-04:00,"265 Park Ave W NW, Atlanta, GA 30313","225 North Ave NW, Atlanta, GA 30332",8.75,7.35,1.19,2086
2026-09-26T14:40:43.444848-04:00,"225 North Ave NW, Atlanta, GA 30332","265 Park Ave W NW, Atlanta, GA 30313",9.47,8.72,1.086,2067
2026-09-26T14:40:43.969274-04:00,"1380 Atlantic Dr NW, Atlanta, GA 30363","3393 Peachtree Rd NE, Atlanta, GA 30326",19.07,17.63,1.081,10266
2026-09-26T14:40:44.521498-04:00,"3393 Peachtree Rd NE, Atlanta, GA 30326","1380 Atlantic Dr NW, Atlanta, GA 30363",23.47,20.9,1.123,8869
2026-09-26T14:40:45.016891-04:00,"1380 Atlantic Dr NW, Atlanta, GA 30363","225 North Ave NW, Atlanta, GA 30332",11.7,10.47,1.118,2985
2026-09-26T14:40:45.461202-04:00,"225 North Ave NW, Atlanta, GA 30332","1380 Atlantic Dr NW, Atlanta, GA 30363",11.12,12.18,0.912,3461
2026-09-26T14:40:46.070197-04:00,"3393 Peachtree Rd NE, Atlanta, GA 30326","225 North Ave NW, Atlanta, GA 30332",29.93,26.35,1.136,10581
2026-09-26T14:40:46.604656-04:00,"225 North Ave NW, Atlanta, GA 30332","3393 Peachtree Rd NE, Atlanta, GA 30326",21.12,17.12,1.234,13740
2026-09-26T14:40:47.116239-04:00,"4400 Ashford Dunwoody Rd, Dunwoody, GA 30346","3393 Peachtree Rd NE, Atlanta, GA 30326",17.63,14.95,1.179,11941
2026-09-26T14:40:47.583251-04:00,"3393 Peachtree Rd NE, Atlanta, GA 30326","4400 Ashford Dunwoody Rd, Dunwoody, GA 30346",16.53,15.77,1.049,11689
2026-09-26T14:40:48.061561-04:00,"101 E Court Square, Decatur, GA 30030","225 North Ave NW, Atlanta, GA 30332",29.35,25.77,1.139,10404
2026-09-26T14:40:48.586840-04:00,"225 North Ave NW, Atlanta, GA 30332","101 E Court Square, Decatur, GA 30030",25.55,26.55,0.962,10272
2026-09-26T14:40:49.094125-04:00,"205 Lawrence St, Marietta, GA 30060","225 North Ave NW, Atlanta, GA 30332",36.92,26.1,1.414,29167
2026-09-26T14:40:49.589193-04:00,"225 North Ave NW, Atlanta, GA 30332","205 Lawrence St, Marietta, GA 30060",27.03,28.52,0.948,27895
2026-09-26T14:40:50.114673-04:00,"1 Galambos Way, Sandy Springs, GA 30328","3393 Peachtree Rd NE, Atlanta, GA 30326",19.35,16.9,1.145,13644
2026-09-26T14:40:50.603501-04:00,"3393 Peachtree Rd NE, Atlanta, GA 30326","1 Galambos Way, Sandy Springs, GA 30328",18.98,17.03,1.114,12587
2026-09-26T14:40:51.119160-04:00,"5485 Chamblee Dunwoody Rd, Dunwoody, GA 30338","3393 Peachtree Rd NE, Atlanta, GA 30326",17.9,16.12,1.111,13772
2026-09-26T14:40:51.640493-04:00,"3393 Peachtree Rd NE, Atlanta, GA 30326","5485 Chamblee Dunwoody Rd, Dunwoody, GA 30338",17.97,17.13,1.049,13651
2026-09-26T14:40:52.228574-04:00,"6400 Sugarloaf Pkwy, Duluth, GA 30097","225 North Ave NW, Atlanta, GA 30332",43.63,31.93,1.366,40710
2026-09-26T14:40:52.824102-04:00,"225 North Ave NW, Atlanta, GA 30332","6400 Sugarloaf Pkwy, Duluth, GA 30097",37.72,32.38,1.165,42805
2026-09-26T14:40:53.345174-04:00,"210 Luckie St, Lawrenceville, GA 30046","225 North Ave NW, Atlanta, GA 30332",52.0,39.97,1.301,48320
2026-09-26T14:40:53.897743-04:00,"225 North Ave NW, Atlanta, GA 30332","210 Luckie St, Lawrenceville, GA 30046",44.38,38.62,1.149,49413
2026-09-26T14:40:54.425263-04:00,"101 E Court Square, Decatur, GA 30030","265 Park Ave W NW, Atlanta, GA 30313",27.62,25.3,1.092,11294
2026-09-26T14:40:54.907668-04:00,"265 Park Ave W NW, Atlanta, GA 30313","101 E Court Square, Decatur, GA 30030",24.53,24.13,1.017,11227
2026-09-26T14:40:55.401498-04:00,"205 Lawrence St, Marietta, GA 30060","265 Park Ave W NW, Atlanta, GA 30313",39.82,26.02,1.53,30558
2026-09-26T14:40:55.895212-04:00,"265 Park Ave W NW, Atlanta, GA 30313","205 Lawrence St, Marietta, GA 30060",28.73,27.73,1.036,29352
2026-09-26T14:45:56.384316-04:00,"6000 N Terminal Pkwy, Atlanta, GA 30320","265 Park Ave W NW, Atlanta, GA 30313",27.87,19.2,1.451,16393
2026-09-26T14:45:56.839560-04:00,"265 Park Ave W NW, Atlanta, GA 30313","6000 N Terminal Pkwy, Atlanta, GA 30320",23.33,22.95,1.017,19742
2026-09-26T14:45:57.413591-04:00,"6000 N Terminal Pkwy, Atlanta, GA 30320","1380 Atlantic Dr NW, Atlanta, GA 30363",31.07,18.33,1.695,20958
2026-09-26T14:45:58.005010-04:00,"1380 Atlantic Dr NW, Atlanta, GA 30363","6000 N Terminal Pkwy, Atlanta, GA 30320",30.8,26.47,1.164,22909
2026-09-26T14:45:58.572332-04:00,"6000 N Terminal Pkwy, Atlanta, GA 30320","3393 Peachtree Rd NE, Atlanta, GA 30326",39.4,25.3,1.557,29995
2026-09-26T14:45:59.052249-04:00,"3393 Peachtree Rd NE, Atlanta, GA 30326","6000 N Terminal Pkwy, Atlanta, GA 30320",44.97,30.67,1.466,32013
2026-09-26T14:45:59.560660-04:00,"6000 N Terminal Pkwy, Atlanta, GA 30320","225 North Ave NW, Atlanta, GA 30332",31.55,20.05,1.574,19324
2026-09-26T14:46:00.069583-04:00,"225 North Ave NW, Atlanta, GA 30332","6000 N Terminal Pkwy, Atlanta, GA 30320",27.27,23.0,1.186,21085
2026-09-26T14:46:00.529297-04:00,"265 Park Ave W NW, Atlanta, GA 30313","1380 Atlantic Dr NW, Atlanta, GA 30363",11.52,10.6,1.086,4925
2026-09-26T14:46:01.035661-04:00,"1380 Atlantic Dr NW, Atlanta, GA 30363","265 Park Ave W NW, Atlanta, GA 30313",15.53,14.47,1.074,4516
2026-09-26T14:46:01.503017-04:00,"265 Park Ave W NW, Atlanta, GA 30313","3393 Peachtree Rd NE, Atlanta, GA 30326",19.93,17.67,1.128,14099
2026-09-26T14:46:01.975678-04:00,"3393 Peachtree Rd NE, Atlanta, GA 30326","265 Park Ave W NW, Atlanta, GA 30313",32.32,18.1,1.785,13831
2026-09-26T14:46:02.405871-04:00,"265 Park Ave W NW, Atlanta, GA 30313","225 North Ave NW, Atlanta, GA 30332",9.12,7.35,1.24,2086
2026-09-26T14:46:02.918875-04:00,"225 North Ave NW, Atlanta, GA 30332","265 Park Ave W NW, Atlanta, GA 30313",9.62,8.72,1.103,2067
2026-09-26T14:46:03.397227-04:00,"1380 Atlantic Dr NW, Atlanta, GA 30363","3393 Peachtree Rd NE, Atlanta, GA 30326",18.65,17.88,1.043,10567
2026-09-26T14:46:03.852412-04:00,"3393 Peachtree Rd NE, Atlanta, GA 30326","1380 Atlantic Dr NW, Atlanta, GA 30363",23.33,20.9,1.116,8869
2026-09-26T14:46:04.235823-04:00,"1380 Atlantic Dr NW, Atlanta, GA 30363","225 North Ave NW, Atlanta, GA 30332",11.48,10.47,1.097,2985
2026-09-26T14:46:04.701911-04:00,"225 North Ave NW, Atlanta, GA 30332","1380 Atlantic Dr NW, Atlanta, GA 30363",11.1,11.48,0.967,3461
2026-09-26T14:46:05.307637-04:00,"3393 Peachtree Rd NE, Atlanta, GA 30326","225 North Ave NW, Atlanta, GA 30332",28.82,18.23,1.58,12456
2026-09-26T14:46:05.803004-04:00,"225 North Ave NW, Atlanta, GA 30332","3393 Peachtree Rd NE, Atlanta, GA 30326",20.2,17.05,1.185,13722
2026-09-26T14:46:06.292417-04:00,"4400 Ashford Dunwoody Rd, Dunwoody, GA 30346","3393 Peachtree Rd NE, Atlanta, GA 30326",17.8,14.95,1.191,11941
2026-09-26T14:46:06.785074-04:00,"3393 Peachtree Rd NE, Atlanta, GA 30326","4400 Ashford Dunwoody Rd, Dunwoody, GA 30346",16.42,15.77,1.041,11689
2026-09-26T14:46:07.295319-04:00,"101 E Court Square, Decatur, GA 30030","225 North Ave NW, Atlanta, GA 30332",29.57,25.6,1.155,10507
2026-09-26T14:46:07.735931-04:00,"225 North Ave NW, Atlanta, GA 30332","101 E Court Square, Decatur, GA 30030",25.48,23.7,1.075,10272
2026-09-26T14:46:08.301204-04:00,"205 Lawrence St, Marietta, GA 30060","225 North Ave NW, Atlanta, GA 30332",34.05,26.18,1.3,28793
2026-09-26T14:46:08.805581-04:00,"225 North Ave NW, Atlanta, GA 30332","205 Lawrence St, Marietta, GA 30060",27.42,28.52,0.961,27895
2026-09-26T14:46:09.302917-04:00,"1 Galambos Way, Sandy Springs, GA 30328","3393 Peachtree Rd NE, Atlanta, GA 30326",20.32,16.9,1.202,13644
2026-09-26T14:46:09.718887-04:00,"3393 Peachtree Rd NE, Atlanta, GA 30326","1 Galambos Way, Sandy Springs, GA 30328",19.43,17.03,1.141,12587
2026-09-26T14:46:10.318629-04:00,"5485 Chamblee Dunwoody Rd, Dunwoody, GA 30338","3393 Peachtree Rd NE, Atlanta, GA 30326",18.63,16.12,1.156,13772
2026-09-26T14:46:10.786278-04:00,"3393 Peachtree Rd NE, Atlanta, GA 30326","5485 Chamblee Dunwoody Rd, Dunwoody, GA 30338",18.27,17.13,1.066,13651
2026-09-26T14:46:11.336269-04:00,"6400 Sugarloaf Pkwy, Duluth, GA 30097","225 North Ave NW, Atlanta, GA 30332",42.37,31.93,1.327,40710
2026-09-26T14:46:11.808212-04:00,"225 North Ave NW, Atlanta, GA 30332","6400 Sugarloaf Pkwy, Duluth, GA 30097",36.98,32.3,1.145,42787
2026-09-26T14:46:12.368700-04:00,"210 Luckie St, Lawrenceville, GA 30046","225 North Ave NW, Atlanta, GA 30332",50.85,39.97,1.272,48320
2026-09-26T14:46:12.956421-04:00,"225 North Ave NW, Atlanta, GA 30332","210 Luckie St, Lawrenceville, GA 30046",44.3,38.53,1.15,49395
2026-09-26T14:46:13.404451-04:00,"101 E Court Square, Decatur, GA 30030","265 Park Ave W NW, Atlanta, GA 30313",28.25,25.3,1.117,11294
2026-09-26T14:46:13.868807-04:00,"265 Park Ave W NW, Atlanta, GA 30313","101 E Court Square, Decatur, GA 30030",24.8,25.13,0.987,11227
2026-09-26T14:46:14.401676-04:00,"205 Lawrence St, Marietta, GA 30060","265 Park Ave W NW, Atlanta, GA 30313",37.73,26.02,1.45,30558
2026-09-26T14:46:14.851424-04:00,"265 Park Ave W NW, Atlanta, GA 30313","205 Lawrence St, Marietta, GA 30060",27.63,27.73,0.996,29352
2026-09-26T14:51:15.395656-04:00,"6000 N Terminal Pkwy, Atlanta, GA 30320","265 Park Ave W NW, Atlanta, GA 30313",28.48,28.37,1.004,16393
2026-09-26T14:51:15.858737-04:00,"265 Park Ave W NW, Atlanta, GA 30313","6000 N Terminal Pkwy, Atlanta, GA 30320",23.32,24.43,0.954,19742
2026-09-26T14:51:16.326507-04:00,"6000 N Terminal Pkwy, Atlanta, GA 30320","1380 Atlantic Dr NW, Atlanta, GA 30363",32.08,31.92,1.005,20958
2026-09-26T14:51:16.892984-04:00,"1380 Atlantic Dr NW, Atlanta, GA 30363","6000 N Terminal Pkwy, Atlanta, GA 30320",29.35,26.47,1.109,22909
2026-09-26T14:51:17.403849-04:00,"6000 N Terminal Pkwy, Atlanta, GA 30320","3393 Peachtree Rd NE, Atlanta, GA 30326",40.32,25.3,1.594,29995
2026-09-26T14:51:17.944671-04:00,"3393 Peachtree Rd NE, Atlanta, GA 30326","6000 N Terminal Pkwy, Atlanta, GA 30320",44.18,30.67,1.441,32013
2026-09-26T14:51:18.360760-04:00,"6000 N Terminal Pkwy, Atlanta, GA 30320","225 North Ave NW, Atlanta, GA 30332",36.33,20.07,1.811,19282
2026-09-26T14:51:18.867874-04:00,"225 North Ave NW, Atlanta, GA 30332","6000 N Terminal Pkwy, Atlanta, GA 30320",27.12,23.0,1.179,21085
2026-09-26T14:51:19.429921-04:00,"265 Park Ave W NW, Atlanta, GA 30313","1380 Atlantic Dr NW, Atlanta, GA 30363",12.37,10.6,1.167,4925
2026-09-26T14:51:19.910943-04:00,"1380 Atlantic Dr NW, Atlanta, GA 30363","265 Park Ave W NW, Atlanta, GA 30313",15.17,14.47,1.048,4516
2026-09-26T14:51:20.324919-04:00,"265 Park Ave W NW, Atlanta, GA 30313","3393 Peachtree Rd NE, Atlanta, GA 30326",21.12,17.57,1.202,13962
2026-09-26T14:51:20.826181-04:00,"3393 Peachtree Rd NE, Atlanta, GA 30326","265 Park Ave W NW, Atlanta, GA 30313",31.87,18.1,1.761,13831
2026-09-26T14:51:21.361200-04:00,"265 Park Ave W NW, Atlanta, GA 30313","225 North Ave NW, Atlanta, GA 30332",8.5,7.35,1.156,2086
2026-09-26T14:51:21.832362-04:00,"225 North Ave NW, Atlanta, GA 30332","265 Park Ave W NW, Atlanta, GA 30313",9.97,8.42,1.184,2214
2026-09-26T14:51:22.329402-04:00,"1380 Atlantic Dr NW, Atlanta, GA 30363","3393 Peachtree Rd NE, Atlanta, GA 30326",19.18,17.58,1.091,10266
2026-09-26T14:51:22.894291-04:00,"3393 Peachtree Rd NE, Atlanta, GA 30326","1380 Atlantic Dr NW, Atlanta, GA 30363",22.98,20.9,1.1,8869
2026-09-26T14:51:23.353242-04:00,"1380 Atlantic Dr NW, Atlanta, GA 30363","225 North Ave NW, Atlanta, GA 30332",12.53,10.4,1.205,2986
2026-09-26T14:51:23.796199-04:00,"225 North Ave NW, Atlanta, GA 30332","1380 Atlantic Dr NW, Atlanta, GA 30363",11.2,11.48,0.975,3461
2026-09-26T14:51:24.259585-04:00,"3393 Peachtree Rd NE, Atlanta, GA 30326","225 North Ave NW, Atlanta, GA 30332",29.88,26.35,1.134,10581
2026-09-26T14:51:24.793284-04:00,"225 North Ave NW, Atlanta, GA 30332","3393 Peachtree Rd NE, Atlanta, GA 30326",20.03,16.93,1.183,13584
2026-09-26T14:51:25.310791-04:00,"4400 Ashford Dunwoody Rd, Dunwoody, GA 30346","3393 Peachtree Rd NE, Atlanta, GA 30326",17.48,14.83,1.179,11803
2026-09-26T14:51:25.800506-04:00,"3393 Peachtree Rd NE, Atlanta, GA 30326","4400 Ashford Dunwoody Rd, Dunwoody, GA 30346",16.47,15.77,1.044,11689
2026-09-26T14:51:26.344189-04:00,"101 E Court Square, Decatur, GA 30030","225 North Ave NW, Atlanta, GA 30332",29.58,25.6,1.156,10507
2026-09-26T14:51:26.858987-04:00,"225 North Ave NW, Atlanta, GA 30332","101 E Court Square, Decatur, GA 30030",25.38,23.7,1.071,10272
2026-09-26T14:51:27.325816-04:00,"205 Lawrence St, Marietta, GA 30060","225 North Ave NW, Atlanta, GA 30332",35.22,26.1,1.349,29167
2026-09-26T14:51:27.828967-04:00,"225 North Ave NW, Atlanta, GA 30332","205 Lawrence St, Marietta, GA 30060",27.2,28.52,0.954,27895
2026-09-26T14:51:28.407987-04:00,"1 Galambos Way, Sandy Springs, GA 30328","3393 Peachtree Rd NE, Atlanta, GA 30326",19.12,16.8,1.138,13507
2026-09-26T14:51:28.915058-04:00,"3393 Peachtree Rd NE, Atlanta, GA 30326","1 Galambos Way, Sandy Springs, GA 30328",19.25,17.03,1.13,12587
2026-09-26T14:51:29.383535-04:00,"5485 Chamblee Dunwoody Rd, Dunwoody, GA 30338","3393 Peachtree Rd NE, Atlanta, GA 30326",18.27,16.02,1.14,13634
2026-09-26T14:51:29.895012-04:00,"3393 Peachtree Rd NE, Atlanta, GA 30326","5485 Chamblee Dunwoody Rd, Dunwoody, GA 30338",17.92,17.13,1.046,13651
2026-09-26T14:51:30.459308-04:00,"6400 Sugarloaf Pkwy, Duluth, GA 30097","225 North Ave NW, Atlanta, GA 30332",42.97,31.93,1.346,40710
2026-09-26T14:51:31.003824-04:00,"225 North Ave NW, Atlanta, GA 30332","6400 Sugarloaf Pkwy, Duluth, GA 30097",37.77,32.3,1.169,42787
2026-09-26T14:51:31.546699-04:00,"210 Luckie St, Lawrenceville, GA 30046","225 North Ave NW, Atlanta, GA 30332",51.6,39.97,1.291,48320
2026-09-26T14:51:32.152899-04:00,"225 North Ave NW, Atlanta, GA 30332","210 Luckie St, Lawrenceville, GA 30046",44.47,38.53,1.154,49395
2026-09-26T14:51:32.741075-04:00,"101 E Court Square, Decatur, GA 30030","265 Park Ave W NW, Atlanta, GA 30313",28.12,25.3,1.111,11294
2026-09-26T14:51:33.281651-04:00,"265 Park Ave W NW, Atlanta, GA 30313","101 E Court Square, Decatur, GA 30030",24.47,24.13,1.014,11227
2026-09-26T14:51:33.817889-04:00,"205 Lawrence St, Marietta, GA 30060","265 Park Ave W NW, Atlanta, GA 30313",38.02,26.02,1.461,30558
2026-09-26T14:51:34.343763-04:00,"265 Park Ave W NW, Atlanta, GA 30313","205 Lawrence St, Marietta, GA 30060",29.33,27.73,1.058,29352
2026-09-26T14:56:34.654446-04:00,"6000 N Terminal Pkwy, Atlanta, GA 30320","265 Park Ave W NW, Atlanta, GA 30313",34.15,19.22,1.777,16352
2026-09-26T14:56:34.949158-04:00,"265 Park Ave W NW, Atlanta, GA 30313","6000 N Terminal Pkwy, Atlanta, GA 30320",22.92,22.95,0.999,19742
2026-09-26T14:56:35.247002-04:00,"6000 N Terminal Pkwy, Atlanta, GA 30320","1380 Atlantic Dr NW, Atlanta, GA 30363",37.78,18.35,2.059,20917
2026-09-26T14:56:35.558977-04:00,"1380 Atlantic Dr NW, Atlanta, GA 30363","6000 N Terminal Pkwy, Atlanta, GA 30320",30.37,26.47,1.147,22909
2026-09-26T14:56:35.897517-04:00,"6000 N Terminal Pkwy, Atlanta, GA 30320","3393 Peachtree Rd NE, Atlanta, GA 30326",46.15,25.32,1.823,29954
2026-09-26T14:56:36.217058-04:00,"3393 Peachtree Rd NE, Atlanta, GA 30326","6000 N Terminal Pkwy, Atlanta, GA 30320",44.0,30.67,1.435,32013
2026-09-26T14:56:36.498826-04:00,"6000 N Terminal Pkwy, Atlanta, GA 30320","225 North Ave NW, Atlanta, GA 30332",38.15,20.07,1.901,19282
2026-09-26T14:56:36.882428-04:00,"225 North Ave NW, Atlanta, GA 30332","6000 N Terminal Pkwy, Atlanta, GA 30320",25.25,23.0,1.098,21085
2026-09-26T14:56:37.220930-04:00,"265 Park Ave W NW, Atlanta, GA 30313","1380 Atlantic Dr NW, Atlanta, GA 30363",13.72,13.8,0.994,5409
2026-09-26T14:56:37.531825-04:00,"1380 Atlantic Dr NW, Atlanta, GA 30363","265 Park Ave W NW, Atlanta, GA 30313",17.95,13.75,1.305,5209
2026-09-26T14:56:37.834428-04:00,"265 Park Ave W NW, Atlanta, GA 30313","3393 Peachtree Rd NE, Atlanta, GA 30326",21.25,19.05,1.115,14323
2026-09-26T14:56:38.165466-04:00,"3393 Peachtree Rd NE, Atlanta, GA 30326","265 Park Ave W NW, Atlanta, GA 30313",31.35,18.1,1.732,13831
2026-09-26T14:56:38.483616-04:00,"265 Park Ave W NW, Atlanta, GA 30313","225 North Ave NW, Atlanta, GA 30332",8.65,7.35,1.177,2086
2026-09-26T14:56:38.765039-04:00,"225 North Ave NW, Atlanta, GA 30332","265 Park Ave W NW, Atlanta, GA 30313",9.25,8.72,1.061,2067
2026-09-26T14:56:39.083165-04:00,"1380 Atlantic Dr NW, Atlanta, GA 30363","3393 Peachtree Rd NE, Atlanta, GA 30326",18.7,17.63,1.06,10266
2026-09-26T14:56:39.481715-04:00,"3393 Peachtree Rd NE, Atlanta, GA 30326","1380 Atlantic Dr NW, Atlanta, GA 30363",23.43,20.9,1.121,8869
2026-09-26T14:56:39.865439-04:00,"1380 Atlantic Dr NW, Atlanta, GA 30363","225 North Ave NW, Atlanta, GA 30332",12.55,10.47,1.199,2985
2026-09-26T14:56:40.148617-04:00,"225 North Ave NW, Atlanta, GA 30332","1380 Atlantic Dr NW, Atlanta, GA 30363",11.25,12.02,0.936,3461
2026-09-26T14:56:40.448913-04:00,"3393 Peachtree Rd NE, Atlanta, GA 30326","225 North Ave NW, Atlanta, GA 30332",28.85,18.23,1.582,12456
2026-09-26T14:56:40.765758-04:00,"225 North Ave NW, Atlanta, GA 30332","3393 Peachtree Rd NE, Atlanta, GA 30326",20.72,17.02,1.217,13602
2026-09-26T14:56:41.065465-04:00,"4400 Ashford Dunwoody Rd, Dunwoody, GA 30346","3393 Peachtree Rd NE, Atlanta, GA 30326",17.43,17.72,0.984,11803
2026-09-26T14:56:41.432021-04:00,"3393 Peachtree Rd NE, Atlanta, GA 30326","4400 Ashford Dunwoody Rd, Dunwoody, GA 30346",16.45,15.77,1.043,11689
2026-09-26T14:56:41.748651-04:00,"101 E Court Square, Decatur, GA 30030","225 North Ave NW, Atlanta, GA 30332",28.97,25.77,1.124,10404
2026-09-26T14:56:42.032809-04:00,"225 North Ave NW, Atlanta, GA 30332","101 E Court Square, Decatur, GA 30030",25.12,23.7,1.06,10272
2026-09-26T14:56:42.314924-04:00,"205 Lawrence St, Marietta, GA 30060","225 North Ave NW, Atlanta, GA 30332",34.48,26.1,1.321,29167
2026-09-26T14:56:42.631981-04:00,"225 North Ave NW, Atlanta, GA 30332","205 Lawrence St, Marietta, GA 30060",27.33,28.52,0.959,27895
2026-09-26T14:56:42.978876-04:00,"1 Galambos Way, Sandy Springs, GA 30328","3393 Peachtree Rd NE, Atlanta, GA 30326",19.03,16.8,1.133,13507
2026-09-26T14:56:43.315284-04:00,"3393 Peachtree Rd NE, Atlanta, GA 30326","1 Galambos Way, Sandy Springs, GA 30328",19.03,17.03,1.117,12587
2026-09-26T14:56:43.633690-04:00,"5485 Chamblee Dunwoody Rd, Dunwoody, GA 30338","3393 Peachtree Rd NE, Atlanta, GA 30326",17.95,16.02,1.121,13634
2026-09-26T14:56:43.935909-04:00,"3393 Peachtree Rd NE, Atlanta, GA 30326","5485 Chamblee Dunwoody Rd, Dunwoody, GA 30338",18.08,17.13,1.055,13651
2026-09-26T14:56:44.290682-04:00,"6400 Sugarloaf Pkwy, Duluth, GA 30097","225 North Ave NW, Atlanta, GA 30332",43.17,31.93,1.352,40710
2026-09-26T14:56:44.683746-04:00,"225 North Ave NW, Atlanta, GA 30332","6400 Sugarloaf Pkwy, Duluth, GA 30097",38.27,32.38,1.182,42796
2026-09-26T14:56:45.049314-04:00,"210 Luckie St, Lawrenceville, GA 30046","225 North Ave NW, Atlanta, GA 30332",51.43,39.97,1.287,48320
2026-09-26T14:56:45.398516-04:00,"225 North Ave NW, Atlanta, GA 30332","210 Luckie St, Lawrenceville, GA 30046",45.2,38.62,1.17,49413
2026-09-26T14:56:45.731515-04:00,"101 E Court Square, Decatur, GA 30030","265 Park Ave W NW, Atlanta, GA 30313",27.42,25.3,1.084,11294
2026-09-26T14:56:46.041462-04:00,"265 Park Ave W NW, Atlanta, GA 30313","101 E Court Square, Decatur, GA 30030",24.68,24.13,1.023,11227
2026-09-26T14:56:46.431918-04:00,"205 Lawrence St, Marietta, GA 30060","265 Park Ave W NW, Atlanta, GA 30313",37.05,26.02,1.424,30558
2026-09-26T14:56:46.778166-04:00,"265 Park Ave W NW, Atlanta, GA 30313","205 Lawrence St, Marietta, GA 30060",29.47,29.22,1.009,29713
2026-09-26T15:01:47.522507-04:00,"6000 N Terminal Pkwy, Atlanta, GA 30320","265 Park Ave W NW, Atlanta, GA 30313",33.48,19.22,1.742,16352
2026-09-26T15:01:47.953874-04:00,"265 Park Ave W NW, Atlanta, GA 30313","6000 N Terminal Pkwy, Atlanta, GA 30320",23.48,22.95,1.023,19742
2026-09-26T15:01:48.480195-04:00,"6000 N Terminal Pkwy, Atlanta, GA 30320","1380 Atlantic Dr NW, Atlanta, GA 30363",37.62,18.35,2.05,20917
2026-09-26T15:01:49.091150-04:00,"1380 Atlantic Dr NW, Atlanta, GA 30363","6000 N Terminal Pkwy, Atlanta, GA 30320",30.83,26.47,1.165,22909
2026-09-26T15:01:49.792283-04:00,"6000 N Terminal Pkwy, Atlanta, GA 30320","3393 Peachtree Rd NE, Atlanta, GA 30326",45.65,25.32,1.803,29954
2026-09-26T15:01:50.417861-04:00,"3393 Peachtree Rd NE, Atlanta, GA 30326","6000 N Terminal Pkwy, Atlanta, GA 30320",45.1,30.67,1.471,32013
2026-09-26T15:01:51.106720-04:00,"6000 N Terminal Pkwy, Atlanta, GA 30320","225 North Ave NW, Atlanta, GA 30332",35.23,27.33,1.289,18020
2026-09-26T15:01:51.673211-04:00,"225 North Ave NW, Atlanta, GA 30332","6000 N Terminal Pkwy, Atlanta, GA 30320",26.62,23.0,1.157,21085
2026-09-26T15:01:52.227783-04:00,"265 Park Ave W NW, Atlanta, GA 30313","1380 Atlantic Dr NW, Atlanta, GA 30363",13.82,14.5,0.953,5286
2026-09-26T15:01:52.790721-04:00,"1380 Atlantic Dr NW, Atlanta, GA 30363","265 Park Ave W NW, Atlanta, GA 30313",18.88,13.75,1.373,5209
2026-09-26T15:01:53.361086-04:00,"265 Park Ave W NW, Atlanta, GA 30313","3393 Peachtree Rd NE, Atlanta, GA 30326",21.25,17.57,1.21,13962
2026-09-26T15:01:53.874386-04:00,"3393 Peachtree Rd NE, Atlanta, GA 30326","265 Park Ave W NW, Atlanta, GA 30313",32.52,18.1,1.797,13831
2026-09-26T15:01:54.374810-04:00,"265 Park Ave W NW, Atlanta, GA 30313","225 North Ave NW, Atlanta, GA 30332",8.6,7.35,1.17,2086
2026-09-26T15:01:54.846762-04:00,"225 North Ave NW, Atlanta, GA 30332","265 Park Ave W NW, Atlanta, GA 30313",9.43,8.72,1.082,2067
2026-09-26T15:01:55.361571-04:00,"1380 Atlantic Dr NW, Atlanta, GA 30363","3393 Peachtree Rd NE, Atlanta, GA 30326",19.1,17.58,1.086,10266
2026-09-26T15:01:55.840954-04:00,"3393 Peachtree Rd NE, Atlanta, GA 30326","1380 Atlantic Dr NW, Atlanta, GA 30363",23.07,23.97,0.962,8869
2026-09-26T15:01:56.347875-04:00,"1380 Atlantic Dr NW, Atlanta, GA 30363","225 North Ave NW, Atlanta, GA 30332",11.8,10.4,1.135,2986
2026-09-26T15:01:56.862661-04:00,"225 North Ave NW, Atlanta, GA 30332","1380 Atlantic Dr NW, Atlanta, GA 30363",11.22,11.48,0.977,3461
2026-09-26T15:01:57.338591-04:00,"3393 Peachtree Rd NE, Atlanta, GA 30326","225 North Ave NW, Atlanta, GA 30332",29.52,26.35,1.12,10581
2026-09-26T15:01:57.806612-04:00,"225 North Ave NW, Atlanta, GA 30332","3393 Peachtree Rd NE, Atlanta, GA 30326",20.58,17.02,1.21,13602
2026-09-26T15:01:58.393584-04:00,"4400 Ashford Dunwoody Rd, Dunwoody, GA 30346","3393 Peachtree Rd NE, Atlanta, GA 30326",17.47,18.17,0.961,11803
2026-09-26T15:01:58.890749-04:00,"3393 Peachtree Rd NE, Atlanta, GA 30326","4400 Ashford Dunwoody Rd, Dunwoody, GA 30346",17.08,15.77,1.084,11689
2026-09-26T15:01:59.521928-04:00,"101 E Court Square, Decatur, GA 30030","225 North Ave NW, Atlanta, GA 30332",28.77,25.77,1.116,10404
2026-09-26T15:02:00.069696-04:00,"225 North Ave NW, Atlanta, GA 30332","101 E Court Square, Decatur, GA 30030",25.52,23.7,1.077,10272
2026-09-26T15:02:00.677591-04:00,"205 Lawrence St, Marietta, GA 30060","225 North Ave NW, Atlanta, GA 30332",35.68,26.1,1.367,29167
2026-09-26T15:02:01.121491-04:00,"225 North Ave NW, Atlanta, GA 30332","205 Lawrence St, Marietta, GA 30060",27.25,28.52,0.956,27895
2026-09-26T15:02:01.655240-04:00,"1 Galambos Way, Sandy Springs, GA 30328","3393 Peachtree Rd NE, Atlanta, GA 30326",19.1,16.8,1.137,13507
2026-09-26T15:02:02.183123-04:00,"3393 Peachtree Rd NE, Atlanta, GA 30326","1 Galambos Way, Sandy Springs, GA 30328",19.57,18.83,1.039,13941
2026-09-26T15:02:02.866796-04:00,"5485 Chamblee Dunwoody Rd, Dunwoody, GA 30338","3393 Peachtree Rd NE, Atlanta, GA 30326",18.07,16.02,1.128,13634
2026-09-26T15:02:03.383427-04:00,"3393 Peachtree Rd NE, Atlanta, GA 30326","5485 Chamblee Dunwoody Rd, Dunwoody, GA 30338",18.23,17.13,1.064,13651
2026-09-26T15:02:03.989716-04:00,"6400 Sugarloaf Pkwy, Duluth, GA 30097","225 North Ave NW, Atlanta, GA 30332",43.13,31.93,1.351,40710
2026-09-26T15:02:04.507384-04:00,"225 North Ave NW, Atlanta, GA 30332","6400 Sugarloaf Pkwy, Duluth, GA 30097",38.08,32.38,1.176,42796
2026-09-26T15:02:05.040120-04:00,"210 Luckie St, Lawrenceville, GA 30046","225 North Ave NW, Atlanta, GA 30332",51.52,39.97,1.289,48320
2026-09-26T15:02:05.523348-04:00,"225 North Ave NW, Atlanta, GA 30332","210 Luckie St, Lawrenceville, GA 30046",44.72,46.52,0.961,49413
2026-09-26T15:02:06.058351-04:00,"101 E Court Square, Decatur, GA 30030","265 Park Ave W NW, Atlanta, GA 30313",26.87,25.3,1.062,11294
2026-09-26T15:02:06.506639-04:00,"265 Park Ave W NW, Atlanta, GA 30313","101 E Court Square, Decatur, GA 30030",24.6,24.13,1.019,11227
2026-09-26T15:02:06.956269-04:00,"205 Lawrence St, Marietta, GA 30060","265 Park Ave W NW, Atlanta, GA 30313",38.58,26.02,1.483,30558
2026-09-26T15:02:07.473157-04:00,"265 Park Ave W NW, Atlanta, GA 30313","205 Lawrence St, Marietta, GA 30060",29.58,27.73,1.067,29352
2026-09-26T15:07:07.988194-04:00,"6000 N Terminal Pkwy, Atlanta, GA 30320","265 Park Ave W NW, Atlanta, GA 30313",29.05,25.15,1.155,18108
2026-09-26T15:07:08.586852-04:00,"265 Park Ave W NW, Atlanta, GA 30313","6000 N Terminal Pkwy, Atlanta, GA 30320",23.93,22.95,1.043,19742
2026-09-26T15:07:09.246404-04:00,"6000 N Terminal Pkwy, Atlanta, GA 30320","1380 Atlantic Dr NW, Atlanta, GA 30363",38.57,18.35,2.102,20917
2026-09-26T15:07:10.029241-04:00,"1380 Atlantic Dr NW, Atlanta, GA 30363","6000 N Terminal Pkwy, Atlanta, GA 30320",31.85,26.47,1.203,22909
2026-09-26T15:07:10.646492-04:00,"6000 N Terminal Pkwy, Atlanta, GA 30320","3393 Peachtree Rd NE, Atlanta, GA 30326",46.65,25.32,1.843,29954
2026-09-26T15:07:11.313137-04:00,"3393 Peachtree Rd NE, Atlanta, GA 30326","6000 N Terminal Pkwy, Atlanta, GA 30320",45.22,32.25,1.402,31173
2026-09-26T15:07:11.788868-04:00,"6000 N Terminal Pkwy, Atlanta, GA 30320","225 North Ave NW, Atlanta, GA 30332",36.3,27.33,1.328,18020
2026-09-26T15:07:12.313563-04:00,"225 North Ave NW, Atlanta, GA 30332","6000 N Terminal Pkwy, Atlanta, GA 30320",26.22,23.0,1.14,21085
2026-09-26T15:07:12.768707-04:00,"265 Park Ave W NW, Atlanta, GA 30313","1380 Atlantic Dr NW, Atlanta, GA 30363",11.57,10.6,1.091,4925
2026-09-26T15:07:13.262649-04:00,"1380 Atlantic Dr NW, Atlanta, GA 30363","265 Park Ave W NW, Atlanta, GA 30313",15.43,14.03,1.1,4440
2026-09-26T15:07:13.680646-04:00,"265 Park Ave W NW, Atlanta, GA 30313","3393 Peachtree Rd NE, Atlanta, GA 30326",19.38,17.57,1.103,13962
2026-09-26T15:07:13.999667-04:00,"3393 Peachtree Rd NE, Atlanta, GA 30326","265 Park Ave W NW, Atlanta, GA 30313",32.68,19.68,1.66,12990
2026-09-26T15:07:14.279486-04:00,"265 Park Ave W NW, Atlanta, GA 30313","225 North Ave NW, Atlanta, GA 30332",8.67,8.85,0.979,2086
2026-09-26T15:07:14.616423-04:00,"225 North Ave NW, Atlanta, GA 30332","265 Park Ave W NW, Atlanta, GA 30313",9.73,8.72,1.117,2067
2026-09-26T15:07:15.058206-04:00,"1380 Atlantic Dr NW, Atlanta, GA 30363","3393 Peachtree Rd NE, Atlanta, GA 30326",18.98,17.63,1.077,10266
2026-09-26T15:07:15.340966-04:00,"3393 Peachtree Rd NE, Atlanta, GA 30326","1380 Atlantic Dr NW, Atlanta, GA 30363",23.08,24.15,0.956,8869
2026-09-26T15:07:15.650145-04:00,"1380 Atlantic Dr NW, Atlanta, GA 30363","225 North Ave NW, Atlanta, GA 30332",11.4,10.47,1.089,2985
2026-09-26T15:07:15.945644-04:00,"225 North Ave NW, Atlanta, GA 30332","1380 Atlantic Dr NW, Atlanta, GA 30363",11.13,11.48,0.97,3461
2026-09-26T15:07:16.284303-04:00,"3393 Peachtree Rd NE, Atlanta, GA 30326","225 North Ave NW, Atlanta, GA 30332",29.33,26.35,1.113,10581
2026-09-26T15:07:16.649760-04:00,"225 North Ave NW, Atlanta, GA 30332","3393 Peachtree Rd NE, Atlanta, GA 30326",20.17,16.93,1.191,13584
2026-09-26T15:07:16.946438-04:00,"4400 Ashford Dunwoody Rd, Dunwoody, GA 30346","3393 Peachtree Rd NE, Atlanta, GA 30326",17.42,14.83,1.174,11803
2026-09-26T15:07:17.263533-04:00,"3393 Peachtree Rd NE, Atlanta, GA 30326","4400 Ashford Dunwoody Rd, Dunwoody, GA 30346",16.8,15.77,1.066,11689
2026-09-26T15:07:17.796329-04:00,"101 E Court Square, Decatur, GA 30030","225 North Ave NW, Atlanta, GA 30332",28.47,25.2,1.13,10194
2026-09-26T15:07:18.523870-04:00,"225 North Ave NW, Atlanta, GA 30332","101 E Court Square, Decatur, GA 30030",25.45,23.7,1.074,10272
2026-09-26T15:07:19.079563-04:00,"205 Lawrence St, Marietta, GA 30060","225 North Ave NW, Atlanta, GA 30332",34.07,26.1,1.305,29167
2026-09-26T15:07:19.796031-04:00,"225 North Ave NW, Atlanta, GA 30332","205 Lawrence St, Marietta, GA 30060",27.23,28.52,0.955,27895
2026-09-26T15:07:20.505362-04:00,"1 Galambos Way, Sandy Springs, GA 30328","3393 Peachtree Rd NE, Atlanta, GA 30326",19.87,16.8,1.183,13507
2026-09-26T15:07:21.135578-04:00,"3393 Peachtree Rd NE, Atlanta, GA 30326","1 Galambos Way, Sandy Springs, GA 30328",19.75,17.03,1.159,12587
2026-09-26T15:07:21.790102-04:00,"5485 Chamblee Dunwoody Rd, Dunwoody, GA 30338","3393 Peachtree Rd NE, Atlanta, GA 30326",17.68,16.02,1.104,13634
2026-09-26T15:07:22.395173-04:00,"3393 Peachtree Rd NE, Atlanta, GA 30326","5485 Chamblee Dunwoody Rd, Dunwoody, GA 30338",18.08,17.13,1.055,13651
2026-09-26T15:07:23.001294-04:00,"6400 Sugarloaf Pkwy, Duluth, GA 30097","225 North Ave NW, Atlanta, GA 30332",42.13,31.93,1.319,40710
2026-09-26T15:07:23.568891-04:00,"225 North Ave NW, Atlanta, GA 30332","6400 Sugarloaf Pkwy, Duluth, GA 30097",37.47,38.18,0.981,42777
2026-09-26T15:07:24.130935-04:00,"210 Luckie St, Lawrenceville, GA 30046","225 North Ave NW, Atlanta, GA 30332",50.33,39.97,1.259,48320
2026-09-26T15:07:24.845881-04:00,"225 North Ave NW, Atlanta, GA 30332","210 Luckie St, Lawrenceville, GA 30046",44.37,38.53,1.151,49395
2026-09-26T15:07:25.481028-04:00,"101 E Court Square, Decatur, GA 30030","265 Park Ave W NW, Atlanta, GA 30313",26.88,25.3,1.063,11294
2026-09-26T15:07:26.046545-04:00,"265 Park Ave W NW, Atlanta, GA 30313","101 E Court Square, Decatur, GA 30030",24.73,24.13,1.025,11227
2026-09-26T15:07:26.665655-04:00,"205 Lawrence St, Marietta, GA 30060","265 Park Ave W NW, Atlanta, GA 30313",37.33,26.02,1.435,30558
2026-09-26T15:07:27.347283-04:00,"265 Park Ave W NW, Atlanta, GA 30313","205 Lawrence St, Marietta, GA 30060",27.75,27.73,1.001,29352
2026-09-26T15:12:27.803400-04:00,"6000 N Terminal Pkwy, Atlanta, GA 30320","265 Park Ave W NW, Atlanta, GA 30313",31.23,19.18,1.628,16518
2026-09-26T15:12:28.287698-04:00,"265 Park Ave W NW, Atlanta, GA 30313","6000 N Terminal Pkwy, Atlanta, GA 30320",24.02,22.95,1.046,19742
2026-09-26T15:12:28.756558-04:00,"6000 N Terminal Pkwy, Atlanta, GA 30320","1380 Atlantic Dr NW, Atlanta, GA 30363",35.35,18.33,1.928,20958
2026-09-26T15:12:29.255630-04:00,"1380 Atlantic Dr NW, Atlanta, GA 30363","6000 N Terminal Pkwy, Atlanta, GA 30320",33.58,24.75,1.357,22561
2026-09-26T15:12:29.719102-04:00,"6000 N Terminal Pkwy, Atlanta, GA 30320","3393 Peachtree Rd NE, Atlanta, GA 30326",43.58,25.3,1.723,29995
2026-09-26T15:12:30.260332-04:00,"3393 Peachtree Rd NE, Atlanta, GA 30326","6000 N Terminal Pkwy, Atlanta, GA 30320",43.1,32.82,1.313,30918
2026-09-26T15:12:30.704714-04:00,"6000 N Terminal Pkwy, Atlanta, GA 30320","225 North Ave NW, Atlanta, GA 30332",35.33,20.05,1.762,19324
2026-09-26T15:12:31.174356-04:00,"225 North Ave NW, Atlanta, GA 30332","6000 N Terminal Pkwy, Atlanta, GA 30320",26.55,27.35,0.971,21085
2026-09-26T15:12:31.621336-04:00,"265 Park Ave W NW, Atlanta, GA 30313","1380 Atlantic Dr NW, Atlanta, GA 30363",11.28,10.6,1.064,4925
2026-09-26T15:12:32.142379-04:00,"1380 Atlantic Dr NW, Atlanta, GA 30363","265 Park Ave W NW, Atlanta, GA 30313",15.85,14.82,1.07,4768
2026-09-26T15:12:32.604795-04:00,"265 Park Ave W NW, Atlanta, GA 30313","3393 Peachtree Rd NE, Atlanta, GA 30326",19.23,17.57,1.095,13962
2026-09-26T15:12:33.055600-04:00,"3393 Peachtree Rd NE, Atlanta, GA 30326","265 Park Ave W NW, Atlanta, GA 30313",30.3,20.25,1.496,12735
2026-09-26T15:12:33.557866-04:00,"265 Park Ave W NW, Atlanta, GA 30313","225 North Ave NW, Atlanta, GA 30332",8.03,7.35,1.093,2086
2026-09-26T15:12:34.052164-04:00,"225 North Ave NW, Atlanta, GA 30332","265 Park Ave W NW, Atlanta, GA 30313",9.45,8.72,1.084,2067
2026-09-26T15:12:34.614253-04:00,"1380 Atlantic Dr NW, Atlanta, GA 30363","3393 Peachtree Rd NE, Atlanta, GA 30326",19.22,17.63,1.09,10266
2026-09-26T15:12:35.055631-04:00,"3393 Peachtree Rd NE, Atlanta, GA 30326","1380 Atlantic Dr NW, Atlanta, GA 30363",21.3,17.4,1.224,10074
2026-09-26T15:12:35.561181-04:00,"1380 Atlantic Dr NW, Atlanta, GA 30363","225 North Ave NW, Atlanta, GA 30332",11.55,11.85,0.975,2985
2026-09-26T15:12:36.072443-04:00,"225 North Ave NW, Atlanta, GA 30332","1380 Atlantic Dr NW, Atlanta, GA 30363",11.47,11.48,0.999,3461
2026-09-26T15:12:36.558523-04:00,"3393 Peachtree Rd NE, Atlanta, GA 30326","225 North Ave NW, Atlanta, GA 30332",27.55,22.85,1.206,11786
2026-09-26T15:12:37.069074-04:00,"225 North Ave NW, Atlanta, GA 30332","3393 Peachtree Rd NE, Atlanta, GA 30326",19.47,16.93,1.15,13584
2026-09-26T15:12:37.638470-04:00,"4400 Ashford Dunwoody Rd, Dunwoody, GA 30346","3393 Peachtree Rd NE, Atlanta, GA 30326",17.58,14.83,1.185,11803
2026-09-26T15:12:38.327327-04:00,"3393 Peachtree Rd NE, Atlanta, GA 30326","4400 Ashford Dunwoody Rd, Dunwoody, GA 30346",16.97,15.77,1.076,11689
2026-09-26T15:12:38.928358-04:00,"101 E Court Square, Decatur, GA 30030","225 North Ave NW, Atlanta, GA 30332",28.45,25.1,1.133,10208
2026-09-26T15:12:39.441109-04:00,"225 North Ave NW, Atlanta, GA 30332","101 E Court Square, Decatur, GA 30030",26.03,23.7,1.098,10272
2026-09-26T15:12:39.887960-04:00,"205 Lawrence St, Marietta, GA 30060","225 North Ave NW, Atlanta, GA 30332",34.9,30.18,1.156,28930
2026-09-26T15:12:40.321484-04:00,"225 North Ave NW, Atlanta, GA 30332","205 Lawrence St, Marietta, GA 30060",26.98,28.48,0.947,29306
2026-09-26T15:12:40.788873-04:00,"1 Galambos Way, Sandy Springs, GA 30328","3393 Peachtree Rd NE, Atlanta, GA 30326",19.47,16.8,1.159,13507
2026-09-26T15:12:41.271544-04:00,"3393 Peachtree Rd NE, Atlanta, GA 30326","1 Galambos Way, Sandy Springs, GA 30328",19.03,18.83,1.011,13941
2026-09-26T15:12:41.705224-04:00,"5485 Chamblee Dunwoody Rd, Dunwoody, GA 30338","3393 Peachtree Rd NE, Atlanta, GA 30326",17.72,16.02,1.106,13634
2026-09-26T15:12:42.155121-04:00,"3393 Peachtree Rd NE, Atlanta, GA 30326","5485 Chamblee Dunwoody Rd, Dunwoody, GA 30338",17.97,17.13,1.049,13651
2026-09-26T15:12:42.658440-04:00,"6400 Sugarloaf Pkwy, Duluth, GA 30097","225 North Ave NW, Atlanta, GA 30332",39.95,34.95,1.143,41182
2026-09-26T15:12:43.191667-04:00,"225 North Ave NW, Atlanta, GA 30332","6400 Sugarloaf Pkwy, Duluth, GA 30097",37.17,32.3,1.151,42778
2026-09-26T15:12:43.672901-04:00,"210 Luckie St, Lawrenceville, GA 30046","225 North Ave NW, Atlanta, GA 30332",48.13,40.52,1.188,48366
2026-09-26T15:12:44.126337-04:00,"225 North Ave NW, Atlanta, GA 30332","210 Luckie St, Lawrenceville, GA 30046",44.5,38.53,1.155,49395
2026-09-26T15:12:44.669104-04:00,"101 E Court Square, Decatur, GA 30030","265 Park Ave W NW, Atlanta, GA 30313",27.73,25.3,1.096,11294
2026-09-26T15:12:45.172736-04:00,"265 Park Ave W NW, Atlanta, GA 30313","101 E Court Square, Decatur, GA 30030",24.5,24.13,1.015,11227
2026-09-26T15:12:45.621310-04:00,"205 Lawrence St, Marietta, GA 30060","265 Park Ave W NW, Atlanta, GA 30313",36.53,30.35,1.204,29856
2026-09-26T15:12:46.187070-04:00,"265 Park Ave W NW, Atlanta, GA 30313","205 Lawrence St, Marietta, GA 30060",27.8,27.7,1.004,30762
2026-09-26T15:17:46.778770-04:00,"6000 N Terminal Pkwy, Atlanta, GA 30320","265 Park Ave W NW, Atlanta, GA 30313",30.15,19.18,1.572,16518
2026-09-26T15:17:47.254362-04:00,"265 Park Ave W NW, Atlanta, GA 30313","6000 N Terminal Pkwy, Atlanta, GA 30320",24.53,24.32,1.009,18142
2026-09-26T15:17:47.762550-04:00,"6000 N Terminal Pkwy, Atlanta, GA 30320","1380 Atlantic Dr NW, Atlanta, GA 30363",34.43,18.33,1.878,20958
2026-09-26T15:17:48.275326-04:00,"1380 Atlantic Dr NW, Atlanta, GA 30363","6000 N Terminal Pkwy, Atlanta, GA 30320",33.42,24.75,1.35,22561
2026-09-26T15:17:48.817178-04:00,"6000 N Terminal Pkwy, Atlanta, GA 30320","3393 Peachtree Rd NE, Atlanta, GA 30326",42.6,25.3,1.684,29995
2026-09-26T15:17:49.337383-04:00,"3393 Peachtree Rd NE, Atlanta, GA 30326","6000 N Terminal Pkwy, Atlanta, GA 30320",43.35,32.25,1.344,31173
2026-09-26T15:17:49.850318-04:00,"6000 N Terminal Pkwy, Atlanta, GA 30320","225 North Ave NW, Atlanta, GA 30332",34.72,19.62,1.77,18967
2026-09-26T15:17:50.325862-04:00,"225 North Ave NW, Atlanta, GA 30332","6000 N Terminal Pkwy, Atlanta, GA 30320",27.37,23.0,1.19,21085
2026-09-26T15:17:50.826613-04:00,"265 Park Ave W NW, Atlanta, GA 30313","1380 Atlantic Dr NW, Atlanta, GA 30363",11.83,10.6,1.116,4925
2026-09-26T15:17:51.332143-04:00,"1380 Atlantic Dr NW, Atlanta, GA 30363","265 Park Ave W NW, Atlanta, GA 30313",16.2,14.1,1.149,5460
2026-09-26T15:17:51.823676-04:00,"265 Park Ave W NW, Atlanta, GA 30313","3393 Peachtree Rd NE, Atlanta, GA 30326",19.72,17.57,1.122,13962
2026-09-26T15:17:52.310680-04:00,"3393 Peachtree Rd NE, Atlanta, GA 30326","265 Park Ave W NW, Atlanta, GA 30313",30.4,19.68,1.544,12990
2026-09-26T15:17:52.773839-04:00,"265 Park Ave W NW, Atlanta, GA 30313","225 North Ave NW, Atlanta, GA 30332",8.73,7.35,1.188,2086
2026-09-26T15:17:53.211781-04:00,"225 North Ave NW, Atlanta, GA 30332","265 Park Ave W NW, Atlanta, GA 30313",9.23,8.72,1.059,2067
2026-09-26T15:17:53.726141-04:00,"1380 Atlantic Dr NW, Atlanta, GA 30363","3393 Peachtree Rd NE, Atlanta, GA 30326",18.98,17.63,1.077,10266
2026-09-26T15:17:54.192941-04:00,"3393 Peachtree Rd NE, Atlanta, GA 30326","1380 Atlantic Dr NW, Atlanta, GA 30363",22.2,16.83,1.319,10329
2026-09-26T15:17:54.680049-04:00,"1380 Atlantic Dr NW, Atlanta, GA 30363","225 North Ave NW, Atlanta, GA 30332",11.28,10.47,1.078,2985
2026-09-26T15:17:55.145016-04:00,"225 North Ave NW, Atlanta, GA 30332","1380 Atlantic Dr NW, Atlanta, GA 30363",11.22,9.97,1.125,4547
2026-09-26T15:17:55.566967-04:00,"3393 Peachtree Rd NE, Atlanta, GA 30326","225 North Ave NW, Atlanta, GA 30332",28.3,18.72,1.512,12225
2026-09-26T15:17:56.106984-04:00,"225 North Ave NW, Atlanta, GA 30332","3393 Peachtree Rd NE, Atlanta, GA 30326",19.1,16.93,1.128,13584
2026-09-26T15:17:56.746947-04:00,"4400 Ashford Dunwoody Rd, Dunwoody, GA 30346","3393 Peachtree Rd NE, Atlanta, GA 30326",17.55,14.83,1.183,11803
2026-09-26T15:17:57.260807-04:00,"3393 Peachtree Rd NE, Atlanta, GA 30326","4400 Ashford Dunwoody Rd, Dunwoody, GA 30346",16.78,17.28,0.971,11688
2026-09-26T15:17:57.732009-04:00,"101 E Court Square, Decatur, GA 30030","225 North Ave NW, Atlanta, GA 30332",28.73,25.1,1.145,10208
2026-09-26T15:17:58.243682-04:00,"225 North Ave NW, Atlanta, GA 30332","101 E Court Square, Decatur, GA 30030",25.7,23.87,1.077,10450
2026-09-26T15:17:58.878215-04:00,"205 Lawrence St, Marietta, GA 30060","225 North Ave NW, Atlanta, GA 30332",34.17,25.05,1.364,29792
2026-09-26T15:17:59.335328-04:00,"225 North Ave NW, Atlanta, GA 30332","205 Lawrence St, Marietta, GA 30060",27.32,27.1,1.008,28974
2026-09-26T15:17:59.954018-04:00,"1 Galambos Way, Sandy Springs, GA 30328","3393 Peachtree Rd NE, Atlanta, GA 30326",19.02,16.8,1.132,13507
2026-09-26T15:18:00.465037-04:00,"3393 Peachtree Rd NE, Atlanta, GA 30326","1 Galambos Way, Sandy Springs, GA 30328",18.92,18.83,1.004,13941
2026-09-26T15:18:01.034692-04:00,"5485 Chamblee Dunwoody Rd, Dunwoody, GA 30338","3393 Peachtree Rd NE, Atlanta, GA 30326",17.67,16.02,1.103,13634
2026-09-26T15:18:01.513884-04:00,"3393 Peachtree Rd NE, Atlanta, GA 30326","5485 Chamblee Dunwoody Rd, Dunwoody, GA 30338",17.8,17.13,1.039,13651
2026-09-26T15:18:02.062003-04:00,"6400 Sugarloaf Pkwy, Duluth, GA 30097","225 North Ave NW, Atlanta, GA 30332",39.35,31.38,1.254,41366
2026-09-26T15:18:02.516802-04:00,"225 North Ave NW, Atlanta, GA 30332","6400 Sugarloaf Pkwy, Duluth, GA 30097",36.3,32.3,1.124,42778
2026-09-26T15:18:03.013694-04:00,"210 Luckie St, Lawrenceville, GA 30046","225 North Ave NW, Atlanta, GA 30332",48.02,39.4,1.219,48976
2026-09-26T15:18:03.538629-04:00,"225 North Ave NW, Atlanta, GA 30332","210 Luckie St, Lawrenceville, GA 30046",44.43,38.53,1.153,49395
2026-09-26T15:18:04.029244-04:00,"101 E Court Square, Decatur, GA 30030","265 Park Ave W NW, Atlanta, GA 30313",27.23,25.3,1.076,11294
2026-09-26T15:18:04.521121-04:00,"265 Park Ave W NW, Atlanta, GA 30313","101 E Court Square, Decatur, GA 30030",24.65,24.13,1.021,11227
2026-09-26T15:18:05.013696-04:00,"205 Lawrence St, Marietta, GA 30060","265 Park Ave W NW, Atlanta, GA 30313",36.3,26.02,1.395,30558
2026-09-26T15:18:05.493696-04:00,"265 Park Ave W NW, Atlanta, GA 30313","205 Lawrence St, Marietta, GA 30060",27.97,27.73,1.008,29352
2026-09-26T15:23:05.935458-04:00,"6000 N Terminal Pkwy, Atlanta, GA 30320","265 Park Ave W NW, Atlanta, GA 30313",29.77,19.18,1.552,16518
2026-09-26T15:23:06.370399-04:00,"265 Park Ave W NW, Atlanta, GA 30313","6000 N Terminal Pkwy, Atlanta, GA 30320",24.2,25.78,0.939,18141
2026-09-26T15:23:06.933395-04:00,"6000 N Terminal Pkwy, Atlanta, GA 30320","1380 Atlantic Dr NW, Atlanta, GA 30363",33.6,18.33,1.833,20958
2026-09-26T15:23:07.423965-04:00,"1380 Atlantic Dr NW, Atlanta, GA 30363","6000 N Terminal Pkwy, Atlanta, GA 30320",30.67,24.68,1.242,22562
2026-09-26T15:23:07.944451-04:00,"6000 N Terminal Pkwy, Atlanta, GA 30320","3393 Peachtree Rd NE, Atlanta, GA 30326",42.1,25.3,1.664,29995
2026-09-26T15:23:08.443583-04:00,"3393 Peachtree Rd NE, Atlanta, GA 30326","6000 N Terminal Pkwy, Atlanta, GA 30320",44.77,32.82,1.364,30918
2026-09-26T15:23:08.922033-04:00,"6000 N Terminal Pkwy, Atlanta, GA 30320","225 North Ave NW, Atlanta, GA 30332",33.7,19.62,1.718,18967
2026-09-26T15:23:09.346112-04:00,"225 North Ave NW, Atlanta, GA 30332","6000 N Terminal Pkwy, Atlanta, GA 30320",27.27,23.0,1.186,21085
2026-09-26T15:23:09.804880-04:00,"265 Park Ave W NW, Atlanta, GA 30313","1380 Atlantic Dr NW, Atlanta, GA 30363",12.15,10.6,1.146,4925
2026-09-26T15:23:10.280214-04:00,"1380 Atlantic Dr NW, Atlanta, GA 30363","265 Park Ave W NW, Atlanta, GA 30313",15.92,13.75,1.158,5209
2026-09-26T15:23:10.729039-04:00,"265 Park Ave W NW, Atlanta, GA 30313","3393 Peachtree Rd NE, Atlanta, GA 30326",20.53,21.08,0.974,13961
2026-09-26T15:23:11.185373-04:00,"3393 Peachtree Rd NE, Atlanta, GA 30326","265 Park Ave W NW, Atlanta, GA 30313",31.77,20.25,1.569,12735
2026-09-26T15:23:11.618352-04:00,"265 Park Ave W NW, Atlanta, GA 30313","225 North Ave NW, Atlanta, GA 30332",9.18,7.35,1.249,2086
2026-09-26T15:23:12.105640-04:00,"225 North Ave NW, Atlanta, GA 30332","265 Park Ave W NW, Atlanta, GA 30313",9.33,8.72,1.071,2067
2026-09-26T15:23:12.608570-04:00,"1380 Atlantic Dr NW, Atlanta, GA 30363","3393 Peachtree Rd NE, Atlanta, GA 30326",19.53,17.58,1.111,10266
2026-09-26T15:23:13.066955-04:00,"3393 Peachtree Rd NE, Atlanta, GA 30326","1380 Atlantic Dr NW, Atlanta, GA 30363",23.08,20.9,1.104,8869
2026-09-26T15:23:13.492561-04:00,"1380 Atlantic Dr NW, Atlanta, GA 30363","225 North Ave NW, Atlanta, GA 30332",11.28,10.47,1.078,2985
2026-09-26T15:23:13.958732-04:00,"225 North Ave NW, Atlanta, GA 30332","1380 Atlantic Dr NW, Atlanta, GA 30363",11.37,11.48,0.99,3461
2026-09-26T15:23:14.485728-04:00,"3393 Peachtree Rd NE, Atlanta, GA 30326","225 North Ave NW, Atlanta, GA 30332",29.72,19.82,1.5,11615
2026-09-26T15:23:14.905836-04:00,"225 North Ave NW, Atlanta, GA 30332","3393 Peachtree Rd NE, Atlanta, GA 30326",20.0,20.12,0.994,13584
2026-09-26T15:23:15.349892-04:00,"4400 Ashford Dunwoody Rd, Dunwoody, GA 30346","3393 Peachtree Rd NE, Atlanta, GA 30326",17.93,14.83,1.209,11803
2026-09-26T15:23:15.813065-04:00,"3393 Peachtree Rd NE, Atlanta, GA 30326","4400 Ashford Dunwoody Rd, Dunwoody, GA 30346",17.02,15.77,1.079,11689
2026-09-26T15:23:16.326878-04:00,"101 E Court Square, Decatur, GA 30030","225 North Ave NW, Atlanta, GA 30332",29.13,25.2,1.156,10194
2026-09-26T15:23:16.796932-04:00,"225 North Ave NW, Atlanta, GA 30332","101 E Court Square, Decatur, GA 30030",26.32,23.87,1.103,10450
2026-09-26T15:23:17.248808-04:00,"205 Lawrence St, Marietta, GA 30060","225 North Ave NW, Atlanta, GA 30332",33.15,25.05,1.323,29792
2026-09-26T15:23:17.782257-04:00,"225 North Ave NW, Atlanta, GA 30332","205 Lawrence St, Marietta, GA 30060",27.97,27.1,1.032,28974
2026-09-26T15:23:18.261590-04:00,"1 Galambos Way, Sandy Springs, GA 30328","3393 Peachtree Rd NE, Atlanta, GA 30326",19.35,16.8,1.152,13507
2026-09-26T15:23:18.703611-04:00,"3393 Peachtree Rd NE, Atlanta, GA 30326","1 Galambos Way, Sandy Springs, GA 30328",19.48,18.83,1.035,13941
2026-09-26T15:23:19.184179-04:00,"5485 Chamblee Dunwoody Rd, Dunwoody, GA 30338","3393 Peachtree Rd NE, Atlanta, GA 30326",18.3,16.02,1.143,13634
2026-09-26T15:23:19.741524-04:00,"3393 Peachtree Rd NE, Atlanta, GA 30326","5485 Chamblee Dunwoody Rd, Dunwoody, GA 30338",18.27,17.13,1.066,13651
2026-09-26T15:23:20.235731-04:00,"6400 Sugarloaf Pkwy, Duluth, GA 30097","225 North Ave NW, Atlanta, GA 30332",40.48,31.93,1.268,40710
2026-09-26T15:23:20.670466-04:00,"225 North Ave NW, Atlanta, GA 30332","6400 Sugarloaf Pkwy, Duluth, GA 30097",36.48,32.3,1.13,42787
2026-09-26T15:23:21.103077-04:00,"210 Luckie St, Lawrenceville, GA 30046","225 North Ave NW, Atlanta, GA 30332",48.8,39.97,1.221,48320
2026-09-26T15:23:21.627981-04:00,"225 North Ave NW, Atlanta, GA 30332","210 Luckie St, Lawrenceville, GA 30046",44.87,38.53,1.164,49395
2026-09-26T15:23:22.138098-04:00,"101 E Court Square, Decatur, GA 30030","265 Park Ave W NW, Atlanta, GA 30313",27.03,25.3,1.069,11294
2026-09-26T15:23:22.612773-04:00,"265 Park Ave W NW, Atlanta, GA 30313","101 E Court Square, Decatur, GA 30030",24.95,24.13,1.034,11227
2026-09-26T15:23:23.095480-04:00,"205 Lawrence St, Marietta, GA 30060","265 Park Ave W NW, Atlanta, GA 30313",35.18,26.02,1.352,30558
2026-09-26T15:23:23.589806-04:00,"265 Park Ave W NW, Atlanta, GA 30313","205 Lawrence St, Marietta, GA 30060",28.27,27.73,1.019,29352
2026-09-26T15:28:24.008822-04:00,"6000 N Terminal Pkwy, Atlanta, GA 30320","265 Park Ave W NW, Atlanta, GA 30313",34.32,19.2,1.787,16477
2026-09-26T15:28:24.513715-04:00,"265 Park Ave W NW, Atlanta, GA 30313","6000 N Terminal Pkwy, Atlanta, GA 30320",24.68,24.32,1.015,18142
2026-09-26T15:28:25.029136-04:00,"6000 N Terminal Pkwy, Atlanta, GA 30320","1380 Atlantic Dr NW, Atlanta, GA 30363",38.57,18.35,2.102,20917
2026-09-26T15:28:25.559043-04:00,"1380 Atlantic Dr NW, Atlanta, GA 30363","6000 N Terminal Pkwy, Atlanta, GA 30320",32.53,25.08,1.297,22840
2026-09-26T15:28:26.242557-04:00,"6000 N Terminal Pkwy, Atlanta, GA 30320","3393 Peachtree Rd NE, Atlanta, GA 30326",47.12,25.42,1.854,30092
2026-09-26T15:28:26.842207-04:00,"3393 Peachtree Rd NE, Atlanta, GA 30326","6000 N Terminal Pkwy, Atlanta, GA 30320",45.33,33.48,1.354,30372
2026-09-26T15:28:27.427361-04:00,"6000 N Terminal Pkwy, Atlanta, GA 30320","225 North Ave NW, Atlanta, GA 30332",39.05,19.63,1.989,18926
2026-09-26T15:28:27.973221-04:00,"225 North Ave NW, Atlanta, GA 30332","6000 N Terminal Pkwy, Atlanta, GA 30320",26.92,23.95,1.124,21079
2026-09-26T15:28:28.559295-04:00,"265 Park Ave W NW, Atlanta, GA 30313","1380 Atlantic Dr NW, Atlanta, GA 30363",12.92,10.6,1.219,4925
2026-09-26T15:28:29.125126-04:00,"1380 Atlantic Dr NW, Atlanta, GA 30363","265 Park Ave W NW, Atlanta, GA 30313",15.48,13.75,1.126,5209
2026-09-26T15:28:29.619885-04:00,"265 Park Ave W NW, Atlanta, GA 30313","3393 Peachtree Rd NE, Atlanta, GA 30326",21.42,17.57,1.219,13962
2026-09-26T15:28:30.160020-04:00,"3393 Peachtree Rd NE, Atlanta, GA 30326","265 Park Ave W NW, Atlanta, GA 30313",32.18,20.92,1.539,12189
2026-09-26T15:28:30.663411-04:00,"265 Park Ave W NW, Atlanta, GA 30313","225 North Ave NW, Atlanta, GA 30332",8.68,8.1,1.072,2382
2026-09-26T15:28:31.171370-04:00,"225 North Ave NW, Atlanta, GA 30332","265 Park Ave W NW, Atlanta, GA 30313",9.45,8.72,1.084,2067
2026-09-26T15:28:32.084774-04:00,"1380 Atlantic Dr NW, Atlanta, GA 30363","3393 Peachtree Rd NE, Atlanta, GA 30326",19.02,17.63,1.078,10266
2026-09-26T15:28:32.591630-04:00,"3393 Peachtree Rd NE, Atlanta, GA 30326","1380 Atlantic Dr NW, Atlanta, GA 30363",22.5,20.9,1.077,8869
2026-09-26T15:28:33.122568-04:00,"1380 Atlantic Dr NW, Atlanta, GA 30363","225 North Ave NW, Atlanta, GA 30332",11.55,10.8,1.069,3264
2026-09-26T15:28:33.559552-04:00,"225 North Ave NW, Atlanta, GA 30332","1380 Atlantic Dr NW, Atlanta, GA 30363",11.47,11.48,0.999,3461
2026-09-26T15:28:34.041936-04:00,"3393 Peachtree Rd NE, Atlanta, GA 30326","225 North Ave NW, Atlanta, GA 30332",28.73,26.35,1.09,10581
2026-09-26T15:28:34.516934-04:00,"225 North Ave NW, Atlanta, GA 30332","3393 Peachtree Rd NE, Atlanta, GA 30326",21.37,16.93,1.262,13584
2026-09-26T15:28:35.007304-04:00,"4400 Ashford Dunwoody Rd, Dunwoody, GA 30346","3393 Peachtree Rd NE, Atlanta, GA 30326",18.1,14.83,1.22,11803
2026-09-26T15:28:35.443454-04:00,"3393 Peachtree Rd NE, Atlanta, GA 30326","4400 Ashford Dunwoody Rd, Dunwoody, GA 30346",16.75,15.77,1.062,11689
2026-09-26T15:28:35.934518-04:00,"101 E Court Square, Decatur, GA 30030","225 North Ave NW, Atlanta, GA 30332",29.43,25.1,1.173,10208
2026-09-26T15:28:36.441822-04:00,"225 North Ave NW, Atlanta, GA 30332","101 E Court Square, Decatur, GA 30030",26.0,26.82,0.97,10272
2026-09-26T15:28:36.935665-04:00,"205 Lawrence St, Marietta, GA 30060","225 North Ave NW, Atlanta, GA 30332",32.18,26.1,1.233,29167
2026-09-26T15:28:37.413322-04:00,"225 North Ave NW, Atlanta, GA 30332","205 Lawrence St, Marietta, GA 30060",27.13,28.52,0.951,27895
2026-09-26T15:28:37.923787-04:00,"1 Galambos Way, Sandy Springs, GA 30328","3393 Peachtree Rd NE, Atlanta, GA 30326",19.25,16.8,1.146,13507
2026-09-26T15:28:38.466941-04:00,"3393 Peachtree Rd NE, Atlanta, GA 30326","1 Galambos Way, Sandy Springs, GA 30328",19.2,18.83,1.019,13941
2026-09-26T15:28:39.044138-04:00,"5485 Chamblee Dunwoody Rd, Dunwoody, GA 30338","3393 Peachtree Rd NE, Atlanta, GA 30326",18.1,16.02,1.13,13634
2026-09-26T15:28:39.594131-04:00,"3393 Peachtree Rd NE, Atlanta, GA 30326","5485 Chamblee Dunwoody Rd, Dunwoody, GA 30338",18.23,17.13,1.064,13651
2026-09-26T15:28:40.076336-04:00,"6400 Sugarloaf Pkwy, Duluth, GA 30097","225 North Ave NW, Atlanta, GA 30332",41.02,31.93,1.284,40710
2026-09-26T15:28:40.508778-04:00,"225 North Ave NW, Atlanta, GA 30332","6400 Sugarloaf Pkwy, Duluth, GA 30097",38.02,38.32,0.992,42787
2026-09-26T15:28:40.936873-04:00,"210 Luckie St, Lawrenceville, GA 30046","225 North Ave NW, Atlanta, GA 30332",49.05,39.97,1.227,48320
2026-09-26T15:28:41.386956-04:00,"225 North Ave NW, Atlanta, GA 30332","210 Luckie St, Lawrenceville, GA 30046",46.1,38.68,1.192,49393
2026-09-26T15:28:41.932483-04:00,"101 E Court Square, Decatur, GA 30030","265 Park Ave W NW, Atlanta, GA 30313",26.92,25.3,1.064,11294
2026-09-26T15:28:43.100307-04:00,"265 Park Ave W NW, Atlanta, GA 30313","101 E Court Square, Decatur, GA 30030",24.93,24.13,1.033,11227
2026-09-26T15:28:43.616215-04:00,"205 Lawrence St, Marietta, GA 30060","265 Park Ave W NW, Atlanta, GA 30313",34.6,26.02,1.33,30558
2026-09-26T15:28:44.087706-04:00,"265 Park Ave W NW, Atlanta, GA 30313","205 Lawrence St, Marietta, GA 30060",28.9,27.73,1.042,29352
2026-09-26T15:33:44.627610-04:00,"6000 N Terminal Pkwy, Atlanta, GA 30320","265 Park Ave W NW, Atlanta, GA 30313",33.4,19.58,1.706,16758
2026-09-26T15:33:45.122858-04:00,"265 Park Ave W NW, Atlanta, GA 30313","6000 N Terminal Pkwy, Atlanta, GA 30320",24.65,24.32,1.014,18142
2026-09-26T15:33:45.684415-04:00,"6000 N Terminal Pkwy, Atlanta, GA 30320","1380 Atlantic Dr NW, Atlanta, GA 30363",37.67,18.35,2.053,20917
2026-09-26T15:33:46.123438-04:00,"1380 Atlantic Dr NW, Atlanta, GA 30363","6000 N Terminal Pkwy, Atlanta, GA 30320",31.25,26.47,1.181,22909
2026-09-26T15:33:46.655112-04:00,"6000 N Terminal Pkwy, Atlanta, GA 30320","3393 Peachtree Rd NE, Atlanta, GA 30326",46.03,25.32,1.818,29954
2026-09-26T15:33:47.190687-04:00,"3393 Peachtree Rd NE, Atlanta, GA 30326","6000 N Terminal Pkwy, Atlanta, GA 30320",45.12,33.48,1.347,30372
2026-09-26T15:33:47.677499-04:00,"6000 N Terminal Pkwy, Atlanta, GA 30320","225 North Ave NW, Atlanta, GA 30332",37.98,19.63,1.935,18926
2026-09-26T15:33:48.174536-04:00,"225 North Ave NW, Atlanta, GA 30332","6000 N Terminal Pkwy, Atlanta, GA 30320",27.72,23.95,1.157,21079
2026-09-26T15:33:48.700158-04:00,"265 Park Ave W NW, Atlanta, GA 30313","1380 Atlantic Dr NW, Atlanta, GA 30363",12.75,10.6,1.203,4925
2026-09-26T15:33:49.155779-04:00,"1380 Atlantic Dr NW, Atlanta, GA 30363","265 Park Ave W NW, Atlanta, GA 30313",15.45,14.03,1.101,4440
2026-09-26T15:33:49.631210-04:00,"265 Park Ave W NW, Atlanta, GA 30313","3393 Peachtree Rd NE, Atlanta, GA 30326",20.8,17.57,1.184,13962
2026-09-26T15:33:50.135655-04:00,"3393 Peachtree Rd NE, Atlanta, GA 30326","265 Park Ave W NW, Atlanta, GA 30313",31.43,20.92,1.503,12189
2026-09-26T15:33:50.687362-04:00,"265 Park Ave W NW, Atlanta, GA 30313","225 North Ave NW, Atlanta, GA 30332",8.2,8.1,1.012,2382
2026-09-26T15:33:51.133875-04:00,"225 North Ave NW, Atlanta, GA 30332","265 Park Ave W NW, Atlanta, GA 30313",9.38,8.72,1.076,2067
2026-09-26T15:33:51.559545-04:00,"1380 Atlantic Dr NW, Atlanta, GA 30363","3393 Peachtree Rd NE, Atlanta, GA 30326",19.12,17.63,1.084,10266
2026-09-26T15:33:52.066913-04:00,"3393 Peachtree Rd NE, Atlanta, GA 30326","1380 Atlantic Dr NW, Atlanta, GA 30363",22.65,20.9,1.084,8869
2026-09-26T15:33:52.579829-04:00,"1380 Atlantic Dr NW, Atlanta, GA 30363","225 North Ave NW, Atlanta, GA 30332",12.03,10.47,1.15,2985
2026-09-26T15:33:53.044639-04:00,"225 North Ave NW, Atlanta, GA 30332","1380 Atlantic Dr NW, Atlanta, GA 30363",11.08,11.48,0.965,3461
2026-09-26T15:33:53.480166-04:00,"3393 Peachtree Rd NE, Atlanta, GA 30326","225 North Ave NW, Atlanta, GA 30332",29.05,26.35,1.102,10581
2026-09-26T15:33:54.008766-04:00,"225 North Ave NW, Atlanta, GA 30332","3393 Peachtree Rd NE, Atlanta, GA 30326",21.42,17.02,1.259,13602
2026-09-26T15:33:54.646613-04:00,"4400 Ashford Dunwoody Rd, Dunwoody, GA 30346","3393 Peachtree Rd NE, Atlanta, GA 30326",17.55,14.83,1.183,11803
2026-09-26T15:33:55.124062-04:00,"3393 Peachtree Rd NE, Atlanta, GA 30326","4400 Ashford Dunwoody Rd, Dunwoody, GA 30346",16.68,15.77,1.058,11689
2026-09-26T15:33:55.678030-04:00,"101 E Court Square, Decatur, GA 30030","225 North Ave NW, Atlanta, GA 30332",29.4,25.1,1.171,10208
2026-09-26T15:33:56.239971-04:00,"225 North Ave NW, Atlanta, GA 30332","101 E Court Square, Decatur, GA 30030",26.13,23.7,1.103,10272
2026-09-26T15:33:56.799450-04:00,"205 Lawrence St, Marietta, GA 30060","225 North Ave NW, Atlanta, GA 30332",32.3,25.05,1.289,29792
2026-09-26T15:33:57.283997-04:00,"225 North Ave NW, Atlanta, GA 30332","205 Lawrence St, Marietta, GA 30060",26.97,28.52,0.946,27895
2026-09-26T15:33:57.850490-04:00,"1 Galambos Way, Sandy Springs, GA 30328","3393 Peachtree Rd NE, Atlanta, GA 30326",18.88,16.8,1.124,13507
2026-09-26T15:33:58.314289-04:00,"3393 Peachtree Rd NE, Atlanta, GA 30326","1 Galambos Way, Sandy Springs, GA 30328",19.35,18.83,1.027,13941
2026-09-26T15:33:58.829647-04:00,"5485 Chamblee Dunwoody Rd, Dunwoody, GA 30338","3393 Peachtree Rd NE, Atlanta, GA 30326",17.77,16.02,1.109,13634
2026-09-26T15:33:59.327301-04:00,"3393 Peachtree Rd NE, Atlanta, GA 30326","5485 Chamblee Dunwoody Rd, Dunwoody, GA 30338",17.9,17.13,1.045,13651
2026-09-26T15:33:59.954044-04:00,"6400 Sugarloaf Pkwy, Duluth, GA 30097","225 North Ave NW, Atlanta, GA 30332",40.55,31.93,1.27,40710
2026-09-26T15:34:00.481758-04:00,"225 North Ave NW, Atlanta, GA 30332","6400 Sugarloaf Pkwy, Duluth, GA 30097",38.2,32.15,1.188,42790
2026-09-26T15:34:01.114791-04:00,"210 Luckie St, Lawrenceville, GA 30046","225 North Ave NW, Atlanta, GA 30332",48.88,39.97,1.223,48320
2026-09-26T15:34:01.648009-04:00,"225 North Ave NW, Atlanta, GA 30332","210 Luckie St, Lawrenceville, GA 30046",45.2,38.3,1.18,49380
2026-09-26T15:34:02.150738-04:00,"101 E Court Square, Decatur, GA 30030","265 Park Ave W NW, Atlanta, GA 30313",27.5,25.3,1.087,11294
2026-09-26T15:34:02.602580-04:00,"265 Park Ave W NW, Atlanta, GA 30313","101 E Court Square, Decatur, GA 30030",24.47,24.13,1.014,11227
2026-09-26T15:34:03.097067-04:00,"205 Lawrence St, Marietta, GA 30060","265 Park Ave W NW, Atlanta, GA 30313",34.1,26.02,1.311,30558
2026-09-26T15:34:03.624227-04:00,"265 Park Ave W NW, Atlanta, GA 30313","205 Lawrence St, Marietta, GA 30060",28.85,27.73,1.04,29352
2026-09-26T15:39:04.139349-04:00,"6000 N Terminal Pkwy, Atlanta, GA 30320","265 Park Ave W NW, Atlanta, GA 30313",33.82,19.22,1.76,16352
2026-09-26T15:39:04.607126-04:00,"265 Park Ave W NW, Atlanta, GA 30313","6000 N Terminal Pkwy, Atlanta, GA 30320",24.1,24.32,0.991,18142
2026-09-26T15:39:05.093726-04:00,"6000 N Terminal Pkwy, Atlanta, GA 30320","1380 Atlantic Dr NW, Atlanta, GA 30363",37.7,18.35,2.054,20917
2026-09-26T15:39:05.566308-04:00,"1380 Atlantic Dr NW, Atlanta, GA 30363","6000 N Terminal Pkwy, Atlanta, GA 30320",30.73,26.47,1.161,22909
2026-09-26T15:39:06.084070-04:00,"6000 N Terminal Pkwy, Atlanta, GA 30320","3393 Peachtree Rd NE, Atlanta, GA 30326",45.97,25.42,1.809,30092
2026-09-26T15:39:06.667483-04:00,"3393 Peachtree Rd NE, Atlanta, GA 30326","6000 N Terminal Pkwy, Atlanta, GA 30320",43.97,30.67,1.434,32013
2026-09-26T15:39:07.096374-04:00,"6000 N Terminal Pkwy, Atlanta, GA 30320","225 North Ave NW, Atlanta, GA 30332",38.3,19.63,1.951,18926
2026-09-26T15:39:07.572661-04:00,"225 North Ave NW, Atlanta, GA 30332","6000 N Terminal Pkwy, Atlanta, GA 30320",27.83,25.32,1.099,22392
2026-09-26T15:39:08.186933-04:00,"265 Park Ave W NW, Atlanta, GA 30313","1380 Atlantic Dr NW, Atlanta, GA 30363",13.43,10.6,1.267,4925
2026-09-26T15:39:08.638764-04:00,"1380 Atlantic Dr NW, Atlanta, GA 30363","265 Park Ave W NW, Atlanta, GA 30313",15.45,14.03,1.101,4440
2026-09-26T15:39:09.061428-04:00,"265 Park Ave W NW, Atlanta, GA 30313","3393 Peachtree Rd NE, Atlanta, GA 30326",21.93,17.57,1.249,13962
2026-09-26T15:39:09.508694-04:00,"3393 Peachtree Rd NE, Atlanta, GA 30326","265 Park Ave W NW, Atlanta, GA 30313",30.0,18.1,1.657,13831
2026-09-26T15:39:10.040097-04:00,"265 Park Ave W NW, Atlanta, GA 30313","225 North Ave NW, Atlanta, GA 30332",8.37,8.22,1.018,2339
2026-09-26T15:39:10.588500-04:00,"225 North Ave NW, Atlanta, GA 30332","265 Park Ave W NW, Atlanta, GA 30313",9.33,8.72,1.071,2067
2026-09-26T15:39:11.135529-04:00,"1380 Atlantic Dr NW, Atlanta, GA 30363","3393 Peachtree Rd NE, Atlanta, GA 30326",19.03,17.63,1.079,10266
2026-09-26T15:39:11.589592-04:00,"3393 Peachtree Rd NE, Atlanta, GA 30326","1380 Atlantic Dr NW, Atlanta, GA 30363",22.3,20.9,1.067,8869
2026-09-26T15:39:12.098714-04:00,"1380 Atlantic Dr NW, Atlanta, GA 30363","225 North Ave NW, Atlanta, GA 30332",11.75,10.47,1.123,2985
2026-09-26T15:39:12.633766-04:00,"225 North Ave NW, Atlanta, GA 30332","1380 Atlantic Dr NW, Atlanta, GA 30363",10.95,11.48,0.954,3461
2026-09-26T15:39:13.083148-04:00,"3393 Peachtree Rd NE, Atlanta, GA 30326","225 North Ave NW, Atlanta, GA 30332",28.42,26.35,1.078,10581
2026-09-26T15:39:13.619509-04:00,"225 North Ave NW, Atlanta, GA 30332","3393 Peachtree Rd NE, Atlanta, GA 30326",22.83,22.68,1.007,12006
2026-09-26T15:39:14.358108-04:00,"4400 Ashford Dunwoody Rd, Dunwoody, GA 30346","3393 Peachtree Rd NE, Atlanta, GA 30326",17.55,14.95,1.174,11941
2026-09-26T15:39:14.946602-04:00,"3393 Peachtree Rd NE, Atlanta, GA 30326","4400 Ashford Dunwoody Rd, Dunwoody, GA 30346",16.47,15.77,1.044,11689
2026-09-26T15:39:15.633505-04:00,"101 E Court Square, Decatur, GA 30030","225 North Ave NW, Atlanta, GA 30332",29.68,25.1,1.183,10208
2026-09-26T15:39:16.189320-04:00,"225 North Ave NW, Atlanta, GA 30332","101 E Court Square, Decatur, GA 30030",26.45,23.47,1.127,10257
2026-09-26T15:39:16.705313-04:00,"205 Lawrence St, Marietta, GA 30060","225 North Ave NW, Atlanta, GA 30332",32.9,25.05,1.313,29792
2026-09-26T15:39:17.160717-04:00,"225 North Ave NW, Atlanta, GA 30332","205 Lawrence St, Marietta, GA 30060",26.73,28.52,0.937,27895
2026-09-26T15:39:17.695435-04:00,"1 Galambos Way, Sandy Springs, GA 30328","3393 Peachtree Rd NE, Atlanta, GA 30326",18.92,16.8,1.126,13507
2026-09-26T15:39:18.210292-04:00,"3393 Peachtree Rd NE, Atlanta, GA 30326","1 Galambos Way, Sandy Springs, GA 30328",19.05,18.83,1.012,13941
2026-09-26T15:39:18.730076-04:00,"5485 Chamblee Dunwoody Rd, Dunwoody, GA 30338","3393 Peachtree Rd NE, Atlanta, GA 30326",17.85,16.02,1.114,13634
2026-09-26T15:39:19.209977-04:00,"3393 Peachtree Rd NE, Atlanta, GA 30326","5485 Chamblee Dunwoody Rd, Dunwoody, GA 30338",17.72,17.13,1.034,13651
2026-09-26T15:39:19.697034-04:00,"6400 Sugarloaf Pkwy, Duluth, GA 30097","225 North Ave NW, Atlanta, GA 30332",39.1,30.83,1.268,41319
2026-09-26T15:39:20.206969-04:00,"225 North Ave NW, Atlanta, GA 30332","6400 Sugarloaf Pkwy, Duluth, GA 30097",39.85,32.15,1.24,42790
2026-09-26T15:39:20.686784-04:00,"210 Luckie St, Lawrenceville, GA 30046","225 North Ave NW, Atlanta, GA 30332",47.7,38.87,1.227,48930
2026-09-26T15:39:21.191429-04:00,"225 North Ave NW, Atlanta, GA 30332","210 Luckie St, Lawrenceville, GA 30046",47.07,38.38,1.226,49397
2026-09-26T15:39:21.755564-04:00,"101 E Court Square, Decatur, GA 30030","265 Park Ave W NW, Atlanta, GA 30313",26.92,25.3,1.064,11294
2026-09-26T15:39:22.212534-04:00,"265 Park Ave W NW, Atlanta, GA 30313","101 E Court Square, Decatur, GA 30030",24.05,24.13,0.997,11227
2026-09-26T15:39:22.716947-04:00,"205 Lawrence St, Marietta, GA 30060","265 Park Ave W NW, Atlanta, GA 30313",34.45,26.02,1.324,30558
2026-09-26T15:39:23.255215-04:00,"265 Park Ave W NW, Atlanta, GA 30313","205 Lawrence St, Marietta, GA 30060",29.08,30.13,0.965,29351
2026-09-26T15:44:23.804075-04:00,"6000 N Terminal Pkwy, Atlanta, GA 30320","265 Park Ave W NW, Atlanta, GA 30313",35.88,19.22,1.867,16352
2026-09-26T15:44:24.281040-04:00,"265 Park Ave W NW, Atlanta, GA 30313","6000 N Terminal Pkwy, Atlanta, GA 30320",24.43,24.32,1.005,18142
2026-09-26T15:44:24.726306-04:00,"6000 N Terminal Pkwy, Atlanta, GA 30320","1380 Atlantic Dr NW, Atlanta, GA 30363",40.18,18.35,2.19,20917
2026-09-26T15:44:25.296202-04:00,"1380 Atlantic Dr NW, Atlanta, GA 30363","6000 N Terminal Pkwy, Atlanta, GA 30320",33.17,24.75,1.34,22561
2026-09-26T15:44:25.841360-04:00,"6000 N Terminal Pkwy, Atlanta, GA 30320","3393 Peachtree Rd NE, Atlanta, GA 30326",48.25,25.32,1.906,29954
2026-09-26T15:44:26.357067-04:00,"3393 Peachtree Rd NE, Atlanta, GA 30326","6000 N Terminal Pkwy, Atlanta, GA 30320",42.8,30.67,1.396,32013
2026-09-26T15:44:26.812580-04:00,"6000 N Terminal Pkwy, Atlanta, GA 30320","225 North Ave NW, Atlanta, GA 30332",40.9,19.63,2.083,18926
2026-09-26T15:44:27.335620-04:00,"225 North Ave NW, Atlanta, GA 30332","6000 N Terminal Pkwy, Atlanta, GA 30320",28.05,25.32,1.108,22392
2026-09-26T15:44:27.810198-04:00,"265 Park Ave W NW, Atlanta, GA 30313","1380 Atlantic Dr NW, Atlanta, GA 30363",11.98,10.6,1.131,4925
2026-09-26T15:44:28.282627-04:00,"1380 Atlantic Dr NW, Atlanta, GA 30363","265 Park Ave W NW, Atlanta, GA 30313",16.38,13.75,1.192,5209
2026-09-26T15:44:28.786764-04:00,"265 Park Ave W NW, Atlanta, GA 30313","3393 Peachtree Rd NE, Atlanta, GA 30326",20.28,17.57,1.155,13962
2026-09-26T15:44:29.316274-04:00,"3393 Peachtree Rd NE, Atlanta, GA 30326","265 Park Ave W NW, Atlanta, GA 30313",29.23,18.1,1.615,13831
2026-09-26T15:44:29.799176-04:00,"265 Park Ave W NW, Atlanta, GA 30313","225 North Ave NW, Atlanta, GA 30332",8.68,7.35,1.181,2086
2026-09-26T15:44:30.283971-04:00,"225 North Ave NW, Atlanta, GA 30332","265 Park Ave W NW, Atlanta, GA 30313",9.4,8.72,1.078,2067
2026-09-26T15:44:30.748405-04:00,"1380 Atlantic Dr NW, Atlanta, GA 30363","3393 Peachtree Rd NE, Atlanta, GA 30326",18.85,17.63,1.069,10266
2026-09-26T15:44:31.243996-04:00,"3393 Peachtree Rd NE, Atlanta, GA 30326","1380 Atlantic Dr NW, Atlanta, GA 30363",22.37,20.9,1.07,8869
2026-09-26T15:44:31.658099-04:00,"1380 Atlantic Dr NW, Atlanta, GA 30363","225 North Ave NW, Atlanta, GA 30332",11.18,10.47,1.068,2985
2026-09-26T15:44:32.111196-04:00,"225 North Ave NW, Atlanta, GA 30332","1380 Atlantic Dr NW, Atlanta, GA 30363",11.33,11.48,0.987,3461
2026-09-26T15:44:32.575256-04:00,"3393 Peachtree Rd NE, Atlanta, GA 30326","225 North Ave NW, Atlanta, GA 30332",26.63,18.23,1.461,12456
2026-09-26T15:44:33.083887-04:00,"225 North Ave NW, Atlanta, GA 30332","3393 Peachtree Rd NE, Atlanta, GA 30326",20.95,16.7,1.254,13569
2026-09-26T15:44:33.555072-04:00,"4400 Ashford Dunwoody Rd, Dunwoody, GA 30346","3393 Peachtree Rd NE, Atlanta, GA 30326",17.92,14.83,1.208,11803
2026-09-26T15:44:33.998223-04:00,"3393 Peachtree Rd NE, Atlanta, GA 30326","4400 Ashford Dunwoody Rd, Dunwoody, GA 30346",16.6,15.77,1.053,11689
2026-09-26T15:44:34.479861-04:00,"101 E Court Square, Decatur, GA 30030","225 North Ave NW, Atlanta, GA 30332",28.8,25.77,1.118,10404
2026-09-26T15:44:34.961836-04:00,"225 North Ave NW, Atlanta, GA 30332","101 E Court Square, Decatur, GA 30030",25.57,23.47,1.089,10257
2026-09-26T15:44:35.453622-04:00,"205 Lawrence St, Marietta, GA 30060","225 North Ave NW, Atlanta, GA 30332",32.2,26.1,1.234,29167
2026-09-26T15:44:35.912602-04:00,"225 North Ave NW, Atlanta, GA 30332","205 Lawrence St, Marietta, GA 30060",27.32,27.95,0.977,27895
2026-09-26T15:44:36.377234-04:00,"1 Galambos Way, Sandy Springs, GA 30328","3393 Peachtree Rd NE, Atlanta, GA 30326",18.88,16.8,1.124,13507
2026-09-26T15:44:36.890489-04:00,"3393 Peachtree Rd NE, Atlanta, GA 30326","1 Galambos Way, Sandy Springs, GA 30328",19.2,18.83,1.019,13941
2026-09-26T15:44:37.366542-04:00,"5485 Chamblee Dunwoody Rd, Dunwoody, GA 30338","3393 Peachtree Rd NE, Atlanta, GA 30326",17.92,16.02,1.119,13634
2026-09-26T15:44:37.826520-04:00,"3393 Peachtree Rd NE, Atlanta, GA 30326","5485 Chamblee Dunwoody Rd, Dunwoody, GA 30338",17.85,17.13,1.042,13651
2026-09-26T15:44:38.333990-04:00,"6400 Sugarloaf Pkwy, Duluth, GA 30097","225 North Ave NW, Atlanta, GA 30332",37.2,31.93,1.165,40710
2026-09-26T15:44:38.825771-04:00,"225 North Ave NW, Atlanta, GA 30332","6400 Sugarloaf Pkwy, Duluth, GA 30097",37.13,32.07,1.158,42772
2026-09-26T15:44:39.293920-04:00,"210 Luckie St, Lawrenceville, GA 30046","225 North Ave NW, Atlanta, GA 30332",45.75,40.23,1.137,48319
2026-09-26T15:44:39.762747-04:00,"225 North Ave NW, Atlanta, GA 30332","210 Luckie St, Lawrenceville, GA 30046",45.52,38.38,1.186,49397
2026-09-26T15:44:40.317842-04:00,"101 E Court Square, Decatur, GA 30030","265 Park Ave W NW, Atlanta, GA 30313",26.47,25.3,1.046,11294
2026-09-26T15:44:40.780841-04:00,"265 Park Ave W NW, Atlanta, GA 30313","101 E Court Square, Decatur, GA 30030",24.23,24.13,1.004,11227
2026-09-26T15:44:41.230820-04:00,"205 Lawrence St, Marietta, GA 30060","265 Park Ave W NW, Atlanta, GA 30313",35.32,26.02,1.357,30558
2026-09-26T15:44:41.722909-04:00,"265 Park Ave W NW, Atlanta, GA 30313","205 Lawrence St, Marietta, GA 30060",28.23,27.73,1.018,29352
2026-09-26T15:49:42.195841-04:00,"6000 N Terminal Pkwy, Atlanta, GA 30320","265 Park Ave W NW, Atlanta, GA 30313",36.35,19.22,1.892,16352
2026-09-26T15:49:42.693946-04:00,"265 Park Ave W NW, Atlanta, GA 30313","6000 N Terminal Pkwy, Atlanta, GA 30320",24.72,22.33,1.107,20499
2026-09-26T15:49:43.229103-04:00,"6000 N Terminal Pkwy, Atlanta, GA 30320","1380 Atlantic Dr NW, Atlanta, GA 30363",40.7,18.35,2.218,20917
2026-09-26T15:49:43.793137-04:00,"1380 Atlantic Dr NW, Atlanta, GA 30363","6000 N Terminal Pkwy, Atlanta, GA 30320",30.0,31.65,0.948,22908
2026-09-26T15:49:44.323419-04:00,"6000 N Terminal Pkwy, Atlanta, GA 30320","3393 Peachtree Rd NE, Atlanta, GA 30326",48.88,25.32,1.931,29954
2026-09-26T15:49:44.820525-04:00,"3393 Peachtree Rd NE, Atlanta, GA 30326","6000 N Terminal Pkwy, Atlanta, GA 30320",41.83,30.67,1.364,32013
2026-09-26T15:49:45.390648-04:00,"6000 N Terminal Pkwy, Atlanta, GA 30320","225 North Ave NW, Atlanta, GA 30332",36.18,27.33,1.324,18020
2026-09-26T15:49:45.913073-04:00,"225 North Ave NW, Atlanta, GA 30332","6000 N Terminal Pkwy, Atlanta, GA 30320",27.15,25.32,1.072,22392
2026-09-26T15:49:46.383374-04:00,"265 Park Ave W NW, Atlanta, GA 30313","1380 Atlantic Dr NW, Atlanta, GA 30363",13.05,10.6,1.231,4925
2026-09-26T15:49:46.943757-04:00,"1380 Atlantic Dr NW, Atlanta, GA 30363","265 Park Ave W NW, Atlanta, GA 30313",16.2,13.75,1.178,5209
2026-09-26T15:49:47.398112-04:00,"265 Park Ave W NW, Atlanta, GA 30313","3393 Peachtree Rd NE, Atlanta, GA 30326",21.18,17.67,1.199,14099
2026-09-26T15:49:47.857031-04:00,"3393 Peachtree Rd NE, Atlanta, GA 30326","265 Park Ave W NW, Atlanta, GA 30313",28.5,18.1,1.575,13831
2026-09-26T15:49:48.357357-04:00,"265 Park Ave W NW, Atlanta, GA 30313","225 North Ave NW, Atlanta, GA 30332",8.18,8.1,1.01,2382
2026-09-26T15:49:48.811989-04:00,"225 North Ave NW, Atlanta, GA 30332","265 Park Ave W NW, Atlanta, GA 30313",9.28,8.72,1.065,2067
2026-09-26T15:49:49.240995-04:00,"1380 Atlantic Dr NW, Atlanta, GA 30363","3393 Peachtree Rd NE, Atlanta, GA 30326",18.97,19.57,0.969,10265
2026-09-26T15:49:49.789776-04:00,"3393 Peachtree Rd NE, Atlanta, GA 30326","1380 Atlantic Dr NW, Atlanta, GA 30363",22.43,20.9,1.073,8869
2026-09-26T15:49:50.276844-04:00,"1380 Atlantic Dr NW, Atlanta, GA 30363","225 North Ave NW, Atlanta, GA 30332",10.83,10.47,1.035,2985
2026-09-26T15:49:50.751594-04:00,"225 North Ave NW, Atlanta, GA 30332","1380 Atlantic Dr NW, Atlanta, GA 30363",11.05,11.48,0.962,3461
2026-09-26T15:49:51.214208-04:00,"3393 Peachtree Rd NE, Atlanta, GA 30326","225 North Ave NW, Atlanta, GA 30332",25.55,18.23,1.401,12456
2026-09-26T15:49:51.678924-04:00,"225 North Ave NW, Atlanta, GA 30332","3393 Peachtree Rd NE, Atlanta, GA 30326",20.38,17.12,1.191,13740
2026-09-26T15:49:52.270125-04:00,"4400 Ashford Dunwoody Rd, Dunwoody, GA 30346","3393 Peachtree Rd NE, Atlanta, GA 30326",17.97,14.83,1.211,11803
2026-09-26T15:49:52.748142-04:00,"3393 Peachtree Rd NE, Atlanta, GA 30326","4400 Ashford Dunwoody Rd, Dunwoody, GA 30346",16.6,15.77,1.053,11689
2026-09-26T15:49:53.308075-04:00,"101 E Court Square, Decatur, GA 30030","225 North Ave NW, Atlanta, GA 30332",28.58,25.1,1.139,10208
2026-09-26T15:49:53.817785-04:00,"225 North Ave NW, Atlanta, GA 30332","101 E Court Square, Decatur, GA 30030",24.93,23.7,1.052,10272
2026-09-26T15:49:54.349422-04:00,"205 Lawrence St, Marietta, GA 30060","225 North Ave NW, Atlanta, GA 30332",32.53,26.1,1.246,29167
2026-09-26T15:49:54.766491-04:00,"225 North Ave NW, Atlanta, GA 30332","205 Lawrence St, Marietta, GA 30060",27.25,28.52,0.956,27895
2026-09-26T15:49:55.290008-04:00,"1 Galambos Way, Sandy Springs, GA 30328","3393 Peachtree Rd NE, Atlanta, GA 30326",19.32,16.8,1.15,13507
2026-09-26T15:49:55.770574-04:00,"3393 Peachtree Rd NE, Atlanta, GA 30326","1 Galambos Way, Sandy Springs, GA 30328",19.38,17.03,1.138,12587
2026-09-26T15:49:56.342298-04:00,"5485 Chamblee Dunwoody Rd, Dunwoody, GA 30338","3393 Peachtree Rd NE, Atlanta, GA 30326",17.75,16.02,1.108,13634
2026-09-26T15:49:56.802626-04:00,"3393 Peachtree Rd NE, Atlanta, GA 30326","5485 Chamblee Dunwoody Rd, Dunwoody, GA 30338",17.78,17.13,1.038,13651
2026-09-26T15:49:57.344128-04:00,"6400 Sugarloaf Pkwy, Duluth, GA 30097","225 North Ave NW, Atlanta, GA 30332",36.78,31.93,1.152,40710
2026-09-26T15:49:57.848040-04:00,"225 North Ave NW, Atlanta, GA 30332","6400 Sugarloaf Pkwy, Duluth, GA 30097",36.08,32.38,1.114,42805
2026-09-26T15:49:58.410236-04:00,"210 Luckie St, Lawrenceville, GA 30046","225 North Ave NW, Atlanta, GA 30332",45.27,39.97,1.133,48320
2026-09-26T15:49:58.835187-04:00,"225 North Ave NW, Atlanta, GA 30332","210 Luckie St, Lawrenceville, GA 30046",44.43,38.77,1.146,49411
2026-09-26T15:49:59.356380-04:00,"101 E Court Square, Decatur, GA 30030","265 Park Ave W NW, Atlanta, GA 30313",26.33,25.3,1.041,11294
2026-09-26T15:49:59.848180-04:00,"265 Park Ave W NW, Atlanta, GA 30313","101 E Court Square, Decatur, GA 30030",24.87,24.13,1.03,11227
2026-09-26T15:50:00.408146-04:00,"205 Lawrence St, Marietta, GA 30060","265 Park Ave W NW, Atlanta, GA 30313",35.48,26.02,1.364,30558
2026-09-26T15:50:00.866967-04:00,"265 Park Ave W NW, Atlanta, GA 30313","205 Lawrence St, Marietta, GA 30060",29.25,27.73,1.055,29352
2026-09-26T15:55:01.446428-04:00,"6000 N Terminal Pkwy, Atlanta, GA 30320","265 Park Ave W NW, Atlanta, GA 30313",35.08,19.22,1.826,16352
2026-09-26T15:55:01.965051-04:00,"265 Park Ave W NW, Atlanta, GA 30313","6000 N Terminal Pkwy, Atlanta, GA 30320",24.05,22.95,1.048,19742
2026-09-26T15:55:02.416968-04:00,"6000 N Terminal Pkwy, Atlanta, GA 30320","1380 Atlantic Dr NW, Atlanta, GA 30363",39.38,18.35,2.146,20917
2026-09-26T15:55:03.015016-04:00,"1380 Atlantic Dr NW, Atlanta, GA 30363","6000 N Terminal Pkwy, Atlanta, GA 30320",30.33,26.47,1.146,22909
2026-09-26T15:55:03.536501-04:00,"6000 N Terminal Pkwy, Atlanta, GA 30320","3393 Peachtree Rd NE, Atlanta, GA 30326",47.53,25.32,1.878,29954
2026-09-26T15:55:04.067851-04:00,"3393 Peachtree Rd NE, Atlanta, GA 30326","6000 N Terminal Pkwy, Atlanta, GA 30320",42.12,30.67,1.373,32013
2026-09-26T15:55:04.653567-04:00,"6000 N Terminal Pkwy, Atlanta, GA 30320","225 North Ave NW, Atlanta, GA 30332",34.75,27.33,1.271,18020
2026-09-26T15:55:05.148837-04:00,"225 North Ave NW, Atlanta, GA 30332","6000 N Terminal Pkwy, Atlanta, GA 30320",25.48,23.0,1.108,21085
2026-09-26T15:55:05.590495-04:00,"265 Park Ave W NW, Atlanta, GA 30313","1380 Atlantic Dr NW, Atlanta, GA 30363",11.8,10.6,1.113,4925
2026-09-26T15:55:06.163247-04:00,"1380 Atlantic Dr NW, Atlanta, GA 30363","265 Park Ave W NW, Atlanta, GA 30313",16.27,13.75,1.183,5209
2026-09-26T15:55:06.654694-04:00,"265 Park Ave W NW, Atlanta, GA 30313","3393 Peachtree Rd NE, Atlanta, GA 30326",20.23,17.57,1.152,13962
2026-09-26T15:55:07.176393-04:00,"3393 Peachtree Rd NE, Atlanta, GA 30326","265 Park Ave W NW, Atlanta, GA 30313",28.75,18.1,1.588,13831
2026-09-26T15:55:07.716417-04:00,"265 Park Ave W NW, Atlanta, GA 30313","225 North Ave NW, Atlanta, GA 30332",8.07,8.1,0.996,2382
2026-09-26T15:55:08.216191-04:00,"225 North Ave NW, Atlanta, GA 30332","265 Park Ave W NW, Atlanta, GA 30313",9.28,8.72,1.065,2067
2026-09-26T15:55:08.827131-04:00,"1380 Atlantic Dr NW, Atlanta, GA 30363","3393 Peachtree Rd NE, Atlanta, GA 30326",18.67,17.63,1.059,10266
2026-09-26T15:55:09.365200-04:00,"3393 Peachtree Rd NE, Atlanta, GA 30326","1380 Atlantic Dr NW, Atlanta, GA 30363",21.52,13.8,1.559,10713
2026-09-26T15:55:09.865619-04:00,"1380 Atlantic Dr NW, Atlanta, GA 30363","225 North Ave NW, Atlanta, GA 30332",10.9,10.47,1.041,2985
2026-09-26T15:55:10.397486-04:00,"225 North Ave NW, Atlanta, GA 30332","1380 Atlantic Dr NW, Atlanta, GA 30363",11.4,11.48,0.993,3461
2026-09-26T15:55:10.926672-04:00,"3393 Peachtree Rd NE, Atlanta, GA 30326","225 North Ave NW, Atlanta, GA 30332",26.4,18.23,1.448,12456
2026-09-26T15:55:11.418722-04:00,"225 North Ave NW, Atlanta, GA 30332","3393 Peachtree Rd NE, Atlanta, GA 30326",19.88,16.93,1.174,13584
2026-09-26T15:55:11.873747-04:00,"4400 Ashford Dunwoody Rd, Dunwoody, GA 30346","3393 Peachtree Rd NE, Atlanta, GA 30326",18.13,14.83,1.222,11803
2026-09-26T15:55:12.453549-04:00,"3393 Peachtree Rd NE, Atlanta, GA 30326","4400 Ashford Dunwoody Rd, Dunwoody, GA 30346",16.58,15.77,1.052,11689
2026-09-26T15:55:12.905175-04:00,"101 E Court Square, Decatur, GA 30030","225 North Ave NW, Atlanta, GA 30332",27.98,25.77,1.086,10404
2026-09-26T15:55:13.381870-04:00,"225 North Ave NW, Atlanta, GA 30332","101 E Court Square, Decatur, GA 30030",24.95,23.7,1.053,10272
2026-09-26T15:55:14.006770-04:00,"205 Lawrence St, Marietta, GA 30060","225 North Ave NW, Atlanta, GA 30332",33.18,26.1,1.271,29167
2026-09-26T15:55:14.558797-04:00,"225 North Ave NW, Atlanta, GA 30332","205 Lawrence St, Marietta, GA 30060",27.65,27.1,1.02,28974
2026-09-26T15:55:15.083647-04:00,"1 Galambos Way, Sandy Springs, GA 30328","3393 Peachtree Rd NE, Atlanta, GA 30326",19.2,16.8,1.143,13507
2026-09-26T15:55:15.599788-04:00,"3393 Peachtree Rd NE, Atlanta, GA 30326","1 Galambos Way, Sandy Springs, GA 30328",18.7,17.03,1.098,12587
2026-09-26T15:55:16.091624-04:00,"5485 Chamblee Dunwoody Rd, Dunwoody, GA 30338","3393 Peachtree Rd NE, Atlanta, GA 30326",17.87,18.28,0.977,13634
2026-09-26T15:55:16.671695-04:00,"3393 Peachtree Rd NE, Atlanta, GA 30326","5485 Chamblee Dunwoody Rd, Dunwoody, GA 30338",17.8,17.13,1.039,13651
2026-09-26T15:55:17.172226-04:00,"6400 Sugarloaf Pkwy, Duluth, GA 30097","225 North Ave NW, Atlanta, GA 30332",37.53,31.93,1.175,40710
2026-09-26T15:55:17.692615-04:00,"225 North Ave NW, Atlanta, GA 30332","6400 Sugarloaf Pkwy, Duluth, GA 30097",34.82,32.3,1.078,42787
2026-09-26T15:55:18.244886-04:00,"210 Luckie St, Lawrenceville, GA 30046","225 North Ave NW, Atlanta, GA 30332",45.9,39.97,1.148,48320
2026-09-26T15:55:18.822124-04:00,"225 North Ave NW, Atlanta, GA 30332","210 Luckie St, Lawrenceville, GA 30046",43.08,39.07,1.103,52042
2026-09-26T15:55:19.392284-04:00,"101 E Court Square, Decatur, GA 30030","265 Park Ave W NW, Atlanta, GA 30313",26.85,25.3,1.061,11294
2026-09-26T15:55:19.943714-04:00,"265 Park Ave W NW, Atlanta, GA 30313","101 E Court Square, Decatur, GA 30030",24.2,24.42,0.991,11227
2026-09-26T15:55:20.511976-04:00,"205 Lawrence St, Marietta, GA 30060","265 Park Ave W NW, Atlanta, GA 30313",35.58,26.02,1.368,30558
2026-09-26T15:55:21.050253-04:00,"265 Park Ave W NW, Atlanta, GA 30313","205 Lawrence St, Marietta, GA 30060",28.0,27.73,1.01,29352
2026-09-26T16:00:21.572043-04:00,"6000 N Terminal Pkwy, Atlanta, GA 30320","265 Park Ave W NW, Atlanta, GA 30313",30.17,25.17,1.199,17983
2026-09-26T16:00:22.037983-04:00,"265 Park Ave W NW, Atlanta, GA 30313","6000 N Terminal Pkwy, Atlanta, GA 30320",24.52,22.33,1.098,20499
2026-09-26T16:00:22.527862-04:00,"6000 N Terminal Pkwy, Atlanta, GA 30320","1380 Atlantic Dr NW, Atlanta, GA 30363",36.7,18.33,2.002,20958
2026-09-26T16:00:23.051720-04:00,"1380 Atlantic Dr NW, Atlanta, GA 30363","6000 N Terminal Pkwy, Atlanta, GA 30320",31.95,24.75,1.291,22561
2026-09-26T16:00:23.552516-04:00,"6000 N Terminal Pkwy, Atlanta, GA 30320","3393 Peachtree Rd NE, Atlanta, GA 30326",44.83,25.3,1.772,29995
2026-09-26T16:00:24.006593-04:00,"3393 Peachtree Rd NE, Atlanta, GA 30326","6000 N Terminal Pkwy, Atlanta, GA 30320",42.68,30.67,1.392,32013
2026-09-26T16:00:24.543787-04:00,"6000 N Terminal Pkwy, Atlanta, GA 30320","225 North Ave NW, Atlanta, GA 30332",34.2,27.33,1.251,18020
2026-09-26T16:00:25.029225-04:00,"225 North Ave NW, Atlanta, GA 30332","6000 N Terminal Pkwy, Atlanta, GA 30320",26.33,23.0,1.145,21085
2026-09-26T16:00:25.514934-04:00,"265 Park Ave W NW, Atlanta, GA 30313","1380 Atlantic Dr NW, Atlanta, GA 30363",11.55,10.6,1.09,4925
2026-09-26T16:00:26.014678-04:00,"1380 Atlantic Dr NW, Atlanta, GA 30363","265 Park Ave W NW, Atlanta, GA 30313",16.45,13.75,1.196,5209
2026-09-26T16:00:26.589034-04:00,"265 Park Ave W NW, Atlanta, GA 30313","3393 Peachtree Rd NE, Atlanta, GA 30326",19.95,17.67,1.129,14099
2026-09-26T16:00:27.097180-04:00,"3393 Peachtree Rd NE, Atlanta, GA 30326","265 Park Ave W NW, Atlanta, GA 30313",29.43,18.1,1.626,13831
2026-09-26T16:00:27.586622-04:00,"265 Park Ave W NW, Atlanta, GA 30313","225 North Ave NW, Atlanta, GA 30332",8.7,8.1,1.074,2382
2026-09-26T16:00:28.081318-04:00,"225 North Ave NW, Atlanta, GA 30332","265 Park Ave W NW, Atlanta, GA 30313",9.48,9.9,0.958,2066
2026-09-26T16:00:28.571094-04:00,"1380 Atlantic Dr NW, Atlanta, GA 30363","3393 Peachtree Rd NE, Atlanta, GA 30326",18.77,17.63,1.064,10266
2026-09-26T16:00:29.097144-04:00,"3393 Peachtree Rd NE, Atlanta, GA 30326","1380 Atlantic Dr NW, Atlanta, GA 30363",21.93,20.9,1.049,8869
2026-09-26T16:00:29.574864-04:00,"1380 Atlantic Dr NW, Atlanta, GA 30363","225 North Ave NW, Atlanta, GA 30332",10.9,10.47,1.041,2985
2026-09-26T16:00:30.124111-04:00,"225 North Ave NW, Atlanta, GA 30332","1380 Atlantic Dr NW, Atlanta, GA 30363",11.2,11.48,0.975,3461
2026-09-26T16:00:30.675883-04:00,"3393 Peachtree Rd NE, Atlanta, GA 30326","225 North Ave NW, Atlanta, GA 30332",26.3,18.23,1.442,12456
2026-09-26T16:00:31.186470-04:00,"225 North Ave NW, Atlanta, GA 30332","3393 Peachtree Rd NE, Atlanta, GA 30326",20.13,17.05,1.181,13722
2026-09-26T16:00:31.673603-04:00,"4400 Ashford Dunwoody Rd, Dunwoody, GA 30346","3393 Peachtree Rd NE, Atlanta, GA 30326",17.75,14.95,1.187,11941
2026-09-26T16:00:32.181590-04:00,"3393 Peachtree Rd NE, Atlanta, GA 30326","4400 Ashford Dunwoody Rd, Dunwoody, GA 30346",16.35,17.07,0.958,11688
2026-09-26T16:00:32.701799-04:00,"101 E Court Square, Decatur, GA 30030","225 North Ave NW, Atlanta, GA 30332",28.67,25.77,1.113,10404
2026-09-26T16:00:33.213379-04:00,"225 North Ave NW, Atlanta, GA 30332","101 E Court Square, Decatur, GA 30030",25.3,25.97,0.974,10272
2026-09-26T16:00:33.839065-04:00,"205 Lawrence St, Marietta, GA 30060","225 North Ave NW, Atlanta, GA 30332",31.92,26.1,1.223,29167
2026-09-26T16:00:34.380037-04:00,"225 North Ave NW, Atlanta, GA 30332","205 Lawrence St, Marietta, GA 30060",27.85,28.52,0.977,27895
2026-09-26T16:00:34.885418-04:00,"1 Galambos Way, Sandy Springs, GA 30328","3393 Peachtree Rd NE, Atlanta, GA 30326",20.58,16.9,1.218,13644
2026-09-26T16:00:35.374019-04:00,"3393 Peachtree Rd NE, Atlanta, GA 30326","1 Galambos Way, Sandy Springs, GA 30328",18.92,18.83,1.004,13941
2026-09-26T16:00:35.917208-04:00,"5485 Chamblee Dunwoody Rd, Dunwoody, GA 30338","3393 Peachtree Rd NE, Atlanta, GA 30326",18.05,16.12,1.12,13772
2026-09-26T16:00:36.403094-04:00,"3393 Peachtree Rd NE, Atlanta, GA 30326","5485 Chamblee Dunwoody Rd, Dunwoody, GA 30338",17.55,17.13,1.024,13651
2026-09-26T16:00:36.956873-04:00,"6400 Sugarloaf Pkwy, Duluth, GA 30097","225 North Ave NW, Atlanta, GA 30332",36.88,31.93,1.155,40710
2026-09-26T16:00:37.568983-04:00,"225 North Ave NW, Atlanta, GA 30332","6400 Sugarloaf Pkwy, Duluth, GA 30097",35.42,32.3,1.096,42787
2026-09-26T16:00:38.128800-04:00,"210 Luckie St, Lawrenceville, GA 30046","225 North Ave NW, Atlanta, GA 30332",45.42,39.97,1.136,48320
2026-09-26T16:00:38.587318-04:00,"225 North Ave NW, Atlanta, GA 30332","210 Luckie St, Lawrenceville, GA 30046",43.53,39.07,1.114,52042
2026-09-26T16:00:39.091730-04:00,"101 E Court Square, Decatur, GA 30030","265 Park Ave W NW, Atlanta, GA 30313",27.25,26.05,1.046,11177
2026-09-26T16:00:39.635973-04:00,"265 Park Ave W NW, Atlanta, GA 30313","101 E Court Square, Decatur, GA 30030",25.3,24.13,1.048,11227
2026-09-26T16:00:40.180938-04:00,"205 Lawrence St, Marietta, GA 30060","265 Park Ave W NW, Atlanta, GA 30313",34.88,26.02,1.341,30558
2026-09-26T16:00:40.638779-04:00,"265 Park Ave W NW, Atlanta, GA 30313","205 Lawrence St, Marietta, GA 30060",28.33,27.73,1.022,29352
2026-09-26T16:05:41.234165-04:00,"6000 N Terminal Pkwy, Atlanta, GA 30320","265 Park Ave W NW, Atlanta, GA 30313",32.03,25.52,1.255,16309
2026-09-26T16:05:41.695791-04:00,"265 Park Ave W NW, Atlanta, GA 30313","6000 N Terminal Pkwy, Atlanta, GA 30320",23.88,22.95,1.041,19742
2026-09-26T16:05:42.225851-04:00,"6000 N Terminal Pkwy, Atlanta, GA 30320","1380 Atlantic Dr NW, Atlanta, GA 30363",36.98,18.33,2.017,20958
2026-09-26T16:05:42.752052-04:00,"1380 Atlantic Dr NW, Atlanta, GA 30363","6000 N Terminal Pkwy, Atlanta, GA 30320",32.38,24.75,1.308,22561
2026-09-26T16:05:43.348152-04:00,"6000 N Terminal Pkwy, Atlanta, GA 30320","3393 Peachtree Rd NE, Atlanta, GA 30326",44.98,25.3,1.778,29995
2026-09-26T16:05:43.864978-04:00,"3393 Peachtree Rd NE, Atlanta, GA 30326","6000 N Terminal Pkwy, Atlanta, GA 30320",41.78,30.67,1.363,32013
2026-09-26T16:05:44.443197-04:00,"6000 N Terminal Pkwy, Atlanta, GA 30320","225 North Ave NW, Atlanta, GA 30332",35.13,27.33,1.285,18020
2026-09-26T16:05:44.974446-04:00,"225 North Ave NW, Atlanta, GA 30332","6000 N Terminal Pkwy, Atlanta, GA 30320",25.63,22.77,1.126,21070
2026-09-26T16:05:45.443796-04:00,"265 Park Ave W NW, Atlanta, GA 30313","1380 Atlantic Dr NW, Atlanta, GA 30363",11.62,10.6,1.096,4925
2026-09-26T16:05:45.922988-04:00,"1380 Atlantic Dr NW, Atlanta, GA 30363","265 Park Ave W NW, Atlanta, GA 30313",16.38,13.37,1.226,5127
2026-09-26T16:05:46.403882-04:00,"265 Park Ave W NW, Atlanta, GA 30313","3393 Peachtree Rd NE, Atlanta, GA 30326",19.83,17.57,1.129,13962
2026-09-26T16:05:46.917348-04:00,"3393 Peachtree Rd NE, Atlanta, GA 30326","265 Park Ave W NW, Atlanta, GA 30313",28.93,18.1,1.599,13831
2026-09-26T16:05:47.399523-04:00,"265 Park Ave W NW, Atlanta, GA 30313","225 North Ave NW, Atlanta, GA 30332",8.9,8.1,1.099,2382
2026-09-26T16:05:47.820760-04:00,"225 North Ave NW, Atlanta, GA 30332","265 Park Ave W NW, Atlanta, GA 30313",9.22,8.72,1.057,2067
2026-09-26T16:05:48.319300-04:00,"1380 Atlantic Dr NW, Atlanta, GA 30363","3393 Peachtree Rd NE, Atlanta, GA 30326",18.88,17.63,1.071,10266
2026-09-26T16:05:48.817127-04:00,"3393 Peachtree Rd NE, Atlanta, GA 30326","1380 Atlantic Dr NW, Atlanta, GA 30363",22.3,23.15,0.963,8869
2026-09-26T16:05:49.339039-04:00,"1380 Atlantic Dr NW, Atlanta, GA 30363","225 North Ave NW, Atlanta, GA 30332",11.02,10.47,1.053,2985
2026-09-26T16:05:49.878618-04:00,"225 North Ave NW, Atlanta, GA 30332","1380 Atlantic Dr NW, Atlanta, GA 30363",10.97,11.48,0.955,3461
2026-09-26T16:05:50.348377-04:00,"3393 Peachtree Rd NE, Atlanta, GA 30326","225 North Ave NW, Atlanta, GA 30332",26.35,18.23,1.445,12456
2026-09-26T16:05:50.794100-04:00,"225 North Ave NW, Atlanta, GA 30332","3393 Peachtree Rd NE, Atlanta, GA 30326",20.07,16.78,1.196,13587
2026-09-26T16:05:51.267957-04:00,"4400 Ashford Dunwoody Rd, Dunwoody, GA 30346","3393 Peachtree Rd NE, Atlanta, GA 30326",17.43,14.83,1.175,11803
2026-09-26T16:05:51.726284-04:00,"3393 Peachtree Rd NE, Atlanta, GA 30326","4400 Ashford Dunwoody Rd, Dunwoody, GA 30346",16.32,15.77,1.035,11689
2026-09-26T16:05:52.333613-04:00,"101 E Court Square, Decatur, GA 30030","225 North Ave NW, Atlanta, GA 30332",28.3,25.1,1.127,10208
2026-09-26T16:05:52.751850-04:00,"225 North Ave NW, Atlanta, GA 30332","101 E Court Square, Decatur, GA 30030",24.95,23.47,1.063,10257
2026-09-26T16:05:53.285805-04:00,"205 Lawrence St, Marietta, GA 30060","225 North Ave NW, Atlanta, GA 30332",32.28,26.1,1.237,29167
2026-09-26T16:05:53.746969-04:00,"225 North Ave NW, Atlanta, GA 30332","205 Lawrence St, Marietta, GA 30060",27.6,28.52,0.968,27895
2026-09-26T16:05:54.262312-04:00,"1 Galambos Way, Sandy Springs, GA 30328","3393 Peachtree Rd NE, Atlanta, GA 30326",20.0,16.8,1.19,13507
2026-09-26T16:05:54.786907-04:00,"3393 Peachtree Rd NE, Atlanta, GA 30326","1 Galambos Way, Sandy Springs, GA 30328",18.78,18.83,0.997,13941
2026-09-26T16:05:55.313121-04:00,"5485 Chamblee Dunwoody Rd, Dunwoody, GA 30338","3393 Peachtree Rd NE, Atlanta, GA 30326",17.6,16.02,1.099,13634
2026-09-26T16:05:55.813917-04:00,"3393 Peachtree Rd NE, Atlanta, GA 30326","5485 Chamblee Dunwoody Rd, Dunwoody, GA 30338",17.43,17.13,1.018,13651
2026-09-26T16:05:56.353815-04:00,"6400 Sugarloaf Pkwy, Duluth, GA 30097","225 North Ave NW, Atlanta, GA 30332",37.18,31.93,1.164,40710
2026-09-26T16:05:56.807705-04:00,"225 North Ave NW, Atlanta, GA 30332","6400 Sugarloaf Pkwy, Duluth, GA 30097",35.1,32.15,1.092,42790
2026-09-26T16:05:57.357247-04:00,"210 Luckie St, Lawrenceville, GA 30046","225 North Ave NW, Atlanta, GA 30332",46.27,39.97,1.158,48320
2026-09-26T16:05:57.850612-04:00,"225 North Ave NW, Atlanta, GA 30332","210 Luckie St, Lawrenceville, GA 30046",42.58,38.92,1.094,52044
2026-09-26T16:05:58.319149-04:00,"101 E Court Square, Decatur, GA 30030","265 Park Ave W NW, Atlanta, GA 30313",26.72,26.05,1.026,11177
2026-09-26T16:05:58.802695-04:00,"265 Park Ave W NW, Atlanta, GA 30313","101 E Court Square, Decatur, GA 30030",24.42,24.2,1.009,11439
2026-09-26T16:05:59.320419-04:00,"205 Lawrence St, Marietta, GA 30060","265 Park Ave W NW, Atlanta, GA 30313",34.7,26.02,1.334,30558
2026-09-26T16:05:59.893868-04:00,"265 Park Ave W NW, Atlanta, GA 30313","205 Lawrence St, Marietta, GA 30060",28.33,27.73,1.022,29352
2026-09-26T16:11:00.427622-04:00,"6000 N Terminal Pkwy, Atlanta, GA 30320","265 Park Ave W NW, Atlanta, GA 30313",30.53,19.2,1.59,16393
2026-09-26T16:11:00.952117-04:00,"265 Park Ave W NW, Atlanta, GA 30313","6000 N Terminal Pkwy, Atlanta, GA 30320",23.8,22.95,1.037,19742
2026-09-26T16:11:01.479815-04:00,"6000 N Terminal Pkwy, Atlanta, GA 30320","1380 Atlantic Dr NW, Atlanta, GA 30363",34.4,18.33,1.876,20958
2026-09-26T16:11:01.939984-04:00,"1380 Atlantic Dr NW, Atlanta, GA 30363","6000 N Terminal Pkwy, Atlanta, GA 30320",30.92,26.47,1.168,22909
2026-09-26T16:11:02.412296-04:00,"6000 N Terminal Pkwy, Atlanta, GA 30320","3393 Peachtree Rd NE, Atlanta, GA 30326",42.12,25.3,1.665,29995
2026-09-26T16:11:02.971153-04:00,"3393 Peachtree Rd NE, Atlanta, GA 30326","6000 N Terminal Pkwy, Atlanta, GA 30320",41.68,32.82,1.27,30918
2026-09-26T16:11:03.474589-04:00,"6000 N Terminal Pkwy, Atlanta, GA 30320","225 North Ave NW, Atlanta, GA 30332",35.1,19.62,1.789,18967
2026-09-26T16:11:03.978974-04:00,"225 North Ave NW, Atlanta, GA 30332","6000 N Terminal Pkwy, Atlanta, GA 30320",25.98,22.77,1.141,21070
2026-09-26T16:11:04.441644-04:00,"265 Park Ave W NW, Atlanta, GA 30313","1380 Atlantic Dr NW, Atlanta, GA 30363",11.6,10.6,1.094,4925
2026-09-26T16:11:04.925526-04:00,"1380 Atlantic Dr NW, Atlanta, GA 30363","265 Park Ave W NW, Atlanta, GA 30313",15.75,13.37,1.178,5127
2026-09-26T16:11:05.459845-04:00,"265 Park Ave W NW, Atlanta, GA 30313","3393 Peachtree Rd NE, Atlanta, GA 30326",19.43,17.57,1.106,13962
2026-09-26T16:11:06.000996-04:00,"3393 Peachtree Rd NE, Atlanta, GA 30326","265 Park Ave W NW, Atlanta, GA 30313",28.97,20.25,1.43,12735
2026-09-26T16:11:06.494036-04:00,"265 Park Ave W NW, Atlanta, GA 30313","225 North Ave NW, Atlanta, GA 30332",8.95,8.1,1.105,2382
2026-09-26T16:11:07.036011-04:00,"225 North Ave NW, Atlanta, GA 30332","265 Park Ave W NW, Atlanta, GA 30313",9.23,8.72,1.059,2067
2026-09-26T16:11:07.558904-04:00,"1380 Atlantic Dr NW, Atlanta, GA 30363","3393 Peachtree Rd NE, Atlanta, GA 30326",19.05,17.63,1.08,10266
2026-09-26T16:11:08.071419-04:00,"3393 Peachtree Rd NE, Atlanta, GA 30326","1380 Atlantic Dr NW, Atlanta, GA 30363",21.92,17.4,1.26,10074
2026-09-26T16:11:08.518924-04:00,"1380 Atlantic Dr NW, Atlanta, GA 30363","225 North Ave NW, Atlanta, GA 30332",10.77,10.47,1.029,2985
2026-09-26T16:11:09.049702-04:00,"225 North Ave NW, Atlanta, GA 30332","1380 Atlantic Dr NW, Atlanta, GA 30363",11.02,11.48,0.959,3461
2026-09-26T16:11:09.534533-04:00,"3393 Peachtree Rd NE, Atlanta, GA 30326","225 North Ave NW, Atlanta, GA 30332",27.48,22.85,1.203,11786
2026-09-26T16:11:09.994324-04:00,"225 North Ave NW, Atlanta, GA 30332","3393 Peachtree Rd NE, Atlanta, GA 30326",19.58,16.7,1.173,13569
2026-09-26T16:11:10.550219-04:00,"4400 Ashford Dunwoody Rd, Dunwoody, GA 30346","3393 Peachtree Rd NE, Atlanta, GA 30326",17.22,14.83,1.161,11803
2026-09-26T16:11:11.053959-04:00,"3393 Peachtree Rd NE, Atlanta, GA 30326","4400 Ashford Dunwoody Rd, Dunwoody, GA 30346",16.77,15.77,1.063,11689
2026-09-26T16:11:11.614234-04:00,"101 E Court Square, Decatur, GA 30030","225 North Ave NW, Atlanta, GA 30332",28.28,25.1,1.127,10208
2026-09-26T16:11:12.071042-04:00,"225 North Ave NW, Atlanta, GA 30332","101 E Court Square, Decatur, GA 30030",25.52,23.7,1.077,10272
2026-09-26T16:11:12.587140-04:00,"205 Lawrence St, Marietta, GA 30060","225 North Ave NW, Atlanta, GA 30332",31.53,26.1,1.208,29167
2026-09-26T16:11:13.129841-04:00,"225 North Ave NW, Atlanta, GA 30332","205 Lawrence St, Marietta, GA 30060",27.68,28.52,0.971,27895
2026-09-26T16:11:13.641394-04:00,"1 Galambos Way, Sandy Springs, GA 30328","3393 Peachtree Rd NE, Atlanta, GA 30326",19.48,16.8,1.16,13507
2026-09-26T16:11:14.137291-04:00,"3393 Peachtree Rd NE, Atlanta, GA 30326","1 Galambos Way, Sandy Springs, GA 30328",18.95,18.83,1.006,13941
2026-09-26T16:11:14.630712-04:00,"5485 Chamblee Dunwoody Rd, Dunwoody, GA 30338","3393 Peachtree Rd NE, Atlanta, GA 30326",17.27,16.02,1.078,13634
2026-09-26T16:11:15.108620-04:00,"3393 Peachtree Rd NE, Atlanta, GA 30326","5485 Chamblee Dunwoody Rd, Dunwoody, GA 30338",17.58,17.13,1.026,13651
2026-09-26T16:11:15.592831-04:00,"6400 Sugarloaf Pkwy, Duluth, GA 30097","225 North Ave NW, Atlanta, GA 30332",38.43,31.93,1.204,40710
2026-09-26T16:11:16.109906-04:00,"225 North Ave NW, Atlanta, GA 30332","6400 Sugarloaf Pkwy, Duluth, GA 30097",35.83,32.3,1.109,42787
2026-09-26T16:11:16.633833-04:00,"210 Luckie St, Lawrenceville, GA 30046","225 North Ave NW, Atlanta, GA 30332",47.27,39.0,1.212,48921
2026-09-26T16:11:17.108794-04:00,"225 North Ave NW, Atlanta, GA 30332","210 Luckie St, Lawrenceville, GA 30046",43.92,39.38,1.115,49734
2026-09-26T16:11:17.671100-04:00,"101 E Court Square, Decatur, GA 30030","265 Park Ave W NW, Atlanta, GA 30313",26.95,25.3,1.065,11294
2026-09-26T16:11:18.155441-04:00,"265 Park Ave W NW, Atlanta, GA 30313","101 E Court Square, Decatur, GA 30030",24.5,24.2,1.012,11439
2026-09-26T16:11:18.660274-04:00,"205 Lawrence St, Marietta, GA 30060","265 Park Ave W NW, Atlanta, GA 30313",33.97,26.02,1.306,30558
2026-09-26T16:11:19.121498-04:00,"265 Park Ave W NW, Atlanta, GA 30313","205 Lawrence St, Marietta, GA 30060",28.73,27.73,1.036,29352
2026-09-26T16:16:19.783888-04:00,"6000 N Terminal Pkwy, Atlanta, GA 30320","265 Park Ave W NW, Atlanta, GA 30313",32.38,19.2,1.687,16393
2026-09-26T16:16:20.375811-04:00,"265 Park Ave W NW, Atlanta, GA 30313","6000 N Terminal Pkwy, Atlanta, GA 30320",23.65,22.95,1.031,19742
2026-09-26T16:16:21.015252-04:00,"6000 N Terminal Pkwy, Atlanta, GA 30320","1380 Atlantic Dr NW, Atlanta, GA 30363",36.05,18.33,1.966,20958
2026-09-26T16:16:21.611016-04:00,"1380 Atlantic Dr NW, Atlanta, GA 30363","6000 N Terminal Pkwy, Atlanta, GA 30320",30.32,26.47,1.145,22909
2026-09-26T16:16:22.201945-04:00,"6000 N Terminal Pkwy, Atlanta, GA 30320","3393 Peachtree Rd NE, Atlanta, GA 30326",43.75,25.3,1.729,29995
2026-09-26T16:16:22.754363-04:00,"3393 Peachtree Rd NE, Atlanta, GA 30326","6000 N Terminal Pkwy, Atlanta, GA 30320",42.0,32.82,1.28,30918
2026-09-26T16:16:23.278017-04:00,"6000 N Terminal Pkwy, Atlanta, GA 30320","225 North Ave NW, Atlanta, GA 30332",37.03,20.08,1.844,19678
2026-09-26T16:16:23.767935-04:00,"225 North Ave NW, Atlanta, GA 30332","6000 N Terminal Pkwy, Atlanta, GA 30320",26.85,22.77,1.179,21070
2026-09-26T16:16:24.259416-04:00,"265 Park Ave W NW, Atlanta, GA 30313","1380 Atlantic Dr NW, Atlanta, GA 30363",11.93,10.6,1.126,4925
2026-09-26T16:16:24.670531-04:00,"1380 Atlantic Dr NW, Atlanta, GA 30363","265 Park Ave W NW, Atlanta, GA 30313",15.82,13.75,1.15,5209
2026-09-26T16:16:25.170707-04:00,"265 Park Ave W NW, Atlanta, GA 30313","3393 Peachtree Rd NE, Atlanta, GA 30326",19.83,20.97,0.946,13961
2026-09-26T16:16:25.698127-04:00,"3393 Peachtree Rd NE, Atlanta, GA 30326","265 Park Ave W NW, Atlanta, GA 30313",28.88,20.25,1.426,12735
2026-09-26T16:16:26.202085-04:00,"265 Park Ave W NW, Atlanta, GA 30313","225 North Ave NW, Atlanta, GA 30332",8.3,8.1,1.025,2382
2026-09-26T16:16:26.700720-04:00,"225 North Ave NW, Atlanta, GA 30332","265 Park Ave W NW, Atlanta, GA 30313",9.6,8.72,1.101,2067
2026-09-26T16:16:27.180986-04:00,"1380 Atlantic Dr NW, Atlanta, GA 30363","3393 Peachtree Rd NE, Atlanta, GA 30326",18.97,17.58,1.079,10266
2026-09-26T16:16:27.817637-04:00,"3393 Peachtree Rd NE, Atlanta, GA 30326","1380 Atlantic Dr NW, Atlanta, GA 30363",20.87,17.4,1.199,10074
2026-09-26T16:16:28.296790-04:00,"1380 Atlantic Dr NW, Atlanta, GA 30363","225 North Ave NW, Atlanta, GA 30332",10.87,10.4,1.045,2986
2026-09-26T16:16:28.756634-04:00,"225 North Ave NW, Atlanta, GA 30332","1380 Atlantic Dr NW, Atlanta, GA 30363",10.85,11.48,0.945,3461
2026-09-26T16:16:29.237074-04:00,"3393 Peachtree Rd NE, Atlanta, GA 30326","225 North Ave NW, Atlanta, GA 30332",26.33,20.38,1.292,11360
2026-09-26T16:16:29.772176-04:00,"225 North Ave NW, Atlanta, GA 30332","3393 Peachtree Rd NE, Atlanta, GA 30326",20.33,16.78,1.212,13587
2026-09-26T16:16:30.297000-04:00,"4400 Ashford Dunwoody Rd, Dunwoody, GA 30346","3393 Peachtree Rd NE, Atlanta, GA 30326",17.3,14.83,1.166,11803
2026-09-26T16:16:30.746592-04:00,"3393 Peachtree Rd NE, Atlanta, GA 30326","4400 Ashford Dunwoody Rd, Dunwoody, GA 30346",16.73,15.77,1.061,11689
2026-09-26T16:16:31.356903-04:00,"101 E Court Square, Decatur, GA 30030","225 North Ave NW, Atlanta, GA 30332",28.32,25.1,1.128,10208
2026-09-26T16:16:31.881817-04:00,"225 North Ave NW, Atlanta, GA 30332","101 E Court Square, Decatur, GA 30030",25.0,23.47,1.065,10257
2026-09-26T16:16:32.443726-04:00,"205 Lawrence St, Marietta, GA 30060","225 North Ave NW, Atlanta, GA 30332",31.17,26.1,1.194,29167
2026-09-26T16:16:33.057592-04:00,"225 North Ave NW, Atlanta, GA 30332","205 Lawrence St, Marietta, GA 30060",28.78,28.52,1.009,27895
2026-09-26T16:16:34.541904-04:00,"1 Galambos Way, Sandy Springs, GA 30328","3393 Peachtree Rd NE, Atlanta, GA 30326",18.9,16.8,1.125,13507
2026-09-26T16:16:35.043016-04:00,"3393 Peachtree Rd NE, Atlanta, GA 30326","1 Galambos Way, Sandy Springs, GA 30328",19.23,20.0,0.962,13941
2026-09-26T16:16:35.512060-04:00,"5485 Chamblee Dunwoody Rd, Dunwoody, GA 30338","3393 Peachtree Rd NE, Atlanta, GA 30326",17.23,16.02,1.076,13634
2026-09-26T16:16:35.961473-04:00,"3393 Peachtree Rd NE, Atlanta, GA 30326","5485 Chamblee Dunwoody Rd, Dunwoody, GA 30338",17.87,17.13,1.043,13651
2026-09-26T16:16:36.422084-04:00,"6400 Sugarloaf Pkwy, Duluth, GA 30097","225 North Ave NW, Atlanta, GA 30332",38.12,31.93,1.194,40710
2026-09-26T16:16:36.957094-04:00,"225 North Ave NW, Atlanta, GA 30332","6400 Sugarloaf Pkwy, Duluth, GA 30097",35.88,32.15,1.116,42790
2026-09-26T16:16:37.470476-04:00,"210 Luckie St, Lawrenceville, GA 30046","225 North Ave NW, Atlanta, GA 30332",46.98,40.1,1.172,48311
2026-09-26T16:16:37.962720-04:00,"225 North Ave NW, Atlanta, GA 30332","210 Luckie St, Lawrenceville, GA 30046",43.48,39.23,1.108,49737
2026-09-26T16:16:38.455636-04:00,"101 E Court Square, Decatur, GA 30030","265 Park Ave W NW, Atlanta, GA 30313",26.5,25.3,1.047,11294
2026-09-26T16:16:38.998232-04:00,"265 Park Ave W NW, Atlanta, GA 30313","101 E Court Square, Decatur, GA 30030",23.95,24.2,0.99,11439
2026-09-26T16:16:39.468978-04:00,"205 Lawrence St, Marietta, GA 30060","265 Park Ave W NW, Atlanta, GA 30313",33.47,26.02,1.286,30558
2026-09-26T16:16:39.935756-04:00,"265 Park Ave W NW, Atlanta, GA 30313","205 Lawrence St, Marietta, GA 30060",29.63,27.73,1.069,29352
2026-09-26T16:21:40.463875-04:00,"6000 N Terminal Pkwy, Atlanta, GA 30320","265 Park Ave W NW, Atlanta, GA 30313",32.72,28.82,1.135,16296
2026-09-26T16:21:40.913497-04:00,"265 Park Ave W NW, Atlanta, GA 30313","6000 N Terminal Pkwy, Atlanta, GA 30320",23.8,24.75,0.962,19742
2026-09-26T16:21:41.460065-04:00,"6000 N Terminal Pkwy, Atlanta, GA 30320","1380 Atlantic Dr NW, Atlanta, GA 30363",41.58,18.35,2.266,20917
2026-09-26T16:21:41.983464-04:00,"1380 Atlantic Dr NW, Atlanta, GA 30363","6000 N Terminal Pkwy, Atlanta, GA 30320",29.85,26.47,1.128,22909
2026-09-26T16:21:42.563808-04:00,"6000 N Terminal Pkwy, Atlanta, GA 30320","3393 Peachtree Rd NE, Atlanta, GA 30326",49.32,25.32,1.948,29954
2026-09-26T16:21:43.056477-04:00,"3393 Peachtree Rd NE, Atlanta, GA 30326","6000 N Terminal Pkwy, Atlanta, GA 30320",40.03,42.27,0.947,30918
2026-09-26T16:21:43.637391-04:00,"6000 N Terminal Pkwy, Atlanta, GA 30320","225 North Ave NW, Atlanta, GA 30332",36.52,31.63,1.154,18522
2026-09-26T16:21:44.137325-04:00,"225 North Ave NW, Atlanta, GA 30332","6000 N Terminal Pkwy, Atlanta, GA 30320",26.75,23.0,1.163,21085
2026-09-26T16:21:44.606112-04:00,"265 Park Ave W NW, Atlanta, GA 30313","1380 Atlantic Dr NW, Atlanta, GA 30363",12.53,10.6,1.182,4925
2026-09-26T16:21:45.294041-04:00,"1380 Atlantic Dr NW, Atlanta, GA 30363","265 Park Ave W NW, Atlanta, GA 30313",15.78,13.75,1.148,5209
2026-09-26T16:21:46.050170-04:00,"265 Park Ave W NW, Atlanta, GA 30313","3393 Peachtree Rd NE, Atlanta, GA 30326",20.23,17.57,1.152,13962
2026-09-26T16:21:46.641714-04:00,"3393 Peachtree Rd NE, Atlanta, GA 30326","265 Park Ave W NW, Atlanta, GA 30313",27.23,20.25,1.345,12735
2026-09-26T16:21:47.199088-04:00,"265 Park Ave W NW, Atlanta, GA 30313","225 North Ave NW, Atlanta, GA 30332",8.13,8.1,1.004,2382
2026-09-26T16:21:47.636287-04:00,"225 North Ave NW, Atlanta, GA 30332","265 Park Ave W NW, Atlanta, GA 30313",9.52,8.72,1.092,2067
2026-09-26T16:21:48.098819-04:00,"1380 Atlantic Dr NW, Atlanta, GA 30363","3393 Peachtree Rd NE, Atlanta, GA 30326",18.87,17.58,1.073,10266
2026-09-26T16:21:48.646244-04:00,"3393 Peachtree Rd NE, Atlanta, GA 30326","1380 Atlantic Dr NW, Atlanta, GA 30363",20.07,17.4,1.153,10074
2026-09-26T16:21:49.144280-04:00,"1380 Atlantic Dr NW, Atlanta, GA 30363","225 North Ave NW, Atlanta, GA 30332",10.75,10.4,1.034,2986
2026-09-26T16:21:49.594805-04:00,"225 North Ave NW, Atlanta, GA 30332","1380 Atlantic Dr NW, Atlanta, GA 30363",10.93,11.48,0.952,3461
2026-09-26T16:21:50.053302-04:00,"3393 Peachtree Rd NE, Atlanta, GA 30326","225 North Ave NW, Atlanta, GA 30332",25.05,20.38,1.229,11360
2026-09-26T16:21:50.525832-04:00,"225 North Ave NW, Atlanta, GA 30332","3393 Peachtree Rd NE, Atlanta, GA 30326",19.7,16.93,1.163,13584
2026-09-26T16:21:51.113073-04:00,"4400 Ashford Dunwoody Rd, Dunwoody, GA 30346","3393 Peachtree Rd NE, Atlanta, GA 30326",16.87,14.83,1.137,11803
2026-09-26T16:21:51.554886-04:00,"3393 Peachtree Rd NE, Atlanta, GA 30326","4400 Ashford Dunwoody Rd, Dunwoody, GA 30346",16.42,15.77,1.041,11689
2026-09-26T16:21:52.136100-04:00,"101 E Court Square, Decatur, GA 30030","225 North Ave NW, Atlanta, GA 30332",29.33,25.1,1.169,10208
2026-09-26T16:21:52.677717-04:00,"225 North Ave NW, Atlanta, GA 30332","101 E Court Square, Decatur, GA 30030",24.73,23.7,1.044,10272
2026-09-26T16:21:53.256976-04:00,"205 Lawrence St, Marietta, GA 30060","225 North Ave NW, Atlanta, GA 30332",31.23,26.1,1.197,29167
2026-09-26T16:21:53.718325-04:00,"225 North Ave NW, Atlanta, GA 30332","205 Lawrence St, Marietta, GA 30060",28.22,28.52,0.989,27895
2026-09-26T16:21:54.243049-04:00,"1 Galambos Way, Sandy Springs, GA 30328","3393 Peachtree Rd NE, Atlanta, GA 30326",19.18,16.8,1.142,13507
2026-09-26T16:21:54.780012-04:00,"3393 Peachtree Rd NE, Atlanta, GA 30326","1 Galambos Way, Sandy Springs, GA 30328",18.97,17.03,1.114,12587
2026-09-26T16:21:55.294471-04:00,"5485 Chamblee Dunwoody Rd, Dunwoody, GA 30338","3393 Peachtree Rd NE, Atlanta, GA 30326",17.12,16.02,1.069,13634
2026-09-26T16:21:55.776953-04:00,"3393 Peachtree Rd NE, Atlanta, GA 30326","5485 Chamblee Dunwoody Rd, Dunwoody, GA 30338",17.65,17.13,1.03,13651
2026-09-26T16:21:56.298111-04:00,"6400 Sugarloaf Pkwy, Duluth, GA 30097","225 North Ave NW, Atlanta, GA 30332",37.52,31.93,1.175,40710
2026-09-26T16:21:56.789380-04:00,"225 North Ave NW, Atlanta, GA 30332","6400 Sugarloaf Pkwy, Duluth, GA 30097",35.42,32.3,1.096,42787
2026-09-26T16:21:57.358740-04:00,"210 Luckie St, Lawrenceville, GA 30046","225 North Ave NW, Atlanta, GA 30332",46.25,40.1,1.153,48311
2026-09-26T16:21:57.895595-04:00,"225 North Ave NW, Atlanta, GA 30332","210 Luckie St, Lawrenceville, GA 30046",43.45,39.38,1.103,49734
2026-09-26T16:21:58.477327-04:00,"101 E Court Square, Decatur, GA 30030","265 Park Ave W NW, Atlanta, GA 30313",27.27,25.3,1.078,11294
2026-09-26T16:21:59.046514-04:00,"265 Park Ave W NW, Atlanta, GA 30313","101 E Court Square, Decatur, GA 30030",24.3,24.2,1.004,11439
2026-09-26T16:21:59.695239-04:00,"205 Lawrence St, Marietta, GA 30060","265 Park Ave W NW, Atlanta, GA 30313",33.67,26.02,1.294,30558
2026-09-26T16:22:00.231542-04:00,"265 Park Ave W NW, Atlanta, GA 30313","205 Lawrence St, Marietta, GA 30060",29.7,27.73,1.071,29352
2026-09-26T16:27:00.667926-04:00,"6000 N Terminal Pkwy, Atlanta, GA 30320","265 Park Ave W NW, Atlanta, GA 30313",33.43,28.82,1.16,16296
2026-09-26T16:27:01.185668-04:00,"265 Park Ave W NW, Atlanta, GA 30313","6000 N Terminal Pkwy, Atlanta, GA 30320",23.45,22.95,1.022,19742
2026-09-26T16:27:01.621250-04:00,"6000 N Terminal Pkwy, Atlanta, GA 30320","1380 Atlantic Dr NW, Atlanta, GA 30363",44.22,18.35,2.41,20917
2026-09-26T16:27:02.058349-04:00,"1380 Atlantic Dr NW, Atlanta, GA 30363","6000 N Terminal Pkwy, Atlanta, GA 30320",30.18,26.47,1.14,22909
2026-09-26T16:27:02.545126-04:00,"6000 N Terminal Pkwy, Atlanta, GA 30320","3393 Peachtree Rd NE, Atlanta, GA 30326",52.13,25.32,2.059,29954
2026-09-26T16:27:03.124865-04:00,"3393 Peachtree Rd NE, Atlanta, GA 30326","6000 N Terminal Pkwy, Atlanta, GA 30320",41.87,32.25,1.298,31173
2026-09-26T16:27:03.633657-04:00,"6000 N Terminal Pkwy, Atlanta, GA 30320","225 North Ave NW, Atlanta, GA 30332",36.88,32.25,1.144,19100
2026-09-26T16:27:04.117375-04:00,"225 North Ave NW, Atlanta, GA 30332","6000 N Terminal Pkwy, Atlanta, GA 30320",26.12,23.0,1.136,21085
2026-09-26T16:27:04.632925-04:00,"265 Park Ave W NW, Atlanta, GA 30313","1380 Atlantic Dr NW, Atlanta, GA 30363",11.7,10.6,1.104,4925
2026-09-26T16:27:05.117015-04:00,"1380 Atlantic Dr NW, Atlanta, GA 30363","265 Park Ave W NW, Atlanta, GA 30313",15.77,13.37,1.18,5127
2026-09-26T16:27:05.551130-04:00,"265 Park Ave W NW, Atlanta, GA 30313","3393 Peachtree Rd NE, Atlanta, GA 30326",19.62,17.57,1.117,13962
2026-09-26T16:27:05.967713-04:00,"3393 Peachtree Rd NE, Atlanta, GA 30326","265 Park Ave W NW, Atlanta, GA 30313",29.48,19.68,1.498,12990
2026-09-26T16:27:06.456387-04:00,"265 Park Ave W NW, Atlanta, GA 30313","225 North Ave NW, Atlanta, GA 30332",8.18,8.1,1.01,2382
2026-09-26T16:27:06.933580-04:00,"225 North Ave NW, Atlanta, GA 30332","265 Park Ave W NW, Atlanta, GA 30313",9.25,8.72,1.061,2067
2026-09-26T16:27:07.349597-04:00,"1380 Atlantic Dr NW, Atlanta, GA 30363","3393 Peachtree Rd NE, Atlanta, GA 30326",18.67,17.58,1.062,10266
2026-09-26T16:27:07.816711-04:00,"3393 Peachtree Rd NE, Atlanta, GA 30326","1380 Atlantic Dr NW, Atlanta, GA 30363",21.7,17.4,1.247,10074
2026-09-26T16:27:08.283085-04:00,"1380 Atlantic Dr NW, Atlanta, GA 30363","225 North Ave NW, Atlanta, GA 30332",11.07,10.4,1.064,2986
2026-09-26T16:27:08.809295-04:00,"225 North Ave NW, Atlanta, GA 30332","1380 Atlantic Dr NW, Atlanta, GA 30363",11.07,11.48,0.964,3461
2026-09-26T16:27:09.269275-04:00,"3393 Peachtree Rd NE, Atlanta, GA 30326","225 North Ave NW, Atlanta, GA 30332",26.38,20.38,1.294,11360
2026-09-26T16:27:09.753942-04:00,"225 North Ave NW, Atlanta, GA 30332","3393 Peachtree Rd NE, Atlanta, GA 30326",19.57,16.93,1.156,13584
2026-09-26T16:27:10.233140-04:00,"4400 Ashford Dunwoody Rd, Dunwoody, GA 30346","3393 Peachtree Rd NE, Atlanta, GA 30326",17.43,14.83,1.175,11803
2026-09-26T16:27:10.708995-04:00,"3393 Peachtree Rd NE, Atlanta, GA 30326","4400 Ashford Dunwoody Rd, Dunwoody, GA 30346",16.78,15.77,1.064,11689
2026-09-26T16:27:11.233925-04:00,"101 E Court Square, Decatur, GA 30030","225 North Ave NW, Atlanta, GA 30332",28.78,25.42,1.132,10224
2026-09-26T16:27:11.700031-04:00,"225 North Ave NW, Atlanta, GA 30332","101 E Court Square, Decatur, GA 30030",24.62,23.7,1.039,10272
2026-09-26T16:27:12.191843-04:00,"205 Lawrence St, Marietta, GA 30060","225 North Ave NW, Atlanta, GA 30332",30.78,26.1,1.179,29167
2026-09-26T16:27:12.716193-04:00,"225 North Ave NW, Atlanta, GA 30332","205 Lawrence St, Marietta, GA 30060",29.0,28.52,1.017,27895
2026-09-26T16:27:13.203709-04:00,"1 Galambos Way, Sandy Springs, GA 30328","3393 Peachtree Rd NE, Atlanta, GA 30326",18.88,16.8,1.124,13507
2026-09-26T16:27:13.653843-04:00,"3393 Peachtree Rd NE, Atlanta, GA 30326","1 Galambos Way, Sandy Springs, GA 30328",18.77,17.03,1.102,12587
2026-09-26T16:27:14.185589-04:00,"5485 Chamblee Dunwoody Rd, Dunwoody, GA 30338","3393 Peachtree Rd NE, Atlanta, GA 30326",17.42,16.02,1.087,13634
2026-09-26T16:27:14.719809-04:00,"3393 Peachtree Rd NE, Atlanta, GA 30326","5485 Chamblee Dunwoody Rd, Dunwoody, GA 30338",17.88,17.13,1.044,13651
2026-09-26T16:27:15.245414-04:00,"6400 Sugarloaf Pkwy, Duluth, GA 30097","225 North Ave NW, Atlanta, GA 30332",37.72,32.05,1.177,40700
2026-09-26T16:27:15.700820-04:00,"225 North Ave NW, Atlanta, GA 30332","6400 Sugarloaf Pkwy, Duluth, GA 30097",35.3,32.3,1.093,42787
2026-09-26T16:27:16.216063-04:00,"210 Luckie St, Lawrenceville, GA 30046","225 North Ave NW, Atlanta, GA 30332",47.12,39.97,1.179,48320
2026-09-26T16:27:16.683269-04:00,"225 North Ave NW, Atlanta, GA 30332","210 Luckie St, Lawrenceville, GA 30046",43.17,39.38,1.096,49734
2026-09-26T16:27:17.132916-04:00,"101 E Court Square, Decatur, GA 30030","265 Park Ave W NW, Atlanta, GA 30313",26.98,26.05,1.036,11177
2026-09-26T16:27:17.582606-04:00,"265 Park Ave W NW, Atlanta, GA 30313","101 E Court Square, Decatur, GA 30030",24.42,24.2,1.009,11439
2026-09-26T16:27:18.068358-04:00,"205 Lawrence St, Marietta, GA 30060","265 Park Ave W NW, Atlanta, GA 30313",32.95,26.02,1.266,30558
2026-09-26T16:27:18.532664-04:00,"265 Park Ave W NW, Atlanta, GA 30313","205 Lawrence St, Marietta, GA 30060",30.07,27.73,1.084,29352
2026-09-26T16:32:18.924407-04:00,"6000 N Terminal Pkwy, Atlanta, GA 30320","265 Park Ave W NW, Atlanta, GA 30313",31.78,28.45,1.117,16985
2026-09-26T16:32:19.416421-04:00,"265 Park Ave W NW, Atlanta, GA 30313","6000 N Terminal Pkwy, Atlanta, GA 30320",23.95,22.95,1.044,19742
2026-09-26T16:32:19.890459-04:00,"6000 N Terminal Pkwy, Atlanta, GA 30320","1380 Atlantic Dr NW, Atlanta, GA 30363",43.5,18.35,2.371,20917
2026-09-26T16:32:20.318423-04:00,"1380 Atlantic Dr NW, Atlanta, GA 30363","6000 N Terminal Pkwy, Atlanta, GA 30320",31.8,24.75,1.285,22561
2026-09-26T16:32:20.790188-04:00,"6000 N Terminal Pkwy, Atlanta, GA 30320","3393 Peachtree Rd NE, Atlanta, GA 30326",51.3,25.32,2.026,29954
2026-09-26T16:32:21.289767-04:00,"3393 Peachtree Rd NE, Atlanta, GA 30326","6000 N Terminal Pkwy, Atlanta, GA 30320",42.42,32.82,1.293,30918
2026-09-26T16:32:21.790240-04:00,"6000 N Terminal Pkwy, Atlanta, GA 30320","225 North Ave NW, Atlanta, GA 30332",36.47,32.25,1.131,19100
2026-09-26T16:32:22.222975-04:00,"225 North Ave NW, Atlanta, GA 30332","6000 N Terminal Pkwy, Atlanta, GA 30320",26.42,23.0,1.149,21085
2026-09-26T16:32:22.640719-04:00,"265 Park Ave W NW, Atlanta, GA 30313","1380 Atlantic Dr NW, Atlanta, GA 30363",11.78,10.6,1.112,4925
2026-09-26T16:32:23.105997-04:00,"1380 Atlantic Dr NW, Atlanta, GA 30363","265 Park Ave W NW, Atlanta, GA 30313",15.68,13.37,1.173,5127
2026-09-26T16:32:23.556644-04:00,"265 Park Ave W NW, Atlanta, GA 30313","3393 Peachtree Rd NE, Atlanta, GA 30326",19.28,17.57,1.098,13962
2026-09-26T16:32:24.003902-04:00,"3393 Peachtree Rd NE, Atlanta, GA 30326","265 Park Ave W NW, Atlanta, GA 30313",29.58,20.25,1.461,12735
2026-09-26T16:32:24.491021-04:00,"265 Park Ave W NW, Atlanta, GA 30313","225 North Ave NW, Atlanta, GA 30332",9.17,7.35,1.247,2086
2026-09-26T16:32:24.979190-04:00,"225 North Ave NW, Atlanta, GA 30332","265 Park Ave W NW, Atlanta, GA 30313",9.27,8.72,1.063,2067
2026-09-26T16:32:25.439565-04:00,"1380 Atlantic Dr NW, Atlanta, GA 30363","3393 Peachtree Rd NE, Atlanta, GA 30326",19.0,17.63,1.078,10266
2026-09-26T16:32:25.846254-04:00,"3393 Peachtree Rd NE, Atlanta, GA 30326","1380 Atlantic Dr NW, Atlanta, GA 30363",21.55,17.4,1.239,10074
2026-09-26T16:32:26.346209-04:00,"1380 Atlantic Dr NW, Atlanta, GA 30363","225 North Ave NW, Atlanta, GA 30332",10.6,10.47,1.013,2985
2026-09-26T16:32:26.822865-04:00,"225 North Ave NW, Atlanta, GA 30332","1380 Atlantic Dr NW, Atlanta, GA 30363",10.87,11.48,0.946,3461
2026-09-26T16:32:27.306031-04:00,"3393 Peachtree Rd NE, Atlanta, GA 30326","225 North Ave NW, Atlanta, GA 30332",26.78,20.38,1.314,11360
2026-09-26T16:32:27.706507-04:00,"225 North Ave NW, Atlanta, GA 30332","3393 Peachtree Rd NE, Atlanta, GA 30326",19.13,16.93,1.13,13584
2026-09-26T16:32:28.139171-04:00,"4400 Ashford Dunwoody Rd, Dunwoody, GA 30346","3393 Peachtree Rd NE, Atlanta, GA 30326",16.95,14.83,1.143,11803
2026-09-26T16:32:28.581857-04:00,"3393 Peachtree Rd NE, Atlanta, GA 30326","4400 Ashford Dunwoody Rd, Dunwoody, GA 30346",16.32,15.77,1.035,11689
2026-09-26T16:32:29.089440-04:00,"101 E Court Square, Decatur, GA 30030","225 North Ave NW, Atlanta, GA 30332",28.8,25.77,1.118,10404
2026-09-26T16:32:29.656175-04:00,"225 North Ave NW, Atlanta, GA 30332","101 E Court Square, Decatur, GA 30030",25.13,23.7,1.06,10272
2026-09-26T16:32:30.155843-04:00,"205 Lawrence St, Marietta, GA 30060","225 North Ave NW, Atlanta, GA 30332",30.4,31.05,0.979,29167
2026-09-26T16:32:30.655755-04:00,"225 North Ave NW, Atlanta, GA 30332","205 Lawrence St, Marietta, GA 30060",29.47,28.52,1.033,27895
2026-09-26T16:32:31.155803-04:00,"1 Galambos Way, Sandy Springs, GA 30328","3393 Peachtree Rd NE, Atlanta, GA 30326",18.2,16.8,1.083,13507
2026-09-26T16:32:31.639889-04:00,"3393 Peachtree Rd NE, Atlanta, GA 30326","1 Galambos Way, Sandy Springs, GA 30328",18.28,17.03,1.073,12587
2026-09-26T16:32:32.056257-04:00,"5485 Chamblee Dunwoody Rd, Dunwoody, GA 30338","3393 Peachtree Rd NE, Atlanta, GA 30326",17.12,16.02,1.069,13634
2026-09-26T16:32:32.522409-04:00,"3393 Peachtree Rd NE, Atlanta, GA 30326","5485 Chamblee Dunwoody Rd, Dunwoody, GA 30338",17.62,17.13,1.028,13651
2026-09-26T16:32:33.064822-04:00,"6400 Sugarloaf Pkwy, Duluth, GA 30097","225 North Ave NW, Atlanta, GA 30332",36.57,31.93,1.145,40710
2026-09-26T16:32:33.521440-04:00,"225 North Ave NW, Atlanta, GA 30332","6400 Sugarloaf Pkwy, Duluth, GA 30097",35.42,36.32,0.975,42787
2026-09-26T16:32:34.038994-04:00,"210 Luckie St, Lawrenceville, GA 30046","225 North Ave NW, Atlanta, GA 30332",46.42,40.23,1.154,48319
2026-09-26T16:32:34.538973-04:00,"225 North Ave NW, Atlanta, GA 30332","210 Luckie St, Lawrenceville, GA 30046",43.4,39.38,1.102,49734
2026-09-26T16:32:34.955185-04:00,"101 E Court Square, Decatur, GA 30030","265 Park Ave W NW, Atlanta, GA 30313",27.42,25.3,1.084,11294
2026-09-26T16:32:35.392439-04:00,"265 Park Ave W NW, Atlanta, GA 30313","101 E Court Square, Decatur, GA 30030",24.73,24.2,1.022,11439
2026-09-26T16:32:35.855975-04:00,"205 Lawrence St, Marietta, GA 30060","265 Park Ave W NW, Atlanta, GA 30313",33.3,26.02,1.28,30558
2026-09-26T16:32:36.355986-04:00,"265 Park Ave W NW, Atlanta, GA 30313","205 Lawrence St, Marietta, GA 30060",30.37,27.73,1.095,29352
2026-09-26T16:37:37.116030-04:00,"6000 N Terminal Pkwy, Atlanta, GA 30320","265 Park Ave W NW, Atlanta, GA 30313",32.05,25.53,1.255,18389
2026-09-26T16:37:37.725201-04:00,"265 Park Ave W NW, Atlanta, GA 30313","6000 N Terminal Pkwy, Atlanta, GA 30320",23.15,24.32,0.952,18142
2026-09-26T16:37:38.320107-04:00,"6000 N Terminal Pkwy, Atlanta, GA 30320","1380 Atlantic Dr NW, Atlanta, GA 30363",44.4,18.35,2.42,20917
2026-09-26T16:37:38.834937-04:00,"1380 Atlantic Dr NW, Atlanta, GA 30363","6000 N Terminal Pkwy, Atlanta, GA 30320",30.4,32.97,0.922,22840
2026-09-26T16:37:39.349503-04:00,"6000 N Terminal Pkwy, Atlanta, GA 30320","3393 Peachtree Rd NE, Atlanta, GA 30326",52.18,25.32,2.061,29954
2026-09-26T16:37:39.849390-04:00,"3393 Peachtree Rd NE, Atlanta, GA 30326","6000 N Terminal Pkwy, Atlanta, GA 30320",42.38,32.25,1.314,31173
2026-09-26T16:37:40.363877-04:00,"6000 N Terminal Pkwy, Atlanta, GA 30320","225 North Ave NW, Atlanta, GA 30332",36.17,27.33,1.323,18020
2026-09-26T16:37:40.814862-04:00,"225 North Ave NW, Atlanta, GA 30332","6000 N Terminal Pkwy, Atlanta, GA 30320",26.68,23.0,1.16,21085
2026-09-26T16:37:41.267916-04:00,"265 Park Ave W NW, Atlanta, GA 30313","1380 Atlantic Dr NW, Atlanta, GA 30363",12.68,10.6,1.197,4925
2026-09-26T16:37:41.732984-04:00,"1380 Atlantic Dr NW, Atlanta, GA 30363","265 Park Ave W NW, Atlanta, GA 30313",15.85,13.37,1.186,5127
2026-09-26T16:37:42.231685-04:00,"265 Park Ave W NW, Atlanta, GA 30313","3393 Peachtree Rd NE, Atlanta, GA 30326",20.17,17.57,1.148,13962
2026-09-26T16:37:42.714749-04:00,"3393 Peachtree Rd NE, Atlanta, GA 30326","265 Park Ave W NW, Atlanta, GA 30313",29.73,19.68,1.511,12990
2026-09-26T16:37:43.151393-04:00,"265 Park Ave W NW, Atlanta, GA 30313","225 North Ave NW, Atlanta, GA 30332",8.1,8.1,1.0,2382
2026-09-26T16:37:43.613754-04:00,"225 North Ave NW, Atlanta, GA 30332","265 Park Ave W NW, Atlanta, GA 30313",9.08,8.72,1.042,2067
2026-09-26T16:37:44.065273-04:00,"1380 Atlantic Dr NW, Atlanta, GA 30363","3393 Peachtree Rd NE, Atlanta, GA 30326",18.67,17.63,1.059,10266
2026-09-26T16:37:44.553768-04:00,"3393 Peachtree Rd NE, Atlanta, GA 30326","1380 Atlantic Dr NW, Atlanta, GA 30363",21.38,20.9,1.023,8869
2026-09-26T16:37:44.996988-04:00,"1380 Atlantic Dr NW, Atlanta, GA 30363","225 North Ave NW, Atlanta, GA 30332",10.13,10.8,0.938,3264
2026-09-26T16:37:45.481021-04:00,"225 North Ave NW, Atlanta, GA 30332","1380 Atlantic Dr NW, Atlanta, GA 30363",10.8,11.48,0.94,3461
2026-09-26T16:37:45.933418-04:00,"3393 Peachtree Rd NE, Atlanta, GA 30326","225 North Ave NW, Atlanta, GA 30332",26.75,26.35,1.015,10581
2026-09-26T16:37:46.381417-04:00,"225 North Ave NW, Atlanta, GA 30332","3393 Peachtree Rd NE, Atlanta, GA 30326",20.4,16.93,1.205,13584
2026-09-26T16:37:46.880500-04:00,"4400 Ashford Dunwoody Rd, Dunwoody, GA 30346","3393 Peachtree Rd NE, Atlanta, GA 30326",16.78,14.83,1.131,11803
2026-09-26T16:37:47.380596-04:00,"3393 Peachtree Rd NE, Atlanta, GA 30326","4400 Ashford Dunwoody Rd, Dunwoody, GA 30346",16.05,15.77,1.018,11689
2026-09-26T16:37:47.915120-04:00,"101 E Court Square, Decatur, GA 30030","225 North Ave NW, Atlanta, GA 30332",28.78,25.1,1.147,10208
2026-09-26T16:37:48.363673-04:00,"225 North Ave NW, Atlanta, GA 30332","101 E Court Square, Decatur, GA 30030",25.1,23.7,1.059,10272
2026-09-26T16:37:48.946994-04:00,"205 Lawrence St, Marietta, GA 30060","225 North Ave NW, Atlanta, GA 30332",30.03,26.1,1.151,29167
2026-09-26T16:37:49.431566-04:00,"225 North Ave NW, Atlanta, GA 30332","205 Lawrence St, Marietta, GA 30060",29.52,28.52,1.035,27895
2026-09-26T16:37:49.932390-04:00,"1 Galambos Way, Sandy Springs, GA 30328","3393 Peachtree Rd NE, Atlanta, GA 30326",17.87,16.8,1.063,13507
2026-09-26T16:37:50.363838-04:00,"3393 Peachtree Rd NE, Atlanta, GA 30326","1 Galambos Way, Sandy Springs, GA 30328",17.9,17.03,1.051,12587
2026-09-26T16:37:50.963540-04:00,"5485 Chamblee Dunwoody Rd, Dunwoody, GA 30338","3393 Peachtree Rd NE, Atlanta, GA 30326",16.73,16.02,1.045,13634
2026-09-26T16:37:51.481439-04:00,"3393 Peachtree Rd NE, Atlanta, GA 30326","5485 Chamblee Dunwoody Rd, Dunwoody, GA 30338",17.2,17.13,1.004,13651
2026-09-26T16:37:52.047944-04:00,"6400 Sugarloaf Pkwy, Duluth, GA 30097","225 North Ave NW, Atlanta, GA 30332",36.0,31.93,1.127,40710
2026-09-26T16:37:52.565976-04:00,"225 North Ave NW, Atlanta, GA 30332","6400 Sugarloaf Pkwy, Duluth, GA 30097",36.23,37.17,0.975,42787
2026-09-26T16:37:53.202410-04:00,"210 Luckie St, Lawrenceville, GA 30046","225 North Ave NW, Atlanta, GA 30332",45.38,40.42,1.123,51157
2026-09-26T16:37:53.665940-04:00,"225 North Ave NW, Atlanta, GA 30332","210 Luckie St, Lawrenceville, GA 30046",44.35,39.38,1.126,49734
2026-09-26T16:37:54.146901-04:00,"101 E Court Square, Decatur, GA 30030","265 Park Ave W NW, Atlanta, GA 30313",26.65,27.6,0.966,11294
2026-09-26T16:37:54.651173-04:00,"265 Park Ave W NW, Atlanta, GA 30313","101 E Court Square, Decatur, GA 30030",24.27,24.13,1.006,11227
2026-09-26T16:37:55.114378-04:00,"205 Lawrence St, Marietta, GA 30060","265 Park Ave W NW, Atlanta, GA 30313",32.58,26.02,1.252,30558
2026-09-26T16:37:55.567809-04:00,"265 Park Ave W NW, Atlanta, GA 30313","205 Lawrence St, Marietta, GA 30060",31.38,27.73,1.132,29352
2026-09-26T16:42:56.055865-04:00,"6000 N Terminal Pkwy, Atlanta, GA 30320","265 Park Ave W NW, Atlanta, GA 30313",29.92,26.05,1.148,18001
2026-09-26T16:42:56.604148-04:00,"265 Park Ave W NW, Atlanta, GA 30313","6000 N Terminal Pkwy, Atlanta, GA 30320",23.58,24.32,0.97,18142
2026-09-26T16:42:57.060395-04:00,"6000 N Terminal Pkwy, Atlanta, GA 30320","1380 Atlantic Dr NW, Atlanta, GA 30363",38.8,18.33,2.116,20958
2026-09-26T16:42:57.597608-04:00,"1380 Atlantic Dr NW, Atlanta, GA 30363","6000 N Terminal Pkwy, Atlanta, GA 30320",31.32,24.68,1.269,22562
2026-09-26T16:42:58.103717-04:00,"6000 N Terminal Pkwy, Atlanta, GA 30320","3393 Peachtree Rd NE, Atlanta, GA 30326",46.3,25.3,1.83,29995
2026-09-26T16:42:58.646063-04:00,"3393 Peachtree Rd NE, Atlanta, GA 30326","6000 N Terminal Pkwy, Atlanta, GA 30320",41.22,32.82,1.256,30918
2026-09-26T16:42:59.186344-04:00,"6000 N Terminal Pkwy, Atlanta, GA 30320","225 North Ave NW, Atlanta, GA 30332",37.03,27.33,1.355,18020
2026-09-26T16:42:59.666074-04:00,"225 North Ave NW, Atlanta, GA 30332","6000 N Terminal Pkwy, Atlanta, GA 30320",27.02,25.32,1.067,22392
2026-09-26T16:43:00.159830-04:00,"265 Park Ave W NW, Atlanta, GA 30313","1380 Atlantic Dr NW, Atlanta, GA 30363",13.32,13.8,0.965,5409
2026-09-26T16:43:00.581545-04:00,"1380 Atlantic Dr NW, Atlanta, GA 30363","265 Park Ave W NW, Atlanta, GA 30313",15.42,13.65,1.129,4358
2026-09-26T16:43:00.990682-04:00,"265 Park Ave W NW, Atlanta, GA 30313","3393 Peachtree Rd NE, Atlanta, GA 30326",20.27,17.57,1.154,13962
2026-09-26T16:43:01.469600-04:00,"3393 Peachtree Rd NE, Atlanta, GA 30326","265 Park Ave W NW, Atlanta, GA 30313",28.9,20.25,1.427,12735
2026-09-26T16:43:01.936124-04:00,"265 Park Ave W NW, Atlanta, GA 30313","225 North Ave NW, Atlanta, GA 30332",8.17,8.1,1.008,2382
2026-09-26T16:43:02.499177-04:00,"225 North Ave NW, Atlanta, GA 30332","265 Park Ave W NW, Atlanta, GA 30313",9.5,8.72,1.09,2067
2026-09-26T16:43:02.902623-04:00,"1380 Atlantic Dr NW, Atlanta, GA 30363","3393 Peachtree Rd NE, Atlanta, GA 30326",18.48,17.63,1.048,10266
2026-09-26T16:43:03.391314-04:00,"3393 Peachtree Rd NE, Atlanta, GA 30326","1380 Atlantic Dr NW, Atlanta, GA 30363",21.25,17.4,1.221,10074
2026-09-26T16:43:03.844578-04:00,"1380 Atlantic Dr NW, Atlanta, GA 30363","225 North Ave NW, Atlanta, GA 30332",10.68,10.4,1.027,2986
2026-09-26T16:43:04.306447-04:00,"225 North Ave NW, Atlanta, GA 30332","1380 Atlantic Dr NW, Atlanta, GA 30363",10.82,11.48,0.942,3461
2026-09-26T16:43:04.756364-04:00,"3393 Peachtree Rd NE, Atlanta, GA 30326","225 North Ave NW, Atlanta, GA 30332",26.33,18.4,1.431,12436
2026-09-26T16:43:05.265676-04:00,"225 North Ave NW, Atlanta, GA 30332","3393 Peachtree Rd NE, Atlanta, GA 30326",19.78,16.78,1.179,13587
2026-09-26T16:43:05.749659-04:00,"4400 Ashford Dunwoody Rd, Dunwoody, GA 30346","3393 Peachtree Rd NE, Atlanta, GA 30326",16.53,14.83,1.115,11803
2026-09-26T16:43:06.231205-04:00,"3393 Peachtree Rd NE, Atlanta, GA 30326","4400 Ashford Dunwoody Rd, Dunwoody, GA 30346",15.92,15.93,0.999,11669
2026-09-26T16:43:06.743863-04:00,"101 E Court Square, Decatur, GA 30030","225 North Ave NW, Atlanta, GA 30332",28.47,25.1,1.134,10208
2026-09-26T16:43:07.218673-04:00,"225 North Ave NW, Atlanta, GA 30332","101 E Court Square, Decatur, GA 30030",25.12,23.47,1.07,10257
2026-09-26T16:43:07.811260-04:00,"205 Lawrence St, Marietta, GA 30060","225 North Ave NW, Atlanta, GA 30332",29.48,26.1,1.13,29167
2026-09-26T16:43:08.392224-04:00,"225 North Ave NW, Atlanta, GA 30332","205 Lawrence St, Marietta, GA 30060",29.77,28.52,1.044,27895
2026-09-26T16:43:08.822500-04:00,"1 Galambos Way, Sandy Springs, GA 30328","3393 Peachtree Rd NE, Atlanta, GA 30326",17.75,16.8,1.057,13507
2026-09-26T16:43:09.355252-04:00,"3393 Peachtree Rd NE, Atlanta, GA 30326","1 Galambos Way, Sandy Springs, GA 30328",18.05,17.2,1.049,12567
2026-09-26T16:43:09.853234-04:00,"5485 Chamblee Dunwoody Rd, Dunwoody, GA 30338","3393 Peachtree Rd NE, Atlanta, GA 30326",16.63,16.02,1.039,13634
2026-09-26T16:43:10.382576-04:00,"3393 Peachtree Rd NE, Atlanta, GA 30326","5485 Chamblee Dunwoody Rd, Dunwoody, GA 30338",17.17,17.13,1.002,13651
2026-09-26T16:43:10.838247-04:00,"6400 Sugarloaf Pkwy, Duluth, GA 30097","225 North Ave NW, Atlanta, GA 30332",35.98,31.93,1.127,40710
2026-09-26T16:43:11.387449-04:00,"225 North Ave NW, Atlanta, GA 30332","6400 Sugarloaf Pkwy, Duluth, GA 30097",35.92,32.15,1.117,42790
2026-09-26T16:43:11.872799-04:00,"210 Luckie St, Lawrenceville, GA 30046","225 North Ave NW, Atlanta, GA 30332",46.03,39.97,1.152,48320
2026-09-26T16:43:12.372885-04:00,"225 North Ave NW, Atlanta, GA 30332","210 Luckie St, Lawrenceville, GA 30046",43.63,39.23,1.112,49737
2026-09-26T16:43:12.888834-04:00,"101 E Court Square, Decatur, GA 30030","265 Park Ave W NW, Atlanta, GA 30313",26.88,25.3,1.063,11294
2026-09-26T16:43:13.372612-04:00,"265 Park Ave W NW, Atlanta, GA 30313","101 E Court Square, Decatur, GA 30030",24.65,24.13,1.021,11227
2026-09-26T16:43:13.890024-04:00,"205 Lawrence St, Marietta, GA 30060","265 Park Ave W NW, Atlanta, GA 30313",32.87,26.02,1.263,30558
2026-09-26T16:43:14.324089-04:00,"265 Park Ave W NW, Atlanta, GA 30313","205 Lawrence St, Marietta, GA 30060",31.78,27.73,1.146,29352
2026-09-26T16:48:14.781194-04:00,"6000 N Terminal Pkwy, Atlanta, GA 30320","265 Park Ave W NW, Atlanta, GA 30313",29.18,25.68,1.136,17595
2026-09-26T16:48:15.246761-04:00,"265 Park Ave W NW, Atlanta, GA 30313","6000 N Terminal Pkwy, Atlanta, GA 30320",23.3,22.95,1.015,19742
2026-09-26T16:48:15.708789-04:00,"6000 N Terminal Pkwy, Atlanta, GA 30320","1380 Atlantic Dr NW, Atlanta, GA 30363",35.47,28.9,1.227,22738
2026-09-26T16:48:16.222821-04:00,"1380 Atlantic Dr NW, Atlanta, GA 30363","6000 N Terminal Pkwy, Atlanta, GA 30320",29.58,24.75,1.195,22561
2026-09-26T16:48:16.673592-04:00,"6000 N Terminal Pkwy, Atlanta, GA 30320","3393 Peachtree Rd NE, Atlanta, GA 30326",43.03,35.87,1.2,31775
2026-09-26T16:48:17.166006-04:00,"3393 Peachtree Rd NE, Atlanta, GA 30326","6000 N Terminal Pkwy, Atlanta, GA 30320",40.98,32.82,1.249,30918
2026-09-26T16:48:17.676650-04:00,"6000 N Terminal Pkwy, Atlanta, GA 30320","225 North Ave NW, Atlanta, GA 30332",36.07,30.17,1.196,21319
2026-09-26T16:48:18.170193-04:00,"225 North Ave NW, Atlanta, GA 30332","6000 N Terminal Pkwy, Atlanta, GA 30320",26.7,23.95,1.115,21079
2026-09-26T16:48:18.613850-04:00,"265 Park Ave W NW, Atlanta, GA 30313","1380 Atlantic Dr NW, Atlanta, GA 30363",11.62,10.6,1.096,4925
2026-09-26T16:48:19.052667-04:00,"1380 Atlantic Dr NW, Atlanta, GA 30363","265 Park Ave W NW, Atlanta, GA 30313",15.8,13.37,1.182,5127
2026-09-26T16:48:19.525026-04:00,"265 Park Ave W NW, Atlanta, GA 30313","3393 Peachtree Rd NE, Atlanta, GA 30326",18.95,17.57,1.079,13962
2026-09-26T16:48:19.977687-04:00,"3393 Peachtree Rd NE, Atlanta, GA 30326","265 Park Ave W NW, Atlanta, GA 30313",27.57,18.1,1.523,13831
2026-09-26T16:48:21.715272-04:00,"265 Park Ave W NW, Atlanta, GA 30313","225 North Ave NW, Atlanta, GA 30332",7.98,7.35,1.086,2086
2026-09-26T16:48:22.334217-04:00,"225 North Ave NW, Atlanta, GA 30332","265 Park Ave W NW, Atlanta, GA 30313",9.22,8.72,1.057,2067
2026-09-26T16:48:22.813104-04:00,"1380 Atlantic Dr NW, Atlanta, GA 30363","3393 Peachtree Rd NE, Atlanta, GA 30326",18.72,17.63,1.061,10266
2026-09-26T16:48:23.302225-04:00,"3393 Peachtree Rd NE, Atlanta, GA 30326","1380 Atlantic Dr NW, Atlanta, GA 30363",20.48,13.8,1.484,10713
2026-09-26T16:48:23.772200-04:00,"1380 Atlantic Dr NW, Atlanta, GA 30363","225 North Ave NW, Atlanta, GA 30332",10.72,10.47,1.024,2985
2026-09-26T16:48:24.208768-04:00,"225 North Ave NW, Atlanta, GA 30332","1380 Atlantic Dr NW, Atlanta, GA 30363",11.13,11.48,0.97,3461
2026-09-26T16:48:24.709019-04:00,"3393 Peachtree Rd NE, Atlanta, GA 30326","225 North Ave NW, Atlanta, GA 30332",24.97,18.23,1.369,12456
2026-09-26T16:48:25.199459-04:00,"225 North Ave NW, Atlanta, GA 30332","3393 Peachtree Rd NE, Atlanta, GA 30326",19.78,16.93,1.168,13584
2026-09-26T16:48:25.637604-04:00,"4400 Ashford Dunwoody Rd, Dunwoody, GA 30346","3393 Peachtree Rd NE, Atlanta, GA 30326",16.28,14.83,1.098,11803
2026-09-26T16:48:26.059840-04:00,"3393 Peachtree Rd NE, Atlanta, GA 30326","4400 Ashford Dunwoody Rd, Dunwoody, GA 30346",16.03,15.77,1.017,11689
2026-09-26T16:48:26.573955-04:00,"101 E Court Square, Decatur, GA 30030","225 North Ave NW, Atlanta, GA 30332",27.98,25.1,1.115,10208
2026-09-26T16:48:27.060316-04:00,"225 North Ave NW, Atlanta, GA 30332","101 E Court Square, Decatur, GA 30030",26.12,23.7,1.102,10272
2026-09-26T16:48:27.464220-04:00,"205 Lawrence St, Marietta, GA 30060","225 North Ave NW, Atlanta, GA 30332",29.47,26.1,1.129,29167
2026-09-26T16:48:27.915699-04:00,"225 North Ave NW, Atlanta, GA 30332","205 Lawrence St, Marietta, GA 30060",28.48,28.52,0.999,27895
2026-09-26T16:48:28.422226-04:00,"1 Galambos Way, Sandy Springs, GA 30328","3393 Peachtree Rd NE, Atlanta, GA 30326",17.95,16.8,1.068,13507
2026-09-26T16:48:28.903953-04:00,"3393 Peachtree Rd NE, Atlanta, GA 30326","1 Galambos Way, Sandy Springs, GA 30328",17.98,17.03,1.056,12587
2026-09-26T16:48:29.332745-04:00,"5485 Chamblee Dunwoody Rd, Dunwoody, GA 30338","3393 Peachtree Rd NE, Atlanta, GA 30326",16.53,17.1,0.967,13634
2026-09-26T16:48:29.780471-04:00,"3393 Peachtree Rd NE, Atlanta, GA 30326","5485 Chamblee Dunwoody Rd, Dunwoody, GA 30338",17.17,17.13,1.002,13651
2026-09-26T16:48:30.331481-04:00,"6400 Sugarloaf Pkwy, Duluth, GA 30097","225 North Ave NW, Atlanta, GA 30332",36.55,31.93,1.145,40710
2026-09-26T16:48:30.846408-04:00,"225 North Ave NW, Atlanta, GA 30332","6400 Sugarloaf Pkwy, Duluth, GA 30097",35.35,32.3,1.094,42787
2026-09-26T16:48:31.310571-04:00,"210 Luckie St, Lawrenceville, GA 30046","225 North Ave NW, Atlanta, GA 30332",45.48,39.97,1.138,48320
2026-09-26T16:48:31.803559-04:00,"225 North Ave NW, Atlanta, GA 30332","210 Luckie St, Lawrenceville, GA 30046",43.52,39.38,1.105,49734
2026-09-26T16:48:32.342232-04:00,"101 E Court Square, Decatur, GA 30030","265 Park Ave W NW, Atlanta, GA 30313",26.8,25.3,1.059,11294
2026-09-26T16:48:32.780770-04:00,"265 Park Ave W NW, Atlanta, GA 30313","101 E Court Square, Decatur, GA 30030",24.52,24.13,1.016,11227
2026-09-26T16:48:33.208489-04:00,"205 Lawrence St, Marietta, GA 30060","265 Park Ave W NW, Atlanta, GA 30313",32.5,26.02,1.249,30558
2026-09-26T16:48:33.712974-04:00,"265 Park Ave W NW, Atlanta, GA 30313","205 Lawrence St, Marietta, GA 30060",29.18,27.73,1.052,29352
2026-09-26T16:53:34.253211-04:00,"6000 N Terminal Pkwy, Atlanta, GA 30320","265 Park Ave W NW, Atlanta, GA 30313",31.2,25.17,1.24,17983
2026-09-26T16:53:34.756361-04:00,"265 Park Ave W NW, Atlanta, GA 30313","6000 N Terminal Pkwy, Atlanta, GA 30320",23.65,22.95,1.031,19742
2026-09-26T16:53:35.341552-04:00,"6000 N Terminal Pkwy, Atlanta, GA 30320","1380 Atlantic Dr NW, Atlanta, GA 30363",37.08,18.33,2.023,20958
2026-09-26T16:53:35.807952-04:00,"1380 Atlantic Dr NW, Atlanta, GA 30363","6000 N Terminal Pkwy, Atlanta, GA 30320",29.07,25.08,1.159,22840
2026-09-26T16:53:36.318130-04:00,"6000 N Terminal Pkwy, Atlanta, GA 30320","3393 Peachtree Rd NE, Atlanta, GA 30326",44.53,25.3,1.76,29995
2026-09-26T16:53:36.834843-04:00,"3393 Peachtree Rd NE, Atlanta, GA 30326","6000 N Terminal Pkwy, Atlanta, GA 30320",39.53,30.67,1.289,32013
2026-09-26T16:53:37.377458-04:00,"6000 N Terminal Pkwy, Atlanta, GA 30320","225 North Ave NW, Atlanta, GA 30332",36.25,27.33,1.326,18020
2026-09-26T16:53:37.860829-04:00,"225 North Ave NW, Atlanta, GA 30332","6000 N Terminal Pkwy, Atlanta, GA 30320",25.03,23.0,1.088,21085
2026-09-26T16:53:38.284467-04:00,"265 Park Ave W NW, Atlanta, GA 30313","1380 Atlantic Dr NW, Atlanta, GA 30363",11.83,10.6,1.116,4925
2026-09-26T16:53:38.741807-04:00,"1380 Atlantic Dr NW, Atlanta, GA 30363","265 Park Ave W NW, Atlanta, GA 30313",15.32,13.37,1.146,5127
2026-09-26T16:53:39.247571-04:00,"265 Park Ave W NW, Atlanta, GA 30313","3393 Peachtree Rd NE, Atlanta, GA 30326",19.22,19.9,0.966,13961
2026-09-26T16:53:39.669036-04:00,"3393 Peachtree Rd NE, Atlanta, GA 30326","265 Park Ave W NW, Atlanta, GA 30313",26.9,18.1,1.486,13831
2026-09-26T16:53:40.084038-04:00,"265 Park Ave W NW, Atlanta, GA 30313","225 North Ave NW, Atlanta, GA 30332",8.18,8.1,1.01,2382
2026-09-26T16:53:40.521001-04:00,"225 North Ave NW, Atlanta, GA 30332","265 Park Ave W NW, Atlanta, GA 30313",9.18,8.72,1.054,2067
2026-09-26T16:53:41.025267-04:00,"1380 Atlantic Dr NW, Atlanta, GA 30363","3393 Peachtree Rd NE, Atlanta, GA 30326",18.42,17.58,1.047,10266
2026-09-26T16:53:41.465508-04:00,"3393 Peachtree Rd NE, Atlanta, GA 30326","1380 Atlantic Dr NW, Atlanta, GA 30363",20.17,17.4,1.159,10074
2026-09-26T16:53:41.919733-04:00,"1380 Atlantic Dr NW, Atlanta, GA 30363","225 North Ave NW, Atlanta, GA 30332",10.18,10.8,0.943,3264
2026-09-26T16:53:42.357191-04:00,"225 North Ave NW, Atlanta, GA 30332","1380 Atlantic Dr NW, Atlanta, GA 30363",11.07,11.48,0.964,3461
2026-09-26T16:53:42.917238-04:00,"3393 Peachtree Rd NE, Atlanta, GA 30326","225 North Ave NW, Atlanta, GA 30332",24.35,18.23,1.335,12456
2026-09-26T16:53:43.409067-04:00,"225 North Ave NW, Atlanta, GA 30332","3393 Peachtree Rd NE, Atlanta, GA 30326",19.33,16.93,1.142,13584
2026-09-26T16:53:43.850769-04:00,"4400 Ashford Dunwoody Rd, Dunwoody, GA 30346","3393 Peachtree Rd NE, Atlanta, GA 30326",16.45,17.08,0.963,11803
2026-09-26T16:53:44.417950-04:00,"3393 Peachtree Rd NE, Atlanta, GA 30326","4400 Ashford Dunwoody Rd, Dunwoody, GA 30346",16.08,15.77,1.02,11689
2026-09-26T16:53:44.983166-04:00,"101 E Court Square, Decatur, GA 30030","225 North Ave NW, Atlanta, GA 30332",27.85,25.1,1.11,10208
2026-09-26T16:53:45.438281-04:00,"225 North Ave NW, Atlanta, GA 30332","101 E Court Square, Decatur, GA 30030",25.52,23.7,1.077,10272
2026-09-26T16:53:45.985028-04:00,"205 Lawrence St, Marietta, GA 30060","225 North Ave NW, Atlanta, GA 30332",29.27,26.1,1.121,29167
2026-09-26T16:53:46.461949-04:00,"225 North Ave NW, Atlanta, GA 30332","205 Lawrence St, Marietta, GA 30060",28.73,28.52,1.008,27895
2026-09-26T16:53:47.052300-04:00,"1 Galambos Way, Sandy Springs, GA 30328","3393 Peachtree Rd NE, Atlanta, GA 30326",18.12,16.8,1.078,13507
2026-09-26T16:53:47.513907-04:00,"3393 Peachtree Rd NE, Atlanta, GA 30326","1 Galambos Way, Sandy Springs, GA 30328",17.98,18.63,0.965,12587
2026-09-26T16:53:48.068341-04:00,"5485 Chamblee Dunwoody Rd, Dunwoody, GA 30338","3393 Peachtree Rd NE, Atlanta, GA 30326",16.83,16.02,1.051,13634
2026-09-26T16:53:48.568151-04:00,"3393 Peachtree Rd NE, Atlanta, GA 30326","5485 Chamblee Dunwoody Rd, Dunwoody, GA 30338",17.13,17.13,1.0,13651
2026-09-26T16:53:49.130185-04:00,"6400 Sugarloaf Pkwy, Duluth, GA 30097","225 North Ave NW, Atlanta, GA 30332",37.57,31.93,1.176,40710
2026-09-26T16:53:49.633671-04:00,"225 North Ave NW, Atlanta, GA 30332","6400 Sugarloaf Pkwy, Duluth, GA 30097",35.3,32.3,1.093,42787
2026-09-26T16:53:50.245531-04:00,"210 Luckie St, Lawrenceville, GA 30046","225 North Ave NW, Atlanta, GA 30332",46.82,39.97,1.171,48320
2026-09-26T16:53:50.802502-04:00,"225 North Ave NW, Atlanta, GA 30332","210 Luckie St, Lawrenceville, GA 30046",43.3,39.38,1.099,49734
2026-09-26T16:53:51.309364-04:00,"101 E Court Square, Decatur, GA 30030","265 Park Ave W NW, Atlanta, GA 30313",26.58,25.3,1.051,11294
2026-09-26T16:53:51.769305-04:00,"265 Park Ave W NW, Atlanta, GA 30313","101 E Court Square, Decatur, GA 30030",24.75,24.13,1.026,11227
2026-09-26T16:53:52.301965-04:00,"205 Lawrence St, Marietta, GA 30060","265 Park Ave W NW, Atlanta, GA 30313",31.33,26.1,1.201,30184
2026-09-26T16:53:52.767645-04:00,"265 Park Ave W NW, Atlanta, GA 30313","205 Lawrence St, Marietta, GA 30060",29.63,27.73,1.069,29352
2026-09-26T16:58:53.274033-04:00,"6000 N Terminal Pkwy, Atlanta, GA 30320","265 Park Ave W NW, Atlanta, GA 30313",31.15,19.2,1.622,16393
2026-09-26T16:58:53.795346-04:00,"265 Park Ave W NW, Atlanta, GA 30313","6000 N Terminal Pkwy, Atlanta, GA 30320",23.42,22.33,1.049,20499
2026-09-26T16:58:54.303674-04:00,"6000 N Terminal Pkwy, Atlanta, GA 30320","1380 Atlantic Dr NW, Atlanta, GA 30363",34.93,18.33,1.905,20958
2026-09-26T16:58:54.930982-04:00,"1380 Atlantic Dr NW, Atlanta, GA 30363","6000 N Terminal Pkwy, Atlanta, GA 30320",30.98,25.08,1.235,22840
2026-09-26T16:58:55.779635-04:00,"6000 N Terminal Pkwy, Atlanta, GA 30320","3393 Peachtree Rd NE, Atlanta, GA 30326",42.5,25.3,1.68,29995
2026-09-26T16:58:56.425705-04:00,"3393 Peachtree Rd NE, Atlanta, GA 30326","6000 N Terminal Pkwy, Atlanta, GA 30320",40.48,32.25,1.255,31173
2026-09-26T16:58:57.025638-04:00,"6000 N Terminal Pkwy, Atlanta, GA 30320","225 North Ave NW, Atlanta, GA 30332",35.6,19.62,1.815,18967
2026-09-26T16:58:57.558520-04:00,"225 North Ave NW, Atlanta, GA 30332","6000 N Terminal Pkwy, Atlanta, GA 30320",25.15,23.0,1.093,21085
2026-09-26T16:58:58.036936-04:00,"265 Park Ave W NW, Atlanta, GA 30313","1380 Atlantic Dr NW, Atlanta, GA 30363",11.45,10.6,1.08,4925
2026-09-26T16:58:58.457823-04:00,"1380 Atlantic Dr NW, Atlanta, GA 30363","265 Park Ave W NW, Atlanta, GA 30313",15.22,13.37,1.138,5127
2026-09-26T16:58:58.981218-04:00,"265 Park Ave W NW, Atlanta, GA 30313","3393 Peachtree Rd NE, Atlanta, GA 30326",19.05,17.57,1.084,13962
2026-09-26T16:58:59.496645-04:00,"3393 Peachtree Rd NE, Atlanta, GA 30326","265 Park Ave W NW, Atlanta, GA 30313",27.87,19.68,1.416,12990
2026-09-26T16:58:59.925910-04:00,"265 Park Ave W NW, Atlanta, GA 30313","225 North Ave NW, Atlanta, GA 30332",8.05,8.1,0.994,2382
2026-09-26T16:59:00.424557-04:00,"225 North Ave NW, Atlanta, GA 30332","265 Park Ave W NW, Atlanta, GA 30313",9.2,8.72,1.055,2067
2026-09-26T16:59:00.891267-04:00,"1380 Atlantic Dr NW, Atlanta, GA 30363","3393 Peachtree Rd NE, Atlanta, GA 30326",18.65,17.58,1.061,10266
2026-09-26T16:59:01.357931-04:00,"3393 Peachtree Rd NE, Atlanta, GA 30326","1380 Atlantic Dr NW, Atlanta, GA 30363",20.28,16.83,1.205,10329
2026-09-26T16:59:01.791562-04:00,"1380 Atlantic Dr NW, Atlanta, GA 30363","225 North Ave NW, Atlanta, GA 30332",10.52,10.8,0.974,3264
2026-09-26T16:59:02.324260-04:00,"225 North Ave NW, Atlanta, GA 30332","1380 Atlantic Dr NW, Atlanta, GA 30363",11.02,11.48,0.959,3461
2026-09-26T16:59:02.826007-04:00,"3393 Peachtree Rd NE, Atlanta, GA 30326","225 North Ave NW, Atlanta, GA 30332",25.05,19.82,1.264,11615
2026-09-26T16:59:03.275600-04:00,"225 North Ave NW, Atlanta, GA 30332","3393 Peachtree Rd NE, Atlanta, GA 30326",19.25,19.85,0.97,13584
2026-09-26T16:59:03.691392-04:00,"4400 Ashford Dunwoody Rd, Dunwoody, GA 30346","3393 Peachtree Rd NE, Atlanta, GA 30326",17.15,14.83,1.156,11803
2026-09-26T16:59:04.207564-04:00,"3393 Peachtree Rd NE, Atlanta, GA 30326","4400 Ashford Dunwoody Rd, Dunwoody, GA 30346",15.98,15.77,1.014,11689
2026-09-26T16:59:04.707549-04:00,"101 E Court Square, Decatur, GA 30030","225 North Ave NW, Atlanta, GA 30332",27.45,25.2,1.089,10194
2026-09-26T16:59:05.124309-04:00,"225 North Ave NW, Atlanta, GA 30332","101 E Court Square, Decatur, GA 30030",25.5,26.32,0.969,10272
2026-09-26T16:59:05.569657-04:00,"205 Lawrence St, Marietta, GA 30060","225 North Ave NW, Atlanta, GA 30332",28.78,26.1,1.103,29167
2026-09-26T16:59:06.060182-04:00,"225 North Ave NW, Atlanta, GA 30332","205 Lawrence St, Marietta, GA 30060",28.87,28.52,1.012,27895
2026-09-26T16:59:06.542513-04:00,"1 Galambos Way, Sandy Springs, GA 30328","3393 Peachtree Rd NE, Atlanta, GA 30326",18.65,16.8,1.11,13507
2026-09-26T16:59:06.993830-04:00,"3393 Peachtree Rd NE, Atlanta, GA 30326","1 Galambos Way, Sandy Springs, GA 30328",18.05,17.03,1.06,12587
2026-09-26T16:59:07.550672-04:00,"5485 Chamblee Dunwoody Rd, Dunwoody, GA 30338","3393 Peachtree Rd NE, Atlanta, GA 30326",17.25,16.02,1.077,13634
2026-09-26T16:59:08.343601-04:00,"3393 Peachtree Rd NE, Atlanta, GA 30326","5485 Chamblee Dunwoody Rd, Dunwoody, GA 30338",17.08,17.13,0.997,13651
2026-09-26T16:59:08.994946-04:00,"6400 Sugarloaf Pkwy, Duluth, GA 30097","225 North Ave NW, Atlanta, GA 30332",38.18,31.93,1.196,40710
2026-09-26T16:59:09.608006-04:00,"225 North Ave NW, Atlanta, GA 30332","6400 Sugarloaf Pkwy, Duluth, GA 30097",34.67,32.3,1.073,42787
2026-09-26T16:59:10.247778-04:00,"210 Luckie St, Lawrenceville, GA 30046","225 North Ave NW, Atlanta, GA 30332",46.45,40.1,1.158,48311
2026-09-26T16:59:10.825887-04:00,"225 North Ave NW, Atlanta, GA 30332","210 Luckie St, Lawrenceville, GA 30046",42.52,39.38,1.08,49734
2026-09-26T16:59:11.302718-04:00,"101 E Court Square, Decatur, GA 30030","265 Park Ave W NW, Atlanta, GA 30313",27.02,25.3,1.068,11294
2026-09-26T16:59:11.891767-04:00,"265 Park Ave W NW, Atlanta, GA 30313","101 E Court Square, Decatur, GA 30030",24.52,24.13,1.016,11227
2026-09-26T16:59:12.373892-04:00,"205 Lawrence St, Marietta, GA 30060","265 Park Ave W NW, Atlanta, GA 30313",31.45,26.02,1.209,30558
2026-09-26T16:59:12.842410-04:00,"265 Park Ave W NW, Atlanta, GA 30313","205 Lawrence St, Marietta, GA 30060",29.15,27.73,1.051,29352
2026-09-26T17:04:13.387781-04:00,"6000 N Terminal Pkwy, Atlanta, GA 30320","265 Park Ave W NW, Atlanta, GA 30313",28.53,19.57,1.458,16799
2026-09-26T17:04:13.855916-04:00,"265 Park Ave W NW, Atlanta, GA 30313","6000 N Terminal Pkwy, Atlanta, GA 30320",24.13,24.32,0.992,18142
2026-09-26T17:04:14.290966-04:00,"6000 N Terminal Pkwy, Atlanta, GA 30320","1380 Atlantic Dr NW, Atlanta, GA 30363",32.88,18.33,1.794,20958
2026-09-26T17:04:14.814123-04:00,"1380 Atlantic Dr NW, Atlanta, GA 30363","6000 N Terminal Pkwy, Atlanta, GA 30320",29.98,26.47,1.133,23063
2026-09-26T17:04:15.348375-04:00,"6000 N Terminal Pkwy, Atlanta, GA 30320","3393 Peachtree Rd NE, Atlanta, GA 30326",40.65,25.3,1.607,29995
2026-09-26T17:04:15.931581-04:00,"3393 Peachtree Rd NE, Atlanta, GA 30326","6000 N Terminal Pkwy, Atlanta, GA 30320",39.97,32.25,1.239,31173
2026-09-26T17:04:16.414602-04:00,"6000 N Terminal Pkwy, Atlanta, GA 30320","225 North Ave NW, Atlanta, GA 30332",33.7,19.62,1.718,18967
2026-09-26T17:04:16.964812-04:00,"225 North Ave NW, Atlanta, GA 30332","6000 N Terminal Pkwy, Atlanta, GA 30320",24.93,22.77,1.095,21070
2026-09-26T17:04:17.487042-04:00,"265 Park Ave W NW, Atlanta, GA 30313","1380 Atlantic Dr NW, Atlanta, GA 30363",13.15,13.4,0.981,4925
2026-09-26T17:04:17.971508-04:00,"1380 Atlantic Dr NW, Atlanta, GA 30363","265 Park Ave W NW, Atlanta, GA 30313",15.87,13.37,1.187,5127
2026-09-26T17:04:18.422977-04:00,"265 Park Ave W NW, Atlanta, GA 30313","3393 Peachtree Rd NE, Atlanta, GA 30326",20.92,17.57,1.191,13962
2026-09-26T17:04:18.947722-04:00,"3393 Peachtree Rd NE, Atlanta, GA 30326","265 Park Ave W NW, Atlanta, GA 30313",27.52,19.68,1.398,12990
2026-09-26T17:04:19.462603-04:00,"265 Park Ave W NW, Atlanta, GA 30313","225 North Ave NW, Atlanta, GA 30332",8.12,8.1,1.002,2382
2026-09-26T17:04:19.880667-04:00,"225 North Ave NW, Atlanta, GA 30332","265 Park Ave W NW, Atlanta, GA 30313",9.23,10.07,0.917,2066
2026-09-26T17:04:20.398135-04:00,"1380 Atlantic Dr NW, Atlanta, GA 30363","3393 Peachtree Rd NE, Atlanta, GA 30326",18.27,17.88,1.021,10567
2026-09-26T17:04:20.931283-04:00,"3393 Peachtree Rd NE, Atlanta, GA 30326","1380 Atlantic Dr NW, Atlanta, GA 30363",19.97,20.4,0.979,9873
2026-09-26T17:04:21.501003-04:00,"1380 Atlantic Dr NW, Atlanta, GA 30363","225 North Ave NW, Atlanta, GA 30332",11.23,10.8,1.04,3264
2026-09-26T17:04:21.980519-04:00,"225 North Ave NW, Atlanta, GA 30332","1380 Atlantic Dr NW, Atlanta, GA 30363",10.9,11.48,0.949,3461
2026-09-26T17:04:22.501143-04:00,"3393 Peachtree Rd NE, Atlanta, GA 30326","225 North Ave NW, Atlanta, GA 30332",24.98,19.82,1.261,11615
2026-09-26T17:04:23.064326-04:00,"225 North Ave NW, Atlanta, GA 30332","3393 Peachtree Rd NE, Atlanta, GA 30326",19.07,16.7,1.142,13569
2026-09-26T17:04:23.564156-04:00,"4400 Ashford Dunwoody Rd, Dunwoody, GA 30346","3393 Peachtree Rd NE, Atlanta, GA 30326",17.07,14.83,1.151,11803
2026-09-26T17:04:24.014708-04:00,"3393 Peachtree Rd NE, Atlanta, GA 30326","4400 Ashford Dunwoody Rd, Dunwoody, GA 30346",16.13,15.77,1.023,11689
2026-09-26T17:04:24.570963-04:00,"101 E Court Square, Decatur, GA 30030","225 North Ave NW, Atlanta, GA 30332",28.03,25.1,1.117,10208
2026-09-26T17:04:25.114678-04:00,"225 North Ave NW, Atlanta, GA 30332","101 E Court Square, Decatur, GA 30030",25.43,23.47,1.084,10257
2026-09-26T17:04:25.647575-04:00,"205 Lawrence St, Marietta, GA 30060","225 North Ave NW, Atlanta, GA 30332",28.33,26.1,1.086,29167
2026-09-26T17:04:26.139997-04:00,"225 North Ave NW, Atlanta, GA 30332","205 Lawrence St, Marietta, GA 30060",28.35,28.52,0.994,27895
2026-09-26T17:04:26.789834-04:00,"1 Galambos Way, Sandy Springs, GA 30328","3393 Peachtree Rd NE, Atlanta, GA 30326",18.98,16.1,1.179,11682
2026-09-26T17:04:27.314532-04:00,"3393 Peachtree Rd NE, Atlanta, GA 30326","1 Galambos Way, Sandy Springs, GA 30328",18.28,17.03,1.073,12587
2026-09-26T17:04:27.847068-04:00,"5485 Chamblee Dunwoody Rd, Dunwoody, GA 30338","3393 Peachtree Rd NE, Atlanta, GA 30326",17.25,16.02,1.077,13634
2026-09-26T17:04:28.390181-04:00,"3393 Peachtree Rd NE, Atlanta, GA 30326","5485 Chamblee Dunwoody Rd, Dunwoody, GA 30338",17.3,17.13,1.01,13651
2026-09-26T17:04:28.914697-04:00,"6400 Sugarloaf Pkwy, Duluth, GA 30097","225 North Ave NW, Atlanta, GA 30332",39.03,32.17,1.213,40694
2026-09-26T17:04:29.408429-04:00,"225 North Ave NW, Atlanta, GA 30332","6400 Sugarloaf Pkwy, Duluth, GA 30097",35.07,32.07,1.094,42772
2026-09-26T17:04:29.947705-04:00,"210 Luckie St, Lawrenceville, GA 30046","225 North Ave NW, Atlanta, GA 30332",47.12,40.1,1.175,48311
2026-09-26T17:04:30.452421-04:00,"225 North Ave NW, Atlanta, GA 30332","210 Luckie St, Lawrenceville, GA 30046",43.07,39.15,1.1,49719
2026-09-26T17:04:30.897832-04:00,"101 E Court Square, Decatur, GA 30030","265 Park Ave W NW, Atlanta, GA 30313",27.22,25.3,1.076,11294
2026-09-26T17:04:31.347461-04:00,"265 Park Ave W NW, Atlanta, GA 30313","101 E Court Square, Decatur, GA 30030",25.03,24.13,1.037,11227
2026-09-26T17:04:31.901749-04:00,"205 Lawrence St, Marietta, GA 30060","265 Park Ave W NW, Atlanta, GA 30313",31.02,26.02,1.192,30558
2026-09-26T17:04:32.748610-04:00,"265 Park Ave W NW, Atlanta, GA 30313","205 Lawrence St, Marietta, GA 30060",30.68,27.73,1.106,29352
2026-09-26T17:09:33.272172-04:00,"6000 N Terminal Pkwy, Atlanta, GA 30320","265 Park Ave W NW, Atlanta, GA 30313",28.38,19.2,1.478,16393
2026-09-26T17:09:33.767912-04:00,"265 Park Ave W NW, Atlanta, GA 30313","6000 N Terminal Pkwy, Atlanta, GA 30320",23.63,22.95,1.03,19742
2026-09-26T17:09:34.288544-04:00,"6000 N Terminal Pkwy, Atlanta, GA 30320","1380 Atlantic Dr NW, Atlanta, GA 30363",33.13,18.33,1.807,20958
2026-09-26T17:09:34.772566-04:00,"1380 Atlantic Dr NW, Atlanta, GA 30363","6000 N Terminal Pkwy, Atlanta, GA 30320",27.87,26.47,1.053,22909
2026-09-26T17:09:35.322287-04:00,"6000 N Terminal Pkwy, Atlanta, GA 30320","3393 Peachtree Rd NE, Atlanta, GA 30326",40.62,25.3,1.605,29995
2026-09-26T17:09:35.822605-04:00,"3393 Peachtree Rd NE, Atlanta, GA 30326","6000 N Terminal Pkwy, Atlanta, GA 30320",39.92,32.25,1.238,31173
2026-09-26T17:09:36.410812-04:00,"6000 N Terminal Pkwy, Atlanta, GA 30320","225 North Ave NW, Atlanta, GA 30332",33.7,19.62,1.718,18967
2026-09-26T17:09:36.888732-04:00,"225 North Ave NW, Atlanta, GA 30332","6000 N Terminal Pkwy, Atlanta, GA 30320",24.82,23.0,1.079,21085
2026-09-26T17:09:37.356872-04:00,"265 Park Ave W NW, Atlanta, GA 30313","1380 Atlantic Dr NW, Atlanta, GA 30363",12.77,10.6,1.204,4925
2026-09-26T17:09:37.855677-04:00,"1380 Atlantic Dr NW, Atlanta, GA 30363","265 Park Ave W NW, Atlanta, GA 30313",15.57,13.37,1.165,5127
2026-09-26T17:09:38.306433-04:00,"265 Park Ave W NW, Atlanta, GA 30313","3393 Peachtree Rd NE, Atlanta, GA 30326",20.18,17.57,1.149,13962
2026-09-26T17:09:38.772491-04:00,"3393 Peachtree Rd NE, Atlanta, GA 30326","265 Park Ave W NW, Atlanta, GA 30313",27.48,20.25,1.357,12735
2026-09-26T17:09:39.274893-04:00,"265 Park Ave W NW, Atlanta, GA 30313","225 North Ave NW, Atlanta, GA 30332",8.47,7.35,1.152,2086
2026-09-26T17:09:39.773161-04:00,"225 North Ave NW, Atlanta, GA 30332","265 Park Ave W NW, Atlanta, GA 30313",9.48,8.72,1.088,2067
2026-09-26T17:09:40.323048-04:00,"1380 Atlantic Dr NW, Atlanta, GA 30363","3393 Peachtree Rd NE, Atlanta, GA 30326",18.08,17.63,1.026,10266
2026-09-26T17:09:40.822566-04:00,"3393 Peachtree Rd NE, Atlanta, GA 30326","1380 Atlantic Dr NW, Atlanta, GA 30363",19.62,16.83,1.165,10329
2026-09-26T17:09:41.307816-04:00,"1380 Atlantic Dr NW, Atlanta, GA 30363","225 North Ave NW, Atlanta, GA 30332",11.2,10.8,1.037,3264
2026-09-26T17:09:41.925676-04:00,"225 North Ave NW, Atlanta, GA 30332","1380 Atlantic Dr NW, Atlanta, GA 30363",10.98,11.48,0.956,3461
2026-09-26T17:09:42.571460-04:00,"3393 Peachtree Rd NE, Atlanta, GA 30326","225 North Ave NW, Atlanta, GA 30332",25.23,22.28,1.132,12041
2026-09-26T17:09:43.289952-04:00,"225 North Ave NW, Atlanta, GA 30332","3393 Peachtree Rd NE, Atlanta, GA 30326",19.13,16.93,1.13,13584
2026-09-26T17:09:43.888496-04:00,"4400 Ashford Dunwoody Rd, Dunwoody, GA 30346","3393 Peachtree Rd NE, Atlanta, GA 30326",16.62,14.83,1.12,11803
2026-09-26T17:09:44.412030-04:00,"3393 Peachtree Rd NE, Atlanta, GA 30326","4400 Ashford Dunwoody Rd, Dunwoody, GA 30346",16.05,15.77,1.018,11689
2026-09-26T17:09:45.012145-04:00,"101 E Court Square, Decatur, GA 30030","225 North Ave NW, Atlanta, GA 30332",27.3,25.1,1.088,10208
2026-09-26T17:09:45.477654-04:00,"225 North Ave NW, Atlanta, GA 30332","101 E Court Square, Decatur, GA 30030",25.42,23.7,1.072,10272
2026-09-26T17:09:45.956506-04:00,"205 Lawrence St, Marietta, GA 30060","225 North Ave NW, Atlanta, GA 30332",28.1,26.1,1.077,29167
2026-09-26T17:09:46.479055-04:00,"225 North Ave NW, Atlanta, GA 30332","205 Lawrence St, Marietta, GA 30060",29.13,28.52,1.022,27895
2026-09-26T17:09:47.031370-04:00,"1 Galambos Way, Sandy Springs, GA 30328","3393 Peachtree Rd NE, Atlanta, GA 30326",18.28,16.8,1.088,13507
2026-09-26T17:09:47.538734-04:00,"3393 Peachtree Rd NE, Atlanta, GA 30326","1 Galambos Way, Sandy Springs, GA 30328",17.8,17.03,1.045,12587
2026-09-26T17:09:48.005769-04:00,"5485 Chamblee Dunwoody Rd, Dunwoody, GA 30338","3393 Peachtree Rd NE, Atlanta, GA 30326",16.98,16.02,1.06,13634
2026-09-26T17:09:48.544029-04:00,"3393 Peachtree Rd NE, Atlanta, GA 30326","5485 Chamblee Dunwoody Rd, Dunwoody, GA 30338",16.97,17.13,0.99,13651
2026-09-26T17:09:49.122004-04:00,"6400 Sugarloaf Pkwy, Duluth, GA 30097","225 North Ave NW, Atlanta, GA 30332",38.28,32.17,1.19,40694
2026-09-26T17:09:49.673510-04:00,"225 North Ave NW, Atlanta, GA 30332","6400 Sugarloaf Pkwy, Duluth, GA 30097",36.68,32.3,1.136,42787
2026-09-26T17:09:50.243262-04:00,"210 Luckie St, Lawrenceville, GA 30046","225 North Ave NW, Atlanta, GA 30332",47.05,40.1,1.173,48311
2026-09-26T17:09:50.800462-04:00,"225 North Ave NW, Atlanta, GA 30332","210 Luckie St, Lawrenceville, GA 30046",45.13,38.68,1.167,49393
2026-09-26T17:09:51.255240-04:00,"101 E Court Square, Decatur, GA 30030","265 Park Ave W NW, Atlanta, GA 30313",26.52,25.3,1.048,11294
2026-09-26T17:09:51.680328-04:00,"265 Park Ave W NW, Atlanta, GA 30313","101 E Court Square, Decatur, GA 30030",24.2,24.13,1.003,11227
2026-09-26T17:09:52.182080-04:00,"205 Lawrence St, Marietta, GA 30060","265 Park Ave W NW, Atlanta, GA 30313",30.83,26.02,1.185,30558
2026-09-26T17:09:52.756480-04:00,"265 Park Ave W NW, Atlanta, GA 30313","205 Lawrence St, Marietta, GA 30060",31.13,27.73,1.123,29352
2026-09-26T17:14:53.329490-04:00,"6000 N Terminal Pkwy, Atlanta, GA 30320","265 Park Ave W NW, Atlanta, GA 30313",29.73,26.73,1.112,18564
2026-09-26T17:14:53.815495-04:00,"265 Park Ave W NW, Atlanta, GA 30313","6000 N Terminal Pkwy, Atlanta, GA 30320",23.88,22.95,1.041,19742
2026-09-26T17:14:54.229697-04:00,"6000 N Terminal Pkwy, Atlanta, GA 30320","1380 Atlantic Dr NW, Atlanta, GA 30363",39.15,18.35,2.134,20917
2026-09-26T17:14:54.749585-04:00,"1380 Atlantic Dr NW, Atlanta, GA 30363","6000 N Terminal Pkwy, Atlanta, GA 30320",28.18,26.47,1.065,22909
2026-09-26T17:14:55.212012-04:00,"6000 N Terminal Pkwy, Atlanta, GA 30320","3393 Peachtree Rd NE, Atlanta, GA 30326",46.48,25.32,1.836,29954
2026-09-26T17:14:55.721363-04:00,"3393 Peachtree Rd NE, Atlanta, GA 30326","6000 N Terminal Pkwy, Atlanta, GA 30320",40.62,32.25,1.259,31173
2026-09-26T17:14:56.145727-04:00,"6000 N Terminal Pkwy, Atlanta, GA 30320","225 North Ave NW, Atlanta, GA 30332",33.82,27.33,1.237,18020
2026-09-26T17:14:56.643210-04:00,"225 North Ave NW, Atlanta, GA 30332","6000 N Terminal Pkwy, Atlanta, GA 30320",25.75,23.0,1.12,21085
2026-09-26T17:14:57.152047-04:00,"265 Park Ave W NW, Atlanta, GA 30313","1380 Atlantic Dr NW, Atlanta, GA 30363",13.43,13.8,0.973,5409
2026-09-26T17:14:57.616282-04:00,"1380 Atlantic Dr NW, Atlanta, GA 30363","265 Park Ave W NW, Atlanta, GA 30313",15.57,13.75,1.132,5209
2026-09-26T17:14:58.096090-04:00,"265 Park Ave W NW, Atlanta, GA 30313","3393 Peachtree Rd NE, Atlanta, GA 30326",19.92,17.67,1.127,14099
2026-09-26T17:14:58.812576-04:00,"3393 Peachtree Rd NE, Atlanta, GA 30326","265 Park Ave W NW, Atlanta, GA 30313",28.4,19.68,1.443,12990
2026-09-26T17:14:59.384941-04:00,"265 Park Ave W NW, Atlanta, GA 30313","225 North Ave NW, Atlanta, GA 30332",8.57,7.35,1.166,2086
2026-09-26T17:14:59.929326-04:00,"225 North Ave NW, Atlanta, GA 30332","265 Park Ave W NW, Atlanta, GA 30313",9.0,8.72,1.033,2067
2026-09-26T17:15:00.578839-04:00,"1380 Atlantic Dr NW, Atlanta, GA 30363","3393 Peachtree Rd NE, Atlanta, GA 30326",18.5,17.63,1.049,10266
2026-09-26T17:15:01.151528-04:00,"3393 Peachtree Rd NE, Atlanta, GA 30326","1380 Atlantic Dr NW, Atlanta, GA 30363",20.78,16.83,1.235,10329
2026-09-26T17:15:01.595042-04:00,"1380 Atlantic Dr NW, Atlanta, GA 30363","225 North Ave NW, Atlanta, GA 30332",10.47,10.8,0.969,3264
2026-09-26T17:15:02.147222-04:00,"225 North Ave NW, Atlanta, GA 30332","1380 Atlantic Dr NW, Atlanta, GA 30363",10.98,11.48,0.956,3461
2026-09-26T17:15:02.595042-04:00,"3393 Peachtree Rd NE, Atlanta, GA 30326","225 North Ave NW, Atlanta, GA 30332",26.2,22.28,1.176,12041
2026-09-26T17:15:03.060061-04:00,"225 North Ave NW, Atlanta, GA 30332","3393 Peachtree Rd NE, Atlanta, GA 30326",19.73,17.12,1.153,13740
2026-09-26T17:15:03.479531-04:00,"4400 Ashford Dunwoody Rd, Dunwoody, GA 30346","3393 Peachtree Rd NE, Atlanta, GA 30326",16.63,14.95,1.113,11941
2026-09-26T17:15:03.912886-04:00,"3393 Peachtree Rd NE, Atlanta, GA 30326","4400 Ashford Dunwoody Rd, Dunwoody, GA 30346",16.12,15.77,1.022,11689
2026-09-26T17:15:04.428239-04:00,"101 E Court Square, Decatur, GA 30030","225 North Ave NW, Atlanta, GA 30332",27.17,25.1,1.082,10208
2026-09-26T17:15:04.911683-04:00,"225 North Ave NW, Atlanta, GA 30332","101 E Court Square, Decatur, GA 30030",25.37,23.7,1.07,10272
2026-09-26T17:15:05.428342-04:00,"205 Lawrence St, Marietta, GA 30060","225 North Ave NW, Atlanta, GA 30332",28.23,26.1,1.082,29167
2026-09-26T17:15:05.941800-04:00,"225 North Ave NW, Atlanta, GA 30332","205 Lawrence St, Marietta, GA 30060",28.92,29.82,0.97,27895
2026-09-26T17:15:06.428223-04:00,"1 Galambos Way, Sandy Springs, GA 30328","3393 Peachtree Rd NE, Atlanta, GA 30326",18.68,16.9,1.106,13644
2026-09-26T17:15:06.990763-04:00,"3393 Peachtree Rd NE, Atlanta, GA 30326","1 Galambos Way, Sandy Springs, GA 30328",18.22,17.03,1.069,12587
2026-09-26T17:15:07.453946-04:00,"5485 Chamblee Dunwoody Rd, Dunwoody, GA 30338","3393 Peachtree Rd NE, Atlanta, GA 30326",17.05,16.12,1.058,13772
2026-09-26T17:15:07.912265-04:00,"3393 Peachtree Rd NE, Atlanta, GA 30326","5485 Chamblee Dunwoody Rd, Dunwoody, GA 30338",17.28,17.13,1.009,13651
2026-09-26T17:15:08.445891-04:00,"6400 Sugarloaf Pkwy, Duluth, GA 30097","225 North Ave NW, Atlanta, GA 30332",38.72,31.93,1.212,40154
2026-09-26T17:15:08.978296-04:00,"225 North Ave NW, Atlanta, GA 30332","6400 Sugarloaf Pkwy, Duluth, GA 30097",36.77,32.38,1.135,42805
2026-09-26T17:15:09.511588-04:00,"210 Luckie St, Lawrenceville, GA 30046","225 North Ave NW, Atlanta, GA 30332",49.07,40.42,1.214,51157
2026-09-26T17:15:10.048106-04:00,"225 North Ave NW, Atlanta, GA 30332","210 Luckie St, Lawrenceville, GA 30046",44.07,38.62,1.141,49413
2026-09-26T17:15:10.516291-04:00,"101 E Court Square, Decatur, GA 30030","265 Park Ave W NW, Atlanta, GA 30313",26.05,27.3,0.954,11294
2026-09-26T17:15:11.064024-04:00,"265 Park Ave W NW, Atlanta, GA 30313","101 E Court Square, Decatur, GA 30030",24.28,24.13,1.006,11227
2026-09-26T17:15:11.644904-04:00,"205 Lawrence St, Marietta, GA 30060","265 Park Ave W NW, Atlanta, GA 30313",30.85,26.02,1.186,30558
2026-09-26T17:15:12.258712-04:00,"265 Park Ave W NW, Atlanta, GA 30313","205 Lawrence St, Marietta, GA 30060",29.92,27.73,1.079,29352
2026-09-26T17:20:12.953045-04:00,"6000 N Terminal Pkwy, Atlanta, GA 30320","265 Park Ave W NW, Atlanta, GA 30313",29.57,25.68,1.151,16331
2026-09-26T17:20:13.553393-04:00,"265 Park Ave W NW, Atlanta, GA 30313","6000 N Terminal Pkwy, Atlanta, GA 30320",22.95,22.95,1.0,19742
2026-09-26T17:20:14.163068-04:00,"6000 N Terminal Pkwy, Atlanta, GA 30320","1380 Atlantic Dr NW, Atlanta, GA 30363",37.65,29.07,1.295,23080
2026-09-26T17:20:14.889340-04:00,"1380 Atlantic Dr NW, Atlanta, GA 30363","6000 N Terminal Pkwy, Atlanta, GA 30320",28.48,24.75,1.151,22561
2026-09-26T17:20:15.387167-04:00,"6000 N Terminal Pkwy, Atlanta, GA 30320","3393 Peachtree Rd NE, Atlanta, GA 30326",44.95,36.03,1.247,32117
2026-09-26T17:20:15.877844-04:00,"3393 Peachtree Rd NE, Atlanta, GA 30326","6000 N Terminal Pkwy, Atlanta, GA 30320",39.63,30.67,1.292,32013
2026-09-26T17:20:16.386743-04:00,"6000 N Terminal Pkwy, Atlanta, GA 30320","225 North Ave NW, Atlanta, GA 30332",33.72,27.33,1.234,18020
2026-09-26T17:20:16.868267-04:00,"225 North Ave NW, Atlanta, GA 30332","6000 N Terminal Pkwy, Atlanta, GA 30320",25.82,23.0,1.122,21085
2026-09-26T17:20:17.311341-04:00,"265 Park Ave W NW, Atlanta, GA 30313","1380 Atlantic Dr NW, Atlanta, GA 30363",11.77,10.6,1.11,4925
2026-09-26T17:20:17.819839-04:00,"1380 Atlantic Dr NW, Atlanta, GA 30363","265 Park Ave W NW, Atlanta, GA 30313",15.77,17.43,0.904,5209
2026-09-26T17:20:18.320113-04:00,"265 Park Ave W NW, Atlanta, GA 30313","3393 Peachtree Rd NE, Atlanta, GA 30326",19.18,17.57,1.092,13962
2026-09-26T17:20:18.872083-04:00,"3393 Peachtree Rd NE, Atlanta, GA 30326","265 Park Ave W NW, Atlanta, GA 30313",27.92,18.1,1.542,13831
2026-09-26T17:20:19.303626-04:00,"265 Park Ave W NW, Atlanta, GA 30313","225 North Ave NW, Atlanta, GA 30332",9.17,7.35,1.247,2086
2026-09-26T17:20:19.825058-04:00,"225 North Ave NW, Atlanta, GA 30332","265 Park Ave W NW, Atlanta, GA 30313",9.27,8.72,1.063,2067
2026-09-26T17:20:20.300714-04:00,"1380 Atlantic Dr NW, Atlanta, GA 30363","3393 Peachtree Rd NE, Atlanta, GA 30326",18.38,17.63,1.043,10266
2026-09-26T17:20:20.736568-04:00,"3393 Peachtree Rd NE, Atlanta, GA 30326","1380 Atlantic Dr NW, Atlanta, GA 30363",20.17,19.98,1.009,10713
2026-09-26T17:20:21.153035-04:00,"1380 Atlantic Dr NW, Atlanta, GA 30363","225 North Ave NW, Atlanta, GA 30332",10.63,10.47,1.016,2985
2026-09-26T17:20:21.640198-04:00,"225 North Ave NW, Atlanta, GA 30332","1380 Atlantic Dr NW, Atlanta, GA 30363",10.9,11.48,0.949,3461
2026-09-26T17:20:22.153063-04:00,"3393 Peachtree Rd NE, Atlanta, GA 30326","225 North Ave NW, Atlanta, GA 30332",24.72,18.23,1.356,12456
2026-09-26T17:20:22.619828-04:00,"225 North Ave NW, Atlanta, GA 30332","3393 Peachtree Rd NE, Atlanta, GA 30326",19.53,16.93,1.154,13584
2026-09-26T17:20:23.104255-04:00,"4400 Ashford Dunwoody Rd, Dunwoody, GA 30346","3393 Peachtree Rd NE, Atlanta, GA 30326",16.63,14.83,1.121,11803
2026-09-26T17:20:23.612278-04:00,"3393 Peachtree Rd NE, Atlanta, GA 30326","4400 Ashford Dunwoody Rd, Dunwoody, GA 30346",16.22,15.77,1.029,11689
2026-09-26T17:20:24.120604-04:00,"101 E Court Square, Decatur, GA 30030","225 North Ave NW, Atlanta, GA 30332",26.82,24.93,1.076,10311
2026-09-26T17:20:24.569297-04:00,"225 North Ave NW, Atlanta, GA 30332","101 E Court Square, Decatur, GA 30030",24.75,23.7,1.044,10272
2026-09-26T17:20:25.094347-04:00,"205 Lawrence St, Marietta, GA 30060","225 North Ave NW, Atlanta, GA 30332",28.05,26.1,1.075,29167
2026-09-26T17:20:25.652906-04:00,"225 North Ave NW, Atlanta, GA 30332","205 Lawrence St, Marietta, GA 30060",29.03,28.52,1.018,27895
2026-09-26T17:20:26.306338-04:00,"1 Galambos Way, Sandy Springs, GA 30328","3393 Peachtree Rd NE, Atlanta, GA 30326",18.43,16.8,1.097,13507
2026-09-26T17:20:27.003857-04:00,"3393 Peachtree Rd NE, Atlanta, GA 30326","1 Galambos Way, Sandy Springs, GA 30328",18.72,17.03,1.099,12587
2026-09-26T17:20:27.717853-04:00,"5485 Chamblee Dunwoody Rd, Dunwoody, GA 30338","3393 Peachtree Rd NE, Atlanta, GA 30326",17.02,16.02,1.062,13634
2026-09-26T17:20:28.251123-04:00,"3393 Peachtree Rd NE, Atlanta, GA 30326","5485 Chamblee Dunwoody Rd, Dunwoody, GA 30338",17.5,17.13,1.021,13651
2026-09-26T17:20:28.761573-04:00,"6400 Sugarloaf Pkwy, Duluth, GA 30097","225 North Ave NW, Atlanta, GA 30332",38.88,32.17,1.209,40694
2026-09-26T17:20:29.274415-04:00,"225 North Ave NW, Atlanta, GA 30332","6400 Sugarloaf Pkwy, Duluth, GA 30097",36.67,32.3,1.135,42787
2026-09-26T17:20:29.817635-04:00,"210 Luckie St, Lawrenceville, GA 30046","225 North Ave NW, Atlanta, GA 30332",48.85,40.23,1.214,48319
2026-09-26T17:20:30.341801-04:00,"225 North Ave NW, Atlanta, GA 30332","210 Luckie St, Lawrenceville, GA 30046",43.98,38.62,1.139,49413
2026-09-26T17:20:30.895069-04:00,"101 E Court Square, Decatur, GA 30030","265 Park Ave W NW, Atlanta, GA 30313",26.48,25.3,1.047,11294
2026-09-26T17:20:31.369357-04:00,"265 Park Ave W NW, Atlanta, GA 30313","101 E Court Square, Decatur, GA 30030",24.63,24.13,1.021,11227
2026-09-26T17:20:31.953080-04:00,"205 Lawrence St, Marietta, GA 30060","265 Park Ave W NW, Atlanta, GA 30313",31.03,26.02,1.193,30558
2026-09-26T17:20:32.403466-04:00,"265 Park Ave W NW, Atlanta, GA 30313","205 Lawrence St, Marietta, GA 30060",29.85,27.73,1.076,29352
2026-09-26T17:25:32.925840-04:00,"6000 N Terminal Pkwy, Atlanta, GA 30320","265 Park Ave W NW, Atlanta, GA 30313",29.82,25.52,1.169,16309
2026-09-26T17:25:33.409465-04:00,"265 Park Ave W NW, Atlanta, GA 30313","6000 N Terminal Pkwy, Atlanta, GA 30320",22.85,22.87,0.999,19771
2026-09-26T17:25:33.946828-04:00,"6000 N Terminal Pkwy, Atlanta, GA 30320","1380 Atlantic Dr NW, Atlanta, GA 30363",42.15,18.35,2.297,20917
2026-09-26T17:25:34.443319-04:00,"1380 Atlantic Dr NW, Atlanta, GA 30363","6000 N Terminal Pkwy, Atlanta, GA 30320",28.88,24.75,1.167,22561
2026-09-26T17:25:34.960352-04:00,"6000 N Terminal Pkwy, Atlanta, GA 30320","3393 Peachtree Rd NE, Atlanta, GA 30326",49.47,25.32,1.954,29954
2026-09-26T17:25:35.484678-04:00,"3393 Peachtree Rd NE, Atlanta, GA 30326","6000 N Terminal Pkwy, Atlanta, GA 30320",38.25,30.67,1.247,32013
2026-09-26T17:25:36.061022-04:00,"6000 N Terminal Pkwy, Atlanta, GA 30320","225 North Ave NW, Atlanta, GA 30332",34.92,27.33,1.277,18020
2026-09-26T17:25:36.564682-04:00,"225 North Ave NW, Atlanta, GA 30332","6000 N Terminal Pkwy, Atlanta, GA 30320",25.18,23.0,1.095,21085
2026-09-26T17:25:37.093104-04:00,"265 Park Ave W NW, Atlanta, GA 30313","1380 Atlantic Dr NW, Atlanta, GA 30363",12.23,10.6,1.154,4925
2026-09-26T17:25:37.576411-04:00,"1380 Atlantic Dr NW, Atlanta, GA 30363","265 Park Ave W NW, Atlanta, GA 30313",15.95,13.75,1.16,5209
2026-09-26T17:25:38.076960-04:00,"265 Park Ave W NW, Atlanta, GA 30313","3393 Peachtree Rd NE, Atlanta, GA 30326",19.78,17.67,1.12,14099
2026-09-26T17:25:38.531792-04:00,"3393 Peachtree Rd NE, Atlanta, GA 30326","265 Park Ave W NW, Atlanta, GA 30313",26.72,18.1,1.476,13831
2026-09-26T17:25:39.044895-04:00,"265 Park Ave W NW, Atlanta, GA 30313","225 North Ave NW, Atlanta, GA 30332",8.72,7.35,1.186,2086
2026-09-26T17:25:39.527028-04:00,"225 North Ave NW, Atlanta, GA 30332","265 Park Ave W NW, Atlanta, GA 30313",9.12,8.72,1.046,2067
2026-09-26T17:25:40.012536-04:00,"1380 Atlantic Dr NW, Atlanta, GA 30363","3393 Peachtree Rd NE, Atlanta, GA 30326",18.3,19.08,0.959,10265
2026-09-26T17:25:40.444509-04:00,"3393 Peachtree Rd NE, Atlanta, GA 30326","1380 Atlantic Dr NW, Atlanta, GA 30363",20.57,20.9,0.984,8869
2026-09-26T17:25:40.915336-04:00,"1380 Atlantic Dr NW, Atlanta, GA 30363","225 North Ave NW, Atlanta, GA 30332",10.8,10.47,1.032,2985
2026-09-26T17:25:41.410433-04:00,"225 North Ave NW, Atlanta, GA 30332","1380 Atlantic Dr NW, Atlanta, GA 30363",10.95,11.48,0.954,3461
2026-09-26T17:25:42.026888-04:00,"3393 Peachtree Rd NE, Atlanta, GA 30326","225 North Ave NW, Atlanta, GA 30332",24.13,18.23,1.324,12456
2026-09-26T17:25:42.683012-04:00,"225 North Ave NW, Atlanta, GA 30332","3393 Peachtree Rd NE, Atlanta, GA 30326",20.3,17.05,1.191,13722
2026-09-26T17:25:43.609838-04:00,"4400 Ashford Dunwoody Rd, Dunwoody, GA 30346","3393 Peachtree Rd NE, Atlanta, GA 30326",16.85,14.95,1.127,11941
2026-09-26T17:25:44.177105-04:00,"3393 Peachtree Rd NE, Atlanta, GA 30326","4400 Ashford Dunwoody Rd, Dunwoody, GA 30346",16.25,15.77,1.031,11689
2026-09-26T17:25:44.709394-04:00,"101 E Court Square, Decatur, GA 30030","225 North Ave NW, Atlanta, GA 30332",28.37,25.1,1.13,10208
2026-09-26T17:25:45.288284-04:00,"225 North Ave NW, Atlanta, GA 30332","101 E Court Square, Decatur, GA 30030",25.28,23.7,1.067,10272
2026-09-26T17:25:45.833573-04:00,"205 Lawrence St, Marietta, GA 30060","225 North Ave NW, Atlanta, GA 30332",27.97,26.1,1.072,29167
2026-09-26T17:25:46.359321-04:00,"225 North Ave NW, Atlanta, GA 30332","205 Lawrence St, Marietta, GA 30060",28.55,28.52,1.001,27895
2026-09-26T17:25:46.897753-04:00,"1 Galambos Way, Sandy Springs, GA 30328","3393 Peachtree Rd NE, Atlanta, GA 30326",18.93,16.22,1.168,11820
2026-09-26T17:25:47.399343-04:00,"3393 Peachtree Rd NE, Atlanta, GA 30326","1 Galambos Way, Sandy Springs, GA 30328",18.17,18.83,0.965,13941
2026-09-26T17:25:47.944301-04:00,"5485 Chamblee Dunwoody Rd, Dunwoody, GA 30338","3393 Peachtree Rd NE, Atlanta, GA 30326",16.83,17.33,0.971,13771
2026-09-26T17:25:48.477899-04:00,"3393 Peachtree Rd NE, Atlanta, GA 30326","5485 Chamblee Dunwoody Rd, Dunwoody, GA 30338",17.2,17.13,1.004,13651
2026-09-26T17:25:49.117582-04:00,"6400 Sugarloaf Pkwy, Duluth, GA 30097","225 North Ave NW, Atlanta, GA 30332",38.4,32.05,1.198,40144
2026-09-26T17:25:49.692744-04:00,"225 North Ave NW, Atlanta, GA 30332","6400 Sugarloaf Pkwy, Duluth, GA 30097",36.73,32.3,1.137,42787
2026-09-26T17:25:50.243107-04:00,"210 Luckie St, Lawrenceville, GA 30046","225 North Ave NW, Atlanta, GA 30332",48.68,40.23,1.21,48319
2026-09-26T17:25:50.810675-04:00,"225 North Ave NW, Atlanta, GA 30332","210 Luckie St, Lawrenceville, GA 30046",44.02,38.53,1.142,49395
2026-09-26T17:25:51.326290-04:00,"101 E Court Square, Decatur, GA 30030","265 Park Ave W NW, Atlanta, GA 30313",26.1,25.3,1.032,11294
2026-09-26T17:25:51.759886-04:00,"265 Park Ave W NW, Atlanta, GA 30313","101 E Court Square, Decatur, GA 30030",25.17,24.13,1.043,11227
2026-09-26T17:25:52.244418-04:00,"205 Lawrence St, Marietta, GA 30060","265 Park Ave W NW, Atlanta, GA 30313",30.78,26.02,1.183,30558
2026-09-26T17:25:52.742594-04:00,"265 Park Ave W NW, Atlanta, GA 30313","205 Lawrence St, Marietta, GA 30060",29.45,27.73,1.062,29352
2026-09-26T17:30:53.159992-04:00,"6000 N Terminal Pkwy, Atlanta, GA 30320","265 Park Ave W NW, Atlanta, GA 30313",28.88,25.23,1.145,18007
2026-09-26T17:30:53.595856-04:00,"265 Park Ave W NW, Atlanta, GA 30313","6000 N Terminal Pkwy, Atlanta, GA 30320",23.28,22.95,1.015,19742
2026-09-26T17:30:54.071199-04:00,"6000 N Terminal Pkwy, Atlanta, GA 30320","1380 Atlantic Dr NW, Atlanta, GA 30363",41.42,18.35,2.257,20917
2026-09-26T17:30:54.615241-04:00,"1380 Atlantic Dr NW, Atlanta, GA 30363","6000 N Terminal Pkwy, Atlanta, GA 30320",29.5,25.08,1.176,22840
2026-09-26T17:30:55.048921-04:00,"6000 N Terminal Pkwy, Atlanta, GA 30320","3393 Peachtree Rd NE, Atlanta, GA 30326",48.9,25.32,1.932,29954
2026-09-26T17:30:55.552926-04:00,"3393 Peachtree Rd NE, Atlanta, GA 30326","6000 N Terminal Pkwy, Atlanta, GA 30320",36.8,30.67,1.2,32013
2026-09-26T17:30:56.103380-04:00,"6000 N Terminal Pkwy, Atlanta, GA 30320","225 North Ave NW, Atlanta, GA 30332",36.6,27.33,1.339,18020
2026-09-26T17:30:56.615508-04:00,"225 North Ave NW, Atlanta, GA 30332","6000 N Terminal Pkwy, Atlanta, GA 30320",24.6,23.0,1.07,21085
2026-09-26T17:30:57.104857-04:00,"265 Park Ave W NW, Atlanta, GA 30313","1380 Atlantic Dr NW, Atlanta, GA 30363",12.42,10.6,1.171,4925
2026-09-26T17:30:57.549670-04:00,"1380 Atlantic Dr NW, Atlanta, GA 30363","265 Park Ave W NW, Atlanta, GA 30313",15.75,13.75,1.145,5209
2026-09-26T17:30:57.998890-04:00,"265 Park Ave W NW, Atlanta, GA 30313","3393 Peachtree Rd NE, Atlanta, GA 30326",20.32,17.67,1.15,14099
2026-09-26T17:30:58.449309-04:00,"3393 Peachtree Rd NE, Atlanta, GA 30326","265 Park Ave W NW, Atlanta, GA 30313",25.35,18.1,1.401,13831
2026-09-26T17:30:58.947708-04:00,"265 Park Ave W NW, Atlanta, GA 30313","225 North Ave NW, Atlanta, GA 30332",8.85,7.35,1.204,2086
2026-09-26T17:30:59.502104-04:00,"225 North Ave NW, Atlanta, GA 30332","265 Park Ave W NW, Atlanta, GA 30313",8.98,8.72,1.031,2067
2026-09-26T17:30:59.949381-04:00,"1380 Atlantic Dr NW, Atlanta, GA 30363","3393 Peachtree Rd NE, Atlanta, GA 30326",18.13,17.63,1.028,10266
2026-09-26T17:31:00.449539-04:00,"3393 Peachtree Rd NE, Atlanta, GA 30326","1380 Atlantic Dr NW, Atlanta, GA 30363",18.22,13.8,1.32,10713
2026-09-26T17:31:00.898949-04:00,"1380 Atlantic Dr NW, Atlanta, GA 30363","225 North Ave NW, Atlanta, GA 30332",10.72,10.8,0.992,3264
2026-09-26T17:31:01.366640-04:00,"225 North Ave NW, Atlanta, GA 30332","1380 Atlantic Dr NW, Atlanta, GA 30363",10.92,11.48,0.951,3461
2026-09-26T17:31:01.815007-04:00,"3393 Peachtree Rd NE, Atlanta, GA 30326","225 North Ave NW, Atlanta, GA 30332",22.93,18.23,1.258,12456
2026-09-26T17:31:02.298693-04:00,"225 North Ave NW, Atlanta, GA 30332","3393 Peachtree Rd NE, Atlanta, GA 30326",20.17,17.12,1.178,13740
2026-09-26T17:31:02.765386-04:00,"4400 Ashford Dunwoody Rd, Dunwoody, GA 30346","3393 Peachtree Rd NE, Atlanta, GA 30326",16.93,14.95,1.133,11941
2026-09-26T17:31:03.310262-04:00,"3393 Peachtree Rd NE, Atlanta, GA 30326","4400 Ashford Dunwoody Rd, Dunwoody, GA 30346",16.45,15.77,1.043,11689
2026-09-26T17:31:03.831704-04:00,"101 E Court Square, Decatur, GA 30030","225 North Ave NW, Atlanta, GA 30332",28.87,25.1,1.15,10208
2026-09-26T17:31:04.297307-04:00,"225 North Ave NW, Atlanta, GA 30332","101 E Court Square, Decatur, GA 30030",24.58,23.7,1.037,10272
2026-09-26T17:31:04.807613-04:00,"205 Lawrence St, Marietta, GA 30060","225 North Ave NW, Atlanta, GA 30332",28.08,26.1,1.076,29167
2026-09-26T17:31:05.339778-04:00,"225 North Ave NW, Atlanta, GA 30332","205 Lawrence St, Marietta, GA 30060",28.63,28.52,1.004,27895
2026-09-26T17:31:05.914976-04:00,"1 Galambos Way, Sandy Springs, GA 30328","3393 Peachtree Rd NE, Atlanta, GA 30326",19.43,16.9,1.15,13644
2026-09-26T17:31:06.482478-04:00,"3393 Peachtree Rd NE, Atlanta, GA 30326","1 Galambos Way, Sandy Springs, GA 30328",19.45,17.03,1.142,12587
2026-09-26T17:31:07.039253-04:00,"5485 Chamblee Dunwoody Rd, Dunwoody, GA 30338","3393 Peachtree Rd NE, Atlanta, GA 30326",17.07,16.12,1.059,13772
2026-09-26T17:31:07.583422-04:00,"3393 Peachtree Rd NE, Atlanta, GA 30326","5485 Chamblee Dunwoody Rd, Dunwoody, GA 30338",17.58,17.13,1.026,13651
2026-09-26T17:31:08.098771-04:00,"6400 Sugarloaf Pkwy, Duluth, GA 30097","225 North Ave NW, Atlanta, GA 30332",39.38,31.07,1.268,41304
2026-09-26T17:31:08.583217-04:00,"225 North Ave NW, Atlanta, GA 30332","6400 Sugarloaf Pkwy, Duluth, GA 30097",36.52,32.38,1.128,42805
2026-09-26T17:31:09.141408-04:00,"210 Luckie St, Lawrenceville, GA 30046","225 North Ave NW, Atlanta, GA 30332",48.8,38.87,1.256,48930
2026-09-26T17:31:09.681891-04:00,"225 North Ave NW, Atlanta, GA 30332","210 Luckie St, Lawrenceville, GA 30046",43.92,38.62,1.137,49413
2026-09-26T17:31:10.123311-04:00,"101 E Court Square, Decatur, GA 30030","265 Park Ave W NW, Atlanta, GA 30313",26.13,25.3,1.033,11294
2026-09-26T17:31:10.648525-04:00,"265 Park Ave W NW, Atlanta, GA 30313","101 E Court Square, Decatur, GA 30030",25.38,24.13,1.052,11227
2026-09-26T17:31:11.131807-04:00,"205 Lawrence St, Marietta, GA 30060","265 Park Ave W NW, Atlanta, GA 30313",31.0,26.02,1.192,30558
2026-09-26T17:31:11.665202-04:00,"265 Park Ave W NW, Atlanta, GA 30313","205 Lawrence St, Marietta, GA 30060",30.25,27.73,1.091,29352
2026-09-26T17:36:12.106752-04:00,"6000 N Terminal Pkwy, Atlanta, GA 30320","265 Park Ave W NW, Atlanta, GA 30313",30.45,19.28,1.579,16417
2026-09-26T17:36:12.532690-04:00,"265 Park Ave W NW, Atlanta, GA 30313","6000 N Terminal Pkwy, Atlanta, GA 30320",23.2,22.95,1.011,19742
2026-09-26T17:36:12.932488-04:00,"6000 N Terminal Pkwy, Atlanta, GA 30320","1380 Atlantic Dr NW, Atlanta, GA 30363",35.3,18.33,1.925,20958
2026-09-26T17:36:13.300024-04:00,"1380 Atlantic Dr NW, Atlanta, GA 30363","6000 N Terminal Pkwy, Atlanta, GA 30320",27.78,26.47,1.05,22909
2026-09-26T17:36:13.672959-04:00,"6000 N Terminal Pkwy, Atlanta, GA 30320","3393 Peachtree Rd NE, Atlanta, GA 30326",42.77,25.3,1.69,29995
2026-09-26T17:36:14.080107-04:00,"3393 Peachtree Rd NE, Atlanta, GA 30326","6000 N Terminal Pkwy, Atlanta, GA 30320",35.93,30.67,1.172,32013
2026-09-26T17:36:14.436429-04:00,"6000 N Terminal Pkwy, Atlanta, GA 30320","225 North Ave NW, Atlanta, GA 30332",36.02,19.62,1.836,18967
2026-09-26T17:36:14.772879-04:00,"225 North Ave NW, Atlanta, GA 30332","6000 N Terminal Pkwy, Atlanta, GA 30320",25.12,23.0,1.092,21085
2026-09-26T17:36:15.222541-04:00,"265 Park Ave W NW, Atlanta, GA 30313","1380 Atlantic Dr NW, Atlanta, GA 30363",12.95,10.6,1.222,4925
2026-09-26T17:36:15.556221-04:00,"1380 Atlantic Dr NW, Atlanta, GA 30363","265 Park Ave W NW, Atlanta, GA 30313",15.55,13.37,1.163,5127
2026-09-26T17:36:15.905712-04:00,"265 Park Ave W NW, Atlanta, GA 30313","3393 Peachtree Rd NE, Atlanta, GA 30326",20.62,17.67,1.167,14099
2026-09-26T17:36:16.304575-04:00,"3393 Peachtree Rd NE, Atlanta, GA 30326","265 Park Ave W NW, Atlanta, GA 30313",25.02,25.73,0.972,13831
2026-09-26T17:36:16.636219-04:00,"265 Park Ave W NW, Atlanta, GA 30313","225 North Ave NW, Atlanta, GA 30332",8.67,7.35,1.179,2086
2026-09-26T17:36:17.006500-04:00,"225 North Ave NW, Atlanta, GA 30332","265 Park Ave W NW, Atlanta, GA 30313",9.25,8.72,1.061,2067
2026-09-26T17:36:17.339956-04:00,"1380 Atlantic Dr NW, Atlanta, GA 30363","3393 Peachtree Rd NE, Atlanta, GA 30326",18.33,17.58,1.043,10266
2026-09-26T17:36:17.737041-04:00,"3393 Peachtree Rd NE, Atlanta, GA 30326","1380 Atlantic Dr NW, Atlanta, GA 30363",17.55,13.8,1.272,10713
2026-09-26T17:36:18.089779-04:00,"1380 Atlantic Dr NW, Atlanta, GA 30363","225 North Ave NW, Atlanta, GA 30332",10.97,10.4,1.054,2986
2026-09-26T17:36:18.422119-04:00,"225 North Ave NW, Atlanta, GA 30332","1380 Atlantic Dr NW, Atlanta, GA 30363",10.95,11.48,0.954,3461
2026-09-26T17:36:18.773155-04:00,"3393 Peachtree Rd NE, Atlanta, GA 30326","225 North Ave NW, Atlanta, GA 30332",22.6,17.13,1.319,13065
2026-09-26T17:36:19.165111-04:00,"225 North Ave NW, Atlanta, GA 30332","3393 Peachtree Rd NE, Atlanta, GA 30326",20.52,17.12,1.199,13740
2026-09-26T17:36:19.586211-04:00,"4400 Ashford Dunwoody Rd, Dunwoody, GA 30346","3393 Peachtree Rd NE, Atlanta, GA 30326",16.93,14.95,1.133,11941
2026-09-26T17:36:19.952632-04:00,"3393 Peachtree Rd NE, Atlanta, GA 30326","4400 Ashford Dunwoody Rd, Dunwoody, GA 30346",16.08,15.77,1.02,11689
2026-09-26T17:36:20.305134-04:00,"101 E Court Square, Decatur, GA 30030","225 North Ave NW, Atlanta, GA 30332",28.12,25.1,1.12,10208
2026-09-26T17:36:20.652809-04:00,"225 North Ave NW, Atlanta, GA 30332","101 E Court Square, Decatur, GA 30030",24.9,23.7,1.051,10272
2026-09-26T17:36:21.023807-04:00,"205 Lawrence St, Marietta, GA 30060","225 North Ave NW, Atlanta, GA 30332",28.4,26.1,1.088,29167
2026-09-26T17:36:21.389530-04:00,"225 North Ave NW, Atlanta, GA 30332","205 Lawrence St, Marietta, GA 30060",29.53,28.52,1.036,27895
2026-09-26T17:36:21.739717-04:00,"1 Galambos Way, Sandy Springs, GA 30328","3393 Peachtree Rd NE, Atlanta, GA 30326",18.93,16.9,1.12,13644
2026-09-26T17:36:22.081660-04:00,"3393 Peachtree Rd NE, Atlanta, GA 30326","1 Galambos Way, Sandy Springs, GA 30328",18.08,18.83,0.96,13941
2026-09-26T17:36:22.418071-04:00,"5485 Chamblee Dunwoody Rd, Dunwoody, GA 30338","3393 Peachtree Rd NE, Atlanta, GA 30326",17.25,16.12,1.07,13772
2026-09-26T17:36:22.794414-04:00,"3393 Peachtree Rd NE, Atlanta, GA 30326","5485 Chamblee Dunwoody Rd, Dunwoody, GA 30338",16.93,17.13,0.988,13651
2026-09-26T17:36:23.194202-04:00,"6400 Sugarloaf Pkwy, Duluth, GA 30097","225 North Ave NW, Atlanta, GA 30332",39.15,30.83,1.27,40763
2026-09-26T17:36:23.597603-04:00,"225 North Ave NW, Atlanta, GA 30332","6400 Sugarloaf Pkwy, Duluth, GA 30097",36.72,32.38,1.134,42805
2026-09-26T17:36:23.991716-04:00,"210 Luckie St, Lawrenceville, GA 30046","225 North Ave NW, Atlanta, GA 30332",48.22,38.87,1.241,48930
2026-09-26T17:36:24.378059-04:00,"225 North Ave NW, Atlanta, GA 30332","210 Luckie St, Lawrenceville, GA 30046",44.12,38.62,1.142,49413
2026-09-26T17:36:24.742207-04:00,"101 E Court Square, Decatur, GA 30030","265 Park Ave W NW, Atlanta, GA 30313",26.28,25.3,1.039,11294
2026-09-26T17:36:25.164985-04:00,"265 Park Ave W NW, Atlanta, GA 30313","101 E Court Square, Decatur, GA 30030",25.28,24.13,1.048,11227
2026-09-26T17:36:25.568368-04:00,"205 Lawrence St, Marietta, GA 30060","265 Park Ave W NW, Atlanta, GA 30313",31.77,26.02,1.221,30558
2026-09-26T17:36:25.922435-04:00,"265 Park Ave W NW, Atlanta, GA 30313","205 Lawrence St, Marietta, GA 30060",32.13,27.73,1.159,29352
2026-09-26T19:41:47.850054-04:00,"6000 N Terminal Pkwy, Atlanta, GA 30320","265 Park Ave W NW, Atlanta, GA 30313",22.78,19.28,1.182,16376
2026-09-26T19:41:48.440851-04:00,"265 Park Ave W NW, Atlanta, GA 30313","6000 N Terminal Pkwy, Atlanta, GA 30320",23.87,22.33,1.069,20499
2026-09-26T19:41:49.046967-04:00,"6000 N Terminal Pkwy, Atlanta, GA 30320","1380 Atlantic Dr NW, Atlanta, GA 30363",25.32,18.35,1.38,20917
2026-09-26T19:41:49.547715-04:00,"1380 Atlantic Dr NW, Atlanta, GA 30363","6000 N Terminal Pkwy, Atlanta, GA 30320",29.82,24.75,1.205,22561
2026-09-26T19:41:50.047168-04:00,"6000 N Terminal Pkwy, Atlanta, GA 30320","3393 Peachtree Rd NE, Atlanta, GA 30326",31.9,25.32,1.26,29954
2026-09-26T19:41:50.532652-04:00,"3393 Peachtree Rd NE, Atlanta, GA 30326","6000 N Terminal Pkwy, Atlanta, GA 30320",38.02,30.67,1.24,32013
2026-09-26T19:41:51.057235-04:00,"6000 N Terminal Pkwy, Atlanta, GA 30320","225 North Ave NW, Atlanta, GA 30332",26.03,19.63,1.326,18926
2026-09-26T19:41:51.573966-04:00,"225 North Ave NW, Atlanta, GA 30332","6000 N Terminal Pkwy, Atlanta, GA 30320",27.07,24.18,1.119,22171
2026-09-26T19:41:52.024372-04:00,"265 Park Ave W NW, Atlanta, GA 30313","1380 Atlantic Dr NW, Atlanta, GA 30363",11.77,10.6,1.11,4925
2026-09-26T19:41:52.523678-04:00,"1380 Atlantic Dr NW, Atlanta, GA 30363","265 Park Ave W NW, Atlanta, GA 30313",14.43,14.0,1.031,5149
2026-09-26T19:41:53.063185-04:00,"265 Park Ave W NW, Atlanta, GA 30313","3393 Peachtree Rd NE, Atlanta, GA 30326",18.68,17.57,1.064,13962
2026-09-26T19:41:53.578360-04:00,"3393 Peachtree Rd NE, Atlanta, GA 30326","265 Park Ave W NW, Atlanta, GA 30313",24.9,18.1,1.376,13831
2026-09-26T19:41:54.018481-04:00,"265 Park Ave W NW, Atlanta, GA 30313","225 North Ave NW, Atlanta, GA 30332",7.7,7.35,1.048,2086
2026-09-26T19:41:54.526047-04:00,"225 North Ave NW, Atlanta, GA 30332","265 Park Ave W NW, Atlanta, GA 30313",9.08,8.42,1.079,2214
2026-09-26T19:41:54.948411-04:00,"1380 Atlantic Dr NW, Atlanta, GA 30363","3393 Peachtree Rd NE, Atlanta, GA 30326",19.15,18.87,1.015,11006
2026-09-26T19:41:55.388430-04:00,"3393 Peachtree Rd NE, Atlanta, GA 30326","1380 Atlantic Dr NW, Atlanta, GA 30363",18.72,13.8,1.356,10713
2026-09-26T19:41:55.848579-04:00,"1380 Atlantic Dr NW, Atlanta, GA 30363","225 North Ave NW, Atlanta, GA 30332",11.33,10.47,1.083,2985
2026-09-26T19:41:56.203302-04:00,"225 North Ave NW, Atlanta, GA 30332","1380 Atlantic Dr NW, Atlanta, GA 30363",10.77,11.48,0.938,3461
2026-09-26T19:41:56.528612-04:00,"3393 Peachtree Rd NE, Atlanta, GA 30326","225 North Ave NW, Atlanta, GA 30332",23.82,17.13,1.39,13065
2026-09-26T19:41:56.911933-04:00,"225 North Ave NW, Atlanta, GA 30332","3393 Peachtree Rd NE, Atlanta, GA 30326",18.95,16.93,1.119,13584
2026-09-26T19:41:57.354381-04:00,"4400 Ashford Dunwoody Rd, Dunwoody, GA 30346","3393 Peachtree Rd NE, Atlanta, GA 30326",15.65,14.83,1.055,11803
2026-09-26T19:41:57.813845-04:00,"3393 Peachtree Rd NE, Atlanta, GA 30326","4400 Ashford Dunwoody Rd, Dunwoody, GA 30346",16.32,15.77,1.035,11689
2026-09-26T19:41:58.306159-04:00,"101 E Court Square, Decatur, GA 30030","225 North Ave NW, Atlanta, GA 30332",25.9,24.93,1.039,10311
2026-09-26T19:41:58.678579-04:00,"225 North Ave NW, Atlanta, GA 30332","101 E Court Square, Decatur, GA 30030",25.05,23.7,1.057,10272
2026-09-26T19:41:59.116006-04:00,"205 Lawrence St, Marietta, GA 30060","225 North Ave NW, Atlanta, GA 30332",26.88,26.1,1.03,29167
2026-09-26T19:41:59.550087-04:00,"225 North Ave NW, Atlanta, GA 30332","205 Lawrence St, Marietta, GA 30060",26.85,28.52,0.942,27895
2026-09-26T19:41:59.991950-04:00,"1 Galambos Way, Sandy Springs, GA 30328","3393 Peachtree Rd NE, Atlanta, GA 30326",17.18,16.1,1.067,11682
2026-09-26T19:42:00.376822-04:00,"3393 Peachtree Rd NE, Atlanta, GA 30326","1 Galambos Way, Sandy Springs, GA 30328",18.25,17.03,1.071,12587
2026-09-26T19:42:00.932141-04:00,"5485 Chamblee Dunwoody Rd, Dunwoody, GA 30338","3393 Peachtree Rd NE, Atlanta, GA 30326",15.45,16.02,0.965,13634
2026-09-26T19:42:01.311937-04:00,"3393 Peachtree Rd NE, Atlanta, GA 30326","5485 Chamblee Dunwoody Rd, Dunwoody, GA 30338",17.17,17.13,1.002,13651
2026-09-26T19:42:01.766592-04:00,"6400 Sugarloaf Pkwy, Duluth, GA 30097","225 North Ave NW, Atlanta, GA 30332",34.15,30.83,1.108,41319
2026-09-26T19:42:02.142258-04:00,"225 North Ave NW, Atlanta, GA 30332","6400 Sugarloaf Pkwy, Duluth, GA 30097",34.07,32.38,1.052,42805
2026-09-26T19:42:02.623108-04:00,"210 Luckie St, Lawrenceville, GA 30046","225 North Ave NW, Atlanta, GA 30332",43.35,38.87,1.115,48930
2026-09-26T19:42:03.028370-04:00,"225 North Ave NW, Atlanta, GA 30332","210 Luckie St, Lawrenceville, GA 30046",42.92,39.15,1.096,52059
2026-09-26T19:42:03.362279-04:00,"101 E Court Square, Decatur, GA 30030","265 Park Ave W NW, Atlanta, GA 30313",25.82,25.88,0.997,11280
2026-09-26T19:42:03.713820-04:00,"265 Park Ave W NW, Atlanta, GA 30313","101 E Court Square, Decatur, GA 30030",25.68,24.13,1.064,11227
2026-09-26T19:42:04.061639-04:00,"205 Lawrence St, Marietta, GA 30060","265 Park Ave W NW, Atlanta, GA 30313",28.43,26.02,1.093,30558
2026-09-26T19:42:04.442259-04:00,"265 Park Ave W NW, Atlanta, GA 30313","205 Lawrence St, Marietta, GA 30060",27.77,27.73,1.001,29352
2026-09-26T19:47:04.963731-04:00,"6000 N Terminal Pkwy, Atlanta, GA 30320","265 Park Ave W NW, Atlanta, GA 30313",22.45,19.28,1.164,16376
2026-09-26T19:47:05.399375-04:00,"265 Park Ave W NW, Atlanta, GA 30313","6000 N Terminal Pkwy, Atlanta, GA 30320",24.17,22.95,1.053,19742
2026-09-26T19:47:05.810553-04:00,"6000 N Terminal Pkwy, Atlanta, GA 30320","1380 Atlantic Dr NW, Atlanta, GA 30363",25.38,18.35,1.383,20917
2026-09-26T19:47:06.186214-04:00,"1380 Atlantic Dr NW, Atlanta, GA 30363","6000 N Terminal Pkwy, Atlanta, GA 30320",29.72,25.08,1.185,22840
2026-09-26T19:47:06.519959-04:00,"6000 N Terminal Pkwy, Atlanta, GA 30320","3393 Peachtree Rd NE, Atlanta, GA 30326",31.95,25.32,1.262,29954
2026-09-26T19:47:06.964998-04:00,"3393 Peachtree Rd NE, Atlanta, GA 30326","6000 N Terminal Pkwy, Atlanta, GA 30320",37.92,30.67,1.236,32013
2026-09-26T19:47:07.351654-04:00,"6000 N Terminal Pkwy, Atlanta, GA 30320","225 North Ave NW, Atlanta, GA 30332",25.9,19.63,1.319,18926
2026-09-26T19:47:07.748845-04:00,"225 North Ave NW, Atlanta, GA 30332","6000 N Terminal Pkwy, Atlanta, GA 30320",27.13,23.0,1.18,21085
2026-09-26T19:47:08.054563-04:00,"265 Park Ave W NW, Atlanta, GA 30313","1380 Atlantic Dr NW, Atlanta, GA 30363",11.58,11.87,0.976,4925
2026-09-26T19:47:08.453657-04:00,"1380 Atlantic Dr NW, Atlanta, GA 30363","265 Park Ave W NW, Atlanta, GA 30313",13.87,14.38,0.964,5231
2026-09-26T19:47:08.848821-04:00,"265 Park Ave W NW, Atlanta, GA 30313","3393 Peachtree Rd NE, Atlanta, GA 30326",18.18,17.57,1.035,13962
2026-09-26T19:47:09.213782-04:00,"3393 Peachtree Rd NE, Atlanta, GA 30326","265 Park Ave W NW, Atlanta, GA 30313",24.12,18.1,1.332,13831
2026-09-26T19:47:09.555511-04:00,"265 Park Ave W NW, Atlanta, GA 30313","225 North Ave NW, Atlanta, GA 30332",8.05,7.35,1.095,2086
2026-09-26T19:47:09.936654-04:00,"225 North Ave NW, Atlanta, GA 30332","265 Park Ave W NW, Atlanta, GA 30313",9.25,8.72,1.061,2067
2026-09-26T19:47:10.352403-04:00,"1380 Atlantic Dr NW, Atlanta, GA 30363","3393 Peachtree Rd NE, Atlanta, GA 30326",18.23,17.37,1.05,14018
2026-09-26T19:47:10.754015-04:00,"3393 Peachtree Rd NE, Atlanta, GA 30326","1380 Atlantic Dr NW, Atlanta, GA 30363",20.2,16.83,1.2,10329
2026-09-26T19:47:11.102825-04:00,"1380 Atlantic Dr NW, Atlanta, GA 30363","225 North Ave NW, Atlanta, GA 30332",11.55,10.4,1.111,2986
2026-09-26T19:47:11.472736-04:00,"225 North Ave NW, Atlanta, GA 30332","1380 Atlantic Dr NW, Atlanta, GA 30363",10.75,11.48,0.936,3461
2026-09-26T19:47:11.850443-04:00,"3393 Peachtree Rd NE, Atlanta, GA 30326","225 North Ave NW, Atlanta, GA 30332",23.18,17.13,1.353,13065
2026-09-26T19:47:12.202833-04:00,"225 North Ave NW, Atlanta, GA 30332","3393 Peachtree Rd NE, Atlanta, GA 30326",18.83,16.93,1.112,13584
2026-09-26T19:47:12.563798-04:00,"4400 Ashford Dunwoody Rd, Dunwoody, GA 30346","3393 Peachtree Rd NE, Atlanta, GA 30326",15.65,14.83,1.055,11803
2026-09-26T19:47:12.936943-04:00,"3393 Peachtree Rd NE, Atlanta, GA 30326","4400 Ashford Dunwoody Rd, Dunwoody, GA 30346",16.18,15.77,1.026,11689
2026-09-26T19:47:13.297021-04:00,"101 E Court Square, Decatur, GA 30030","225 North Ave NW, Atlanta, GA 30332",25.15,24.93,1.009,10311
2026-09-26T19:47:13.702707-04:00,"225 North Ave NW, Atlanta, GA 30332","101 E Court Square, Decatur, GA 30030",25.33,23.7,1.069,10272
2026-09-26T19:47:14.081380-04:00,"205 Lawrence St, Marietta, GA 30060","225 North Ave NW, Atlanta, GA 30332",26.75,26.1,1.025,29167
2026-09-26T19:47:14.514978-04:00,"225 North Ave NW, Atlanta, GA 30332","205 Lawrence St, Marietta, GA 30060",27.07,28.52,0.949,27895
2026-09-26T19:47:14.853868-04:00,"1 Galambos Way, Sandy Springs, GA 30328","3393 Peachtree Rd NE, Atlanta, GA 30326",17.57,16.1,1.091,11682
2026-09-26T19:47:15.203930-04:00,"3393 Peachtree Rd NE, Atlanta, GA 30326","1 Galambos Way, Sandy Springs, GA 30328",17.7,17.03,1.039,12587
2026-09-26T19:47:15.586178-04:00,"5485 Chamblee Dunwoody Rd, Dunwoody, GA 30338","3393 Peachtree Rd NE, Atlanta, GA 30326",15.37,16.02,0.959,13634
2026-09-26T19:47:15.945291-04:00,"3393 Peachtree Rd NE, Atlanta, GA 30326","5485 Chamblee Dunwoody Rd, Dunwoody, GA 30338",16.97,17.13,0.99,13651
2026-09-26T19:47:16.332623-04:00,"6400 Sugarloaf Pkwy, Duluth, GA 30097","225 North Ave NW, Atlanta, GA 30332",33.68,30.83,1.092,41319
2026-09-26T19:47:16.720927-04:00,"225 North Ave NW, Atlanta, GA 30332","6400 Sugarloaf Pkwy, Duluth, GA 30097",34.27,32.3,1.061,42787
2026-09-26T19:47:17.106710-04:00,"210 Luckie St, Lawrenceville, GA 30046","225 North Ave NW, Atlanta, GA 30332",42.27,38.87,1.087,48930
2026-09-26T19:47:17.457780-04:00,"225 North Ave NW, Atlanta, GA 30332","210 Luckie St, Lawrenceville, GA 30046",43.77,39.38,1.111,49734
2026-09-26T19:47:17.801899-04:00,"101 E Court Square, Decatur, GA 30030","265 Park Ave W NW, Atlanta, GA 30313",25.3,25.88,0.977,11280
2026-09-26T19:47:18.248899-04:00,"265 Park Ave W NW, Atlanta, GA 30313","101 E Court Square, Decatur, GA 30030",25.37,25.52,0.994,11590
2026-09-26T19:47:19.637366-04:00,"205 Lawrence St, Marietta, GA 30060","265 Park Ave W NW, Atlanta, GA 30313",28.12,26.02,1.081,30558
2026-09-26T19:47:19.986448-04:00,"265 Park Ave W NW, Atlanta, GA 30313","205 Lawrence St, Marietta, GA 30060",27.2,28.08,0.969,29351
2026-09-26T19:52:20.399231-04:00,"6000 N Terminal Pkwy, Atlanta, GA 30320","265 Park Ave W NW, Atlanta, GA 30313",22.33,19.28,1.158,16376
2026-09-26T19:52:20.743009-04:00,"265 Park Ave W NW, Atlanta, GA 30313","6000 N Terminal Pkwy, Atlanta, GA 30320",24.4,22.33,1.093,20499
2026-09-26T19:52:21.112933-04:00,"6000 N Terminal Pkwy, Atlanta, GA 30320","1380 Atlantic Dr NW, Atlanta, GA 30363",24.68,18.35,1.345,20917
2026-09-26T19:52:21.481319-04:00,"1380 Atlantic Dr NW, Atlanta, GA 30363","6000 N Terminal Pkwy, Atlanta, GA 30320",29.58,24.75,1.195,22561
2026-09-26T19:52:21.909478-04:00,"6000 N Terminal Pkwy, Atlanta, GA 30320","3393 Peachtree Rd NE, Atlanta, GA 30326",31.42,25.32,1.241,29954
2026-09-26T19:52:22.291374-04:00,"3393 Peachtree Rd NE, Atlanta, GA 30326","6000 N Terminal Pkwy, Atlanta, GA 30320",38.48,30.67,1.255,32013
2026-09-26T19:52:22.628318-04:00,"6000 N Terminal Pkwy, Atlanta, GA 30320","225 North Ave NW, Atlanta, GA 30332",25.67,19.63,1.307,18926
2026-09-26T19:52:23.059316-04:00,"225 North Ave NW, Atlanta, GA 30332","6000 N Terminal Pkwy, Atlanta, GA 30320",27.43,25.32,1.084,22392
2026-09-26T19:52:23.412978-04:00,"265 Park Ave W NW, Atlanta, GA 30313","1380 Atlantic Dr NW, Atlanta, GA 30363",12.23,10.6,1.154,4925
2026-09-26T19:52:23.817308-04:00,"1380 Atlantic Dr NW, Atlanta, GA 30363","265 Park Ave W NW, Atlanta, GA 30313",14.23,14.38,0.99,5231
2026-09-26T19:52:24.159871-04:00,"265 Park Ave W NW, Atlanta, GA 30313","3393 Peachtree Rd NE, Atlanta, GA 30326",18.93,17.57,1.078,13962
2026-09-26T19:52:24.478179-04:00,"3393 Peachtree Rd NE, Atlanta, GA 30326","265 Park Ave W NW, Atlanta, GA 30313",24.88,18.1,1.375,13831
2026-09-26T19:52:25.047242-04:00,"265 Park Ave W NW, Atlanta, GA 30313","225 North Ave NW, Atlanta, GA 30332",7.77,7.35,1.057,2086
2026-09-26T19:52:25.450460-04:00,"225 North Ave NW, Atlanta, GA 30332","265 Park Ave W NW, Atlanta, GA 30313",9.65,8.72,1.107,2067
2026-09-26T19:52:25.777387-04:00,"1380 Atlantic Dr NW, Atlanta, GA 30363","3393 Peachtree Rd NE, Atlanta, GA 30326",18.73,17.63,1.062,10266
2026-09-26T19:52:26.109670-04:00,"3393 Peachtree Rd NE, Atlanta, GA 30326","1380 Atlantic Dr NW, Atlanta, GA 30363",20.52,17.4,1.179,10074
2026-09-26T19:52:26.472118-04:00,"1380 Atlantic Dr NW, Atlanta, GA 30363","225 North Ave NW, Atlanta, GA 30332",10.93,10.47,1.045,2985
2026-09-26T19:52:26.826514-04:00,"225 North Ave NW, Atlanta, GA 30332","1380 Atlantic Dr NW, Atlanta, GA 30363",10.7,11.48,0.932,3461
2026-09-26T19:52:27.169859-04:00,"3393 Peachtree Rd NE, Atlanta, GA 30326","225 North Ave NW, Atlanta, GA 30332",23.87,17.13,1.393,13065
2026-09-26T19:52:27.516035-04:00,"225 North Ave NW, Atlanta, GA 30332","3393 Peachtree Rd NE, Atlanta, GA 30326",20.03,17.02,1.177,13602
2026-09-26T19:52:27.861770-04:00,"4400 Ashford Dunwoody Rd, Dunwoody, GA 30346","3393 Peachtree Rd NE, Atlanta, GA 30326",15.43,14.83,1.04,11803
2026-09-26T19:52:28.195808-04:00,"3393 Peachtree Rd NE, Atlanta, GA 30326","4400 Ashford Dunwoody Rd, Dunwoody, GA 30346",16.33,15.77,1.036,11689
2026-09-26T19:52:28.570934-04:00,"101 E Court Square, Decatur, GA 30030","225 North Ave NW, Atlanta, GA 30332",24.93,24.93,1.0,10311
2026-09-26T19:52:28.909798-04:00,"225 North Ave NW, Atlanta, GA 30332","101 E Court Square, Decatur, GA 30030",25.6,23.7,1.08,10272
2026-09-26T19:52:29.293192-04:00,"205 Lawrence St, Marietta, GA 30060","225 North Ave NW, Atlanta, GA 30332",26.3,25.05,1.05,29792
2026-09-26T19:52:29.687423-04:00,"225 North Ave NW, Atlanta, GA 30332","205 Lawrence St, Marietta, GA 30060",26.8,28.52,0.94,27895
2026-09-26T19:52:30.140830-04:00,"1 Galambos Way, Sandy Springs, GA 30328","3393 Peachtree Rd NE, Atlanta, GA 30326",16.57,16.1,1.029,11682
2026-09-26T19:52:30.540627-04:00,"3393 Peachtree Rd NE, Atlanta, GA 30326","1 Galambos Way, Sandy Springs, GA 30328",18.05,17.03,1.06,12587
2026-09-26T19:52:30.862263-04:00,"5485 Chamblee Dunwoody Rd, Dunwoody, GA 30338","3393 Peachtree Rd NE, Atlanta, GA 30326",15.42,16.02,0.963,13634
2026-09-26T19:52:31.209445-04:00,"3393 Peachtree Rd NE, Atlanta, GA 30326","5485 Chamblee Dunwoody Rd, Dunwoody, GA 30338",17.18,17.93,0.958,13651
2026-09-26T19:52:31.598516-04:00,"6400 Sugarloaf Pkwy, Duluth, GA 30097","225 North Ave NW, Atlanta, GA 30332",34.97,30.83,1.134,41319
2026-09-26T19:52:31.993241-04:00,"225 North Ave NW, Atlanta, GA 30332","6400 Sugarloaf Pkwy, Duluth, GA 30097",35.55,32.38,1.098,42805
2026-09-26T19:52:32.340420-04:00,"210 Luckie St, Lawrenceville, GA 30046","225 North Ave NW, Atlanta, GA 30332",43.57,38.87,1.121,48930
2026-09-26T19:52:32.742930-04:00,"225 North Ave NW, Atlanta, GA 30332","210 Luckie St, Lawrenceville, GA 30046",44.7,39.15,1.142,52059
2026-09-26T19:52:33.143447-04:00,"101 E Court Square, Decatur, GA 30030","265 Park Ave W NW, Atlanta, GA 30313",25.38,25.88,0.981,11280
2026-09-26T19:52:33.495452-04:00,"265 Park Ave W NW, Atlanta, GA 30313","101 E Court Square, Decatur, GA 30030",24.85,25.52,0.974,11590
2026-09-26T19:52:33.909952-04:00,"205 Lawrence St, Marietta, GA 30060","265 Park Ave W NW, Atlanta, GA 30313",27.4,26.02,1.053,30558
2026-09-26T19:52:34.333764-04:00,"265 Park Ave W NW, Atlanta, GA 30313","205 Lawrence St, Marietta, GA 30060",28.12,27.73,1.014,29352
2026-09-26T19:57:34.743280-04:00,"6000 N Terminal Pkwy, Atlanta, GA 30320","265 Park Ave W NW, Atlanta, GA 30313",22.97,19.28,1.191,16376
2026-09-26T19:57:35.100236-04:00,"265 Park Ave W NW, Atlanta, GA 30313","6000 N Terminal Pkwy, Atlanta, GA 30320",24.07,22.33,1.078,20499
2026-09-26T19:57:35.484825-04:00,"6000 N Terminal Pkwy, Atlanta, GA 30320","1380 Atlantic Dr NW, Atlanta, GA 30363",25.45,18.35,1.387,20917
2026-09-26T19:57:35.894127-04:00,"1380 Atlantic Dr NW, Atlanta, GA 30363","6000 N Terminal Pkwy, Atlanta, GA 30320",28.47,26.78,1.063,26446
2026-09-26T19:57:36.251029-04:00,"6000 N Terminal Pkwy, Atlanta, GA 30320","3393 Peachtree Rd NE, Atlanta, GA 30326",31.97,25.32,1.263,29954
2026-09-26T19:57:36.664763-04:00,"3393 Peachtree Rd NE, Atlanta, GA 30326","6000 N Terminal Pkwy, Atlanta, GA 30320",37.08,32.82,1.13,30918
2026-09-26T19:57:37.095819-04:00,"6000 N Terminal Pkwy, Atlanta, GA 30320","225 North Ave NW, Atlanta, GA 30332",26.47,19.63,1.348,18926
2026-09-26T19:57:37.483508-04:00,"225 North Ave NW, Atlanta, GA 30332","6000 N Terminal Pkwy, Atlanta, GA 30320",27.15,24.18,1.123,22171
2026-09-26T19:57:37.834051-04:00,"265 Park Ave W NW, Atlanta, GA 30313","1380 Atlantic Dr NW, Atlanta, GA 30363",11.38,10.6,1.074,4925
2026-09-26T19:57:38.197033-04:00,"1380 Atlantic Dr NW, Atlanta, GA 30363","265 Park Ave W NW, Atlanta, GA 30313",14.43,14.38,1.003,5231
2026-09-26T19:57:38.516638-04:00,"265 Park Ave W NW, Atlanta, GA 30313","3393 Peachtree Rd NE, Atlanta, GA 30326",17.85,17.57,1.016,13962
2026-09-26T19:57:38.950099-04:00,"3393 Peachtree Rd NE, Atlanta, GA 30326","265 Park Ave W NW, Atlanta, GA 30313",24.45,19.68,1.242,12990
2026-09-26T19:57:39.291686-04:00,"265 Park Ave W NW, Atlanta, GA 30313","225 North Ave NW, Atlanta, GA 30332",7.7,7.35,1.048,2086
2026-09-26T19:57:39.609520-04:00,"225 North Ave NW, Atlanta, GA 30332","265 Park Ave W NW, Atlanta, GA 30313",9.42,8.72,1.08,2067
2026-09-26T19:57:39.976972-04:00,"1380 Atlantic Dr NW, Atlanta, GA 30363","3393 Peachtree Rd NE, Atlanta, GA 30326",17.63,17.37,1.015,14018
2026-09-26T19:57:40.366786-04:00,"3393 Peachtree Rd NE, Atlanta, GA 30326","1380 Atlantic Dr NW, Atlanta, GA 30363",19.87,15.95,1.246,9618
2026-09-26T19:57:40.750133-04:00,"1380 Atlantic Dr NW, Atlanta, GA 30363","225 North Ave NW, Atlanta, GA 30332",10.17,10.8,0.941,3264
2026-09-26T19:57:42.016932-04:00,"225 North Ave NW, Atlanta, GA 30332","1380 Atlantic Dr NW, Atlanta, GA 30363",10.72,11.48,0.933,3461
2026-09-26T19:57:42.366845-04:00,"3393 Peachtree Rd NE, Atlanta, GA 30326","225 North Ave NW, Atlanta, GA 30332",23.93,19.28,1.241,11970
2026-09-26T19:57:42.733523-04:00,"225 North Ave NW, Atlanta, GA 30332","3393 Peachtree Rd NE, Atlanta, GA 30326",19.55,17.02,1.149,13602
2026-09-26T19:57:43.116732-04:00,"4400 Ashford Dunwoody Rd, Dunwoody, GA 30346","3393 Peachtree Rd NE, Atlanta, GA 30326",15.57,14.83,1.049,11803
2026-09-26T19:57:43.483480-04:00,"3393 Peachtree Rd NE, Atlanta, GA 30326","4400 Ashford Dunwoody Rd, Dunwoody, GA 30346",16.87,15.77,1.07,11689
2026-09-26T19:57:43.949766-04:00,"101 E Court Square, Decatur, GA 30030","225 North Ave NW, Atlanta, GA 30332",24.9,24.93,0.999,10311
2026-09-26T19:57:44.297343-04:00,"225 North Ave NW, Atlanta, GA 30332","101 E Court Square, Decatur, GA 30030",25.12,23.7,1.06,10272
2026-09-26T19:57:44.704175-04:00,"205 Lawrence St, Marietta, GA 30060","225 North Ave NW, Atlanta, GA 30332",26.08,25.05,1.041,29792
2026-09-26T19:57:45.093297-04:00,"225 North Ave NW, Atlanta, GA 30332","205 Lawrence St, Marietta, GA 30060",26.9,28.52,0.943,27895
2026-09-26T19:57:45.510536-04:00,"1 Galambos Way, Sandy Springs, GA 30328","3393 Peachtree Rd NE, Atlanta, GA 30326",17.23,16.1,1.07,11682
2026-09-26T19:57:45.866399-04:00,"3393 Peachtree Rd NE, Atlanta, GA 30326","1 Galambos Way, Sandy Springs, GA 30328",18.62,17.03,1.093,12587
2026-09-26T19:57:46.261547-04:00,"5485 Chamblee Dunwoody Rd, Dunwoody, GA 30338","3393 Peachtree Rd NE, Atlanta, GA 30326",15.37,16.02,0.959,13634
2026-09-26T19:57:46.641961-04:00,"3393 Peachtree Rd NE, Atlanta, GA 30326","5485 Chamblee Dunwoody Rd, Dunwoody, GA 30338",17.63,17.13,1.029,13651
2026-09-26T19:57:47.133247-04:00,"6400 Sugarloaf Pkwy, Duluth, GA 30097","225 North Ave NW, Atlanta, GA 30332",34.67,30.83,1.124,41319
2026-09-26T19:57:47.490952-04:00,"225 North Ave NW, Atlanta, GA 30332","6400 Sugarloaf Pkwy, Duluth, GA 30097",35.1,35.88,0.978,42805
2026-09-26T19:57:47.931259-04:00,"210 Luckie St, Lawrenceville, GA 30046","225 North Ave NW, Atlanta, GA 30332",43.17,39.32,1.098,51767
2026-09-26T19:57:48.311026-04:00,"225 North Ave NW, Atlanta, GA 30332","210 Luckie St, Lawrenceville, GA 30046",43.3,39.15,1.106,52059
2026-09-26T19:57:48.701174-04:00,"101 E Court Square, Decatur, GA 30030","265 Park Ave W NW, Atlanta, GA 30313",24.73,25.88,0.956,11280
2026-09-26T19:57:49.099426-04:00,"265 Park Ave W NW, Atlanta, GA 30313","101 E Court Square, Decatur, GA 30030",25.55,24.13,1.059,11227
2026-09-26T19:57:49.450877-04:00,"205 Lawrence St, Marietta, GA 30060","265 Park Ave W NW, Atlanta, GA 30313",26.8,26.02,1.03,30558
2026-09-26T19:57:49.817723-04:00,"265 Park Ave W NW, Atlanta, GA 30313","205 Lawrence St, Marietta, GA 30060",27.02,27.73,0.974,29352
2026-09-26T20:02:50.174130-04:00,"6000 N Terminal Pkwy, Atlanta, GA 30320","265 Park Ave W NW, Atlanta, GA 30313",22.83,19.28,1.184,16376
2026-09-26T20:02:50.650400-04:00,"265 Park Ave W NW, Atlanta, GA 30313","6000 N Terminal Pkwy, Atlanta, GA 30320",24.35,25.93,0.939,18239
2026-09-26T20:02:51.001458-04:00,"6000 N Terminal Pkwy, Atlanta, GA 30320","1380 Atlantic Dr NW, Atlanta, GA 30363",25.15,18.35,1.371,20917
2026-09-26T20:02:51.429182-04:00,"1380 Atlantic Dr NW, Atlanta, GA 30363","6000 N Terminal Pkwy, Atlanta, GA 30320",28.58,26.7,1.071,26476
2026-09-26T20:02:51.777454-04:00,"6000 N Terminal Pkwy, Atlanta, GA 30320","3393 Peachtree Rd NE, Atlanta, GA 30326",31.68,25.32,1.251,29954
2026-09-26T20:02:52.227823-04:00,"3393 Peachtree Rd NE, Atlanta, GA 30326","6000 N Terminal Pkwy, Atlanta, GA 30320",37.9,32.25,1.175,31173
2026-09-26T20:02:52.578344-04:00,"6000 N Terminal Pkwy, Atlanta, GA 30320","225 North Ave NW, Atlanta, GA 30332",26.02,19.63,1.325,18926
2026-09-26T20:02:52.923207-04:00,"225 North Ave NW, Atlanta, GA 30332","6000 N Terminal Pkwy, Atlanta, GA 30320",26.47,26.7,0.991,22391
2026-09-26T20:02:53.309858-04:00,"265 Park Ave W NW, Atlanta, GA 30313","1380 Atlantic Dr NW, Atlanta, GA 30363",11.87,10.6,1.119,4925
2026-09-26T20:02:53.709661-04:00,"1380 Atlantic Dr NW, Atlanta, GA 30363","265 Park Ave W NW, Atlanta, GA 30313",15.25,14.38,1.06,5231
2026-09-26T20:02:54.063287-04:00,"265 Park Ave W NW, Atlanta, GA 30313","3393 Peachtree Rd NE, Atlanta, GA 30326",18.3,17.57,1.042,13962
2026-09-26T20:02:54.468964-04:00,"3393 Peachtree Rd NE, Atlanta, GA 30326","265 Park Ave W NW, Atlanta, GA 30313",24.5,20.25,1.21,12735
2026-09-26T20:02:54.824891-04:00,"265 Park Ave W NW, Atlanta, GA 30313","225 North Ave NW, Atlanta, GA 30332",8.32,7.35,1.132,2086
2026-09-26T20:02:55.181929-04:00,"225 North Ave NW, Atlanta, GA 30332","265 Park Ave W NW, Atlanta, GA 30313",9.43,8.72,1.082,2067
2026-09-26T20:02:55.551230-04:00,"1380 Atlantic Dr NW, Atlanta, GA 30363","3393 Peachtree Rd NE, Atlanta, GA 30326",19.07,17.58,1.084,10266
2026-09-26T20:02:55.928692-04:00,"3393 Peachtree Rd NE, Atlanta, GA 30326","1380 Atlantic Dr NW, Atlanta, GA 30363",19.77,17.4,1.136,10074
2026-09-26T20:02:56.263712-04:00,"1380 Atlantic Dr NW, Atlanta, GA 30363","225 North Ave NW, Atlanta, GA 30332",10.73,10.4,1.032,2986
2026-09-26T20:02:56.605421-04:00,"225 North Ave NW, Atlanta, GA 30332","1380 Atlantic Dr NW, Atlanta, GA 30363",10.82,11.48,0.942,3461
2026-09-26T20:02:56.988843-04:00,"3393 Peachtree Rd NE, Atlanta, GA 30326","225 North Ave NW, Atlanta, GA 30332",23.55,19.28,1.221,11970
2026-09-26T20:02:57.379470-04:00,"225 North Ave NW, Atlanta, GA 30332","3393 Peachtree Rd NE, Atlanta, GA 30326",19.05,17.02,1.119,13602
2026-09-26T20:02:57.809263-04:00,"4400 Ashford Dunwoody Rd, Dunwoody, GA 30346","3393 Peachtree Rd NE, Atlanta, GA 30326",15.6,14.83,1.052,11803
2026-09-26T20:02:58.141778-04:00,"3393 Peachtree Rd NE, Atlanta, GA 30326","4400 Ashford Dunwoody Rd, Dunwoody, GA 30346",16.6,17.15,0.968,11688
2026-09-26T20:02:58.482025-04:00,"101 E Court Square, Decatur, GA 30030","225 North Ave NW, Atlanta, GA 30332",25.42,24.93,1.019,10311
2026-09-26T20:02:58.829931-04:00,"225 North Ave NW, Atlanta, GA 30332","101 E Court Square, Decatur, GA 30030",25.48,23.7,1.075,10272
2026-09-26T20:02:59.207263-04:00,"205 Lawrence St, Marietta, GA 30060","225 North Ave NW, Atlanta, GA 30332",25.35,25.13,1.009,29419
2026-09-26T20:02:59.558568-04:00,"225 North Ave NW, Atlanta, GA 30332","205 Lawrence St, Marietta, GA 30060",27.42,28.52,0.961,27895
2026-09-26T20:02:59.930360-04:00,"1 Galambos Way, Sandy Springs, GA 30328","3393 Peachtree Rd NE, Atlanta, GA 30326",17.07,16.1,1.06,11682
2026-09-26T20:03:00.257060-04:00,"3393 Peachtree Rd NE, Atlanta, GA 30326","1 Galambos Way, Sandy Springs, GA 30328",18.05,17.03,1.06,12587
2026-09-26T20:03:00.607649-04:00,"5485 Chamblee Dunwoody Rd, Dunwoody, GA 30338","3393 Peachtree Rd NE, Atlanta, GA 30326",15.27,16.02,0.953,13634
2026-09-26T20:03:00.924635-04:00,"3393 Peachtree Rd NE, Atlanta, GA 30326","5485 Chamblee Dunwoody Rd, Dunwoody, GA 30338",17.37,17.13,1.014,13651
2026-09-26T20:03:01.263548-04:00,"6400 Sugarloaf Pkwy, Duluth, GA 30097","225 North Ave NW, Atlanta, GA 30332",34.4,30.83,1.116,41319
2026-09-26T20:03:01.626120-04:00,"225 North Ave NW, Atlanta, GA 30332","6400 Sugarloaf Pkwy, Duluth, GA 30097",34.88,32.38,1.077,42805
2026-09-26T20:03:02.024875-04:00,"210 Luckie St, Lawrenceville, GA 30046","225 North Ave NW, Atlanta, GA 30332",43.32,39.32,1.102,51767
2026-09-26T20:03:02.441462-04:00,"225 North Ave NW, Atlanta, GA 30332","210 Luckie St, Lawrenceville, GA 30046",42.72,39.15,1.091,52059
2026-09-26T20:03:02.868822-04:00,"101 E Court Square, Decatur, GA 30030","265 Park Ave W NW, Atlanta, GA 30313",25.15,25.3,0.994,11294
2026-09-26T20:03:03.239822-04:00,"265 Park Ave W NW, Atlanta, GA 30313","101 E Court Square, Decatur, GA 30030",24.25,24.13,1.005,11227
2026-09-26T20:03:03.625590-04:00,"205 Lawrence St, Marietta, GA 30060","265 Park Ave W NW, Atlanta, GA 30313",26.3,26.1,1.008,30184
2026-09-26T20:03:03.970827-04:00,"265 Park Ave W NW, Atlanta, GA 30313","205 Lawrence St, Marietta, GA 30060",27.68,27.73,0.998,29352
2026-09-26T20:08:04.375603-04:00,"6000 N Terminal Pkwy, Atlanta, GA 30320","265 Park Ave W NW, Atlanta, GA 30313",22.57,19.28,1.17,16376
2026-09-26T20:08:04.876199-04:00,"265 Park Ave W NW, Atlanta, GA 30313","6000 N Terminal Pkwy, Atlanta, GA 30320",24.7,24.45,1.01,18239
2026-09-26T20:08:05.229172-04:00,"6000 N Terminal Pkwy, Atlanta, GA 30320","1380 Atlantic Dr NW, Atlanta, GA 30363",25.35,18.35,1.381,20917
2026-09-26T20:08:05.682451-04:00,"1380 Atlantic Dr NW, Atlanta, GA 30363","6000 N Terminal Pkwy, Atlanta, GA 30320",27.83,26.78,1.039,26446
2026-09-26T20:08:05.998328-04:00,"6000 N Terminal Pkwy, Atlanta, GA 30320","3393 Peachtree Rd NE, Atlanta, GA 30326",32.12,32.1,1.001,29954
2026-09-26T20:08:06.371173-04:00,"3393 Peachtree Rd NE, Atlanta, GA 30326","6000 N Terminal Pkwy, Atlanta, GA 30320",38.28,32.25,1.187,31173
2026-09-26T20:08:06.715238-04:00,"6000 N Terminal Pkwy, Atlanta, GA 30320","225 North Ave NW, Atlanta, GA 30332",26.32,19.63,1.34,18926
2026-09-26T20:08:07.055262-04:00,"225 North Ave NW, Atlanta, GA 30332","6000 N Terminal Pkwy, Atlanta, GA 30320",27.35,24.18,1.131,22171
2026-09-26T20:08:07.389319-04:00,"265 Park Ave W NW, Atlanta, GA 30313","1380 Atlantic Dr NW, Atlanta, GA 30363",11.15,10.6,1.052,4925
2026-09-26T20:08:07.725396-04:00,"1380 Atlantic Dr NW, Atlanta, GA 30363","265 Park Ave W NW, Atlanta, GA 30313",15.03,14.38,1.045,5231
2026-09-26T20:08:08.158650-04:00,"265 Park Ave W NW, Atlanta, GA 30313","3393 Peachtree Rd NE, Atlanta, GA 30326",17.98,17.57,1.024,13962
2026-09-26T20:08:08.575656-04:00,"3393 Peachtree Rd NE, Atlanta, GA 30326","265 Park Ave W NW, Atlanta, GA 30313",24.98,19.68,1.269,12990
2026-09-26T20:08:08.977594-04:00,"265 Park Ave W NW, Atlanta, GA 30313","225 North Ave NW, Atlanta, GA 30332",7.87,7.35,1.07,2086
2026-09-26T20:08:09.369334-04:00,"225 North Ave NW, Atlanta, GA 30332","265 Park Ave W NW, Atlanta, GA 30313",9.33,8.72,1.071,2067
2026-09-26T20:08:09.748422-04:00,"1380 Atlantic Dr NW, Atlanta, GA 30363","3393 Peachtree Rd NE, Atlanta, GA 30326",18.58,18.87,0.985,11006
2026-09-26T20:08:10.130566-04:00,"3393 Peachtree Rd NE, Atlanta, GA 30326","1380 Atlantic Dr NW, Atlanta, GA 30363",20.15,16.83,1.197,10329
2026-09-26T20:08:10.531990-04:00,"1380 Atlantic Dr NW, Atlanta, GA 30363","225 North Ave NW, Atlanta, GA 30332",10.35,10.4,0.995,2986
2026-09-26T20:08:10.908937-04:00,"225 North Ave NW, Atlanta, GA 30332","1380 Atlantic Dr NW, Atlanta, GA 30363",11.0,11.48,0.958,3461
2026-09-26T20:08:11.298367-04:00,"3393 Peachtree Rd NE, Atlanta, GA 30326","225 North Ave NW, Atlanta, GA 30332",24.52,18.72,1.31,12225
2026-09-26T20:08:11.648004-04:00,"225 North Ave NW, Atlanta, GA 30332","3393 Peachtree Rd NE, Atlanta, GA 30326",18.23,17.02,1.071,13602
2026-09-26T20:08:11.948605-04:00,"4400 Ashford Dunwoody Rd, Dunwoody, GA 30346","3393 Peachtree Rd NE, Atlanta, GA 30326",15.72,15.8,0.995,11803
2026-09-26T20:08:12.277676-04:00,"3393 Peachtree Rd NE, Atlanta, GA 30326","4400 Ashford Dunwoody Rd, Dunwoody, GA 30346",16.5,15.77,1.047,11689
2026-09-26T20:08:12.648881-04:00,"101 E Court Square, Decatur, GA 30030","225 North Ave NW, Atlanta, GA 30332",24.82,24.93,0.995,10311
2026-09-26T20:08:13.116104-04:00,"225 North Ave NW, Atlanta, GA 30332","101 E Court Square, Decatur, GA 30030",25.47,23.7,1.075,10272
2026-09-26T20:08:13.502016-04:00,"205 Lawrence St, Marietta, GA 30060","225 North Ave NW, Atlanta, GA 30332",25.3,25.13,1.007,29419
2026-09-26T20:08:13.848982-04:00,"225 North Ave NW, Atlanta, GA 30332","205 Lawrence St, Marietta, GA 30060",27.42,27.1,1.012,28974
2026-09-26T20:08:14.165842-04:00,"1 Galambos Way, Sandy Springs, GA 30328","3393 Peachtree Rd NE, Atlanta, GA 30326",17.47,17.72,0.986,11682
2026-09-26T20:08:14.552712-04:00,"3393 Peachtree Rd NE, Atlanta, GA 30326","1 Galambos Way, Sandy Springs, GA 30328",18.02,17.03,1.058,12587
2026-09-26T20:08:14.906673-04:00,"5485 Chamblee Dunwoody Rd, Dunwoody, GA 30338","3393 Peachtree Rd NE, Atlanta, GA 30326",15.55,16.02,0.971,13634
2026-09-26T20:08:15.315856-04:00,"3393 Peachtree Rd NE, Atlanta, GA 30326","5485 Chamblee Dunwoody Rd, Dunwoody, GA 30338",17.28,17.13,1.009,13651
2026-09-26T20:08:15.698410-04:00,"6400 Sugarloaf Pkwy, Duluth, GA 30097","225 North Ave NW, Atlanta, GA 30332",34.28,30.83,1.112,41319
2026-09-26T20:08:16.109069-04:00,"225 North Ave NW, Atlanta, GA 30332","6400 Sugarloaf Pkwy, Duluth, GA 30097",33.9,32.3,1.05,42787
2026-09-26T20:08:16.502549-04:00,"210 Luckie St, Lawrenceville, GA 30046","225 North Ave NW, Atlanta, GA 30332",42.48,40.25,1.055,49044
2026-09-26T20:08:16.902638-04:00,"225 North Ave NW, Atlanta, GA 30332","210 Luckie St, Lawrenceville, GA 30046",41.95,39.07,1.074,52042
2026-09-26T20:08:17.302500-04:00,"101 E Court Square, Decatur, GA 30030","265 Park Ave W NW, Atlanta, GA 30313",24.68,25.3,0.976,11294
2026-09-26T20:08:17.727580-04:00,"265 Park Ave W NW, Atlanta, GA 30313","101 E Court Square, Decatur, GA 30030",24.33,24.13,1.008,11227
2026-09-26T20:08:18.087868-04:00,"205 Lawrence St, Marietta, GA 30060","265 Park Ave W NW, Atlanta, GA 30313",25.98,26.1,0.996,30184
2026-09-26T20:08:18.414932-04:00,"265 Park Ave W NW, Atlanta, GA 30313","205 Lawrence St, Marietta, GA 30060",27.02,27.73,0.974,29352
2026-09-26T20:13:18.822049-04:00,"6000 N Terminal Pkwy, Atlanta, GA 30320","265 Park Ave W NW, Atlanta, GA 30313",22.33,19.28,1.158,16376
2026-09-26T20:13:19.266737-04:00,"265 Park Ave W NW, Atlanta, GA 30313","6000 N Terminal Pkwy, Atlanta, GA 30320",24.33,22.33,1.09,20499
2026-09-26T20:13:19.658666-04:00,"6000 N Terminal Pkwy, Atlanta, GA 30320","1380 Atlantic Dr NW, Atlanta, GA 30363",24.25,18.35,1.322,20917
2026-09-26T20:13:20.072893-04:00,"1380 Atlantic Dr NW, Atlanta, GA 30363","6000 N Terminal Pkwy, Atlanta, GA 30320",27.4,26.78,1.023,26446
2026-09-26T20:13:20.490055-04:00,"6000 N Terminal Pkwy, Atlanta, GA 30320","3393 Peachtree Rd NE, Atlanta, GA 30326",30.88,25.32,1.22,29954
2026-09-26T20:13:20.875348-04:00,"3393 Peachtree Rd NE, Atlanta, GA 30326","6000 N Terminal Pkwy, Atlanta, GA 30320",37.55,32.82,1.144,30918
2026-09-26T20:13:21.275889-04:00,"6000 N Terminal Pkwy, Atlanta, GA 30320","225 North Ave NW, Atlanta, GA 30332",25.2,19.63,1.284,18926
2026-09-26T20:13:21.639047-04:00,"225 North Ave NW, Atlanta, GA 30332","6000 N Terminal Pkwy, Atlanta, GA 30320",25.75,24.18,1.065,22171
2026-09-26T20:13:21.998048-04:00,"265 Park Ave W NW, Atlanta, GA 30313","1380 Atlantic Dr NW, Atlanta, GA 30363",11.7,10.6,1.104,4925
2026-09-26T20:13:23.022820-04:00,"1380 Atlantic Dr NW, Atlanta, GA 30363","265 Park Ave W NW, Atlanta, GA 30313",14.25,14.23,1.001,8264
2026-09-26T20:13:23.355791-04:00,"265 Park Ave W NW, Atlanta, GA 30313","3393 Peachtree Rd NE, Atlanta, GA 30326",18.4,17.57,1.047,13962
2026-09-26T20:13:23.738153-04:00,"3393 Peachtree Rd NE, Atlanta, GA 30326","265 Park Ave W NW, Atlanta, GA 30313",24.78,18.1,1.369,13831
2026-09-26T20:13:24.161036-04:00,"265 Park Ave W NW, Atlanta, GA 30313","225 North Ave NW, Atlanta, GA 30332",7.65,7.35,1.041,2086
2026-09-26T20:13:24.510870-04:00,"225 North Ave NW, Atlanta, GA 30332","265 Park Ave W NW, Atlanta, GA 30313",9.32,8.72,1.069,2067
2026-09-26T20:13:24.838655-04:00,"1380 Atlantic Dr NW, Atlanta, GA 30363","3393 Peachtree Rd NE, Atlanta, GA 30326",18.73,17.63,1.062,10266
2026-09-26T20:13:25.200596-04:00,"3393 Peachtree Rd NE, Atlanta, GA 30326","1380 Atlantic Dr NW, Atlanta, GA 30363",19.73,17.4,1.134,10074
2026-09-26T20:13:25.601690-04:00,"1380 Atlantic Dr NW, Atlanta, GA 30363","225 North Ave NW, Atlanta, GA 30332",10.22,10.8,0.946,3264
2026-09-26T20:13:25.971935-04:00,"225 North Ave NW, Atlanta, GA 30332","1380 Atlantic Dr NW, Atlanta, GA 30363",10.92,11.48,0.951,3461
2026-09-26T20:13:26.288030-04:00,"3393 Peachtree Rd NE, Atlanta, GA 30326","225 North Ave NW, Atlanta, GA 30332",23.4,19.28,1.213,11970
2026-09-26T20:13:26.690083-04:00,"225 North Ave NW, Atlanta, GA 30332","3393 Peachtree Rd NE, Atlanta, GA 30326",18.43,16.93,1.089,13584
2026-09-26T20:13:27.119390-04:00,"4400 Ashford Dunwoody Rd, Dunwoody, GA 30346","3393 Peachtree Rd NE, Atlanta, GA 30326",15.5,14.95,1.037,11941
2026-09-26T20:13:27.474950-04:00,"3393 Peachtree Rd NE, Atlanta, GA 30326","4400 Ashford Dunwoody Rd, Dunwoody, GA 30346",16.92,15.77,1.073,11689
2026-09-26T20:13:27.888050-04:00,"101 E Court Square, Decatur, GA 30030","225 North Ave NW, Atlanta, GA 30332",24.68,24.93,0.99,10311
2026-09-26T20:13:28.304838-04:00,"225 North Ave NW, Atlanta, GA 30332","101 E Court Square, Decatur, GA 30030",25.72,24.67,1.043,10257
2026-09-26T20:13:28.699725-04:00,"205 Lawrence St, Marietta, GA 30060","225 North Ave NW, Atlanta, GA 30332",24.85,25.05,0.992,29792
2026-09-26T20:13:29.053765-04:00,"225 North Ave NW, Atlanta, GA 30332","205 Lawrence St, Marietta, GA 30060",27.57,27.18,1.014,28992
2026-09-26T20:13:29.448905-04:00,"1 Galambos Way, Sandy Springs, GA 30328","3393 Peachtree Rd NE, Atlanta, GA 30326",17.4,16.1,1.081,11682
2026-09-26T20:13:29.787704-04:00,"3393 Peachtree Rd NE, Atlanta, GA 30326","1 Galambos Way, Sandy Springs, GA 30328",18.23,17.03,1.07,12587
2026-09-26T20:13:30.222363-04:00,"5485 Chamblee Dunwoody Rd, Dunwoody, GA 30338","3393 Peachtree Rd NE, Atlanta, GA 30326",15.37,16.12,0.953,13772
2026-09-26T20:13:30.587298-04:00,"3393 Peachtree Rd NE, Atlanta, GA 30326","5485 Chamblee Dunwoody Rd, Dunwoody, GA 30338",17.6,17.13,1.027,13651
2026-09-26T20:13:30.994861-04:00,"6400 Sugarloaf Pkwy, Duluth, GA 30097","225 North Ave NW, Atlanta, GA 30332",33.75,30.83,1.095,41319
2026-09-26T20:13:31.356639-04:00,"225 North Ave NW, Atlanta, GA 30332","6400 Sugarloaf Pkwy, Duluth, GA 30097",34.12,32.3,1.056,42787
2026-09-26T20:13:31.770976-04:00,"210 Luckie St, Lawrenceville, GA 30046","225 North Ave NW, Atlanta, GA 30332",42.45,39.0,1.088,48921
2026-09-26T20:13:32.165786-04:00,"225 North Ave NW, Atlanta, GA 30332","210 Luckie St, Lawrenceville, GA 30046",42.15,39.15,1.077,52059
2026-09-26T20:13:32.536338-04:00,"101 E Court Square, Decatur, GA 30030","265 Park Ave W NW, Atlanta, GA 30313",24.33,25.3,0.962,11294
2026-09-26T20:13:32.940376-04:00,"265 Park Ave W NW, Atlanta, GA 30313","101 E Court Square, Decatur, GA 30030",23.72,24.13,0.983,11227
2026-09-26T20:13:33.276275-04:00,"205 Lawrence St, Marietta, GA 30060","265 Park Ave W NW, Atlanta, GA 30313",25.63,26.02,0.985,30558
2026-09-26T20:13:33.661494-04:00,"265 Park Ave W NW, Atlanta, GA 30313","205 Lawrence St, Marietta, GA 30060",27.58,27.73,0.995,29352
2026-09-26T20:18:34.087063-04:00,"6000 N Terminal Pkwy, Atlanta, GA 30320","265 Park Ave W NW, Atlanta, GA 30313",21.45,17.67,1.214,18823
2026-09-26T20:18:34.440501-04:00,"265 Park Ave W NW, Atlanta, GA 30313","6000 N Terminal Pkwy, Atlanta, GA 30320",24.33,24.45,0.995,18239
2026-09-26T20:18:34.870735-04:00,"6000 N Terminal Pkwy, Atlanta, GA 30320","1380 Atlantic Dr NW, Atlanta, GA 30363",23.48,18.35,1.28,20917
2026-09-26T20:18:35.249021-04:00,"1380 Atlantic Dr NW, Atlanta, GA 30363","6000 N Terminal Pkwy, Atlanta, GA 30320",26.27,24.75,1.061,22561
2026-09-26T20:18:35.597835-04:00,"6000 N Terminal Pkwy, Atlanta, GA 30320","3393 Peachtree Rd NE, Atlanta, GA 30326",30.02,25.32,1.186,29954
2026-09-26T20:18:35.997000-04:00,"3393 Peachtree Rd NE, Atlanta, GA 30326","6000 N Terminal Pkwy, Atlanta, GA 30320",38.62,30.67,1.259,32013
2026-09-26T20:18:36.397372-04:00,"6000 N Terminal Pkwy, Atlanta, GA 30320","225 North Ave NW, Atlanta, GA 30332",24.18,19.63,1.232,18926
2026-09-26T20:18:36.797746-04:00,"225 North Ave NW, Atlanta, GA 30332","6000 N Terminal Pkwy, Atlanta, GA 30320",25.35,24.18,1.048,22171
2026-09-26T20:18:37.127809-04:00,"265 Park Ave W NW, Atlanta, GA 30313","1380 Atlantic Dr NW, Atlanta, GA 30363",12.52,10.6,1.181,4925
2026-09-26T20:18:37.577889-04:00,"1380 Atlantic Dr NW, Atlanta, GA 30363","265 Park Ave W NW, Atlanta, GA 30313",12.83,12.18,1.053,4378
2026-09-26T20:18:37.907704-04:00,"265 Park Ave W NW, Atlanta, GA 30313","3393 Peachtree Rd NE, Atlanta, GA 30326",19.03,17.57,1.083,13962
2026-09-26T20:18:38.316586-04:00,"3393 Peachtree Rd NE, Atlanta, GA 30326","265 Park Ave W NW, Atlanta, GA 30313",25.05,18.1,1.384,13831
2026-09-26T20:18:38.652067-04:00,"265 Park Ave W NW, Atlanta, GA 30313","225 North Ave NW, Atlanta, GA 30332",8.0,7.35,1.088,2086
2026-09-26T20:18:39.029115-04:00,"225 North Ave NW, Atlanta, GA 30332","265 Park Ave W NW, Atlanta, GA 30313",9.27,8.72,1.063,2067
2026-09-26T20:18:39.388012-04:00,"1380 Atlantic Dr NW, Atlanta, GA 30363","3393 Peachtree Rd NE, Atlanta, GA 30326",18.0,17.63,1.021,10266
2026-09-26T20:18:39.779113-04:00,"3393 Peachtree Rd NE, Atlanta, GA 30326","1380 Atlantic Dr NW, Atlanta, GA 30363",21.1,17.4,1.213,10074
2026-09-26T20:18:40.126596-04:00,"1380 Atlantic Dr NW, Atlanta, GA 30363","225 North Ave NW, Atlanta, GA 30332",10.68,10.47,1.021,2985
2026-09-26T20:18:40.446182-04:00,"225 North Ave NW, Atlanta, GA 30332","1380 Atlantic Dr NW, Atlanta, GA 30363",10.93,11.48,0.952,3461
2026-09-26T20:18:40.797334-04:00,"3393 Peachtree Rd NE, Atlanta, GA 30326","225 North Ave NW, Atlanta, GA 30332",24.25,17.13,1.415,13065
2026-09-26T20:18:41.167044-04:00,"225 North Ave NW, Atlanta, GA 30332","3393 Peachtree Rd NE, Atlanta, GA 30326",19.23,19.93,0.965,13602
2026-09-26T20:18:41.498153-04:00,"4400 Ashford Dunwoody Rd, Dunwoody, GA 30346","3393 Peachtree Rd NE, Atlanta, GA 30326",15.57,14.83,1.049,11803
2026-09-26T20:18:41.863129-04:00,"3393 Peachtree Rd NE, Atlanta, GA 30326","4400 Ashford Dunwoody Rd, Dunwoody, GA 30346",17.2,15.77,1.091,11689
2026-09-26T20:18:42.284403-04:00,"101 E Court Square, Decatur, GA 30030","225 North Ave NW, Atlanta, GA 30332",24.65,25.03,0.985,10297
2026-09-26T20:18:42.623436-04:00,"225 North Ave NW, Atlanta, GA 30332","101 E Court Square, Decatur, GA 30030",26.13,24.67,1.059,10257
2026-09-26T20:18:42.996504-04:00,"205 Lawrence St, Marietta, GA 30060","225 North Ave NW, Atlanta, GA 30332",24.73,25.05,0.987,29792
2026-09-26T20:18:43.384621-04:00,"225 North Ave NW, Atlanta, GA 30332","205 Lawrence St, Marietta, GA 30060",27.23,28.52,0.955,27895
2026-09-26T20:18:43.794889-04:00,"1 Galambos Way, Sandy Springs, GA 30328","3393 Peachtree Rd NE, Atlanta, GA 30326",17.17,16.1,1.066,11682
2026-09-26T20:18:44.162110-04:00,"3393 Peachtree Rd NE, Atlanta, GA 30326","1 Galambos Way, Sandy Springs, GA 30328",18.67,17.03,1.096,12587
2026-09-26T20:18:44.528037-04:00,"5485 Chamblee Dunwoody Rd, Dunwoody, GA 30338","3393 Peachtree Rd NE, Atlanta, GA 30326",15.42,16.02,0.963,13634
2026-09-26T20:18:44.861749-04:00,"3393 Peachtree Rd NE, Atlanta, GA 30326","5485 Chamblee Dunwoody Rd, Dunwoody, GA 30338",18.0,17.13,1.051,13651
2026-09-26T20:18:45.261931-04:00,"6400 Sugarloaf Pkwy, Duluth, GA 30097","225 North Ave NW, Atlanta, GA 30332",33.92,34.22,0.991,41319
2026-09-26T20:18:45.658662-04:00,"225 North Ave NW, Atlanta, GA 30332","6400 Sugarloaf Pkwy, Duluth, GA 30097",34.85,32.38,1.076,42805
2026-09-26T20:18:46.161780-04:00,"210 Luckie St, Lawrenceville, GA 30046","225 North Ave NW, Atlanta, GA 30332",43.28,39.27,1.102,51751
2026-09-26T20:18:46.544699-04:00,"225 North Ave NW, Atlanta, GA 30332","210 Luckie St, Lawrenceville, GA 30046",43.65,39.47,1.106,49752
2026-09-26T20:18:46.921943-04:00,"101 E Court Square, Decatur, GA 30030","265 Park Ave W NW, Atlanta, GA 30313",24.58,25.3,0.972,11294
2026-09-26T20:18:47.266733-04:00,"265 Park Ave W NW, Atlanta, GA 30313","101 E Court Square, Decatur, GA 30030",24.22,24.13,1.003,11227
2026-09-26T20:18:47.612683-04:00,"205 Lawrence St, Marietta, GA 30060","265 Park Ave W NW, Atlanta, GA 30313",25.7,26.02,0.988,30558
2026-09-26T20:18:47.982149-04:00,"265 Park Ave W NW, Atlanta, GA 30313","205 Lawrence St, Marietta, GA 30060",28.37,27.73,1.023,29352
2026-09-26T20:23:48.462916-04:00,"6000 N Terminal Pkwy, Atlanta, GA 30320","265 Park Ave W NW, Atlanta, GA 30313",19.8,17.67,1.121,18823
2026-09-26T20:23:49.006649-04:00,"265 Park Ave W NW, Atlanta, GA 30313","6000 N Terminal Pkwy, Atlanta, GA 30320",24.08,24.45,0.985,18239
2026-09-26T20:23:49.622819-04:00,"6000 N Terminal Pkwy, Atlanta, GA 30320","1380 Atlantic Dr NW, Atlanta, GA 30363",21.53,18.35,1.173,20917
2026-09-26T20:23:50.188325-04:00,"1380 Atlantic Dr NW, Atlanta, GA 30363","6000 N Terminal Pkwy, Atlanta, GA 30320",26.22,24.75,1.059,22561
2026-09-26T20:23:50.770472-04:00,"6000 N Terminal Pkwy, Atlanta, GA 30320","3393 Peachtree Rd NE, Atlanta, GA 30326",28.15,25.32,1.112,29954
2026-09-26T20:23:51.356795-04:00,"3393 Peachtree Rd NE, Atlanta, GA 30326","6000 N Terminal Pkwy, Atlanta, GA 30320",37.58,30.67,1.226,32013
2026-09-26T20:23:51.926429-04:00,"6000 N Terminal Pkwy, Atlanta, GA 30320","225 North Ave NW, Atlanta, GA 30332",22.58,23.62,0.956,18926
2026-09-26T20:23:52.479455-04:00,"225 North Ave NW, Atlanta, GA 30332","6000 N Terminal Pkwy, Atlanta, GA 30320",25.57,26.23,0.975,22171
2026-09-26T20:23:53.056847-04:00,"265 Park Ave W NW, Atlanta, GA 30313","1380 Atlantic Dr NW, Atlanta, GA 30363",12.92,10.6,1.219,4925
2026-09-26T20:23:53.604750-04:00,"1380 Atlantic Dr NW, Atlanta, GA 30363","265 Park Ave W NW, Atlanta, GA 30313",12.85,12.18,1.055,4378
2026-09-26T20:23:54.107374-04:00,"265 Park Ave W NW, Atlanta, GA 30313","3393 Peachtree Rd NE, Atlanta, GA 30326",19.47,17.57,1.108,13962
2026-09-26T20:23:54.636930-04:00,"3393 Peachtree Rd NE, Atlanta, GA 30326","265 Park Ave W NW, Atlanta, GA 30313",24.1,24.88,0.969,13831
2026-09-26T20:23:55.192081-04:00,"265 Park Ave W NW, Atlanta, GA 30313","225 North Ave NW, Atlanta, GA 30332",8.12,7.35,1.104,2086
2026-09-26T20:23:55.719142-04:00,"225 North Ave NW, Atlanta, GA 30332","265 Park Ave W NW, Atlanta, GA 30313",9.27,9.67,0.959,2448
2026-09-26T20:23:56.284674-04:00,"1380 Atlantic Dr NW, Atlanta, GA 30363","3393 Peachtree Rd NE, Atlanta, GA 30326",17.83,17.63,1.011,10266
2026-09-26T20:23:56.853208-04:00,"3393 Peachtree Rd NE, Atlanta, GA 30326","1380 Atlantic Dr NW, Atlanta, GA 30363",21.53,20.9,1.03,8869
2026-09-26T20:23:57.402427-04:00,"1380 Atlantic Dr NW, Atlanta, GA 30363","225 North Ave NW, Atlanta, GA 30332",10.57,10.47,1.01,2985
2026-09-26T20:23:57.871317-04:00,"225 North Ave NW, Atlanta, GA 30332","1380 Atlantic Dr NW, Atlanta, GA 30363",11.17,11.48,0.972,3461
2026-09-26T20:23:58.403207-04:00,"3393 Peachtree Rd NE, Atlanta, GA 30326","225 North Ave NW, Atlanta, GA 30332",23.37,17.13,1.364,13065
2026-09-26T20:23:58.973932-04:00,"225 North Ave NW, Atlanta, GA 30332","3393 Peachtree Rd NE, Atlanta, GA 30326",19.18,17.02,1.127,13602
2026-09-26T20:23:59.576240-04:00,"4400 Ashford Dunwoody Rd, Dunwoody, GA 30346","3393 Peachtree Rd NE, Atlanta, GA 30326",15.4,14.83,1.038,11803
2026-09-26T20:24:00.137683-04:00,"3393 Peachtree Rd NE, Atlanta, GA 30326","4400 Ashford Dunwoody Rd, Dunwoody, GA 30346",16.83,15.77,1.068,11689
2026-09-26T20:24:00.718452-04:00,"101 E Court Square, Decatur, GA 30030","225 North Ave NW, Atlanta, GA 30332",24.67,25.03,0.985,10297
2026-09-26T20:24:01.325794-04:00,"225 North Ave NW, Atlanta, GA 30332","101 E Court Square, Decatur, GA 30030",26.03,24.67,1.055,10257
2026-09-26T20:24:01.851428-04:00,"205 Lawrence St, Marietta, GA 30060","225 North Ave NW, Atlanta, GA 30332",24.72,25.05,0.987,29792
2026-09-26T20:24:02.425721-04:00,"225 North Ave NW, Atlanta, GA 30332","205 Lawrence St, Marietta, GA 30060",27.1,28.52,0.95,27895
2026-09-26T20:24:02.976437-04:00,"1 Galambos Way, Sandy Springs, GA 30328","3393 Peachtree Rd NE, Atlanta, GA 30326",15.93,16.1,0.99,11682
2026-09-26T20:24:03.534804-04:00,"3393 Peachtree Rd NE, Atlanta, GA 30326","1 Galambos Way, Sandy Springs, GA 30328",18.1,17.03,1.063,12587
2026-09-26T20:24:04.069629-04:00,"5485 Chamblee Dunwoody Rd, Dunwoody, GA 30338","3393 Peachtree Rd NE, Atlanta, GA 30326",15.23,16.12,0.945,13772
2026-09-26T20:24:04.653235-04:00,"3393 Peachtree Rd NE, Atlanta, GA 30326","5485 Chamblee Dunwoody Rd, Dunwoody, GA 30338",17.58,17.13,1.026,13651
2026-09-26T20:24:05.241476-04:00,"6400 Sugarloaf Pkwy, Duluth, GA 30097","225 North Ave NW, Atlanta, GA 30332",33.63,30.83,1.091,41319
2026-09-26T20:24:05.803211-04:00,"225 North Ave NW, Atlanta, GA 30332","6400 Sugarloaf Pkwy, Duluth, GA 30097",34.73,32.38,1.073,42805
2026-09-26T20:24:06.889200-04:00,"210 Luckie St, Lawrenceville, GA 30046","225 North Ave NW, Atlanta, GA 30332",42.45,39.32,1.08,51767
2026-09-26T20:24:07.478219-04:00,"225 North Ave NW, Atlanta, GA 30332","210 Luckie St, Lawrenceville, GA 30046",43.83,39.47,1.111,49752
2026-09-26T20:24:08.047572-04:00,"101 E Court Square, Decatur, GA 30030","265 Park Ave W NW, Atlanta, GA 30313",24.22,25.3,0.957,11294
2026-09-26T20:24:08.565565-04:00,"265 Park Ave W NW, Atlanta, GA 30313","101 E Court Square, Decatur, GA 30030",23.92,24.13,0.991,11227
2026-09-26T20:24:09.104010-04:00,"205 Lawrence St, Marietta, GA 30060","265 Park Ave W NW, Atlanta, GA 30313",25.45,26.02,0.978,30558
2026-09-26T20:24:09.889441-04:00,"265 Park Ave W NW, Atlanta, GA 30313","205 Lawrence St, Marietta, GA 30060",28.82,27.73,1.039,29352
2026-09-26T20:29:10.566172-04:00,"6000 N Terminal Pkwy, Atlanta, GA 30320","265 Park Ave W NW, Atlanta, GA 30313",18.8,17.67,1.064,18823
2026-09-26T20:29:11.226992-04:00,"265 Park Ave W NW, Atlanta, GA 30313","6000 N Terminal Pkwy, Atlanta, GA 30320",24.32,22.33,1.089,20499
2026-09-26T20:29:11.921451-04:00,"6000 N Terminal Pkwy, Atlanta, GA 30320","1380 Atlantic Dr NW, Atlanta, GA 30363",20.8,18.35,1.134,20917
2026-09-26T20:29:12.560164-04:00,"1380 Atlantic Dr NW, Atlanta, GA 30363","6000 N Terminal Pkwy, Atlanta, GA 30320",26.67,24.75,1.077,22561
2026-09-26T20:29:13.175108-04:00,"6000 N Terminal Pkwy, Atlanta, GA 30320","3393 Peachtree Rd NE, Atlanta, GA 30326",27.3,25.32,1.078,29954
2026-09-26T20:29:13.814524-04:00,"3393 Peachtree Rd NE, Atlanta, GA 30326","6000 N Terminal Pkwy, Atlanta, GA 30320",37.73,30.67,1.23,32013
2026-09-26T20:29:14.464711-04:00,"6000 N Terminal Pkwy, Atlanta, GA 30320","225 North Ave NW, Atlanta, GA 30332",21.93,20.08,1.092,19637
2026-09-26T20:29:15.119909-04:00,"225 North Ave NW, Atlanta, GA 30332","6000 N Terminal Pkwy, Atlanta, GA 30320",25.95,23.0,1.128,21085
2026-09-26T20:29:15.677927-04:00,"265 Park Ave W NW, Atlanta, GA 30313","1380 Atlantic Dr NW, Atlanta, GA 30363",11.33,10.6,1.069,4925
2026-09-26T20:29:16.264418-04:00,"1380 Atlantic Dr NW, Atlanta, GA 30363","265 Park Ave W NW, Atlanta, GA 30313",12.4,12.18,1.018,4378
2026-09-26T20:29:16.904366-04:00,"265 Park Ave W NW, Atlanta, GA 30313","3393 Peachtree Rd NE, Atlanta, GA 30326",17.75,17.57,1.01,13962
2026-09-26T20:29:17.495066-04:00,"3393 Peachtree Rd NE, Atlanta, GA 30326","265 Park Ave W NW, Atlanta, GA 30313",23.5,18.1,1.298,13831
2026-09-26T20:29:18.076985-04:00,"265 Park Ave W NW, Atlanta, GA 30313","225 North Ave NW, Atlanta, GA 30332",7.83,8.23,0.951,2086
2026-09-26T20:29:18.656776-04:00,"225 North Ave NW, Atlanta, GA 30332","265 Park Ave W NW, Atlanta, GA 30313",8.87,8.95,0.991,2448
2026-09-26T20:29:19.193889-04:00,"1380 Atlantic Dr NW, Atlanta, GA 30363","3393 Peachtree Rd NE, Atlanta, GA 30326",17.63,17.63,1.0,10266
2026-09-26T20:29:19.748491-04:00,"3393 Peachtree Rd NE, Atlanta, GA 30326","1380 Atlantic Dr NW, Atlanta, GA 30363",20.8,20.9,0.995,8869
2026-09-26T20:29:20.298926-04:00,"1380 Atlantic Dr NW, Atlanta, GA 30363","225 North Ave NW, Atlanta, GA 30332",10.65,10.47,1.018,2985
2026-09-26T20:29:20.880230-04:00,"225 North Ave NW, Atlanta, GA 30332","1380 Atlantic Dr NW, Atlanta, GA 30363",11.4,11.48,0.993,3461
2026-09-26T20:29:21.419767-04:00,"3393 Peachtree Rd NE, Atlanta, GA 30326","225 North Ave NW, Atlanta, GA 30332",22.73,17.13,1.327,13065
2026-09-26T20:29:21.972275-04:00,"225 North Ave NW, Atlanta, GA 30332","3393 Peachtree Rd NE, Atlanta, GA 30326",18.58,17.02,1.092,13602
2026-09-26T20:29:22.609884-04:00,"4400 Ashford Dunwoody Rd, Dunwoody, GA 30346","3393 Peachtree Rd NE, Atlanta, GA 30326",15.15,14.83,1.021,11803
2026-09-26T20:29:23.174864-04:00,"3393 Peachtree Rd NE, Atlanta, GA 30326","4400 Ashford Dunwoody Rd, Dunwoody, GA 30346",17.03,15.77,1.08,11689
2026-09-26T20:29:23.789289-04:00,"101 E Court Square, Decatur, GA 30030","225 North Ave NW, Atlanta, GA 30332",24.72,24.93,0.991,10311
2026-09-26T20:29:24.427075-04:00,"225 North Ave NW, Atlanta, GA 30332","101 E Court Square, Decatur, GA 30030",24.85,23.7,1.049,10272
2026-09-26T20:29:25.093179-04:00,"205 Lawrence St, Marietta, GA 30060","225 North Ave NW, Atlanta, GA 30332",24.78,25.05,0.989,29792
2026-09-26T20:29:25.643400-04:00,"225 North Ave NW, Atlanta, GA 30332","205 Lawrence St, Marietta, GA 30060",27.07,28.52,0.949,27895
2026-09-26T20:29:26.309736-04:00,"1 Galambos Way, Sandy Springs, GA 30328","3393 Peachtree Rd NE, Atlanta, GA 30326",15.85,16.1,0.984,11682
2026-09-26T20:29:26.938995-04:00,"3393 Peachtree Rd NE, Atlanta, GA 30326","1 Galambos Way, Sandy Springs, GA 30328",18.35,17.03,1.077,12587
2026-09-26T20:29:27.593249-04:00,"5485 Chamblee Dunwoody Rd, Dunwoody, GA 30338","3393 Peachtree Rd NE, Atlanta, GA 30326",15.18,16.02,0.948,13634
2026-09-26T20:29:28.220978-04:00,"3393 Peachtree Rd NE, Atlanta, GA 30326","5485 Chamblee Dunwoody Rd, Dunwoody, GA 30338",17.88,17.13,1.044,13651
2026-09-26T20:29:28.949545-04:00,"6400 Sugarloaf Pkwy, Duluth, GA 30097","225 North Ave NW, Atlanta, GA 30332",32.12,30.83,1.042,41319
2026-09-26T20:29:29.562367-04:00,"225 North Ave NW, Atlanta, GA 30332","6400 Sugarloaf Pkwy, Duluth, GA 30097",34.33,32.38,1.06,42805
2026-09-26T20:29:30.222355-04:00,"210 Luckie St, Lawrenceville, GA 30046","225 North Ave NW, Atlanta, GA 30332",40.7,39.27,1.037,51751
2026-09-26T20:29:30.980032-04:00,"225 North Ave NW, Atlanta, GA 30332","210 Luckie St, Lawrenceville, GA 30046",42.17,38.62,1.092,49413
2026-09-26T20:29:31.575901-04:00,"101 E Court Square, Decatur, GA 30030","265 Park Ave W NW, Atlanta, GA 30313",24.58,25.3,0.972,11294
2026-09-26T20:29:32.226389-04:00,"265 Park Ave W NW, Atlanta, GA 30313","101 E Court Square, Decatur, GA 30030",23.8,24.13,0.986,11227
2026-09-26T20:29:32.850647-04:00,"205 Lawrence St, Marietta, GA 30060","265 Park Ave W NW, Atlanta, GA 30313",25.52,26.02,0.981,30558
2026-09-26T20:29:33.429158-04:00,"265 Park Ave W NW, Atlanta, GA 30313","205 Lawrence St, Marietta, GA 30060",27.03,27.73,0.975,29352
2026-09-26T20:34:33.948976-04:00,"6000 N Terminal Pkwy, Atlanta, GA 30320","265 Park Ave W NW, Atlanta, GA 30313",18.32,17.67,1.037,18823
2026-09-26T20:34:34.313153-04:00,"265 Park Ave W NW, Atlanta, GA 30313","6000 N Terminal Pkwy, Atlanta, GA 30320",23.8,24.08,0.988,18182
2026-09-26T20:34:34.649455-04:00,"6000 N Terminal Pkwy, Atlanta, GA 30320","1380 Atlantic Dr NW, Atlanta, GA 30363",20.25,20.43,0.991,20917
2026-09-26T20:34:35.020691-04:00,"1380 Atlantic Dr NW, Atlanta, GA 30363","6000 N Terminal Pkwy, Atlanta, GA 30320",28.15,24.75,1.137,22561
2026-09-26T20:34:35.466541-04:00,"6000 N Terminal Pkwy, Atlanta, GA 30320","3393 Peachtree Rd NE, Atlanta, GA 30326",26.88,25.32,1.062,29954
2026-09-26T20:34:35.865653-04:00,"3393 Peachtree Rd NE, Atlanta, GA 30326","6000 N Terminal Pkwy, Atlanta, GA 30320",36.92,37.27,0.991,32013
2026-09-26T20:34:36.217966-04:00,"6000 N Terminal Pkwy, Atlanta, GA 30320","225 North Ave NW, Atlanta, GA 30332",21.52,20.08,1.071,19637
2026-09-26T20:34:36.583289-04:00,"225 North Ave NW, Atlanta, GA 30332","6000 N Terminal Pkwy, Atlanta, GA 30320",25.57,23.0,1.112,21085
2026-09-26T20:34:36.966816-04:00,"265 Park Ave W NW, Atlanta, GA 30313","1380 Atlantic Dr NW, Atlanta, GA 30363",11.02,10.6,1.039,4925
2026-09-26T20:34:37.365333-04:00,"1380 Atlantic Dr NW, Atlanta, GA 30363","265 Park Ave W NW, Atlanta, GA 30313",13.08,12.18,1.074,4378
2026-09-26T20:34:37.777507-04:00,"265 Park Ave W NW, Atlanta, GA 30313","3393 Peachtree Rd NE, Atlanta, GA 30326",17.5,17.57,0.996,13962
2026-09-26T20:34:38.142085-04:00,"3393 Peachtree Rd NE, Atlanta, GA 30326","265 Park Ave W NW, Atlanta, GA 30313",22.02,18.1,1.216,13831
2026-09-26T20:34:38.516756-04:00,"265 Park Ave W NW, Atlanta, GA 30313","225 North Ave NW, Atlanta, GA 30332",7.57,7.35,1.029,2086
2026-09-26T20:34:38.882992-04:00,"225 North Ave NW, Atlanta, GA 30332","265 Park Ave W NW, Atlanta, GA 30313",8.58,8.95,0.959,2448
2026-09-26T20:34:39.268606-04:00,"1380 Atlantic Dr NW, Atlanta, GA 30363","3393 Peachtree Rd NE, Atlanta, GA 30326",17.78,17.63,1.009,10266
2026-09-26T20:34:39.633121-04:00,"3393 Peachtree Rd NE, Atlanta, GA 30326","1380 Atlantic Dr NW, Atlanta, GA 30363",18.07,13.8,1.309,10713
2026-09-26T20:34:39.975045-04:00,"1380 Atlantic Dr NW, Atlanta, GA 30363","225 North Ave NW, Atlanta, GA 30332",10.68,10.47,1.021,2985
2026-09-26T20:34:40.383233-04:00,"225 North Ave NW, Atlanta, GA 30332","1380 Atlantic Dr NW, Atlanta, GA 30363",11.22,11.48,0.977,3461
2026-09-26T20:34:40.785751-04:00,"3393 Peachtree Rd NE, Atlanta, GA 30326","225 North Ave NW, Atlanta, GA 30332",21.32,17.13,1.244,13065
2026-09-26T20:34:41.165097-04:00,"225 North Ave NW, Atlanta, GA 30332","3393 Peachtree Rd NE, Atlanta, GA 30326",17.47,17.02,1.026,13602
2026-09-26T20:34:41.592917-04:00,"4400 Ashford Dunwoody Rd, Dunwoody, GA 30346","3393 Peachtree Rd NE, Atlanta, GA 30326",14.98,14.83,1.01,11803
2026-09-26T20:34:41.950280-04:00,"3393 Peachtree Rd NE, Atlanta, GA 30326","4400 Ashford Dunwoody Rd, Dunwoody, GA 30346",16.58,15.77,1.052,11689
2026-09-26T20:34:42.333338-04:00,"101 E Court Square, Decatur, GA 30030","225 North Ave NW, Atlanta, GA 30332",24.72,24.93,0.991,10311
2026-09-26T20:34:42.716971-04:00,"225 North Ave NW, Atlanta, GA 30332","101 E Court Square, Decatur, GA 30030",24.82,23.7,1.047,10272
2026-09-26T20:34:43.083153-04:00,"205 Lawrence St, Marietta, GA 30060","225 North Ave NW, Atlanta, GA 30332",24.83,25.13,0.988,29419
2026-09-26T20:34:43.511510-04:00,"225 North Ave NW, Atlanta, GA 30332","205 Lawrence St, Marietta, GA 30060",27.0,28.52,0.947,27895
2026-09-26T20:34:43.867429-04:00,"1 Galambos Way, Sandy Springs, GA 30328","3393 Peachtree Rd NE, Atlanta, GA 30326",16.37,16.1,1.017,11682
2026-09-26T20:34:44.316900-04:00,"3393 Peachtree Rd NE, Atlanta, GA 30326","1 Galambos Way, Sandy Springs, GA 30328",17.78,17.03,1.044,12587
2026-09-26T20:34:44.744459-04:00,"5485 Chamblee Dunwoody Rd, Dunwoody, GA 30338","3393 Peachtree Rd NE, Atlanta, GA 30326",15.17,16.02,0.947,13634
2026-09-26T20:34:45.082933-04:00,"3393 Peachtree Rd NE, Atlanta, GA 30326","5485 Chamblee Dunwoody Rd, Dunwoody, GA 30338",17.32,17.13,1.011,13651
2026-09-26T20:34:45.467005-04:00,"6400 Sugarloaf Pkwy, Duluth, GA 30097","225 North Ave NW, Atlanta, GA 30332",32.2,30.83,1.044,41319
2026-09-26T20:34:45.851726-04:00,"225 North Ave NW, Atlanta, GA 30332","6400 Sugarloaf Pkwy, Duluth, GA 30097",33.03,32.38,1.02,42805
2026-09-26T20:34:46.266570-04:00,"210 Luckie St, Lawrenceville, GA 30046","225 North Ave NW, Atlanta, GA 30332",41.37,39.0,1.061,48921
2026-09-26T20:34:46.616009-04:00,"225 North Ave NW, Atlanta, GA 30332","210 Luckie St, Lawrenceville, GA 30046",40.88,38.62,1.059,49413
2026-09-26T20:34:46.967691-04:00,"101 E Court Square, Decatur, GA 30030","265 Park Ave W NW, Atlanta, GA 30313",24.48,25.3,0.968,11294
2026-09-26T20:34:47.364797-04:00,"265 Park Ave W NW, Atlanta, GA 30313","101 E Court Square, Decatur, GA 30030",23.25,24.13,0.963,11227
2026-09-26T20:34:47.763594-04:00,"205 Lawrence St, Marietta, GA 30060","265 Park Ave W NW, Atlanta, GA 30313",25.52,26.1,0.978,30184
2026-09-26T20:34:48.198202-04:00,"265 Park Ave W NW, Atlanta, GA 30313","205 Lawrence St, Marietta, GA 30060",26.83,27.73,0.968,29352
2026-09-26T20:39:48.579261-04:00,"6000 N Terminal Pkwy, Atlanta, GA 30320","265 Park Ave W NW, Atlanta, GA 30313",17.58,17.67,0.995,18823
2026-09-26T20:39:48.939726-04:00,"265 Park Ave W NW, Atlanta, GA 30313","6000 N Terminal Pkwy, Atlanta, GA 30320",23.22,24.08,0.964,18182
2026-09-26T20:39:49.318736-04:00,"6000 N Terminal Pkwy, Atlanta, GA 30320","1380 Atlantic Dr NW, Atlanta, GA 30363",19.27,18.35,1.05,20917
2026-09-26T20:39:49.660415-04:00,"1380 Atlantic Dr NW, Atlanta, GA 30363","6000 N Terminal Pkwy, Atlanta, GA 30320",28.45,24.75,1.149,22561
2026-09-26T20:39:50.085236-04:00,"6000 N Terminal Pkwy, Atlanta, GA 30320","3393 Peachtree Rd NE, Atlanta, GA 30326",25.87,25.32,1.022,29954
2026-09-26T20:39:50.485902-04:00,"3393 Peachtree Rd NE, Atlanta, GA 30326","6000 N Terminal Pkwy, Atlanta, GA 30320",35.95,30.67,1.172,32013
2026-09-26T20:39:50.861912-04:00,"6000 N Terminal Pkwy, Atlanta, GA 30320","225 North Ave NW, Atlanta, GA 30332",20.3,21.53,0.943,18926
2026-09-26T20:39:51.282874-04:00,"225 North Ave NW, Atlanta, GA 30332","6000 N Terminal Pkwy, Atlanta, GA 30320",26.32,23.0,1.144,21085
2026-09-26T20:39:51.642772-04:00,"265 Park Ave W NW, Atlanta, GA 30313","1380 Atlantic Dr NW, Atlanta, GA 30363",10.48,10.6,0.989,4925
2026-09-26T20:39:52.057455-04:00,"1380 Atlantic Dr NW, Atlanta, GA 30363","265 Park Ave W NW, Atlanta, GA 30313",13.78,12.18,1.131,4378
2026-09-26T20:39:52.407808-04:00,"265 Park Ave W NW, Atlanta, GA 30313","3393 Peachtree Rd NE, Atlanta, GA 30326",17.07,17.57,0.972,13962
2026-09-26T20:39:52.778600-04:00,"3393 Peachtree Rd NE, Atlanta, GA 30326","265 Park Ave W NW, Atlanta, GA 30313",21.43,18.1,1.184,13831
2026-09-26T20:39:53.146149-04:00,"265 Park Ave W NW, Atlanta, GA 30313","225 North Ave NW, Atlanta, GA 30332",7.23,7.35,0.984,2086
2026-09-26T20:39:53.483644-04:00,"225 North Ave NW, Atlanta, GA 30332","265 Park Ave W NW, Atlanta, GA 30313",9.55,8.42,1.135,2214
2026-09-26T20:39:53.841271-04:00,"1380 Atlantic Dr NW, Atlanta, GA 30363","3393 Peachtree Rd NE, Atlanta, GA 30326",17.0,17.63,0.964,10266
2026-09-26T20:39:54.187092-04:00,"3393 Peachtree Rd NE, Atlanta, GA 30326","1380 Atlantic Dr NW, Atlanta, GA 30363",16.85,13.8,1.221,10713
2026-09-26T20:39:54.589948-04:00,"1380 Atlantic Dr NW, Atlanta, GA 30363","225 North Ave NW, Atlanta, GA 30332",9.9,10.47,0.946,2985
2026-09-26T20:39:54.908369-04:00,"225 North Ave NW, Atlanta, GA 30332","1380 Atlantic Dr NW, Atlanta, GA 30363",10.62,9.97,1.065,4547
2026-09-26T20:39:55.258566-04:00,"3393 Peachtree Rd NE, Atlanta, GA 30326","225 North Ave NW, Atlanta, GA 30332",20.95,18.72,1.119,12225
2026-09-26T20:39:55.706983-04:00,"225 North Ave NW, Atlanta, GA 30332","3393 Peachtree Rd NE, Atlanta, GA 30326",17.22,16.93,1.017,13584
2026-09-26T20:39:56.036259-04:00,"4400 Ashford Dunwoody Rd, Dunwoody, GA 30346","3393 Peachtree Rd NE, Atlanta, GA 30326",14.97,14.83,1.009,11803
2026-09-26T20:39:56.562647-04:00,"3393 Peachtree Rd NE, Atlanta, GA 30326","4400 Ashford Dunwoody Rd, Dunwoody, GA 30346",16.37,15.77,1.038,11689
2026-09-26T20:39:56.971533-04:00,"101 E Court Square, Decatur, GA 30030","225 North Ave NW, Atlanta, GA 30332",24.92,24.93,0.999,10311
2026-09-26T20:39:57.359759-04:00,"225 North Ave NW, Atlanta, GA 30332","101 E Court Square, Decatur, GA 30030",24.92,23.7,1.051,10272
2026-09-26T20:39:57.690445-04:00,"205 Lawrence St, Marietta, GA 30060","225 North Ave NW, Atlanta, GA 30332",25.42,25.05,1.015,29792
2026-09-26T20:39:58.055697-04:00,"225 North Ave NW, Atlanta, GA 30332","205 Lawrence St, Marietta, GA 30060",26.52,27.1,0.978,28974
2026-09-26T20:39:58.422527-04:00,"1 Galambos Way, Sandy Springs, GA 30328","3393 Peachtree Rd NE, Atlanta, GA 30326",16.08,16.1,0.999,11682
2026-09-26T20:39:58.789412-04:00,"3393 Peachtree Rd NE, Atlanta, GA 30326","1 Galambos Way, Sandy Springs, GA 30328",17.3,17.03,1.016,12587
2026-09-26T20:39:59.122706-04:00,"5485 Chamblee Dunwoody Rd, Dunwoody, GA 30338","3393 Peachtree Rd NE, Atlanta, GA 30326",15.13,16.02,0.945,13634
2026-09-26T20:39:59.474885-04:00,"3393 Peachtree Rd NE, Atlanta, GA 30326","5485 Chamblee Dunwoody Rd, Dunwoody, GA 30338",16.82,17.13,0.982,13651
2026-09-26T20:39:59.875118-04:00,"6400 Sugarloaf Pkwy, Duluth, GA 30097","225 North Ave NW, Atlanta, GA 30332",32.02,30.83,1.038,41319
2026-09-26T20:40:00.216408-04:00,"225 North Ave NW, Atlanta, GA 30332","6400 Sugarloaf Pkwy, Duluth, GA 30097",32.58,32.3,1.009,42787
2026-09-26T20:40:00.589417-04:00,"210 Luckie St, Lawrenceville, GA 30046","225 North Ave NW, Atlanta, GA 30332",42.75,39.32,1.087,51767
2026-09-26T20:40:01.051267-04:00,"225 North Ave NW, Atlanta, GA 30332","210 Luckie St, Lawrenceville, GA 30046",40.08,38.53,1.04,49395
2026-09-26T20:40:01.456395-04:00,"101 E Court Square, Decatur, GA 30030","265 Park Ave W NW, Atlanta, GA 30313",24.5,25.3,0.968,11294
2026-09-26T20:40:01.806116-04:00,"265 Park Ave W NW, Atlanta, GA 30313","101 E Court Square, Decatur, GA 30030",22.82,24.13,0.945,11227
2026-09-26T20:40:02.139068-04:00,"205 Lawrence St, Marietta, GA 30060","265 Park Ave W NW, Atlanta, GA 30313",26.35,26.02,1.013,30558
2026-09-26T20:40:02.513813-04:00,"265 Park Ave W NW, Atlanta, GA 30313","205 Lawrence St, Marietta, GA 30060",26.37,27.73,0.951,29352
2026-09-26T20:45:03.109982-04:00,"6000 N Terminal Pkwy, Atlanta, GA 30320","265 Park Ave W NW, Atlanta, GA 30313",17.25,17.67,0.976,18823
2026-09-26T20:45:03.491374-04:00,"265 Park Ave W NW, Atlanta, GA 30313","6000 N Terminal Pkwy, Atlanta, GA 30320",23.4,24.08,0.972,18182
2026-09-26T20:45:03.944595-04:00,"6000 N Terminal Pkwy, Atlanta, GA 30320","1380 Atlantic Dr NW, Atlanta, GA 30363",19.1,18.35,1.041,20917
2026-09-26T20:45:04.379833-04:00,"1380 Atlantic Dr NW, Atlanta, GA 30363","6000 N Terminal Pkwy, Atlanta, GA 30320",30.58,24.75,1.236,22561
2026-09-26T20:45:04.813605-04:00,"6000 N Terminal Pkwy, Atlanta, GA 30320","3393 Peachtree Rd NE, Atlanta, GA 30326",25.8,25.32,1.019,29954
2026-09-26T20:45:05.213276-04:00,"3393 Peachtree Rd NE, Atlanta, GA 30326","6000 N Terminal Pkwy, Atlanta, GA 30320",35.85,32.25,1.112,31173
2026-09-26T20:45:05.675584-04:00,"6000 N Terminal Pkwy, Atlanta, GA 30320","225 North Ave NW, Atlanta, GA 30332",19.87,19.63,1.012,18926
2026-09-26T20:45:06.108475-04:00,"225 North Ave NW, Atlanta, GA 30332","6000 N Terminal Pkwy, Atlanta, GA 30320",26.93,23.0,1.171,21085
2026-09-26T20:45:06.518705-04:00,"265 Park Ave W NW, Atlanta, GA 30313","1380 Atlantic Dr NW, Atlanta, GA 30363",11.63,9.65,1.206,4787
2026-09-26T20:45:06.924696-04:00,"1380 Atlantic Dr NW, Atlanta, GA 30363","265 Park Ave W NW, Atlanta, GA 30313",14.1,14.38,0.98,5231
2026-09-26T20:45:07.246308-04:00,"265 Park Ave W NW, Atlanta, GA 30313","3393 Peachtree Rd NE, Atlanta, GA 30326",18.32,16.62,1.102,13824
2026-09-26T20:45:07.706299-04:00,"3393 Peachtree Rd NE, Atlanta, GA 30326","265 Park Ave W NW, Atlanta, GA 30313",20.13,19.68,1.023,12990
2026-09-26T20:45:08.048856-04:00,"265 Park Ave W NW, Atlanta, GA 30313","225 North Ave NW, Atlanta, GA 30332",7.4,7.35,1.007,2086
2026-09-26T20:45:08.462880-04:00,"225 North Ave NW, Atlanta, GA 30332","265 Park Ave W NW, Atlanta, GA 30313",8.8,8.72,1.01,2067
2026-09-26T20:45:08.862556-04:00,"1380 Atlantic Dr NW, Atlanta, GA 30363","3393 Peachtree Rd NE, Atlanta, GA 30326",17.0,17.63,0.964,10266
2026-09-26T20:45:09.227481-04:00,"3393 Peachtree Rd NE, Atlanta, GA 30326","1380 Atlantic Dr NW, Atlanta, GA 30363",15.72,15.38,1.022,9873
2026-09-26T20:45:09.579880-04:00,"1380 Atlantic Dr NW, Atlanta, GA 30363","225 North Ave NW, Atlanta, GA 30332",10.33,10.47,0.987,2985
2026-09-26T20:45:09.979396-04:00,"225 North Ave NW, Atlanta, GA 30332","1380 Atlantic Dr NW, Atlanta, GA 30363",10.62,9.97,1.065,4547
2026-09-26T20:45:10.397536-04:00,"3393 Peachtree Rd NE, Atlanta, GA 30326","225 North Ave NW, Atlanta, GA 30332",19.25,18.72,1.028,12225
2026-09-26T20:45:10.829949-04:00,"225 North Ave NW, Atlanta, GA 30332","3393 Peachtree Rd NE, Atlanta, GA 30326",17.35,16.93,1.025,13584
2026-09-26T20:45:11.313692-04:00,"4400 Ashford Dunwoody Rd, Dunwoody, GA 30346","3393 Peachtree Rd NE, Atlanta, GA 30326",15.03,14.83,1.013,11803
2026-09-26T20:45:11.713038-04:00,"3393 Peachtree Rd NE, Atlanta, GA 30326","4400 Ashford Dunwoody Rd, Dunwoody, GA 30346",16.12,15.77,1.022,11689
2026-09-26T20:45:12.125007-04:00,"101 E Court Square, Decatur, GA 30030","225 North Ave NW, Atlanta, GA 30332",24.02,24.93,0.963,10311
2026-09-26T20:45:12.512955-04:00,"225 North Ave NW, Atlanta, GA 30332","101 E Court Square, Decatur, GA 30030",24.65,23.7,1.04,10272
2026-09-26T20:45:12.929925-04:00,"205 Lawrence St, Marietta, GA 30060","225 North Ave NW, Atlanta, GA 30332",25.23,25.05,1.007,29792
2026-09-26T20:45:13.296037-04:00,"225 North Ave NW, Atlanta, GA 30332","205 Lawrence St, Marietta, GA 30060",26.45,27.1,0.976,28974
2026-09-26T20:45:13.712899-04:00,"1 Galambos Way, Sandy Springs, GA 30328","3393 Peachtree Rd NE, Atlanta, GA 30326",15.98,16.1,0.993,11682
2026-09-26T20:45:14.079849-04:00,"3393 Peachtree Rd NE, Atlanta, GA 30326","1 Galambos Way, Sandy Springs, GA 30328",17.2,17.03,1.01,12587
2026-09-26T20:45:14.546931-04:00,"5485 Chamblee Dunwoody Rd, Dunwoody, GA 30338","3393 Peachtree Rd NE, Atlanta, GA 30326",15.12,16.02,0.944,13634
2026-09-26T20:45:14.934378-04:00,"3393 Peachtree Rd NE, Atlanta, GA 30326","5485 Chamblee Dunwoody Rd, Dunwoody, GA 30338",16.9,17.13,0.986,13651
2026-09-26T20:45:15.491586-04:00,"6400 Sugarloaf Pkwy, Duluth, GA 30097","225 North Ave NW, Atlanta, GA 30332",31.58,30.83,1.024,41319
2026-09-26T20:45:15.854520-04:00,"225 North Ave NW, Atlanta, GA 30332","6400 Sugarloaf Pkwy, Duluth, GA 30097",32.58,32.3,1.009,42787
2026-09-26T20:45:16.314458-04:00,"210 Luckie St, Lawrenceville, GA 30046","225 North Ave NW, Atlanta, GA 30332",42.05,39.32,1.07,51767
2026-09-26T20:45:16.712637-04:00,"225 North Ave NW, Atlanta, GA 30332","210 Luckie St, Lawrenceville, GA 30046",39.5,38.53,1.025,49395
2026-09-26T20:45:17.063057-04:00,"101 E Court Square, Decatur, GA 30030","265 Park Ave W NW, Atlanta, GA 30313",22.85,24.65,0.927,12298
2026-09-26T20:45:17.417948-04:00,"265 Park Ave W NW, Atlanta, GA 30313","101 E Court Square, Decatur, GA 30030",22.55,24.13,0.934,11227
2026-09-26T20:45:17.846516-04:00,"205 Lawrence St, Marietta, GA 30060","265 Park Ave W NW, Atlanta, GA 30313",26.07,26.02,1.002,30558
2026-09-26T20:45:18.195982-04:00,"265 Park Ave W NW, Atlanta, GA 30313","205 Lawrence St, Marietta, GA 30060",27.38,26.78,1.022,29214
2026-09-26T20:50:18.785014-04:00,"6000 N Terminal Pkwy, Atlanta, GA 30320","265 Park Ave W NW, Atlanta, GA 30313",17.12,17.67,0.969,18823
2026-09-26T20:50:19.398312-04:00,"265 Park Ave W NW, Atlanta, GA 30313","6000 N Terminal Pkwy, Atlanta, GA 30320",23.83,24.08,0.99,18182
2026-09-26T20:50:20.020334-04:00,"6000 N Terminal Pkwy, Atlanta, GA 30320","1380 Atlantic Dr NW, Atlanta, GA 30363",18.98,18.35,1.035,20917
2026-09-26T20:50:20.635085-04:00,"1380 Atlantic Dr NW, Atlanta, GA 30363","6000 N Terminal Pkwy, Atlanta, GA 30320",30.87,26.78,1.152,26446
2026-09-26T20:50:21.272258-04:00,"6000 N Terminal Pkwy, Atlanta, GA 30320","3393 Peachtree Rd NE, Atlanta, GA 30326",25.62,25.32,1.012,29954
2026-09-26T20:50:21.920624-04:00,"3393 Peachtree Rd NE, Atlanta, GA 30326","6000 N Terminal Pkwy, Atlanta, GA 30320",35.18,30.67,1.147,32013
2026-09-26T20:50:22.531566-04:00,"6000 N Terminal Pkwy, Atlanta, GA 30320","225 North Ave NW, Atlanta, GA 30332",19.8,19.63,1.008,18926
2026-09-26T20:50:23.080547-04:00,"225 North Ave NW, Atlanta, GA 30332","6000 N Terminal Pkwy, Atlanta, GA 30320",27.08,23.0,1.178,21085
2026-09-26T20:50:23.641896-04:00,"265 Park Ave W NW, Atlanta, GA 30313","1380 Atlantic Dr NW, Atlanta, GA 30363",10.83,10.6,1.022,4925
2026-09-26T20:50:24.156215-04:00,"1380 Atlantic Dr NW, Atlanta, GA 30363","265 Park Ave W NW, Atlanta, GA 30313",14.67,14.0,1.048,5149
2026-09-26T20:50:24.679973-04:00,"265 Park Ave W NW, Atlanta, GA 30313","3393 Peachtree Rd NE, Atlanta, GA 30326",17.5,17.57,0.996,13962
2026-09-26T20:50:25.214555-04:00,"3393 Peachtree Rd NE, Atlanta, GA 30326","265 Park Ave W NW, Atlanta, GA 30313",19.65,18.1,1.086,13831
2026-09-26T20:50:25.789191-04:00,"265 Park Ave W NW, Atlanta, GA 30313","225 North Ave NW, Atlanta, GA 30332",7.3,7.35,0.993,2086
2026-09-26T20:50:26.361703-04:00,"225 North Ave NW, Atlanta, GA 30332","265 Park Ave W NW, Atlanta, GA 30313",8.82,8.42,1.048,2214
2026-09-26T20:50:26.972431-04:00,"1380 Atlantic Dr NW, Atlanta, GA 30363","3393 Peachtree Rd NE, Atlanta, GA 30326",16.83,17.63,0.955,10266
2026-09-26T20:50:27.565366-04:00,"3393 Peachtree Rd NE, Atlanta, GA 30326","1380 Atlantic Dr NW, Atlanta, GA 30363",15.67,15.38,1.018,9873
2026-09-26T20:50:28.098189-04:00,"1380 Atlantic Dr NW, Atlanta, GA 30363","225 North Ave NW, Atlanta, GA 30332",10.47,10.47,1.0,2985
2026-09-26T20:50:28.682769-04:00,"225 North Ave NW, Atlanta, GA 30332","1380 Atlantic Dr NW, Atlanta, GA 30363",10.85,9.97,1.089,4547
2026-09-26T20:50:29.286785-04:00,"3393 Peachtree Rd NE, Atlanta, GA 30326","225 North Ave NW, Atlanta, GA 30332",19.07,17.13,1.113,13065
2026-09-26T20:50:29.872274-04:00,"225 North Ave NW, Atlanta, GA 30332","3393 Peachtree Rd NE, Atlanta, GA 30326",17.52,16.93,1.034,13584
2026-09-26T20:50:30.442664-04:00,"4400 Ashford Dunwoody Rd, Dunwoody, GA 30346","3393 Peachtree Rd NE, Atlanta, GA 30326",14.98,15.4,0.973,11873
2026-09-26T20:50:31.021477-04:00,"3393 Peachtree Rd NE, Atlanta, GA 30326","4400 Ashford Dunwoody Rd, Dunwoody, GA 30346",15.77,15.77,1.0,11689
2026-09-26T20:50:31.629535-04:00,"101 E Court Square, Decatur, GA 30030","225 North Ave NW, Atlanta, GA 30332",23.47,24.93,0.941,10311
2026-09-26T20:50:32.317617-04:00,"225 North Ave NW, Atlanta, GA 30332","101 E Court Square, Decatur, GA 30030",24.6,25.12,0.979,10272
2026-09-26T20:50:32.868337-04:00,"205 Lawrence St, Marietta, GA 30060","225 North Ave NW, Atlanta, GA 30332",25.45,25.05,1.016,29792
2026-09-26T20:50:33.452100-04:00,"225 North Ave NW, Atlanta, GA 30332","205 Lawrence St, Marietta, GA 30060",26.68,27.1,0.985,28974
2026-09-26T20:50:34.051386-04:00,"1 Galambos Way, Sandy Springs, GA 30328","3393 Peachtree Rd NE, Atlanta, GA 30326",15.98,16.1,0.993,11682
2026-09-26T20:50:34.639921-04:00,"3393 Peachtree Rd NE, Atlanta, GA 30326","1 Galambos Way, Sandy Springs, GA 30328",16.82,17.03,0.987,12587
2026-09-26T20:50:35.166122-04:00,"5485 Chamblee Dunwoody Rd, Dunwoody, GA 30338","3393 Peachtree Rd NE, Atlanta, GA 30326",14.98,16.02,0.935,13634
2026-09-26T20:50:35.738595-04:00,"3393 Peachtree Rd NE, Atlanta, GA 30326","5485 Chamblee Dunwoody Rd, Dunwoody, GA 30338",16.72,17.13,0.976,13651
2026-09-26T20:50:36.326005-04:00,"6400 Sugarloaf Pkwy, Duluth, GA 30097","225 North Ave NW, Atlanta, GA 30332",32.23,30.83,1.045,41319
2026-09-26T20:50:36.841074-04:00,"225 North Ave NW, Atlanta, GA 30332","6400 Sugarloaf Pkwy, Duluth, GA 30097",32.83,33.53,0.979,42787
2026-09-26T20:50:37.400518-04:00,"210 Luckie St, Lawrenceville, GA 30046","225 North Ave NW, Atlanta, GA 30332",42.25,39.32,1.075,51767
2026-09-26T20:50:38.024563-04:00,"225 North Ave NW, Atlanta, GA 30332","210 Luckie St, Lawrenceville, GA 30046",39.65,38.53,1.029,49395
2026-09-26T20:50:38.640895-04:00,"101 E Court Square, Decatur, GA 30030","265 Park Ave W NW, Atlanta, GA 30313",22.25,24.65,0.903,12298
2026-09-26T20:50:39.239994-04:00,"265 Park Ave W NW, Atlanta, GA 30313","101 E Court Square, Decatur, GA 30030",22.85,24.13,0.947,11227
2026-09-26T20:50:39.734934-04:00,"205 Lawrence St, Marietta, GA 30060","265 Park Ave W NW, Atlanta, GA 30313",26.22,26.02,1.008,30558
2026-09-26T20:50:40.387341-04:00,"265 Park Ave W NW, Atlanta, GA 30313","205 Lawrence St, Marietta, GA 30060",27.07,26.78,1.011,29214
2026-09-26T20:55:40.946793-04:00,"6000 N Terminal Pkwy, Atlanta, GA 30320","265 Park Ave W NW, Atlanta, GA 30313",16.88,17.67,0.956,18823
2026-09-26T20:55:41.519784-04:00,"265 Park Ave W NW, Atlanta, GA 30313","6000 N Terminal Pkwy, Atlanta, GA 30320",23.57,24.45,0.964,18239
2026-09-26T20:55:42.095483-04:00,"6000 N Terminal Pkwy, Atlanta, GA 30320","1380 Atlantic Dr NW, Atlanta, GA 30363",18.68,18.35,1.018,20917
2026-09-26T20:55:42.674008-04:00,"1380 Atlantic Dr NW, Atlanta, GA 30363","6000 N Terminal Pkwy, Atlanta, GA 30320",30.37,26.78,1.134,26446
2026-09-26T20:55:43.202452-04:00,"6000 N Terminal Pkwy, Atlanta, GA 30320","3393 Peachtree Rd NE, Atlanta, GA 30326",25.22,25.32,0.996,29954
2026-09-26T20:55:43.789570-04:00,"3393 Peachtree Rd NE, Atlanta, GA 30326","6000 N Terminal Pkwy, Atlanta, GA 30320",35.28,30.67,1.151,32013
2026-09-26T20:55:44.384189-04:00,"6000 N Terminal Pkwy, Atlanta, GA 30320","225 North Ave NW, Atlanta, GA 30332",19.85,20.08,0.988,19637
2026-09-26T20:55:45.019832-04:00,"225 North Ave NW, Atlanta, GA 30332","6000 N Terminal Pkwy, Atlanta, GA 30320",25.63,23.0,1.114,21085
2026-09-26T20:55:45.518005-04:00,"265 Park Ave W NW, Atlanta, GA 30313","1380 Atlantic Dr NW, Atlanta, GA 30363",11.0,9.65,1.14,4787
2026-09-26T20:55:46.086169-04:00,"1380 Atlantic Dr NW, Atlanta, GA 30363","265 Park Ave W NW, Atlanta, GA 30313",14.1,14.38,0.98,5231
2026-09-26T20:55:46.693670-04:00,"265 Park Ave W NW, Atlanta, GA 30313","3393 Peachtree Rd NE, Atlanta, GA 30326",17.53,16.62,1.055,13824
2026-09-26T20:55:47.327629-04:00,"3393 Peachtree Rd NE, Atlanta, GA 30326","265 Park Ave W NW, Atlanta, GA 30313",20.15,18.1,1.113,13831
2026-09-26T20:55:47.925035-04:00,"265 Park Ave W NW, Atlanta, GA 30313","225 North Ave NW, Atlanta, GA 30332",6.83,7.35,0.93,2086
2026-09-26T20:55:48.564796-04:00,"225 North Ave NW, Atlanta, GA 30332","265 Park Ave W NW, Atlanta, GA 30313",8.65,8.42,1.028,2214
2026-09-26T20:55:49.173697-04:00,"1380 Atlantic Dr NW, Atlanta, GA 30363","3393 Peachtree Rd NE, Atlanta, GA 30326",16.95,17.63,0.961,10266
2026-09-26T20:55:49.690949-04:00,"3393 Peachtree Rd NE, Atlanta, GA 30326","1380 Atlantic Dr NW, Atlanta, GA 30363",15.63,15.65,0.999,10713
2026-09-26T20:55:50.256409-04:00,"1380 Atlantic Dr NW, Atlanta, GA 30363","225 North Ave NW, Atlanta, GA 30332",9.98,10.47,0.954,2985
2026-09-26T20:55:50.911423-04:00,"225 North Ave NW, Atlanta, GA 30332","1380 Atlantic Dr NW, Atlanta, GA 30363",11.33,10.05,1.128,4565
2026-09-26T20:55:51.427962-04:00,"3393 Peachtree Rd NE, Atlanta, GA 30326","225 North Ave NW, Atlanta, GA 30332",19.2,17.13,1.121,13065
2026-09-26T20:55:51.945385-04:00,"225 North Ave NW, Atlanta, GA 30332","3393 Peachtree Rd NE, Atlanta, GA 30326",17.9,17.02,1.052,13602
2026-09-26T20:55:52.523673-04:00,"4400 Ashford Dunwoody Rd, Dunwoody, GA 30346","3393 Peachtree Rd NE, Atlanta, GA 30326",14.9,14.83,1.004,11803
2026-09-26T20:55:53.097899-04:00,"3393 Peachtree Rd NE, Atlanta, GA 30326","4400 Ashford Dunwoody Rd, Dunwoody, GA 30346",16.43,15.77,1.042,11689
2026-09-26T20:55:53.676855-04:00,"101 E Court Square, Decatur, GA 30030","225 North Ave NW, Atlanta, GA 30332",23.6,24.93,0.947,10311
2026-09-26T20:55:54.302654-04:00,"225 North Ave NW, Atlanta, GA 30332","101 E Court Square, Decatur, GA 30030",23.9,23.7,1.008,10272
2026-09-26T20:55:54.879650-04:00,"205 Lawrence St, Marietta, GA 30060","225 North Ave NW, Atlanta, GA 30332",25.17,25.05,1.005,29792
2026-09-26T20:55:55.440066-04:00,"225 North Ave NW, Atlanta, GA 30332","205 Lawrence St, Marietta, GA 30060",27.03,27.18,0.994,28992
2026-09-26T20:55:55.976796-04:00,"1 Galambos Way, Sandy Springs, GA 30328","3393 Peachtree Rd NE, Atlanta, GA 30326",15.9,16.1,0.988,11682
2026-09-26T20:55:56.579400-04:00,"3393 Peachtree Rd NE, Atlanta, GA 30326","1 Galambos Way, Sandy Springs, GA 30328",17.55,17.03,1.03,12587
2026-09-26T20:55:57.096783-04:00,"5485 Chamblee Dunwoody Rd, Dunwoody, GA 30338","3393 Peachtree Rd NE, Atlanta, GA 30326",15.18,16.02,0.948,13634
2026-09-26T20:55:57.717146-04:00,"3393 Peachtree Rd NE, Atlanta, GA 30326","5485 Chamblee Dunwoody Rd, Dunwoody, GA 30338",17.32,17.13,1.011,13651
2026-09-26T20:55:58.327720-04:00,"6400 Sugarloaf Pkwy, Duluth, GA 30097","225 North Ave NW, Atlanta, GA 30332",30.9,30.83,1.002,41319
2026-09-26T20:55:58.916218-04:00,"225 North Ave NW, Atlanta, GA 30332","6400 Sugarloaf Pkwy, Duluth, GA 30097",33.17,32.38,1.024,42805
2026-09-26T20:55:59.552077-04:00,"210 Luckie St, Lawrenceville, GA 30046","225 North Ave NW, Atlanta, GA 30332",39.67,39.0,1.017,48921
2026-09-26T20:56:00.182029-04:00,"225 North Ave NW, Atlanta, GA 30332","210 Luckie St, Lawrenceville, GA 30046",40.0,38.62,1.036,49413
2026-09-26T20:56:00.769478-04:00,"101 E Court Square, Decatur, GA 30030","265 Park Ave W NW, Atlanta, GA 30313",23.87,25.3,0.943,11294
2026-09-26T20:56:01.437018-04:00,"265 Park Ave W NW, Atlanta, GA 30313","101 E Court Square, Decatur, GA 30030",22.55,24.13,0.934,11227
2026-09-26T20:56:01.926410-04:00,"205 Lawrence St, Marietta, GA 30060","265 Park Ave W NW, Atlanta, GA 30313",25.98,26.93,0.965,30558
2026-09-26T20:56:02.496573-04:00,"265 Park Ave W NW, Atlanta, GA 30313","205 Lawrence St, Marietta, GA 30060",26.72,26.78,0.998,29214
2026-09-26T21:01:03.133430-04:00,"6000 N Terminal Pkwy, Atlanta, GA 30320","265 Park Ave W NW, Atlanta, GA 30313",18.08,17.67,1.024,18823
2026-09-26T21:01:03.735648-04:00,"265 Park Ave W NW, Atlanta, GA 30313","6000 N Terminal Pkwy, Atlanta, GA 30320",23.8,21.38,1.113,20362
2026-09-26T21:01:04.377667-04:00,"6000 N Terminal Pkwy, Atlanta, GA 30320","1380 Atlantic Dr NW, Atlanta, GA 30363",20.22,18.35,1.102,20917
2026-09-26T21:01:04.977828-04:00,"1380 Atlantic Dr NW, Atlanta, GA 30363","6000 N Terminal Pkwy, Atlanta, GA 30320",29.25,24.75,1.182,22561
2026-09-26T21:01:05.607682-04:00,"6000 N Terminal Pkwy, Atlanta, GA 30320","3393 Peachtree Rd NE, Atlanta, GA 30326",26.6,25.32,1.051,29954
2026-09-26T21:01:06.144403-04:00,"3393 Peachtree Rd NE, Atlanta, GA 30326","6000 N Terminal Pkwy, Atlanta, GA 30320",33.72,30.67,1.099,32013
2026-09-26T21:01:06.796985-04:00,"6000 N Terminal Pkwy, Atlanta, GA 30320","225 North Ave NW, Atlanta, GA 30332",20.42,20.07,1.017,19282
2026-09-26T21:01:07.424497-04:00,"225 North Ave NW, Atlanta, GA 30332","6000 N Terminal Pkwy, Atlanta, GA 30320",25.43,23.0,1.106,21085
2026-09-26T21:01:07.921905-04:00,"265 Park Ave W NW, Atlanta, GA 30313","1380 Atlantic Dr NW, Atlanta, GA 30363",11.62,9.65,1.204,4787
2026-09-26T21:01:08.517898-04:00,"1380 Atlantic Dr NW, Atlanta, GA 30363","265 Park Ave W NW, Atlanta, GA 30313",14.67,14.0,1.048,5149
2026-09-26T21:01:09.165189-04:00,"265 Park Ave W NW, Atlanta, GA 30313","3393 Peachtree Rd NE, Atlanta, GA 30326",17.87,16.62,1.075,13824
2026-09-26T21:01:09.684931-04:00,"3393 Peachtree Rd NE, Atlanta, GA 30326","265 Park Ave W NW, Atlanta, GA 30313",19.2,18.1,1.061,13831
2026-09-26T21:01:10.245336-04:00,"265 Park Ave W NW, Atlanta, GA 30313","225 North Ave NW, Atlanta, GA 30332",6.93,7.35,0.943,2086
2026-09-26T21:01:10.899879-04:00,"225 North Ave NW, Atlanta, GA 30332","265 Park Ave W NW, Atlanta, GA 30313",8.47,8.42,1.006,2214
2026-09-26T21:01:11.440568-04:00,"1380 Atlantic Dr NW, Atlanta, GA 30363","3393 Peachtree Rd NE, Atlanta, GA 30326",16.97,17.63,0.962,10266
2026-09-26T21:01:12.007039-04:00,"3393 Peachtree Rd NE, Atlanta, GA 30326","1380 Atlantic Dr NW, Atlanta, GA 30363",14.65,13.8,1.062,10713
2026-09-26T21:01:12.610302-04:00,"1380 Atlantic Dr NW, Atlanta, GA 30363","225 North Ave NW, Atlanta, GA 30332",10.4,10.47,0.994,2985
2026-09-26T21:01:13.205814-04:00,"225 North Ave NW, Atlanta, GA 30332","1380 Atlantic Dr NW, Atlanta, GA 30363",11.1,11.48,0.967,3461
2026-09-26T21:01:13.791549-04:00,"3393 Peachtree Rd NE, Atlanta, GA 30326","225 North Ave NW, Atlanta, GA 30332",17.68,17.13,1.032,13065
2026-09-26T21:01:14.375075-04:00,"225 North Ave NW, Atlanta, GA 30332","3393 Peachtree Rd NE, Atlanta, GA 30326",17.92,17.02,1.053,13602
2026-09-26T21:01:15.017072-04:00,"4400 Ashford Dunwoody Rd, Dunwoody, GA 30346","3393 Peachtree Rd NE, Atlanta, GA 30326",14.88,14.83,1.003,11803
2026-09-26T21:01:15.666171-04:00,"3393 Peachtree Rd NE, Atlanta, GA 30326","4400 Ashford Dunwoody Rd, Dunwoody, GA 30346",15.48,15.77,0.982,11689
2026-09-26T21:01:16.312305-04:00,"101 E Court Square, Decatur, GA 30030","225 North Ave NW, Atlanta, GA 30332",23.37,24.93,0.937,10311
2026-09-26T21:01:16.924786-04:00,"225 North Ave NW, Atlanta, GA 30332","101 E Court Square, Decatur, GA 30030",24.15,23.7,1.019,10272
2026-09-26T21:01:17.508865-04:00,"205 Lawrence St, Marietta, GA 30060","225 North Ave NW, Atlanta, GA 30332",24.67,25.05,0.985,29792
2026-09-26T21:01:18.067204-04:00,"225 North Ave NW, Atlanta, GA 30332","205 Lawrence St, Marietta, GA 30060",26.93,28.52,0.944,27895
2026-09-26T21:01:18.704693-04:00,"1 Galambos Way, Sandy Springs, GA 30328","3393 Peachtree Rd NE, Atlanta, GA 30326",15.82,16.1,0.982,11682
2026-09-26T21:01:19.339146-04:00,"3393 Peachtree Rd NE, Atlanta, GA 30326","1 Galambos Way, Sandy Springs, GA 30328",16.73,17.03,0.982,12587
2026-09-26T21:01:20.028284-04:00,"5485 Chamblee Dunwoody Rd, Dunwoody, GA 30338","3393 Peachtree Rd NE, Atlanta, GA 30326",15.12,16.02,0.944,13634
2026-09-26T21:01:20.624870-04:00,"3393 Peachtree Rd NE, Atlanta, GA 30326","5485 Chamblee Dunwoody Rd, Dunwoody, GA 30338",16.32,17.13,0.952,13651
2026-09-26T21:01:21.241409-04:00,"6400 Sugarloaf Pkwy, Duluth, GA 30097","225 North Ave NW, Atlanta, GA 30332",30.9,30.83,1.002,41319
2026-09-26T21:01:21.866755-04:00,"225 North Ave NW, Atlanta, GA 30332","6400 Sugarloaf Pkwy, Duluth, GA 30097",33.27,32.38,1.027,42805
2026-09-26T21:01:22.486639-04:00,"210 Luckie St, Lawrenceville, GA 30046","225 North Ave NW, Atlanta, GA 30332",38.73,39.0,0.993,48921
2026-09-26T21:01:23.088730-04:00,"225 North Ave NW, Atlanta, GA 30332","210 Luckie St, Lawrenceville, GA 30046",39.67,38.62,1.027,49413
2026-09-26T21:01:23.730299-04:00,"101 E Court Square, Decatur, GA 30030","265 Park Ave W NW, Atlanta, GA 30313",22.72,24.65,0.922,12298
2026-09-26T21:01:24.295628-04:00,"265 Park Ave W NW, Atlanta, GA 30313","101 E Court Square, Decatur, GA 30030",22.65,24.13,0.939,11227
2026-09-26T21:01:24.927931-04:00,"205 Lawrence St, Marietta, GA 30060","265 Park Ave W NW, Atlanta, GA 30313",25.95,26.02,0.997,30558
2026-09-26T21:01:25.503907-04:00,"265 Park Ave W NW, Atlanta, GA 30313","205 Lawrence St, Marietta, GA 30060",27.17,26.78,1.014,29214
2026-09-26T21:06:26.105985-04:00,"6000 N Terminal Pkwy, Atlanta, GA 30320","265 Park Ave W NW, Atlanta, GA 30313",17.85,17.67,1.01,18823
2026-09-26T21:06:26.724241-04:00,"265 Park Ave W NW, Atlanta, GA 30313","6000 N Terminal Pkwy, Atlanta, GA 30320",23.92,21.38,1.118,20362
2026-09-26T21:06:27.301794-04:00,"6000 N Terminal Pkwy, Atlanta, GA 30320","1380 Atlantic Dr NW, Atlanta, GA 30363",19.62,18.35,1.069,20917
2026-09-26T21:06:27.874191-04:00,"1380 Atlantic Dr NW, Atlanta, GA 30363","6000 N Terminal Pkwy, Atlanta, GA 30320",27.93,25.08,1.114,22840
2026-09-26T21:06:28.437424-04:00,"6000 N Terminal Pkwy, Atlanta, GA 30320","3393 Peachtree Rd NE, Atlanta, GA 30326",25.95,25.32,1.025,29954
2026-09-26T21:06:29.057844-04:00,"3393 Peachtree Rd NE, Atlanta, GA 30326","6000 N Terminal Pkwy, Atlanta, GA 30320",33.52,30.67,1.093,32013
2026-09-26T21:06:29.653387-04:00,"6000 N Terminal Pkwy, Atlanta, GA 30320","225 North Ave NW, Atlanta, GA 30332",20.8,20.08,1.036,19637
2026-09-26T21:06:30.230157-04:00,"225 North Ave NW, Atlanta, GA 30332","6000 N Terminal Pkwy, Atlanta, GA 30320",25.95,23.0,1.128,21085
2026-09-26T21:06:30.749872-04:00,"265 Park Ave W NW, Atlanta, GA 30313","1380 Atlantic Dr NW, Atlanta, GA 30363",12.37,9.65,1.282,4787
2026-09-26T21:06:31.256459-04:00,"1380 Atlantic Dr NW, Atlanta, GA 30363","265 Park Ave W NW, Atlanta, GA 30313",13.13,12.52,1.049,4658
2026-09-26T21:06:31.866470-04:00,"265 Park Ave W NW, Atlanta, GA 30313","3393 Peachtree Rd NE, Atlanta, GA 30326",18.72,16.62,1.126,13824
2026-09-26T21:06:32.489482-04:00,"3393 Peachtree Rd NE, Atlanta, GA 30326","265 Park Ave W NW, Atlanta, GA 30313",18.77,18.1,1.037,13831
2026-09-26T21:06:32.995037-04:00,"265 Park Ave W NW, Atlanta, GA 30313","225 North Ave NW, Atlanta, GA 30332",6.87,7.35,0.934,2086
2026-09-26T21:06:33.496306-04:00,"225 North Ave NW, Atlanta, GA 30332","265 Park Ave W NW, Atlanta, GA 30313",8.87,8.42,1.053,2214
2026-09-26T21:06:34.087115-04:00,"1380 Atlantic Dr NW, Atlanta, GA 30363","3393 Peachtree Rd NE, Atlanta, GA 30326",17.07,17.63,0.968,10266
2026-09-26T21:06:34.733302-04:00,"3393 Peachtree Rd NE, Atlanta, GA 30326","1380 Atlantic Dr NW, Atlanta, GA 30363",15.17,13.8,1.099,10713
2026-09-26T21:06:35.339752-04:00,"1380 Atlantic Dr NW, Atlanta, GA 30363","225 North Ave NW, Atlanta, GA 30332",9.98,10.8,0.924,3264
2026-09-26T21:06:35.880030-04:00,"225 North Ave NW, Atlanta, GA 30332","1380 Atlantic Dr NW, Atlanta, GA 30363",10.98,11.48,0.956,3461
2026-09-26T21:06:36.446406-04:00,"3393 Peachtree Rd NE, Atlanta, GA 30326","225 North Ave NW, Atlanta, GA 30332",17.85,17.13,1.042,13065
2026-09-26T21:06:37.028831-04:00,"225 North Ave NW, Atlanta, GA 30332","3393 Peachtree Rd NE, Atlanta, GA 30326",18.85,17.02,1.108,13602
2026-09-26T21:06:37.607269-04:00,"4400 Ashford Dunwoody Rd, Dunwoody, GA 30346","3393 Peachtree Rd NE, Atlanta, GA 30326",14.87,14.95,0.994,11941
2026-09-26T21:06:38.216892-04:00,"3393 Peachtree Rd NE, Atlanta, GA 30326","4400 Ashford Dunwoody Rd, Dunwoody, GA 30346",15.63,15.77,0.992,11689
2026-09-26T21:06:38.832345-04:00,"101 E Court Square, Decatur, GA 30030","225 North Ave NW, Atlanta, GA 30332",22.97,24.93,0.921,10311
2026-09-26T21:06:39.449161-04:00,"225 North Ave NW, Atlanta, GA 30332","101 E Court Square, Decatur, GA 30030",24.48,23.7,1.033,10272
2026-09-26T21:06:40.026806-04:00,"205 Lawrence St, Marietta, GA 30060","225 North Ave NW, Atlanta, GA 30332",24.35,25.05,0.972,29792
2026-09-26T21:06:40.605911-04:00,"225 North Ave NW, Atlanta, GA 30332","205 Lawrence St, Marietta, GA 30060",26.62,28.52,0.933,27895
2026-09-26T21:06:41.211055-04:00,"1 Galambos Way, Sandy Springs, GA 30328","3393 Peachtree Rd NE, Atlanta, GA 30326",15.9,16.1,0.988,11682
2026-09-26T21:06:41.842308-04:00,"3393 Peachtree Rd NE, Atlanta, GA 30326","1 Galambos Way, Sandy Springs, GA 30328",16.75,17.03,0.983,12587
2026-09-26T21:06:42.386628-04:00,"5485 Chamblee Dunwoody Rd, Dunwoody, GA 30338","3393 Peachtree Rd NE, Atlanta, GA 30326",15.05,16.02,0.94,13634
2026-09-26T21:06:42.966395-04:00,"3393 Peachtree Rd NE, Atlanta, GA 30326","5485 Chamblee Dunwoody Rd, Dunwoody, GA 30338",16.45,17.13,0.96,13651
2026-09-26T21:06:43.494452-04:00,"6400 Sugarloaf Pkwy, Duluth, GA 30097","225 North Ave NW, Atlanta, GA 30332",31.22,30.95,1.009,40754
2026-09-26T21:06:44.079474-04:00,"225 North Ave NW, Atlanta, GA 30332","6400 Sugarloaf Pkwy, Duluth, GA 30097",33.98,32.38,1.049,42805
2026-09-26T21:06:44.637294-04:00,"210 Luckie St, Lawrenceville, GA 30046","225 North Ave NW, Atlanta, GA 30332",39.12,39.0,1.003,48921
2026-09-26T21:06:45.214418-04:00,"225 North Ave NW, Atlanta, GA 30332","210 Luckie St, Lawrenceville, GA 30046",40.03,38.62,1.037,49413
2026-09-26T21:06:45.796936-04:00,"101 E Court Square, Decatur, GA 30030","265 Park Ave W NW, Atlanta, GA 30313",22.28,24.65,0.904,12298
2026-09-26T21:06:46.370561-04:00,"265 Park Ave W NW, Atlanta, GA 30313","101 E Court Square, Decatur, GA 30030",22.72,24.13,0.941,11227
2026-09-26T21:06:46.992987-04:00,"205 Lawrence St, Marietta, GA 30060","265 Park Ave W NW, Atlanta, GA 30313",25.38,26.02,0.976,30558
2026-09-26T21:06:47.569535-04:00,"265 Park Ave W NW, Atlanta, GA 30313","205 Lawrence St, Marietta, GA 30060",27.88,26.78,1.041,29214
2026-09-27T03:50:58.244480-04:00,"33.7720,-84.3919","33.7770,-84.3958",2.5,2.92,0.857,821
